instance_id,latent_instance_id,family,representation,p_star,p_noul,p_choice,implied_unknown,score_fuzzy_mass,score_entropy_mass,score_middle_2_7_mass,score_crisp_unknown_2_3_mass,score_central_2_mass,score_non_extreme_mass,q_0,q_1,q_2,q_3,q_4,q_5,q_6,q_7,q_8,q_9
bayes__seed_000042__repr_counts__parallel_primitives,bayes__seed_000042,bayes,counts,0.04367480789658851,0.11499999999999999,0.304,0.6217105263157895,0.47674074074074074,0.5485221926745285,0.347,0.242,0.07400000000000001,0.854,0.11000000000000001,0.49000000000000005,0.183,0.059,0.04,0.034,0.015,0.016,0.017,0.036
bayes__seed_000042__repr_direct__parallel_primitives,bayes__seed_000042,bayes,direct,0.04367480789658851,0.248,0.362,0.3149171270718232,0.6107654320987654,0.6730116967928573,0.5860000000000001,0.386,0.134,0.9209999999999999,0.062,0.321,0.257,0.129,0.078,0.05600000000000001,0.041,0.025,0.014000000000000002,0.017
bayes__seed_000042__repr_distractor__parallel_primitives,bayes__seed_000042,bayes,distractor,0.04367480789658851,0.21400000000000002,0.363,0.4104683195592286,0.6329876543209876,0.6907716852970356,0.629,0.385,0.152,0.9169999999999999,0.064,0.269,0.24300000000000002,0.142,0.077,0.075,0.056999999999999995,0.034999999999999996,0.019,0.019
bayes__seed_000042__repr_prose__parallel_primitives,bayes__seed_000042,bayes,prose,0.04367480789658851,0.16999999999999998,0.575,0.7043478260869565,0.6138271604938271,0.6781896938852228,0.616,0.44399999999999995,0.14700000000000002,0.9309999999999999,0.05,0.304,0.357,0.087,0.063,0.084,0.014000000000000002,0.011,0.011,0.019
bayes__seed_000042__repr_table__parallel_primitives,bayes__seed_000042,bayes,table,0.04367480789658851,0.161,0.165,0.024242424242424288,0.4857040256572186,0.5617799627376769,0.34704112337011034,0.28284854563691075,0.05315947843530592,0.8856569709127382,0.10431293881644936,0.5386158475426279,0.20361083249749248,0.07923771313941826,0.03811434302908726,0.015045135406218655,0.008024072216649952,0.0030090270812437314,0.0,0.010030090270812439
bayes__seed_000045__repr_counts__parallel_primitives,bayes__seed_000045,bayes,counts,0.8768016590833436,0.716,0.9030000000000001,0.2070874861572537,0.6908641975308643,0.7412871549967036,0.753,0.11399999999999999,0.17200000000000001,0.9259999999999999,0.011,0.033,0.043,0.071,0.067,0.10500000000000001,0.187,0.28,0.13999999999999999,0.063
bayes__seed_000045__repr_direct__parallel_primitives,bayes__seed_000045,bayes,direct,0.8768016590833436,0.804,0.9629999999999999,0.16510903426791257,0.6358518518518519,0.7026422556679475,0.723,0.036,0.059,0.95,0.01,0.01,0.015,0.020999999999999998,0.020999999999999998,0.038,0.125,0.503,0.217,0.04
bayes__seed_000045__repr_distractor__parallel_primitives,bayes__seed_000045,bayes,distractor,0.8768016590833436,0.82,0.969,0.15376676986584115,0.6525643880353299,0.7156579900484268,0.7745490981963927,0.03006012024048096,0.05310621242484969,0.9418837675350701,0.012024048096192385,0.01002004008016032,0.01002004008016032,0.02004008016032064,0.018036072144288574,0.035070140280561116,0.15831663326653306,0.533066132264529,0.15731462925851702,0.04609218436873747
bayes__seed_000045__repr_prose__parallel_primitives,bayes__seed_000045,bayes,prose,0.8768016590833436,0.8379999999999999,0.9800000000000001,0.14489795918367365,0.4663703703703705,0.5474333451863691,0.333,0.02,0.027000000000000003,0.891,0.022,0.01,0.01,0.01,0.01,0.017,0.028999999999999998,0.257,0.548,0.087
bayes__seed_000045__repr_table__parallel_primitives,bayes__seed_000045,bayes,table,0.8768016590833436,0.818,0.969,0.15583075335397323,0.6327901234567902,0.7020205158841943,0.771,0.018000000000000002,0.026000000000000002,0.951,0.009,0.005,0.008,0.01,0.01,0.016,0.096,0.631,0.175,0.04
bayes__seed_000048__repr_counts__parallel_primitives,bayes__seed_000048,bayes,counts,0.8313821568498233,0.916,0.9709999999999999,0.05664263645726042,0.4658765432098766,0.5468309217286268,0.326,0.02,0.028999999999999998,0.891,0.01,0.01,0.01,0.01,0.01,0.019,0.034,0.24300000000000002,0.5549999999999999,0.099
bayes__seed_000048__repr_direct__parallel_primitives,bayes__seed_000048,bayes,direct,0.8313821568498233,0.46799999999999997,0.727,0.3562585969738652,0.6545185185185185,0.709052042723029,0.6980000000000001,0.23600000000000002,0.14900000000000002,0.9139999999999999,0.04,0.094,0.131,0.10500000000000001,0.081,0.068,0.11000000000000001,0.20299999999999999,0.122,0.046
bayes__seed_000048__repr_distractor__parallel_primitives,bayes__seed_000048,bayes,distractor,0.8313821568498233,0.378,0.643,0.41213063763608093,0.649679012345679,0.7031668381992613,0.68,0.303,0.152,0.906,0.061,0.156,0.158,0.145,0.074,0.078,0.084,0.14100000000000001,0.06999999999999999,0.033
bayes__seed_000048__repr_prose__parallel_primitives,bayes__seed_000048,bayes,prose,0.8313821568498233,0.75,0.951,0.21135646687697163,0.4878024691358025,0.5645726432781751,0.406,0.031,0.027000000000000003,0.882,0.028999999999999998,0.02,0.013000000000000001,0.018,0.013000000000000001,0.014000000000000002,0.038,0.31,0.45599999999999996,0.089
bayes__seed_000048__repr_table__parallel_primitives,bayes__seed_000048,bayes,table,0.8313821568498233,0.271,0.326,0.16871165644171782,0.632,0.69948953601842,0.661,0.5529999999999999,0.07200000000000001,0.959,0.036,0.28500000000000003,0.385,0.16799999999999998,0.047,0.025,0.014000000000000002,0.022,0.013000000000000001,0.005
bayes__seed_000051__repr_counts__parallel_primitives,bayes__seed_000051,bayes,counts,0.9696712044107276,0.799,0.9279999999999999,0.13900862068965503,0.552,0.6151223138234315,0.517,0.098,0.098,0.869,0.02,0.052000000000000005,0.044,0.054000000000000006,0.04,0.057999999999999996,0.08,0.24100000000000002,0.3,0.11100000000000002
bayes__seed_000051__repr_direct__parallel_primitives,bayes__seed_000051,bayes,direct,0.9696712044107276,0.881,0.9390000000000001,0.061767838125665664,0.5913086419753086,0.6602490483686796,0.593,0.068,0.074,0.9309999999999999,0.02,0.022,0.03,0.038,0.034999999999999996,0.039,0.093,0.358,0.316,0.049
bayes__seed_000051__repr_distractor__parallel_primitives,bayes__seed_000051,bayes,distractor,0.9696712044107276,0.907,0.9559999999999998,0.0512552301255228,0.6626172839506174,0.7224863785849244,0.755,0.066,0.068,0.94,0.016,0.023,0.028999999999999998,0.037,0.023,0.045,0.20299999999999999,0.418,0.162,0.044
bayes__seed_000051__repr_prose__parallel_primitives,bayes__seed_000051,bayes,prose,0.9696712044107276,0.9120000000000001,0.985,0.07411167512690342,0.40750617283950635,0.49710605036587463,0.145,0.02,0.020999999999999998,0.897,0.024,0.01,0.01,0.01,0.011,0.01,0.01,0.094,0.742,0.079
bayes__seed_000051__repr_table__parallel_primitives,bayes__seed_000051,bayes,table,0.9696712044107276,0.884,0.975,0.09333333333333327,0.5118024691358025,0.5877845896205193,0.46399999999999997,0.019,0.02,0.896,0.01,0.007000000000000001,0.009,0.01,0.01,0.01,0.063,0.362,0.425,0.094
bayes__seed_000054__repr_counts__parallel_primitives,bayes__seed_000054,bayes,counts,0.4137933255962194,0.737,0.7929999999999999,0.07061790668348034,0.6290370370370371,0.685998842918339,0.667,0.156,0.128,0.9019999999999999,0.042,0.057999999999999996,0.077,0.079,0.057999999999999996,0.07,0.10900000000000001,0.274,0.177,0.05600000000000001
bayes__seed_000054__repr_direct__parallel_primitives,bayes__seed_000054,bayes,direct,0.4137933255962194,0.43099999999999994,0.717,0.39888423988842403,0.6412839506172839,0.696552488441249,0.664,0.25,0.14700000000000002,0.9079999999999999,0.05,0.159,0.146,0.10400000000000001,0.07100000000000001,0.076,0.11000000000000001,0.157,0.08499999999999999,0.042
bayes__seed_000054__repr_distractor__parallel_primitives,bayes__seed_000054,bayes,distractor,0.4137933255962194,0.44800000000000006,0.706,0.36543909348441916,0.6215308641975309,0.6759420847642602,0.645,0.20400000000000001,0.136,0.884,0.069,0.139,0.10600000000000001,0.098,0.068,0.068,0.10900000000000001,0.196,0.1,0.047
bayes__seed_000054__repr_prose__parallel_primitives,bayes__seed_000054,bayes,prose,0.4137933255962194,0.44800000000000006,0.818,0.452322738386308,0.8073086419753086,0.8328305492638618,0.8590000000000001,0.29500000000000004,0.42700000000000005,0.9189999999999999,0.036,0.037,0.079,0.21600000000000003,0.154,0.273,0.10400000000000001,0.033,0.023,0.045
bayes__seed_000054__repr_table__parallel_primitives,bayes__seed_000054,bayes,table,0.4137933255962194,0.277,0.343,0.19241982507288624,0.6003950617283951,0.6594478767918502,0.591,0.351,0.126,0.892,0.08499999999999999,0.263,0.223,0.128,0.073,0.053000000000000005,0.052000000000000005,0.062,0.038,0.023
bayes__seed_000057__repr_counts__parallel_primitives,bayes__seed_000057,bayes,counts,0.12523423738446504,0.217,0.34299999999999997,0.36734693877551017,0.5647407407407408,0.634275840058407,0.511,0.378,0.091,0.917,0.063,0.391,0.278,0.1,0.054000000000000006,0.037,0.022,0.02,0.015,0.02
bayes__seed_000057__repr_direct__parallel_primitives,bayes__seed_000057,bayes,direct,0.12523423738446504,0.353,0.514,0.3132295719844359,0.6929382716049383,0.7457844759698433,0.75,0.494,0.162,0.941,0.04,0.173,0.296,0.198,0.09,0.07200000000000001,0.06,0.034,0.018,0.019
bayes__seed_000057__repr_distractor__parallel_primitives,bayes__seed_000057,bayes,distractor,0.12523423738446504,0.426,0.495,0.1393939393939394,0.6904691358024692,0.7419434919418202,0.731,0.394,0.158,0.9339999999999999,0.046,0.177,0.211,0.183,0.077,0.081,0.11100000000000002,0.068,0.026000000000000002,0.02
bayes__seed_000057__repr_prose__parallel_primitives,bayes__seed_000057,bayes,prose,0.12523423738446504,0.277,0.647,0.5718701700154559,0.659358024691358,0.7089858458644184,0.685,0.367,0.22699999999999998,0.8979999999999999,0.066,0.188,0.251,0.11599999999999999,0.075,0.152,0.05800000000000001,0.033,0.025,0.036
bayes__seed_000057__repr_table__parallel_primitives,bayes__seed_000057,bayes,table,0.12523423738446504,0.24100000000000002,0.182,0.0,0.5782716049382717,0.6421926330979576,0.542,0.41000000000000003,0.10300000000000001,0.899,0.091,0.348,0.267,0.14300000000000002,0.067,0.036,0.019,0.01,0.009,0.01
bayes__seed_000060__repr_counts__parallel_primitives,bayes__seed_000060,bayes,counts,0.8130236350735895,0.787,0.969,0.18782249742002055,0.5827061629530766,0.6538825516458553,0.6256256256256256,0.028028028028028028,0.035035035035035036,0.9269269269269269,0.01001001001001001,0.01001001001001001,0.01001001001001001,0.018018018018018018,0.011011011011011011,0.024024024024024024,0.08708708708708708,0.4754754754754755,0.29129129129129133,0.06306306306306306
bayes__seed_000060__repr_direct__parallel_primitives,bayes__seed_000060,bayes,direct,0.8130236350735895,0.829,0.975,0.1497435897435898,0.5477530864197532,0.6262428074189234,0.52,0.020000000000000004,0.028000000000000004,0.941,0.010000000000000002,0.010000000000000002,0.010000000000000002,0.010000000000000002,0.010000000000000002,0.018000000000000002,0.059000000000000004,0.41300000000000003,0.411,0.04900000000000001
bayes__seed_000060__repr_distractor__parallel_primitives,bayes__seed_000060,bayes,distractor,0.8130236350735895,0.873,0.9800000000000001,0.10918367346938784,0.5840987654320988,0.6584683794479521,0.63,0.019,0.026000000000000002,0.944,0.012,0.01,0.009,0.01,0.01,0.016,0.075,0.51,0.304,0.044
bayes__seed_000060__repr_prose__parallel_primitives,bayes__seed_000060,bayes,prose,0.8130236350735895,0.8030000000000002,0.982,0.1822810590631363,0.5010370370370372,0.5769809791594871,0.456,0.02,0.025,0.885,0.018,0.01,0.01,0.01,0.012,0.013000000000000001,0.034999999999999996,0.376,0.41900000000000004,0.097
bayes__seed_000060__repr_table__parallel_primitives,bayes__seed_000060,bayes,table,0.8130236350735895,0.852,0.9800000000000001,0.1306122448979593,0.5480493827160494,0.6241158659523686,0.5509999999999999,0.015,0.02,0.9239999999999999,0.01,0.002,0.005,0.01,0.01,0.01,0.06,0.45599999999999996,0.371,0.066
compound__seed_000042__repr_direct__parallel_primitives,compound__seed_000042,compound,direct,0.92542,0.8150000000000001,0.768,0.0,0.2140246913580247,0.24020459138020142,0.179,0.049,0.04,0.349,0.13999999999999999,0.028999999999999998,0.022,0.027000000000000003,0.02,0.02,0.03,0.06,0.141,0.511
compound__seed_000042__repr_prose__parallel_primitives,compound__seed_000042,compound,prose,0.92542,0.671,0.6990000000000001,0.0400572246065809,0.35970370370370375,0.4068827566111413,0.295,0.1,0.079,0.6040000000000001,0.172,0.139,0.068,0.032,0.049,0.03,0.02,0.096,0.16999999999999998,0.22400000000000003
compound__seed_000042__repr_table__parallel_primitives,compound__seed_000042,compound,table,0.92542,0.8299999999999998,0.819,0.0,0.22933333333333336,0.257801231961856,0.192,0.053,0.04,0.376,0.149,0.027999999999999997,0.024,0.028999999999999998,0.02,0.02,0.032,0.067,0.156,0.475
compound__seed_000043__repr_direct__parallel_primitives,compound__seed_000043,compound,direct,0.133797975723,0.238,0.622,0.617363344051447,0.5009382716049383,0.5281504513261668,0.518,0.198,0.22599999999999998,0.63,0.28700000000000003,0.08499999999999999,0.10200000000000001,0.096,0.081,0.145,0.064,0.03,0.027000000000000003,0.083
compound__seed_000043__repr_prose__parallel_primitives,compound__seed_000043,compound,prose,0.133797975723,0.292,0.597,0.5108877721943048,0.4614320987654321,0.4861978075030094,0.466,0.125,0.232,0.5810000000000001,0.21000000000000002,0.081,0.06999999999999999,0.05500000000000001,0.033,0.199,0.07200000000000001,0.037,0.033999999999999996,0.209
compound__seed_000043__repr_table__parallel_primitives,compound__seed_000043,compound,table,0.133797975723,0.35300000000000004,0.649,0.45608628659476114,0.4060246913580247,0.43004990072925847,0.419,0.14400000000000002,0.14400000000000002,0.52,0.281,0.067,0.065,0.079,0.045,0.099,0.092,0.039,0.033999999999999996,0.199
compound__seed_000044__repr_direct__parallel_primitives,compound__seed_000044,compound,direct,0.9933489510039999,0.852,0.951,0.10410094637223977,0.5105352265846094,0.5714691721294308,0.5065065065065065,0.041041041041041046,0.06006006006006005,0.8118118118118118,0.05905905905905907,0.02002002002002002,0.01701701701701702,0.024024024024024024,0.03503503503503503,0.025025025025025027,0.08708708708708708,0.3183183183183183,0.2852852852852853,0.12912912912912913
compound__seed_000044__repr_prose__parallel_primitives,compound__seed_000044,compound,prose,0.9933489510039999,0.8859999999999999,0.961,0.07804370447450582,0.3522534880559573,0.42420891539723043,0.14414414414414414,0.02002002002002002,0.037037037037037035,0.7447447447447447,0.03903903903903904,0.012012012012012012,0.01001001001001001,0.01001001001001001,0.024024024024024024,0.013013013013013015,0.012012012012012012,0.07507507507507508,0.5885885885885885,0.21621621621621623
compound__seed_000044__repr_table__parallel_primitives,compound__seed_000044,compound,table,0.9933489510039999,0.844,0.969,0.12899896800825594,0.33086419753086427,0.3803515346391758,0.246,0.032,0.041999999999999996,0.5900000000000001,0.08399999999999999,0.012,0.012,0.02,0.022,0.02,0.043,0.129,0.332,0.32599999999999996
compound__seed_000045__repr_direct__parallel_primitives,compound__seed_000045,compound,direct,0.27850644262429947,0.536,0.653,0.17917304747320062,0.30597530864197536,0.32228647540355143,0.329,0.098,0.079,0.37999999999999995,0.322,0.019,0.033,0.065,0.027999999999999997,0.051000000000000004,0.11200000000000002,0.04,0.032,0.298
compound__seed_000045__repr_prose__parallel_primitives,compound__seed_000045,compound,prose,0.27850644262429947,0.568,0.6859999999999999,0.1720116618075802,0.2727665937542481,0.29304963838577897,0.2802802802802803,0.09109109109109109,0.07907907907907909,0.3703703703703704,0.15515515515515516,0.02602602602602603,0.044044044044044044,0.04704704704704705,0.02602602602602603,0.05305305305305306,0.054054054054054064,0.05605605605605606,0.06406406406406408,0.4744744744744745
compound__seed_000045__repr_table__parallel_primitives,compound__seed_000045,compound,table,0.27850644262429947,0.617,0.727,0.15130674002751032,0.25106172839506175,0.26705928739250046,0.27,0.09000000000000001,0.055999999999999994,0.325,0.257,0.013000000000000001,0.033,0.05700000000000001,0.02,0.036,0.075,0.049,0.042,0.418
compound__seed_000046__repr_direct__parallel_primitives,compound__seed_000046,compound,direct,0.28173374613003094,0.502,0.332,0.0,0.2595555555555556,0.2739245290750441,0.28400000000000003,0.11000000000000001,0.052,0.324,0.505,0.02,0.038,0.07200000000000001,0.020999999999999998,0.031,0.09,0.032,0.02,0.17099999999999999
compound__seed_000046__repr_prose__parallel_primitives,compound__seed_000046,compound,prose,0.28173374613003094,0.5900000000000001,0.666,0.1141141141141141,0.3173333333333334,0.33763947931882654,0.3330000000000001,0.08700000000000002,0.09400000000000003,0.413,0.16000000000000003,0.021,0.037000000000000005,0.05000000000000001,0.027000000000000007,0.06700000000000002,0.09000000000000001,0.062000000000000006,0.059000000000000004,0.427
compound__seed_000046__repr_table__parallel_primitives,compound__seed_000046,compound,table,0.28173374613003094,0.515,0.46299999999999997,0.0,0.2137283950617284,0.2265580573575978,0.23299999999999998,0.077,0.041,0.27199999999999996,0.396,0.01,0.03,0.047,0.017,0.024,0.08,0.034999999999999996,0.028999999999999998,0.332
compound__seed_000047__repr_direct__parallel_primitives,compound__seed_000047,compound,direct,0.15353000000000006,0.297,0.32599999999999996,0.08895705521472386,0.4281812676874405,0.4698764959089626,0.40240240240240244,0.20820820820820823,0.12312312312312312,0.6376376376376376,0.2622622622622623,0.1831831831831832,0.13713713713713716,0.07107107107107108,0.062062062062062065,0.06106106106106106,0.03303303303303304,0.038038038038038034,0.05205205205205206,0.1001001001001001
compound__seed_000047__repr_prose__parallel_primitives,compound__seed_000047,compound,prose,0.15353000000000006,0.42800000000000005,0.717,0.4030683403068339,0.3667160493827161,0.387429183404267,0.374,0.116,0.16300000000000003,0.46599999999999997,0.263,0.053000000000000005,0.048,0.068,0.049,0.11400000000000002,0.051000000000000004,0.044,0.039,0.271
compound__seed_000047__repr_table__parallel_primitives,compound__seed_000047,compound,table,0.15353000000000006,0.255,0.305,0.16393442622950816,0.3675061728395062,0.4097363998530941,0.318,0.17000000000000004,0.08299999999999999,0.584,0.322,0.22200000000000003,0.11200000000000002,0.05800000000000001,0.046,0.037,0.033,0.032,0.044,0.094
compound__seed_000048__repr_direct__parallel_primitives,compound__seed_000048,compound,direct,0.377187981481,0.388,0.7150000000000001,0.45734265734265733,0.6368395061728396,0.669963134267047,0.6900000000000001,0.29100000000000004,0.17,0.7859999999999999,0.158,0.065,0.10900000000000001,0.182,0.065,0.10500000000000001,0.18,0.049,0.031,0.05600000000000001
compound__seed_000048__repr_prose__parallel_primitives,compound__seed_000048,compound,prose,0.377187981481,0.46299999999999997,0.698,0.336676217765043,0.5708641975308643,0.6001922730412773,0.614,0.16799999999999998,0.18,0.704,0.129,0.033,0.075,0.093,0.049,0.131,0.198,0.068,0.056999999999999995,0.16699999999999998
compound__seed_000048__repr_table__parallel_primitives,compound__seed_000048,compound,table,0.377187981481,0.45899999999999996,0.751,0.3888149134487351,0.5522962962962963,0.5826125588600607,0.604,0.188,0.104,0.688,0.189,0.031,0.07,0.118,0.046,0.057999999999999996,0.24,0.072,0.053000000000000005,0.123
compound__seed_000049__repr_direct__parallel_primitives,compound__seed_000049,compound,direct,0.6016297147779999,0.679,0.921,0.26275787187839306,0.6916543209876543,0.7284556338732998,0.768,0.09100000000000001,0.091,0.853,0.076,0.028999999999999998,0.033,0.05800000000000001,0.033,0.057999999999999996,0.449,0.137,0.05600000000000001,0.07100000000000001
compound__seed_000049__repr_prose__parallel_primitives,compound__seed_000049,compound,prose,0.6016297147779999,0.708,0.952,0.25630252100840334,0.4304197530864198,0.4646454956343716,0.45499999999999996,0.043,0.08499999999999999,0.593,0.06,0.01,0.014000000000000002,0.028999999999999998,0.024,0.061,0.154,0.173,0.128,0.347
compound__seed_000049__repr_table__parallel_primitives,compound__seed_000049,compound,table,0.6016297147779999,0.726,0.942,0.2292993630573248,0.5071604938271606,0.5472311836335989,0.547,0.07100000000000001,0.066,0.6950000000000001,0.10800000000000001,0.02,0.028999999999999998,0.042,0.027999999999999997,0.038,0.21600000000000003,0.194,0.128,0.197
compound__seed_000050__repr_direct__parallel_primitives,compound__seed_000050,compound,direct,0.08763769296029794,0.55,0.637,0.13657770800627933,0.29876543209876544,0.3142991143327266,0.322,0.10600000000000001,0.081,0.36900000000000005,0.313,0.016,0.034999999999999996,0.07100000000000001,0.03,0.051000000000000004,0.099,0.036,0.031,0.318
compound__seed_000050__repr_prose__parallel_primitives,compound__seed_000050,compound,prose,0.08763769296029794,0.42299999999999993,0.5549999999999999,0.23783783783783785,0.3272408210679816,0.35375611947870905,0.32432432432432434,0.13713713713713713,0.10010010010010009,0.4574574574574575,0.2362362362362362,0.08108108108108109,0.07907907907907907,0.058058058058058054,0.02602602602602603,0.07407407407407407,0.04704704704704705,0.04004004004004004,0.05205205205205206,0.3063063063063063
compound__seed_000050__repr_table__parallel_primitives,compound__seed_000050,compound,table,0.08763769296029794,0.574,0.681,0.15712187958884005,0.24024024024024027,0.2555970003697568,0.25825825825825827,0.10110110110110111,0.056056056056056056,0.31131131131131135,0.2612612612612613,0.01701701701701702,0.03903903903903904,0.06206206206206207,0.020020020020020023,0.036036036036036036,0.060060060060060066,0.041041041041041046,0.036036036036036036,0.4274274274274274
compound__seed_000051__repr_direct__parallel_primitives,compound__seed_000051,compound,direct,0.5757575757575758,0.509,0.40099999999999997,0.0,0.23417283950617285,0.2483909661372697,0.255,0.086,0.05,0.299,0.493,0.015,0.037,0.049,0.02,0.03,0.081,0.038,0.028999999999999998,0.20800000000000002
compound__seed_000051__repr_prose__parallel_primitives,compound__seed_000051,compound,prose,0.5757575757575758,0.677,0.8029999999999999,0.15691158156911567,0.28296296296296297,0.30286644729743256,0.28700000000000003,0.075,0.084,0.37899999999999995,0.148,0.019,0.028999999999999998,0.046,0.027999999999999997,0.05600000000000001,0.072,0.05600000000000001,0.073,0.47300000000000003
compound__seed_000051__repr_table__parallel_primitives,compound__seed_000051,compound,table,0.5757575757575758,0.5509999999999999,0.523,0.0,0.17056790123456791,0.18186126215355136,0.183,0.055,0.036,0.22300000000000003,0.471,0.01,0.025,0.03,0.015,0.020999999999999998,0.059,0.033,0.03,0.306
compound__seed_000052__repr_direct__parallel_primitives,compound__seed_000052,compound,direct,0.546001,0.586,0.61,0.03934426229508203,0.30745679012345684,0.3320520325986403,0.304,0.091,0.08099999999999999,0.42800000000000005,0.186,0.033,0.034999999999999996,0.05600000000000001,0.033999999999999996,0.047,0.067,0.065,0.091,0.386
compound__seed_000052__repr_prose__parallel_primitives,compound__seed_000052,compound,prose,0.546001,0.61,0.729,0.1632373113854595,0.5201975308641975,0.5548544276041183,0.547,0.14500000000000002,0.16,0.6839999999999999,0.135,0.052000000000000005,0.07,0.075,0.083,0.077,0.13,0.11200000000000002,0.08499999999999999,0.181
compound__seed_000052__repr_table__parallel_primitives,compound__seed_000052,compound,table,0.546001,0.603,0.711,0.15189873417721522,0.38291358024691363,0.40904265261533906,0.398,0.119,0.101,0.5070000000000001,0.20099999999999998,0.032,0.045,0.074,0.031,0.07,0.10200000000000001,0.076,0.077,0.292
compound__seed_000053__repr_direct__parallel_primitives,compound__seed_000053,compound,direct,0.0070664154000000005,0.122,0.45499999999999996,0.7318681318681319,0.5039012345679011,0.5525971018565856,0.434,0.175,0.212,0.756,0.21600000000000003,0.305,0.132,0.043,0.067,0.145,0.027000000000000003,0.02,0.017,0.027999999999999997
compound__seed_000053__repr_prose__parallel_primitives,compound__seed_000053,compound,prose,0.0070664154000000005,0.181,0.42300000000000004,0.5721040189125296,0.4173061950839728,0.45596787675335415,0.34934934934934936,0.1091091091091091,0.20020020020020018,0.6196196196196195,0.2742742742742743,0.2502502502502503,0.08008008008008008,0.029029029029029027,0.03003003003003003,0.17017017017017017,0.02002002002002002,0.02002002002002002,0.02002002002002002,0.10610610610610612
compound__seed_000053__repr_table__parallel_primitives,compound__seed_000053,compound,table,0.0070664154000000005,0.244,0.541,0.5489833641404807,0.48019753086419753,0.5117112676213214,0.477,0.16999999999999998,0.22899999999999998,0.635,0.246,0.125,0.11299999999999999,0.05700000000000001,0.064,0.16499999999999998,0.045,0.033,0.033,0.119
compound__seed_000054__repr_direct__parallel_primitives,compound__seed_000054,compound,direct,0.891616122019,0.844,0.9549999999999998,0.11623036649214646,0.5416774799490849,0.5929363342325269,0.6146146146146146,0.05605605605605605,0.05905905905905906,0.7807807807807807,0.08208208208208209,0.02002002002002002,0.02102102102102102,0.03503503503503503,0.031031031031031032,0.028028028028028024,0.13513513513513514,0.36436436436436437,0.14614614614614613,0.13713713713713716
compound__seed_000054__repr_prose__parallel_primitives,compound__seed_000054,compound,prose,0.891616122019,0.837,0.944,0.11334745762711862,0.34202469135802477,0.3947880963003944,0.255,0.038,0.041999999999999996,0.6179999999999999,0.05700000000000001,0.018,0.018,0.02,0.022,0.02,0.03,0.14500000000000002,0.34500000000000003,0.325
compound__seed_000054__repr_table__parallel_primitives,compound__seed_000054,compound,table,0.891616122019,0.861,0.967,0.10961737331954502,0.38804938271604944,0.43231767158593304,0.376,0.049,0.048999999999999995,0.608,0.10500000000000001,0.015,0.02,0.028999999999999998,0.027999999999999997,0.020999999999999998,0.082,0.196,0.217,0.28700000000000003
compound__seed_000055__repr_direct__parallel_primitives,compound__seed_000055,compound,direct,5.348138586410087e-05,0.517,0.675,0.2340740740740741,0.34567901234567905,0.3739562928464652,0.35000000000000003,0.138,0.084,0.483,0.238,0.071,0.07300000000000001,0.065,0.042,0.042,0.068,0.06,0.062,0.279
compound__seed_000055__repr_prose__parallel_primitives,compound__seed_000055,compound,prose,5.348138586410087e-05,0.374,0.425,0.12,0.35990123456790124,0.4004824417096943,0.313,0.14700000000000002,0.095,0.568,0.29,0.215,0.10600000000000001,0.041,0.026000000000000002,0.069,0.033,0.038,0.04,0.142
compound__seed_000055__repr_table__parallel_primitives,compound__seed_000055,compound,table,5.348138586410087e-05,0.568,0.696,0.1839080459770115,0.2689382716049383,0.2940865782334331,0.264,0.10600000000000001,0.056999999999999995,0.393,0.22800000000000004,0.053000000000000005,0.05500000000000001,0.051000000000000004,0.027999999999999997,0.028999999999999998,0.043,0.05800000000000001,0.076,0.379
compound__seed_000056__repr_direct__parallel_primitives,compound__seed_000056,compound,direct,0.2042042042042042,0.49399999999999994,0.381,0.0,0.2271604938271605,0.24036266959981709,0.247,0.086,0.045,0.28700000000000003,0.481,0.016,0.028999999999999998,0.056999999999999995,0.018,0.027000000000000003,0.081,0.034999999999999996,0.024,0.23199999999999998
compound__seed_000056__repr_prose__parallel_primitives,compound__seed_000056,compound,prose,0.2042042042042042,0.581,0.709,0.1805359661495064,0.2591604938271605,0.27871892632008516,0.263,0.078,0.081,0.354,0.151,0.027999999999999997,0.039,0.039,0.032,0.049,0.049,0.05500000000000001,0.063,0.495
compound__seed_000056__repr_table__parallel_primitives,compound__seed_000056,compound,table,0.2042042042042042,0.532,0.544,0.022058823529411797,0.18518518518518523,0.1976254191202938,0.19900000000000004,0.07200000000000001,0.04000000000000001,0.24299999999999988,0.35600000000000004,0.010000000000000002,0.030000000000000002,0.042,0.016000000000000004,0.024000000000000004,0.05100000000000001,0.036000000000000004,0.034,0.401
compound__seed_000057__repr_direct__parallel_primitives,compound__seed_000057,compound,direct,0.773038,0.712,0.7,0.0,0.24760493827160496,0.27199728077154356,0.243,0.07100000000000001,0.044,0.36799999999999994,0.17099999999999999,0.028999999999999998,0.031,0.04,0.022,0.022,0.047,0.081,0.096,0.461
compound__seed_000057__repr_prose__parallel_primitives,compound__seed_000057,compound,prose,0.773038,0.679,0.71,0.043661971830985746,0.39595061728395065,0.4355667916744579,0.406,0.133,0.073,0.5890000000000001,0.174,0.06999999999999999,0.08,0.053000000000000005,0.043,0.03,0.05500000000000001,0.14500000000000002,0.11300000000000002,0.23700000000000002
compound__seed_000057__repr_table__parallel_primitives,compound__seed_000057,compound,table,0.773038,0.736,0.779,0.0551989730423621,0.2745679012345679,0.3024027041616304,0.276,0.081,0.044,0.411,0.179,0.03,0.039,0.042,0.02,0.024,0.046,0.10500000000000001,0.10500000000000001,0.41
compound__seed_000058__repr_direct__parallel_primitives,compound__seed_000058,compound,direct,0.337067470845,0.378,0.738,0.4878048780487805,0.5652345679012346,0.5917500618249607,0.61,0.23399999999999999,0.187,0.684,0.23399999999999999,0.045,0.083,0.151,0.062,0.125,0.147,0.042,0.028999999999999998,0.082
compound__seed_000058__repr_prose__parallel_primitives,compound__seed_000058,compound,prose,0.337067470845,0.43499999999999994,0.706,0.38385269121813037,0.5814320987654321,0.6101210100458359,0.626,0.178,0.189,0.711,0.129,0.032,0.075,0.10300000000000001,0.047,0.14200000000000002,0.196,0.063,0.053000000000000005,0.16
compound__seed_000058__repr_table__parallel_primitives,compound__seed_000058,compound,table,0.337067470845,0.44400000000000006,0.734,0.3950953678474114,0.4856296296296297,0.5095585221583381,0.528,0.178,0.11699999999999999,0.5920000000000001,0.238,0.026000000000000002,0.054000000000000006,0.124,0.041,0.076,0.183,0.05,0.038,0.16999999999999998
compound__seed_000059__repr_direct__parallel_primitives,compound__seed_000059,compound,direct,0.495809321736,0.637,0.931,0.3157894736842105,0.6802962962962964,0.7187417262201024,0.762,0.07500000000000001,0.11200000000000002,0.8500000000000001,0.063,0.019,0.027000000000000003,0.048,0.042,0.07,0.385,0.19,0.069,0.087
compound__seed_000059__repr_prose__parallel_primitives,compound__seed_000059,compound,prose,0.495809321736,0.5660000000000001,0.8859999999999999,0.3611738148984197,0.5451851851851852,0.5726574133715454,0.573,0.084,0.189,0.672,0.074,0.019,0.032,0.052000000000000005,0.087,0.10200000000000001,0.221,0.079,0.08,0.254
compound__seed_000059__repr_table__parallel_primitives,compound__seed_000059,compound,table,0.495809321736,0.67,0.944,0.2902542372881355,0.5465679012345679,0.5825217252288184,0.61,0.07400000000000001,0.08,0.7090000000000001,0.10500000000000001,0.017,0.027000000000000003,0.047,0.032,0.048,0.267,0.189,0.082,0.186
compound__seed_000060__repr_direct__parallel_primitives,compound__seed_000060,compound,direct,0.023320681856236536,0.47000000000000003,0.655,0.2824427480916031,0.36187654320987656,0.3828219970554218,0.389,0.132,0.097,0.45799999999999996,0.267,0.03,0.05500000000000001,0.077,0.036,0.061,0.11000000000000001,0.05,0.039,0.275
compound__seed_000060__repr_prose__parallel_primitives,compound__seed_000060,compound,prose,0.023320681856236536,0.44699999999999995,0.5700000000000001,0.21578947368421064,0.294320987654321,0.32083137177764615,0.285,0.124,0.08499999999999999,0.426,0.246,0.092,0.077,0.047,0.022,0.063,0.036,0.04,0.049,0.328
compound__seed_000060__repr_table__parallel_primitives,compound__seed_000060,compound,table,0.023320681856236536,0.542,0.655,0.17251908396946558,0.28365432098765436,0.3038359895546296,0.299,0.125,0.067,0.379,0.252,0.037,0.05800000000000001,0.067,0.024,0.043,0.062,0.045,0.043,0.369
compound__seed_000061__repr_direct__parallel_primitives,compound__seed_000061,compound,direct,0.04782608695652174,0.49000000000000005,0.371,0.0,0.228641975308642,0.2414553119123515,0.251,0.097,0.042,0.286,0.511,0.015,0.033,0.064,0.017,0.025,0.082,0.03,0.02,0.203
compound__seed_000061__repr_prose__parallel_primitives,compound__seed_000061,compound,prose,0.04782608695652174,0.457,0.512,0.107421875,0.2871019167315464,0.3113925799981755,0.27427427427427425,0.09909909909909909,0.09809809809809811,0.40840840840840836,0.2042042042042042,0.07707707707707707,0.05905905905905905,0.04004004004004004,0.029029029029029027,0.06906906906906908,0.038038038038038034,0.03903903903903904,0.05705705705705707,0.38738738738738737
compound__seed_000061__repr_table__parallel_primitives,compound__seed_000061,compound,table,0.04782608695652174,0.516,0.52,0.007692307692307665,0.2008888888888889,0.21354620321104534,0.218,0.087,0.044,0.259,0.40099999999999997,0.011,0.034999999999999996,0.052000000000000005,0.019,0.025,0.054000000000000006,0.033,0.03,0.33999999999999997
conditional__seed_000042__repr_direct__parallel_primitives,conditional__seed_000042,conditional,direct,0.48366013071895425,0.521,0.767,0.3207301173402868,0.7637530864197531,0.7959015060794161,0.845,0.202,0.198,0.901,0.06999999999999999,0.026000000000000002,0.061,0.14100000000000001,0.096,0.10200000000000001,0.359,0.086,0.03,0.028999999999999998
conditional__seed_000042__repr_distractor__parallel_primitives,conditional__seed_000042,conditional,distractor,0.48366013071895425,0.511,0.774,0.3397932816537468,0.7225679012345679,0.7511253025815083,0.795,0.209,0.20700000000000002,0.844,0.127,0.026000000000000002,0.065,0.144,0.084,0.123,0.323,0.05600000000000001,0.023,0.028999999999999998
conditional__seed_000042__repr_nested__parallel_primitives,conditional__seed_000042,conditional,nested,0.48366013071895425,0.542,0.6859999999999999,0.20991253644314856,0.7714381047714381,0.8007278272193558,0.8418418418418419,0.24124124124124124,0.26226226226226224,0.8968968968968969,0.08308308308308308,0.03503503503503503,0.07207207207207209,0.16916916916916916,0.1131131131131131,0.14914914914914915,0.2862862862862863,0.05205205205205206,0.02002002002002002,0.02002002002002002
conditional__seed_000042__repr_prose__parallel_primitives,conditional__seed_000042,conditional,prose,0.48366013071895425,0.52,0.736,0.2934782608695652,0.7752098765432099,0.8025343291199684,0.8330000000000001,0.16900000000000004,0.38,0.8949999999999999,0.05600000000000001,0.02,0.05700000000000001,0.11200000000000002,0.22800000000000004,0.152,0.203,0.081,0.042,0.049
conditional__seed_000042__repr_table__parallel_primitives,conditional__seed_000042,conditional,table,0.48366013071895425,0.506,0.636,0.2044025157232704,0.7711415118822527,0.7997879600879865,0.8418418418418419,0.2262262262262262,0.24524524524524527,0.8928928928928929,0.07207207207207209,0.029029029029029027,0.058058058058058054,0.16816816816816815,0.11411411411411414,0.13113113113113115,0.31931931931931934,0.05105105105105105,0.022022022022022022,0.03503503503503503
conditional__seed_000043__repr_direct__parallel_primitives,conditional__seed_000043,conditional,direct,0.5752212389380531,0.61,0.921,0.3376764386536374,0.7329382716049383,0.7659492378507231,0.817,0.166,0.15400000000000003,0.874,0.092,0.020999999999999998,0.062,0.10400000000000001,0.05700000000000001,0.097,0.40199999999999997,0.095,0.036,0.033999999999999996
conditional__seed_000043__repr_distractor__parallel_primitives,conditional__seed_000043,conditional,distractor,0.5752212389380531,0.595,0.9030000000000001,0.3410852713178296,0.6893827160493827,0.7265863196875286,0.774,0.133,0.11000000000000001,0.852,0.10400000000000001,0.025,0.053000000000000005,0.08,0.039,0.07100000000000001,0.38,0.151,0.053000000000000005,0.044
conditional__seed_000043__repr_nested__parallel_primitives,conditional__seed_000043,conditional,nested,0.5752212389380531,0.652,0.9339999999999999,0.30192719486081365,0.6975802469135803,0.7356404491196881,0.781,0.148,0.13,0.865,0.094,0.025,0.057999999999999996,0.09,0.052000000000000005,0.078,0.34500000000000003,0.158,0.059,0.041
conditional__seed_000043__repr_prose__parallel_primitives,conditional__seed_000043,conditional,prose,0.5752212389380531,0.642,0.8949999999999999,0.2826815642458099,0.7287901234567902,0.769441610568832,0.825,0.053000000000000005,0.096,0.9059999999999999,0.04,0.01,0.02,0.033,0.024,0.07200000000000001,0.46299999999999997,0.213,0.071,0.054000000000000006
conditional__seed_000043__repr_table__parallel_primitives,conditional__seed_000043,conditional,table,0.5752212389380531,0.616,0.931,0.33834586466165417,0.7126913580246914,0.7497106047339045,0.8130000000000001,0.093,0.093,0.871,0.08,0.012,0.034999999999999996,0.05800000000000001,0.032,0.061,0.449,0.178,0.046,0.049
conditional__seed_000044__repr_direct__parallel_primitives,conditional__seed_000044,conditional,direct,0.4807692307692308,0.56,0.8099999999999999,0.3086419753086419,0.6966966966966966,0.7407469318214157,0.7847847847847848,0.14614614614614616,0.11911911911911913,0.8938938938938938,0.06706706706706707,0.03303303303303304,0.05705705705705707,0.08908908908908908,0.05405405405405406,0.06506506506506507,0.29429429429429427,0.22522522522522523,0.07607607607607607,0.03903903903903904
conditional__seed_000044__repr_distractor__parallel_primitives,conditional__seed_000044,conditional,distractor,0.4807692307692308,0.594,0.834,0.28776978417266186,0.6644938271604939,0.7024507157121422,0.743,0.145,0.131,0.833,0.12,0.03,0.061,0.08399999999999999,0.056999999999999995,0.074,0.303,0.164,0.06,0.047
conditional__seed_000044__repr_nested__parallel_primitives,conditional__seed_000044,conditional,nested,0.4807692307692308,0.575,0.679,0.15316642120765844,0.7232911924269949,0.7565457128145117,0.7907907907907908,0.25625625625625625,0.2222222222222222,0.8698698698698699,0.10310310310310311,0.04804804804804805,0.0970970970970971,0.15915915915915915,0.10110110110110111,0.12112112112112111,0.24324324324324326,0.06906906906906908,0.031031031031031032,0.02702702702702703
conditional__seed_000044__repr_prose__parallel_primitives,conditional__seed_000044,conditional,prose,0.4807692307692308,0.564,0.711,0.2067510548523207,0.7508148148148148,0.779866955622885,0.805,0.171,0.35100000000000003,0.88,0.061,0.026000000000000002,0.064,0.10700000000000001,0.21200000000000002,0.139,0.2,0.08299999999999999,0.049,0.05900000000000001
conditional__seed_000044__repr_table__parallel_primitives,conditional__seed_000044,conditional,table,0.4807692307692308,0.503,0.573,0.12216404886561949,0.7383703703703703,0.7711209220374161,0.805,0.22699999999999998,0.217,0.882,0.079,0.043,0.076,0.151,0.096,0.121,0.29000000000000004,0.07100000000000001,0.033999999999999996,0.039
conditional__seed_000045__repr_direct__parallel_primitives,conditional__seed_000045,conditional,direct,0.43478260869565216,0.43,0.743,0.4212651413189771,0.7307654320987654,0.7610516476310989,0.795,0.333,0.248,0.863,0.11699999999999999,0.05600000000000001,0.11299999999999999,0.22000000000000003,0.118,0.13,0.189,0.025,0.012,0.02
conditional__seed_000045__repr_distractor__parallel_primitives,conditional__seed_000045,conditional,distractor,0.43478260869565216,0.42699999999999994,0.779,0.4518613607188704,0.7135802469135802,0.7442767924421468,0.778,0.317,0.233,0.848,0.132,0.053000000000000005,0.11599999999999999,0.201,0.11000000000000001,0.123,0.199,0.028999999999999998,0.017,0.02
conditional__seed_000045__repr_nested__parallel_primitives,conditional__seed_000045,conditional,nested,0.43478260869565216,0.43499999999999994,0.724,0.3991712707182321,0.7297777777777777,0.761324767514106,0.7959999999999999,0.346,0.23900000000000002,0.868,0.11000000000000001,0.051000000000000004,0.11599999999999999,0.22999999999999998,0.10900000000000001,0.13,0.176,0.034999999999999996,0.020999999999999998,0.022
conditional__seed_000045__repr_prose__parallel_primitives,conditional__seed_000045,conditional,prose,0.43478260869565216,0.511,0.763,0.3302752293577982,0.737679012345679,0.7690848318668415,0.808,0.183,0.223,0.8740000000000001,0.067,0.027000000000000003,0.068,0.11499999999999999,0.09,0.133,0.325,0.077,0.039,0.059
conditional__seed_000045__repr_table__parallel_primitives,conditional__seed_000045,conditional,table,0.43478260869565216,0.43,0.547,0.21389396709323594,0.7496296296296296,0.7777228906027439,0.808,0.33,0.292,0.872,0.096,0.047,0.089,0.24100000000000002,0.147,0.145,0.16,0.026000000000000002,0.017,0.032
conditional__seed_000046__repr_direct__parallel_primitives,conditional__seed_000046,conditional,direct,0.6124031007751938,0.665,0.953,0.3022035676810073,0.6702222222222223,0.7179681303510268,0.778,0.101,0.07200000000000001,0.883,0.073,0.02,0.04,0.061,0.032,0.04,0.29100000000000004,0.314,0.08499999999999999,0.044
conditional__seed_000046__repr_distractor__parallel_primitives,conditional__seed_000046,conditional,distractor,0.6124031007751938,0.6799999999999999,0.9369999999999999,0.27427961579509075,0.6305185185185186,0.6762004590748414,0.724,0.103,0.076,0.836,0.10600000000000001,0.022,0.043,0.06,0.031,0.045,0.26,0.28500000000000003,0.09,0.05800000000000001
conditional__seed_000046__repr_nested__parallel_primitives,conditional__seed_000046,conditional,nested,0.6124031007751938,0.669,0.95,0.2957894736842105,0.6577777777777778,0.7034056638469326,0.755,0.11599999999999999,0.089,0.862,0.087,0.020999999999999998,0.041,0.075,0.04,0.049,0.265,0.28500000000000003,0.086,0.051000000000000004
conditional__seed_000046__repr_prose__parallel_primitives,conditional__seed_000046,conditional,prose,0.6124031007751938,0.6839999999999999,0.9189999999999999,0.25571273122959737,0.5948641975308643,0.649885791042442,0.668,0.05,0.065,0.852,0.049,0.01,0.02,0.03,0.02,0.045,0.178,0.375,0.174,0.099
conditional__seed_000046__repr_table__parallel_primitives,conditional__seed_000046,conditional,table,0.6124031007751938,0.647,0.9400000000000001,0.3117021276595745,0.671604938271605,0.7143811739286329,0.772,0.101,0.07200000000000001,0.8600000000000001,0.078,0.02,0.038,0.063,0.03,0.042,0.351,0.248,0.068,0.062
conditional__seed_000047__repr_direct__parallel_primitives,conditional__seed_000047,conditional,direct,0.2647058823529412,0.328,0.545,0.39816513761467887,0.6667654320987654,0.7077082530509227,0.72,0.381,0.20500000000000002,0.856,0.12,0.11499999999999999,0.205,0.176,0.081,0.124,0.1,0.033999999999999996,0.020999999999999998,0.024
conditional__seed_000047__repr_distractor__parallel_primitives,conditional__seed_000047,conditional,distractor,0.2647058823529412,0.321,0.644,0.5015527950310559,0.6254814814814815,0.6647342360515534,0.673,0.356,0.20600000000000002,0.8079999999999999,0.167,0.11600000000000002,0.202,0.154,0.083,0.123,0.078,0.033,0.019,0.025
conditional__seed_000047__repr_nested__parallel_primitives,conditional__seed_000047,conditional,nested,0.2647058823529412,0.325,0.6950000000000001,0.5323741007194245,0.6935308641975308,0.7320731912190328,0.753,0.374,0.213,0.869,0.10900000000000001,0.089,0.172,0.202,0.093,0.12,0.122,0.044,0.027000000000000003,0.022
conditional__seed_000047__repr_prose__parallel_primitives,conditional__seed_000047,conditional,prose,0.2647058823529412,0.369,0.562,0.3434163701067616,0.7269491713936158,0.7566996901050229,0.7837837837837838,0.3733733733733734,0.3483483483483483,0.8598598598598599,0.11011011011011013,0.06606606606606608,0.16216216216216217,0.2112112112112112,0.11911911911911911,0.22922922922922923,0.05105105105105105,0.011011011011011011,0.01001001001001001,0.03003003003003003
conditional__seed_000047__repr_table__parallel_primitives,conditional__seed_000047,conditional,table,0.2647058823529412,0.28500000000000003,0.414,0.31159420289855067,0.6932345679012346,0.7274930607292516,0.745,0.387,0.262,0.849,0.124,0.08399999999999999,0.157,0.22999999999999998,0.119,0.14300000000000002,0.071,0.025,0.02,0.027000000000000003
conditional__seed_000048__repr_direct__parallel_primitives,conditional__seed_000048,conditional,direct,0.35036496350364965,0.37,0.556,0.33453237410071945,0.7383703703703703,0.7718832729639267,0.8,0.386,0.23199999999999998,0.887,0.093,0.077,0.127,0.259,0.09,0.142,0.157,0.025,0.01,0.02
conditional__seed_000048__repr_distractor__parallel_primitives,conditional__seed_000048,conditional,distractor,0.35036496350364965,0.363,0.5860000000000001,0.38054607508532434,0.7248395061728395,0.757099541374579,0.793,0.377,0.214,0.866,0.11100000000000002,0.05600000000000001,0.125,0.252,0.089,0.125,0.175,0.027000000000000003,0.017,0.023
conditional__seed_000048__repr_nested__parallel_primitives,conditional__seed_000048,conditional,nested,0.35036496350364965,0.388,0.475,0.18315789473684208,0.7413333333333334,0.7767313212112327,0.809,0.428,0.249,0.899,0.086,0.079,0.17099999999999999,0.257,0.119,0.13,0.11100000000000002,0.020999999999999998,0.011,0.015
conditional__seed_000048__repr_prose__parallel_primitives,conditional__seed_000048,conditional,prose,0.35036496350364965,0.458,0.6900000000000001,0.336231884057971,0.769679012345679,0.7976100867495164,0.833,0.212,0.33999999999999997,0.891,0.065,0.03,0.093,0.119,0.11699999999999999,0.223,0.236,0.045,0.027999999999999997,0.044
conditional__seed_000048__repr_table__parallel_primitives,conditional__seed_000048,conditional,table,0.35036496350364965,0.364,0.414,0.12077294685990336,0.7317530864197531,0.7659936424599493,0.786,0.406,0.259,0.886,0.094,0.09,0.142,0.264,0.118,0.14100000000000001,0.101,0.02,0.01,0.02
conditional__seed_000049__repr_direct__parallel_primitives,conditional__seed_000049,conditional,direct,0.49230769230769234,0.497,0.74,0.32837837837837835,0.7429135802469136,0.768351243722862,0.799,0.263,0.329,0.853,0.126,0.037,0.078,0.185,0.203,0.126,0.178,0.028999999999999998,0.017,0.020999999999999998
conditional__seed_000049__repr_distractor__parallel_primitives,conditional__seed_000049,conditional,distractor,0.49230769230769234,0.489,0.778,0.3714652956298201,0.7326419753086421,0.7619856411265721,0.797,0.261,0.249,0.86,0.11399999999999999,0.041,0.084,0.177,0.127,0.122,0.24300000000000002,0.044,0.022,0.026000000000000002
conditional__seed_000049__repr_nested__parallel_primitives,conditional__seed_000049,conditional,nested,0.49230769230769234,0.533,0.787,0.32274459974587033,0.7470617283950618,0.7761942734235313,0.803,0.30000000000000004,0.28300000000000003,0.875,0.10200000000000001,0.05,0.08,0.22000000000000003,0.154,0.129,0.183,0.037,0.022,0.023
conditional__seed_000049__repr_prose__parallel_primitives,conditional__seed_000049,conditional,prose,0.49230769230769234,0.54,0.768,0.296875,0.776,0.8045437924384516,0.839,0.135,0.324,0.8999999999999999,0.052000000000000005,0.012,0.041,0.094,0.182,0.14200000000000002,0.29,0.09,0.049,0.048
conditional__seed_000049__repr_table__parallel_primitives,conditional__seed_000049,conditional,table,0.49230769230769234,0.49399999999999994,0.6839999999999999,0.2777777777777778,0.7765925925925926,0.8028934674082118,0.834,0.28,0.327,0.89,0.072,0.031,0.059,0.221,0.189,0.138,0.189,0.038,0.025,0.038
conditional__seed_000050__repr_direct__parallel_primitives,conditional__seed_000050,conditional,direct,0.6979166666666666,0.698,0.9369999999999999,0.2550693703308431,0.707358024691358,0.746533207009806,0.8069999999999999,0.131,0.095,0.877,0.08499999999999999,0.02,0.054000000000000006,0.077,0.038,0.05700000000000001,0.39699999999999996,0.184,0.05,0.038
conditional__seed_000050__repr_distractor__parallel_primitives,conditional__seed_000050,conditional,distractor,0.6979166666666666,0.682,0.9269999999999999,0.2642934196332254,0.6789135802469136,0.7177159544926676,0.774,0.12200000000000001,0.092,0.848,0.10300000000000001,0.02,0.053000000000000005,0.069,0.033,0.059,0.373,0.187,0.054000000000000006,0.049
conditional__seed_000050__repr_nested__parallel_primitives,conditional__seed_000050,conditional,nested,0.6979166666666666,0.713,0.9559999999999998,0.25418410041841,0.6798897663095195,0.7223724775923417,0.7807807807807808,0.11411411411411412,0.0890890890890891,0.8668668668668668,0.09109109109109109,0.02002002002002002,0.042042042042042045,0.07207207207207209,0.04004004004004004,0.049049049049049054,0.33133133133133136,0.24624624624624625,0.06606606606606608,0.042042042042042045
conditional__seed_000050__repr_prose__parallel_primitives,conditional__seed_000050,conditional,prose,0.6979166666666666,0.719,0.944,0.23834745762711862,0.564641975308642,0.6253212039235504,0.625,0.03900000000000001,0.042,0.853,0.044,0.01,0.013000000000000001,0.026000000000000002,0.015,0.027000000000000003,0.126,0.418,0.21800000000000003,0.10300000000000001
conditional__seed_000050__repr_table__parallel_primitives,conditional__seed_000050,conditional,table,0.6979166666666666,0.686,0.9349999999999999,0.2663101604278074,0.682962962962963,0.7251563165817304,0.79,0.106,0.069,0.867,0.081,0.018,0.043,0.063,0.028999999999999998,0.04,0.372,0.24300000000000002,0.059,0.052000000000000005
conditional__seed_000051__repr_direct__parallel_primitives,conditional__seed_000051,conditional,direct,0.5853658536585366,0.646,0.9200000000000002,0.2978260869565218,0.7214814814814815,0.7598625304033555,0.815,0.12,0.112,0.888,0.072,0.02,0.047,0.073,0.045,0.067,0.413,0.16999999999999998,0.053000000000000005,0.04
conditional__seed_000051__repr_distractor__parallel_primitives,conditional__seed_000051,conditional,distractor,0.5853658536585366,0.678,0.9120000000000001,0.25657894736842113,0.6991604938271605,0.7382055249197071,0.785,0.146,0.12000000000000001,0.871,0.089,0.027000000000000003,0.061,0.08499999999999999,0.05500000000000001,0.065,0.355,0.164,0.059,0.04
conditional__seed_000051__repr_nested__parallel_primitives,conditional__seed_000051,conditional,nested,0.5853658536585366,0.687,0.946,0.2737843551797039,0.7040987654320988,0.7446712643262775,0.794,0.128,0.11900000000000001,0.883,0.072,0.02,0.05,0.078,0.052000000000000005,0.067,0.351,0.196,0.069,0.045
conditional__seed_000051__repr_prose__parallel_primitives,conditional__seed_000051,conditional,prose,0.5853658536585366,0.669,0.922,0.27440347071583515,0.6603456790123458,0.7082831554317001,0.7450000000000001,0.051,0.07700000000000001,0.878,0.043,0.01,0.020999999999999998,0.03,0.020999999999999998,0.05600000000000001,0.324,0.29300000000000004,0.123,0.079
conditional__seed_000051__repr_table__parallel_primitives,conditional__seed_000051,conditional,table,0.5853658536585366,0.629,0.9469999999999998,0.33579725448785624,0.6997530864197532,0.7415889633826976,0.805,0.081,0.078,0.882,0.065,0.014000000000000002,0.03,0.051000000000000004,0.028999999999999998,0.049,0.403,0.24300000000000002,0.063,0.053000000000000005
conditional__seed_000052__repr_direct__parallel_primitives,conditional__seed_000052,conditional,direct,0.2857142857142857,0.333,0.629,0.47058823529411764,0.6695308641975309,0.7115376840744724,0.7300000000000001,0.44900000000000007,0.203,0.863,0.12,0.123,0.24300000000000002,0.20600000000000002,0.096,0.10700000000000001,0.057999999999999996,0.02,0.01,0.017
conditional__seed_000052__repr_distractor__parallel_primitives,conditional__seed_000052,conditional,distractor,0.2857142857142857,0.35,0.701,0.5007132667617689,0.6240987654320987,0.6624954047516333,0.684,0.406,0.189,0.7999999999999999,0.181,0.10500000000000001,0.225,0.181,0.08399999999999999,0.10500000000000001,0.069,0.02,0.011,0.019
conditional__seed_000052__repr_nested__parallel_primitives,conditional__seed_000052,conditional,nested,0.2857142857142857,0.388,0.779,0.5019255455712452,0.6878024691358025,0.7245677016792658,0.749,0.386,0.211,0.854,0.126,0.086,0.174,0.21200000000000002,0.086,0.125,0.122,0.03,0.019,0.02
conditional__seed_000052__repr_prose__parallel_primitives,conditional__seed_000052,conditional,prose,0.2857142857142857,0.379,0.606,0.3745874587458745,0.7100246913580247,0.7367737876830823,0.762,0.322,0.361,0.829,0.129,0.05600000000000001,0.133,0.189,0.12,0.24100000000000002,0.063,0.016,0.011,0.042
conditional__seed_000052__repr_table__parallel_primitives,conditional__seed_000052,conditional,table,0.2857142857142857,0.335,0.506,0.3379446640316205,0.6519506172839507,0.6907634899878548,0.7030000000000001,0.41400000000000003,0.206,0.831,0.14,0.10900000000000001,0.202,0.21200000000000002,0.09,0.11599999999999999,0.063,0.02,0.019,0.028999999999999998
conditional__seed_000053__repr_direct__parallel_primitives,conditional__seed_000053,conditional,direct,0.967741935483871,0.8469999999999999,0.931,0.09022556390977465,0.6418765432098765,0.6858101672502513,0.721,0.16799999999999998,0.108,0.841,0.097,0.037,0.08399999999999999,0.08399999999999999,0.048,0.06,0.24,0.205,0.083,0.062
conditional__seed_000053__repr_distractor__parallel_primitives,conditional__seed_000053,conditional,distractor,0.967741935483871,0.829,0.9359999999999999,0.11431623931623935,0.6031604938271605,0.6516168866243537,0.675,0.13,0.08199999999999999,0.827,0.101,0.037,0.065,0.065,0.039,0.043,0.199,0.264,0.11499999999999999,0.07200000000000001
conditional__seed_000053__repr_nested__parallel_primitives,conditional__seed_000053,conditional,nested,0.967741935483871,0.907,0.962,0.05717255717255709,0.55120987654321,0.6097217401317148,0.575,0.08499999999999999,0.07,0.8350000000000001,0.081,0.020999999999999998,0.036,0.049,0.033,0.037,0.10400000000000001,0.316,0.23900000000000002,0.08399999999999999
conditional__seed_000053__repr_prose__parallel_primitives,conditional__seed_000053,conditional,prose,0.967741935483871,0.8480000000000001,0.958,0.11482254697285998,0.33317267885169133,0.3960286054589435,0.1751751751751752,0.02702702702702703,0.02902902902902903,0.6716716716716717,0.04004004004004004,0.01001001001001001,0.011011011011011011,0.016016016016016016,0.014014014014014016,0.015015015015015015,0.02102102102102102,0.09809809809809811,0.4864864864864865,0.2882882882882883
conditional__seed_000053__repr_table__parallel_primitives,conditional__seed_000053,conditional,table,0.967741935483871,0.869,0.951,0.08622502628811779,0.5723456790123457,0.626411962709587,0.633,0.097,0.062,0.8270000000000001,0.078,0.024,0.045,0.052000000000000005,0.03,0.032,0.14900000000000002,0.325,0.16999999999999998,0.095
conditional__seed_000054__repr_direct__parallel_primitives,conditional__seed_000054,conditional,direct,0.8333333333333334,0.767,0.9570000000000001,0.19853709508881923,0.6355555555555555,0.6871073726585367,0.734,0.102,0.065,0.87,0.082,0.022,0.044,0.057999999999999996,0.03,0.034999999999999996,0.221,0.346,0.11400000000000002,0.048
conditional__seed_000054__repr_distractor__parallel_primitives,conditional__seed_000054,conditional,distractor,0.8333333333333334,0.777,0.952,0.1838235294117646,0.5567407407407408,0.6105477382474203,0.62,0.07300000000000001,0.059,0.81,0.101,0.02,0.032,0.041,0.028999999999999998,0.03,0.139,0.34900000000000003,0.16999999999999998,0.089
conditional__seed_000054__repr_nested__parallel_primitives,conditional__seed_000054,conditional,nested,0.8333333333333334,0.782,0.959,0.18456725755995818,0.6204444444444445,0.6737852741106992,0.71,0.10400000000000001,0.074,0.866,0.083,0.025,0.042,0.062,0.034999999999999996,0.039,0.17099999999999999,0.361,0.131,0.051000000000000004
conditional__seed_000054__repr_prose__parallel_primitives,conditional__seed_000054,conditional,prose,0.8333333333333334,0.796,0.9549999999999998,0.16649214659685851,0.4325925925925927,0.4973898881867896,0.364,0.031,0.036000000000000004,0.7649999999999999,0.041,0.01,0.01,0.020999999999999998,0.019,0.017,0.039,0.258,0.391,0.194
conditional__seed_000054__repr_table__parallel_primitives,conditional__seed_000054,conditional,table,0.8333333333333334,0.759,0.9559999999999998,0.20606694560669447,0.5951604938271605,0.6502932488732828,0.685,0.08099999999999999,0.051,0.8500000000000001,0.079,0.020999999999999998,0.036,0.045,0.023,0.027999999999999997,0.164,0.389,0.144,0.07100000000000001
conditional__seed_000055__repr_direct__parallel_primitives,conditional__seed_000055,conditional,direct,0.7551020408163265,0.715,0.892,0.19843049327354267,0.7234567901234569,0.7603589282322993,0.81,0.20500000000000002,0.139,0.884,0.083,0.033,0.083,0.122,0.05500000000000001,0.08399999999999999,0.34900000000000003,0.11699999999999999,0.041,0.033
conditional__seed_000055__repr_distractor__parallel_primitives,conditional__seed_000055,conditional,distractor,0.7551020408163265,0.716,0.9179999999999999,0.2200435729847494,0.6965925925925927,0.7366435765058287,0.7869999999999999,0.199,0.122,0.873,0.087,0.037,0.08499999999999999,0.11400000000000002,0.051000000000000004,0.071,0.303,0.16299999999999998,0.049,0.04
conditional__seed_000055__repr_nested__parallel_primitives,conditional__seed_000055,conditional,nested,0.7551020408163265,0.763,0.954,0.20020964360587,0.6932364463228662,0.7347314069075438,0.7797797797797799,0.1761761761761762,0.12912912912912913,0.8778778778778779,0.0800800800800801,0.029029029029029027,0.06706706706706708,0.10910910910910912,0.054054054054054064,0.07507507507507508,0.2812812812812813,0.1931931931931932,0.06906906906906908,0.042042042042042045
conditional__seed_000055__repr_prose__parallel_primitives,conditional__seed_000055,conditional,prose,0.7551020408163265,0.75,0.933,0.1961414790996785,0.5317530864197532,0.5932823759816257,0.556,0.042,0.05,0.831,0.046,0.01,0.015,0.027000000000000003,0.02,0.03,0.094,0.37,0.265,0.123
conditional__seed_000055__repr_table__parallel_primitives,conditional__seed_000055,conditional,table,0.7551020408163265,0.708,0.9280000000000002,0.23706896551724155,0.7175308641975309,0.758470015813323,0.8230000000000001,0.133,0.092,0.895,0.061,0.022,0.052000000000000005,0.081,0.038,0.054000000000000006,0.389,0.209,0.05,0.044
conditional__seed_000056__repr_direct__parallel_primitives,conditional__seed_000056,conditional,direct,0.6853932584269663,0.682,0.922,0.26030368763557477,0.7155555555555556,0.7513110020458503,0.803,0.176,0.126,0.87,0.096,0.024,0.077,0.099,0.051000000000000004,0.075,0.39,0.11100000000000002,0.043,0.033999999999999996
conditional__seed_000056__repr_distractor__parallel_primitives,conditional__seed_000056,conditional,distractor,0.6853932584269663,0.668,0.8960000000000001,0.2544642857142858,0.7129876543209877,0.7476014899604226,0.794,0.18000000000000002,0.14300000000000002,0.863,0.10300000000000001,0.03,0.07200000000000001,0.10800000000000001,0.065,0.078,0.37,0.101,0.039,0.033999999999999996
conditional__seed_000056__repr_nested__parallel_primitives,conditional__seed_000056,conditional,nested,0.6853932584269663,0.707,0.9490000000000001,0.25500526870389895,0.7113086419753087,0.749086656990675,0.796,0.17400000000000002,0.14200000000000002,0.877,0.086,0.03,0.07100000000000001,0.10300000000000001,0.064,0.078,0.337,0.143,0.051000000000000004,0.037
conditional__seed_000056__repr_prose__parallel_primitives,conditional__seed_000056,conditional,prose,0.6853932584269663,0.693,0.901,0.23085460599334084,0.6159012345679012,0.6707404951292052,0.6990000000000001,0.046,0.063,0.87,0.045,0.01,0.017,0.028999999999999998,0.02,0.043,0.20600000000000002,0.384,0.161,0.08499999999999999
conditional__seed_000056__repr_table__parallel_primitives,conditional__seed_000056,conditional,table,0.6853932584269663,0.683,0.9349999999999999,0.26951871657754,0.6937283950617283,0.7347800031629024,0.794,0.126,0.08399999999999999,0.873,0.075,0.02,0.054000000000000006,0.07200000000000001,0.034999999999999996,0.049,0.377,0.207,0.059,0.052000000000000005
conditional__seed_000057__repr_direct__parallel_primitives,conditional__seed_000057,conditional,direct,0.845360824742268,0.786,0.954,0.17610062893081757,0.598716049382716,0.6530736924500607,0.6739999999999999,0.094,0.064,0.852,0.093,0.025,0.039,0.05500000000000001,0.03,0.033999999999999996,0.16499999999999998,0.351,0.153,0.05500000000000001
conditional__seed_000057__repr_distractor__parallel_primitives,conditional__seed_000057,conditional,distractor,0.845360824742268,0.795,0.943,0.15694591728525975,0.5652071824911332,0.6178625033665552,0.6136136136136137,0.0930930930930931,0.06806806806806806,0.8148148148148148,0.11711711711711711,0.02702702702702703,0.041041041041041046,0.05205205205205206,0.031031031031031032,0.037037037037037035,0.15715715715715717,0.29529529529529536,0.17417417417417416,0.06806806806806807
conditional__seed_000057__repr_nested__parallel_primitives,conditional__seed_000057,conditional,nested,0.845360824742268,0.799,0.9629999999999999,0.17030114226375892,0.5619753086419754,0.6198496974224748,0.6060000000000001,0.1,0.064,0.839,0.097,0.028999999999999998,0.045,0.05500000000000001,0.031,0.033,0.10700000000000001,0.335,0.20400000000000001,0.064
conditional__seed_000057__repr_prose__parallel_primitives,conditional__seed_000057,conditional,prose,0.845360824742268,0.787,0.9469999999999998,0.16895459345300934,0.4627160493827161,0.5331775848676429,0.38999999999999996,0.03,0.035,0.824,0.039,0.01,0.01,0.02,0.015,0.02,0.037,0.288,0.42400000000000004,0.137
conditional__seed_000057__repr_table__parallel_primitives,conditional__seed_000057,conditional,table,0.845360824742268,0.782,0.952,0.1785714285714285,0.5779753086419753,0.6339818116519418,0.647,0.088,0.055,0.8410000000000001,0.08499999999999999,0.020999999999999998,0.041,0.047,0.025,0.03,0.14400000000000002,0.36,0.173,0.074
conditional__seed_000058__repr_direct__parallel_primitives,conditional__seed_000058,conditional,direct,0.8518518518518519,0.777,0.952,0.1838235294117646,0.6308148148148148,0.6814150262369674,0.726,0.096,0.065,0.861,0.089,0.02,0.042,0.054000000000000006,0.03,0.034999999999999996,0.231,0.33399999999999996,0.11499999999999999,0.05
conditional__seed_000058__repr_distractor__parallel_primitives,conditional__seed_000058,conditional,distractor,0.8518518518518519,0.764,0.9469999999999998,0.19324181626187942,0.6033580246913581,0.6515691514767736,0.685,0.096,0.062,0.8240000000000001,0.11299999999999999,0.02,0.042,0.054000000000000006,0.028999999999999998,0.033,0.23200000000000004,0.29500000000000004,0.119,0.063
conditional__seed_000058__repr_nested__parallel_primitives,conditional__seed_000058,conditional,nested,0.8518518518518519,0.8009999999999999,0.958,0.16388308977035493,0.6170864197530864,0.6691289614875692,0.701,0.10600000000000001,0.077,0.857,0.088,0.02,0.041,0.065,0.038,0.039,0.178,0.33999999999999997,0.136,0.05500000000000001
conditional__seed_000058__repr_prose__parallel_primitives,conditional__seed_000058,conditional,prose,0.8518518518518519,0.8030000000000002,0.9559999999999998,0.16004184100418384,0.45886419753086427,0.5284623114861984,0.379,0.033,0.039,0.817,0.04,0.01,0.012,0.020999999999999998,0.019,0.02,0.041,0.266,0.42800000000000005,0.14300000000000002
conditional__seed_000058__repr_table__parallel_primitives,conditional__seed_000058,conditional,table,0.8518518518518519,0.759,0.951,0.20189274447949523,0.5944691358024691,0.6481456117022721,0.6779999999999999,0.088,0.059,0.8430000000000001,0.08299999999999999,0.02,0.037,0.051000000000000004,0.028999999999999998,0.03,0.16699999999999998,0.364,0.145,0.074
conditional__seed_000059__repr_direct__parallel_primitives,conditional__seed_000059,conditional,direct,0.5652173913043478,0.604,0.917,0.341330425299891,0.7228641975308642,0.758912793860774,0.809,0.14600000000000002,0.134,0.879,0.088,0.03,0.063,0.083,0.038,0.096,0.404,0.125,0.04,0.033
conditional__seed_000059__repr_distractor__parallel_primitives,conditional__seed_000059,conditional,distractor,0.5652173913043478,0.633,0.9099999999999999,0.3043956043956043,0.6991604938271605,0.7368314642859414,0.7849999999999999,0.145,0.122,0.864,0.099,0.033999999999999996,0.06999999999999999,0.075,0.037,0.08499999999999999,0.376,0.142,0.045,0.037
conditional__seed_000059__repr_nested__parallel_primitives,conditional__seed_000059,conditional,nested,0.5652173913043478,0.628,0.946,0.33615221987315,0.7171358024691358,0.7556402409534927,0.808,0.159,0.121,0.885,0.08,0.032,0.063,0.096,0.043,0.078,0.371,0.157,0.045,0.034999999999999996
conditional__seed_000059__repr_prose__parallel_primitives,conditional__seed_000059,conditional,prose,0.5652173913043478,0.645,0.883,0.26953567383918453,0.6901728395061728,0.7310029625474688,0.774,0.067,0.088,0.871,0.047,0.012,0.027000000000000003,0.04,0.026000000000000002,0.062,0.41900000000000004,0.2,0.08499999999999999,0.082
conditional__seed_000059__repr_table__parallel_primitives,conditional__seed_000059,conditional,table,0.5652173913043478,0.594,0.9040000000000001,0.34292035398230103,0.730172839506173,0.7660572728908118,0.8160000000000001,0.136,0.11900000000000002,0.885,0.07100000000000001,0.029,0.059000000000000004,0.07700000000000001,0.03300000000000001,0.08600000000000001,0.447,0.114,0.04000000000000001,0.044000000000000004
conditional__seed_000060__repr_direct__parallel_primitives,conditional__seed_000060,conditional,direct,0.6290322580645161,0.659,0.932,0.2929184549356223,0.6911604938271605,0.731164281827727,0.786,0.14100000000000001,0.086,0.866,0.09,0.027999999999999997,0.059,0.082,0.034999999999999996,0.051000000000000004,0.377,0.182,0.052000000000000005,0.044
conditional__seed_000060__repr_distractor__parallel_primitives,conditional__seed_000060,conditional,distractor,0.6290322580645161,0.668,0.93,0.2817204301075269,0.6577777777777778,0.6986643269447109,0.7510000000000001,0.113,0.07500000000000001,0.8380000000000001,0.10200000000000001,0.023,0.051000000000000004,0.062,0.033,0.042,0.35300000000000004,0.21000000000000002,0.064,0.06
conditional__seed_000060__repr_nested__parallel_primitives,conditional__seed_000060,conditional,nested,0.6290322580645161,0.673,0.9490000000000001,0.29083245521601686,0.6938271604938272,0.7352837601618994,0.785,0.168,0.104,0.877,0.082,0.031,0.068,0.1,0.046,0.057999999999999996,0.325,0.188,0.061,0.041
conditional__seed_000060__repr_prose__parallel_primitives,conditional__seed_000060,conditional,prose,0.6290322580645161,0.688,0.923,0.2546045503791984,0.6183703703703705,0.6683451137045583,0.6990000000000001,0.05299999999999999,0.07,0.848,0.047,0.012,0.019,0.033999999999999996,0.024,0.046,0.24700000000000003,0.329,0.137,0.10500000000000001
conditional__seed_000060__repr_table__parallel_primitives,conditional__seed_000060,conditional,table,0.6290322580645161,0.648,0.9200000000000002,0.29565217391304355,0.6931375820264709,0.7315864928454247,0.7817817817817818,0.13613613613613612,0.08408408408408409,0.8608608608608609,0.07907907907907907,0.028028028028028024,0.058058058058058054,0.07807807807807808,0.03203203203203203,0.05205205205205206,0.4104104104104104,0.15115115115115116,0.05105105105105105,0.06006006006006006
conditional__seed_000061__repr_direct__parallel_primitives,conditional__seed_000061,conditional,direct,0.46078431372549017,0.461,0.762,0.39501312335958005,0.7398518518518519,0.7687494850118661,0.796,0.28400000000000003,0.29500000000000004,0.867,0.11100000000000002,0.05600000000000001,0.096,0.188,0.14,0.155,0.187,0.03,0.015,0.022
conditional__seed_000061__repr_distractor__parallel_primitives,conditional__seed_000061,conditional,distractor,0.46078431372549017,0.46699999999999997,0.782,0.4028132992327367,0.6983703703703704,0.729381865517661,0.76,0.29900000000000004,0.223,0.835,0.13999999999999999,0.054000000000000006,0.11000000000000001,0.189,0.10300000000000001,0.12,0.202,0.036,0.020999999999999998,0.025
conditional__seed_000061__repr_nested__parallel_primitives,conditional__seed_000061,conditional,nested,0.46078431372549017,0.479,0.702,0.3176638176638177,0.7414320987654321,0.7707899399449505,0.805,0.28,0.26,0.869,0.10400000000000001,0.039,0.08299999999999999,0.197,0.122,0.138,0.221,0.044,0.025,0.027000000000000003
conditional__seed_000061__repr_prose__parallel_primitives,conditional__seed_000061,conditional,prose,0.46078431372549017,0.51,0.73,0.3013698630136986,0.7560493827160494,0.7836846166433967,0.814,0.21999999999999997,0.33899999999999997,0.877,0.071,0.028999999999999998,0.076,0.144,0.16599999999999998,0.173,0.2,0.05500000000000001,0.033999999999999996,0.052000000000000005
conditional__seed_000061__repr_table__parallel_primitives,conditional__seed_000061,conditional,table,0.46078431372549017,0.45,0.5780000000000001,0.2214532871972319,0.7724444444444445,0.7992324335117091,0.8280000000000001,0.29800000000000004,0.33899999999999997,0.889,0.08499999999999999,0.046,0.078,0.22000000000000003,0.165,0.174,0.162,0.028999999999999998,0.015,0.026000000000000002
explicit_probability__seed_000042__repr_ratio__parallel_primitives,explicit_probability__seed_000042,explicit_probability,ratio,0.0,0.092,0.014000000000000002,0.0,0.023576903550156642,0.029332884095344396,0.006018054162487463,0.006018054162487463,0.0,0.055165496489468446,0.9448345035105316,0.04914744232698094,0.006018054162487463,0.0,0.0,0.0,0.0,0.0,0.0,0.0
explicit_probability__seed_000043__repr_direct__parallel_primitives,explicit_probability__seed_000043,explicit_probability,direct,0.052631578947,0.136,0.513,0.7348927875243665,0.5033181329477625,0.5788453068285335,0.3433433433433433,0.2152152152152152,0.12812812812812813,0.9049049049049049,0.08508508508508508,0.5615615615615616,0.18418418418418417,0.031031031031031032,0.062062062062062065,0.06606606606606608,0.0,0.0,0.0,0.01001001001001001
explicit_probability__seed_000043__repr_distractor__parallel_primitives,explicit_probability__seed_000043,explicit_probability,distractor,0.052631578947,0.11000000000000001,0.434,0.7465437788018433,0.5045152032459982,0.5795883951823279,0.3507014028056113,0.22244488977955915,0.12825651302605212,0.9028056112224448,0.0871743486973948,0.5521042084168337,0.19238476953907818,0.030060120240480964,0.058116232464929876,0.07014028056112226,0.0,0.0,0.0,0.010020040080160322
explicit_probability__seed_000043__repr_prose__parallel_primitives,explicit_probability__seed_000043,explicit_probability,prose,0.052631578947,0.15,0.422,0.6445497630331753,0.5303080858636414,0.6034918523376257,0.3893893893893894,0.23223223223223222,0.15715715715715717,0.9169169169169169,0.07407407407407407,0.5275275275275275,0.2012012012012012,0.031031031031031032,0.08708708708708708,0.07007007007007007,0.0,0.0,0.0,0.009009009009009009
explicit_probability__seed_000043__repr_ratio__parallel_primitives,explicit_probability__seed_000043,explicit_probability,ratio,0.052631578947,0.07300000000000001,0.033999999999999996,0.0,0.38823325663673025,0.482615434691555,0.09018036072144289,0.08517034068136274,0.005010020040080161,0.9078156312625251,0.09218436873747496,0.8176352705410822,0.07815631262525051,0.007014028056112225,0.005010020040080161,0.0,0.0,0.0,0.0,0.0
explicit_probability__seed_000044__repr_direct__parallel_primitives,explicit_probability__seed_000044,explicit_probability,direct,0.105263157895,0.173,0.58,0.7017241379310345,0.5578912245578912,0.629899938990632,0.48848848848848847,0.37337337337337334,0.11511511511511513,0.9259259259259259,0.06506506506506507,0.43743743743743746,0.3063063063063063,0.06706706706706707,0.06006006006006006,0.05505505505505506,0.0,0.0,0.0,0.009009009009009009
explicit_probability__seed_000044__repr_distractor__parallel_primitives,explicit_probability__seed_000044,explicit_probability,distractor,0.105263157895,0.162,0.562,0.7117437722419929,0.5978271604938272,0.6631597225248793,0.5830000000000001,0.43500000000000005,0.14800000000000002,0.9229999999999999,0.06700000000000002,0.334,0.35100000000000003,0.084,0.07800000000000001,0.07,0.0,0.0,0.006000000000000001,0.010000000000000002
explicit_probability__seed_000044__repr_prose__parallel_primitives,explicit_probability__seed_000044,explicit_probability,prose,0.105263157895,0.20600000000000002,0.541,0.6192236598890943,0.6074074074074074,0.6726723973231571,0.582,0.41600000000000004,0.16599999999999998,0.9339999999999999,0.062,0.352,0.331,0.08499999999999999,0.097,0.06899999999999999,0.0,0.0,0.0,0.004
explicit_probability__seed_000044__repr_ratio__parallel_primitives,explicit_probability__seed_000044,explicit_probability,ratio,0.105263157895,0.14300000000000002,0.093,0.0,0.5069761119143835,0.5952616883520536,0.3883883883883884,0.3783783783783784,0.01001001001001001,0.964964964964965,0.03503503503503503,0.5765765765765766,0.33933933933933935,0.03903903903903904,0.01001001001001001,0.0,0.0,0.0,0.0,0.0
explicit_probability__seed_000045__repr_direct__parallel_primitives,explicit_probability__seed_000045,explicit_probability,direct,0.157894736842,0.21600000000000003,0.63,0.657142857142857,0.6020835650465279,0.6690357246290655,0.6006006006006006,0.47447447447447444,0.12612612612612614,0.9329329329329329,0.05805805805805807,0.33233233233233234,0.38238238238238237,0.09209209209209208,0.06606606606606608,0.06006006006006006,0.0,0.0,0.0,0.009009009009009009
explicit_probability__seed_000045__repr_distractor__parallel_primitives,explicit_probability__seed_000045,explicit_probability,distractor,0.157894736842,0.198,0.5860000000000001,0.6621160409556315,0.6283456790123456,0.6896625040674693,0.6719999999999999,0.534,0.138,0.923,0.067,0.24900000000000003,0.414,0.12,0.08,0.057999999999999996,0.0,0.0,0.002,0.01
explicit_probability__seed_000045__repr_prose__parallel_primitives,explicit_probability__seed_000045,explicit_probability,prose,0.157894736842,0.233,0.564,0.5868794326241134,0.6385185185185185,0.7003896883604216,0.652,0.485,0.16700000000000004,0.941,0.053000000000000005,0.28900000000000003,0.363,0.122,0.11100000000000002,0.05600000000000001,0.0,0.0,0.0,0.006
explicit_probability__seed_000045__repr_ratio__parallel_primitives,explicit_probability__seed_000045,explicit_probability,ratio,0.157894736842,0.174,0.06899999999999999,0.0,0.5318518518518519,0.6170767815465775,0.46900000000000003,0.459,0.01,0.965,0.034999999999999996,0.496,0.41500000000000004,0.044,0.01,0.0,0.0,0.0,0.0,0.0
explicit_probability__seed_000046__repr_direct__parallel_primitives,explicit_probability__seed_000046,explicit_probability,direct,0.210526315789,0.274,0.668,0.5898203592814371,0.6619259259259259,0.721920440392469,0.724,0.591,0.132,0.946,0.045,0.22200000000000003,0.417,0.174,0.076,0.05600000000000001,0.001,0.0,0.0,0.009
explicit_probability__seed_000046__repr_distractor__parallel_primitives,explicit_probability__seed_000046,explicit_probability,distractor,0.210526315789,0.25,0.658,0.6200607902735562,0.6655802469135803,0.7213167051790917,0.74,0.585,0.139,0.9259999999999999,0.064,0.182,0.396,0.189,0.081,0.05800000000000001,0.01,0.006,0.004,0.01
explicit_probability__seed_000046__repr_prose__parallel_primitives,explicit_probability__seed_000046,explicit_probability,prose,0.210526315789,0.295,0.653,0.548238897396631,0.7174320987654321,0.7672620182883605,0.79,0.579,0.20600000000000002,0.948,0.046,0.158,0.34199999999999997,0.23700000000000002,0.127,0.079,0.005,0.0,0.0,0.006
explicit_probability__seed_000046__repr_ratio__parallel_primitives,explicit_probability__seed_000046,explicit_probability,ratio,0.210526315789,0.23000000000000004,0.132,0.0,0.6198621647082156,0.6944399684503064,0.6907630522088354,0.6736947791164659,0.01706827309236948,0.9759036144578314,0.024096385542168676,0.285140562248996,0.5491967871485944,0.12449799196787148,0.01706827309236948,0.0,0.0,0.0,0.0,0.0
explicit_probability__seed_000047__repr_direct__parallel_primitives,explicit_probability__seed_000047,explicit_probability,direct,0.263157894737,0.311,0.719,0.5674547983310153,0.6862222222222222,0.7423973661649649,0.769,0.63,0.135,0.947,0.046,0.178,0.41,0.22000000000000003,0.076,0.059,0.004,0.0,0.0,0.007000000000000001
explicit_probability__seed_000047__repr_distractor__parallel_primitives,explicit_probability__seed_000047,explicit_probability,distractor,0.263157894737,0.302,0.726,0.5840220385674931,0.7172345679012346,0.7647100216790736,0.804,0.6020000000000001,0.18,0.933,0.056999999999999995,0.123,0.325,0.277,0.097,0.083,0.012,0.01,0.006,0.01
explicit_probability__seed_000047__repr_prose__parallel_primitives,explicit_probability__seed_000047,explicit_probability,prose,0.263157894737,0.332,0.6719999999999999,0.5059523809523809,0.7553232244590269,0.7994623641463446,0.8408408408408409,0.6146146146146146,0.21421421421421422,0.953953953953954,0.041041041041041046,0.1131131131131131,0.29129129129129133,0.3233233233233233,0.13413413413413414,0.08008008008008008,0.01001001001001001,0.002002002002002002,0.0,0.005005005005005005
explicit_probability__seed_000047__repr_ratio__parallel_primitives,explicit_probability__seed_000047,explicit_probability,ratio,0.263157894737,0.24100000000000002,0.08399999999999999,0.0,0.6217170028604331,0.6962239088801281,0.6890672016048145,0.6700100300902708,0.01905717151454363,0.9779338014042126,0.022066198595787363,0.28886659979939816,0.5406218655967904,0.12938816449348045,0.01905717151454363,0.0,0.0,0.0,0.0,0.0
explicit_probability__seed_000048__repr_direct__parallel_primitives,explicit_probability__seed_000048,explicit_probability,direct,0.315789473684,0.363,0.726,0.5,0.7287901234567902,0.779017781810466,0.8400000000000001,0.679,0.151,0.954,0.036,0.11399999999999999,0.394,0.28500000000000003,0.08399999999999999,0.067,0.01,0.0,0.0,0.01
explicit_probability__seed_000048__repr_distractor__parallel_primitives,explicit_probability__seed_000048,explicit_probability,distractor,0.315789473684,0.348,0.708,0.5084745762711864,0.7334320987654321,0.7783751454980951,0.834,0.617,0.194,0.9339999999999999,0.05600000000000001,0.093,0.327,0.29,0.11699999999999999,0.077,0.013000000000000001,0.01,0.007000000000000001,0.01
explicit_probability__seed_000048__repr_prose__parallel_primitives,explicit_probability__seed_000048,explicit_probability,prose,0.315789473684,0.383,0.751,0.49001331557922767,0.8068148148148149,0.8399636665964337,0.894,0.5840000000000001,0.281,0.949,0.041,0.05500000000000001,0.181,0.403,0.162,0.119,0.020999999999999998,0.008,0.0,0.01
explicit_probability__seed_000048__repr_ratio__parallel_primitives,explicit_probability__seed_000048,explicit_probability,ratio,0.315789473684,0.28500000000000003,0.162,0.0,0.780641975308642,0.8292961992408805,0.926,0.8320000000000001,0.09399999999999999,0.99,0.01,0.064,0.39,0.442,0.08499999999999999,0.009,0.0,0.0,0.0,0.0
explicit_probability__seed_000049__repr_direct__parallel_primitives,explicit_probability__seed_000049,explicit_probability,direct,0.368421052632,0.392,0.772,0.49222797927461137,0.7489382716049384,0.795730755333022,0.8670000000000001,0.6970000000000001,0.15200000000000002,0.955,0.035,0.08600000000000001,0.35700000000000004,0.34,0.08000000000000002,0.07200000000000001,0.013000000000000003,0.005000000000000001,0.0020000000000000005,0.010000000000000002
explicit_probability__seed_000049__repr_distractor__parallel_primitives,explicit_probability__seed_000049,explicit_probability,distractor,0.368421052632,0.386,0.728,0.4697802197802198,0.7348148148148148,0.7765609319448132,0.828,0.597,0.19,0.9199999999999999,0.07,0.082,0.275,0.32199999999999995,0.099,0.091,0.031,0.01,0.01,0.01
explicit_probability__seed_000049__repr_prose__parallel_primitives,explicit_probability__seed_000049,explicit_probability,prose,0.368421052632,0.414,0.789,0.47528517110266166,0.8218271604938272,0.8517349203489754,0.9049999999999999,0.538,0.298,0.948,0.042,0.041,0.137,0.40099999999999997,0.143,0.155,0.059,0.01,0.002,0.01
explicit_probability__seed_000049__repr_ratio__parallel_primitives,explicit_probability__seed_000049,explicit_probability,ratio,0.368421052632,0.391,0.28900000000000003,0.0,0.8462222222222222,0.8817479765900667,0.969,0.8320000000000001,0.137,0.991,0.009,0.022,0.189,0.643,0.127,0.01,0.0,0.0,0.0,0.0
explicit_probability__seed_000050__repr_direct__parallel_primitives,explicit_probability__seed_000050,explicit_probability,direct,0.421052631579,0.44000000000000006,0.7929999999999999,0.4451450189155106,0.8247901234567901,0.8577554960679826,0.918,0.627,0.251,0.964,0.026000000000000002,0.046,0.165,0.462,0.161,0.09,0.032,0.008,0.0,0.01
explicit_probability__seed_000050__repr_distractor__parallel_primitives,explicit_probability__seed_000050,explicit_probability,distractor,0.421052631579,0.453,0.799,0.4330413016270338,0.8199506172839507,0.8499005951438622,0.892,0.511,0.294,0.948,0.042,0.046,0.11200000000000002,0.399,0.172,0.122,0.077,0.01,0.01,0.01
explicit_probability__seed_000050__repr_prose__parallel_primitives,explicit_probability__seed_000050,explicit_probability,prose,0.421052631579,0.477,0.8240000000000001,0.421116504854369,0.8620246913580247,0.8862531032337776,0.931,0.388,0.379,0.962,0.027999999999999997,0.022,0.05700000000000001,0.331,0.199,0.18,0.144,0.02,0.009,0.01
explicit_probability__seed_000050__repr_ratio__parallel_primitives,explicit_probability__seed_000050,explicit_probability,ratio,0.421052631579,0.371,0.24500000000000002,0.0,0.8967901234567902,0.9228476404515084,0.9899999999999999,0.6769999999999999,0.308,1.0,0.0,0.01,0.089,0.588,0.284,0.023999999999999997,0.005,0.0,0.0,0.0
explicit_probability__seed_000051__repr_direct__parallel_primitives,explicit_probability__seed_000051,explicit_probability,direct,0.473684210526,0.47400000000000003,0.781,0.39308578745198464,0.9046398454623129,0.9230736855120819,0.958876629889669,0.3821464393179539,0.555667001003009,0.979939819458375,0.0160481444332999,0.021063189568706116,0.053159478435305926,0.32898696088264795,0.48044132397191575,0.07522567703109327,0.01905717151454363,0.0020060180541624875,0.0,0.004012036108324975
explicit_probability__seed_000051__repr_distractor__parallel_primitives,explicit_probability__seed_000051,explicit_probability,distractor,0.473684210526,0.477,0.752,0.36569148936170215,0.8827654320987655,0.9011630198861925,0.925,0.29,0.5890000000000001,0.961,0.028999999999999998,0.03,0.05,0.24,0.49400000000000005,0.095,0.036,0.01,0.006,0.01
explicit_probability__seed_000051__repr_prose__parallel_primitives,explicit_probability__seed_000051,explicit_probability,prose,0.473684210526,0.49800000000000005,0.808,0.38366336633663367,0.906567901234568,0.9239041856919071,0.958,0.24200000000000002,0.573,0.977,0.013000000000000001,0.014000000000000002,0.026000000000000002,0.21600000000000003,0.425,0.148,0.123,0.02,0.005,0.01
explicit_probability__seed_000051__repr_ratio__parallel_primitives,explicit_probability__seed_000051,explicit_probability,ratio,0.473684210526,0.43499999999999994,0.358,0.0,0.9737716297287916,0.9807945168004781,1.0,0.12650602409638553,0.8714859437751004,1.0,0.0,0.0,0.006024096385542168,0.12048192771084336,0.8112449799196787,0.06024096385542169,0.002008032128514056,0.0,0.0,0.0
explicit_probability__seed_000052__repr_direct__parallel_primitives,explicit_probability__seed_000052,explicit_probability,direct,0.526315789474,0.592,0.958,0.3820459290187892,0.8809876543209877,0.903457158222407,0.9570000000000001,0.01,0.40700000000000003,0.971,0.01,0.0,0.0,0.01,0.01,0.397,0.462,0.078,0.014000000000000002,0.019
explicit_probability__seed_000052__repr_distractor__parallel_primitives,explicit_probability__seed_000052,explicit_probability,distractor,0.526315789474,0.595,0.942,0.3683651804670913,0.8306172839506173,0.8608044197064219,0.921,0.032,0.257,0.956,0.022,0.008,0.01,0.022,0.019,0.238,0.504,0.128,0.027000000000000003,0.022
explicit_probability__seed_000052__repr_prose__parallel_primitives,explicit_probability__seed_000052,explicit_probability,prose,0.526315789474,0.597,0.929,0.357373519913886,0.8422716049382717,0.8720942636459862,0.9380000000000001,0.027,0.272,0.965,0.017,0.002,0.008,0.019,0.02,0.252,0.5,0.139,0.025,0.018
explicit_probability__seed_000052__repr_ratio__parallel_primitives,explicit_probability__seed_000052,explicit_probability,ratio,0.526315789474,0.567,0.952,0.40441176470588236,0.932685772191945,0.948681153934846,0.9929929929929932,0.0,0.5625625625625627,0.993993993993994,0.0,0.0,0.0,0.0,0.0,0.5625625625625627,0.4004004004004004,0.03003003003003003,0.0010010010010010012,0.006006006006006006
explicit_probability__seed_000053__repr_direct__parallel_primitives,explicit_probability__seed_000053,explicit_probability,direct,0.578947368421,0.642,0.9549999999999998,0.32774869109947635,0.815604938271605,0.8492416626804756,0.926,0.03,0.12000000000000001,0.953,0.024,0.004,0.01,0.02,0.019,0.101,0.634,0.142,0.023,0.023
explicit_probability__seed_000053__repr_distractor__parallel_primitives,explicit_probability__seed_000053,explicit_probability,distractor,0.578947368421,0.642,0.9490000000000001,0.3234984193888304,0.7912109640504703,0.8275827244117823,0.9019019019019019,0.03903903903903904,0.10810810810810811,0.9429429429429429,0.03303303303303304,0.010010010010010012,0.010010010010010012,0.02902902902902903,0.018018018018018018,0.0900900900900901,0.5755755755755756,0.1791791791791792,0.031031031031031036,0.024024024024024027
explicit_probability__seed_000053__repr_prose__parallel_primitives,explicit_probability__seed_000053,explicit_probability,prose,0.578947368421,0.627,0.924,0.3214285714285715,0.8022837652467282,0.8398392659238788,0.9189189189189189,0.035035035035035036,0.1111111111111111,0.958958958958959,0.02102102102102102,0.009009009009009009,0.01001001001001001,0.025025025025025027,0.02302302302302302,0.08808808808808809,0.5735735735735735,0.1991991991991992,0.031031031031031032,0.02002002002002002
explicit_probability__seed_000053__repr_ratio__parallel_primitives,explicit_probability__seed_000053,explicit_probability,ratio,0.578947368421,0.586,0.943,0.3785790031813362,0.8505679012345679,0.8866938160606823,0.985,0.0,0.067,0.995,0.0,0.0,0.0,0.0,0.0,0.067,0.738,0.18,0.01,0.005
explicit_probability__seed_000054__repr_direct__parallel_primitives,explicit_probability__seed_000054,explicit_probability,direct,0.631578947368,0.662,0.961,0.31113423517169614,0.7568395061728396,0.7997200371235804,0.892,0.03,0.059,0.938,0.028999999999999998,0.009,0.01,0.02,0.014000000000000002,0.045,0.509,0.294,0.037,0.033
explicit_probability__seed_000054__repr_distractor__parallel_primitives,explicit_probability__seed_000054,explicit_probability,distractor,0.631578947368,0.662,0.9559999999999998,0.3075313807531379,0.7557530864197531,0.7976875043494708,0.882,0.047,0.084,0.9339999999999999,0.037,0.01,0.011,0.036,0.02,0.064,0.47300000000000003,0.278,0.042,0.028999999999999998
explicit_probability__seed_000054__repr_prose__parallel_primitives,explicit_probability__seed_000054,explicit_probability,prose,0.631578947368,0.659,0.945,0.3026455026455026,0.7626666666666666,0.8078161280751136,0.902,0.027999999999999997,0.07400000000000001,0.955,0.017,0.005,0.007000000000000001,0.020999999999999998,0.02,0.054000000000000006,0.466,0.33399999999999996,0.048,0.027999999999999997
explicit_probability__seed_000054__repr_ratio__parallel_primitives,explicit_probability__seed_000054,explicit_probability,ratio,0.631578947368,0.652,0.959,0.3201251303441084,0.8565602639676716,0.8912098777422482,0.983983983983984,0.0,0.05105105105105106,0.993993993993994,0.0,0.0,0.0,0.0,0.0,0.05105105105105106,0.7957957957957958,0.13713713713713716,0.010010010010010012,0.006006006006006006
explicit_probability__seed_000055__repr_direct__parallel_primitives,explicit_probability__seed_000055,explicit_probability,direct,0.684210526316,0.69,0.969,0.28792569659442724,0.7298765432098765,0.7791228498215705,0.885,0.028999999999999998,0.045,0.941,0.025,0.009,0.01,0.019,0.01,0.034999999999999996,0.39899999999999997,0.41200000000000003,0.047,0.033999999999999996
explicit_probability__seed_000055__repr_distractor__parallel_primitives,explicit_probability__seed_000055,explicit_probability,distractor,0.684210526316,0.69,0.961,0.2819979188345474,0.7230617283950618,0.7719419562610996,0.865,0.037000000000000005,0.068,0.9349999999999999,0.036,0.01,0.01,0.027000000000000003,0.02,0.048,0.364,0.396,0.06,0.028999999999999998
explicit_probability__seed_000055__repr_prose__parallel_primitives,explicit_probability__seed_000055,explicit_probability,prose,0.684210526316,0.689,0.95,0.27473684210526317,0.7342222222222222,0.786533511571894,0.891,0.028,0.059,0.961,0.017,0.007000000000000001,0.008,0.02,0.018,0.041,0.35,0.454,0.063,0.022
explicit_probability__seed_000055__repr_ratio__parallel_primitives,explicit_probability__seed_000055,explicit_probability,ratio,0.684210526316,0.69,0.953,0.2759706190975866,0.7685710401759784,0.8209550590921527,0.9579579579579579,0.001001001001001001,0.019019019019019017,0.988988988988989,0.001001001001001001,0.0,0.0,0.001001001001001001,0.0,0.019019019019019017,0.44644644644644643,0.49149149149149146,0.031031031031031032,0.01001001001001001
explicit_probability__seed_000056__repr_direct__parallel_primitives,explicit_probability__seed_000056,explicit_probability,direct,0.736842105263,0.742,0.9730000000000001,0.23741007194244612,0.6729876543209876,0.7341878002974678,0.838,0.02,0.03,0.945,0.020999999999999998,0.01,0.01,0.01,0.01,0.02,0.205,0.583,0.097,0.033999999999999996
explicit_probability__seed_000056__repr_distractor__parallel_primitives,explicit_probability__seed_000056,explicit_probability,distractor,0.736842105263,0.742,0.968,0.23347107438016523,0.6812738664590516,0.7400935980995426,0.847847847847848,0.030030030030030033,0.04404404404404405,0.9409409409409409,0.031031031031031036,0.010010010010010012,0.010010010010010012,0.020020020020020023,0.013013013013013016,0.031031031031031036,0.2092092092092092,0.5645645645645646,0.08308308308308308,0.028028028028028028
explicit_probability__seed_000056__repr_prose__parallel_primitives,explicit_probability__seed_000056,explicit_probability,prose,0.736842105263,0.73,0.9559999999999998,0.2364016736401673,0.671604938271605,0.7360259730546793,0.831,0.019,0.029,0.961,0.011,0.005,0.008,0.011,0.012,0.017,0.177,0.606,0.125,0.027999999999999997
explicit_probability__seed_000056__repr_ratio__parallel_primitives,explicit_probability__seed_000056,explicit_probability,ratio,0.736842105263,0.747,0.966,0.22670807453416142,0.6873086419753086,0.7560074701624745,0.897,0.0,0.004,0.99,0.0,0.0,0.0,0.0,0.0,0.004,0.148,0.745,0.093,0.01
explicit_probability__seed_000057__repr_direct__parallel_primitives,explicit_probability__seed_000057,explicit_probability,direct,0.789473684211,0.768,0.9719999999999999,0.20987654320987637,0.6305185185185186,0.6968419103667899,0.762,0.02,0.03,0.9349999999999999,0.027000000000000003,0.01,0.01,0.01,0.01,0.02,0.124,0.588,0.16299999999999998,0.038
explicit_probability__seed_000057__repr_distractor__parallel_primitives,explicit_probability__seed_000057,explicit_probability,distractor,0.789473684211,0.786,0.97,0.18969072164948453,0.6368395061728395,0.7021807404578095,0.7709999999999999,0.027999999999999997,0.043,0.9359999999999999,0.031,0.01,0.01,0.018,0.015,0.027999999999999997,0.11299999999999999,0.587,0.155,0.033
explicit_probability__seed_000057__repr_prose__parallel_primitives,explicit_probability__seed_000057,explicit_probability,prose,0.789473684211,0.746,0.952,0.21638655462184875,0.6360493827160494,0.7049038286369345,0.7510000000000001,0.019999999999999997,0.035,0.956,0.014000000000000002,0.009,0.009,0.011,0.015,0.02,0.118,0.5780000000000001,0.196,0.03
explicit_probability__seed_000057__repr_ratio__parallel_primitives,explicit_probability__seed_000057,explicit_probability,ratio,0.789473684211,0.783,0.975,0.19692307692307687,0.6502304773909713,0.725139525694647,0.8378378378378379,0.0,0.0,0.988988988988989,0.0,0.0,0.0,0.0,0.0,0.0,0.05705705705705707,0.7807807807807808,0.15115115115115116,0.011011011011011011
explicit_probability__seed_000058__repr_direct__parallel_primitives,explicit_probability__seed_000058,explicit_probability,direct,0.842105263158,0.8109999999999999,0.9789999999999999,0.1716036772216547,0.5574320987654321,0.6319026214314677,0.593,0.02,0.020999999999999998,0.9199999999999999,0.027000000000000003,0.01,0.01,0.01,0.01,0.011,0.051000000000000004,0.501,0.317,0.053000000000000005
explicit_probability__seed_000058__repr_distractor__parallel_primitives,explicit_probability__seed_000058,explicit_probability,distractor,0.842105263158,0.829,0.97,0.14536082474226808,0.5867537544224252,0.6594494596476888,0.6603206412825651,0.02404809619238477,0.03006012024048096,0.9338677354709419,0.0250501002004008,0.01002004008016032,0.01002004008016032,0.014028056112224449,0.01002004008016032,0.02004008016032064,0.0531062124248497,0.5531062124248497,0.2635270541082164,0.041082164328657314
explicit_probability__seed_000058__repr_prose__parallel_primitives,explicit_probability__seed_000058,explicit_probability,prose,0.842105263158,0.787,0.958,0.17849686847599155,0.5898271604938272,0.6642692264699037,0.637,0.019,0.037,0.95,0.011,0.009,0.009,0.01,0.018,0.019,0.065,0.516,0.304,0.039
explicit_probability__seed_000058__repr_ratio__parallel_primitives,explicit_probability__seed_000058,explicit_probability,ratio,0.842105263158,0.825,0.9800000000000001,0.15816326530612257,0.5922957025161434,0.6735819694071372,0.6703406813627254,0.0,0.0,0.9819639278557114,0.0,0.0,0.0,0.0,0.0,0.0,0.029058116232464928,0.6412825651302605,0.31162324649298595,0.018036072144288574
explicit_probability__seed_000059__repr_direct__parallel_primitives,explicit_probability__seed_000059,explicit_probability,direct,0.894736842105,0.8539999999999999,0.976,0.1250000000000001,0.5060740740740741,0.5863665770665716,0.442,0.02,0.02,0.915,0.023,0.01,0.01,0.01,0.01,0.01,0.028999999999999998,0.373,0.46299999999999997,0.062
explicit_probability__seed_000059__repr_distractor__parallel_primitives,explicit_probability__seed_000059,explicit_probability,distractor,0.894736842105,0.8720000000000001,0.978,0.10838445807770947,0.5363950617283951,0.6162496497940773,0.5139999999999999,0.02,0.023,0.9359999999999999,0.024,0.01,0.01,0.01,0.01,0.013000000000000001,0.028000000000000004,0.44299999999999995,0.41200000000000003,0.04
explicit_probability__seed_000059__repr_prose__parallel_primitives,explicit_probability__seed_000059,explicit_probability,prose,0.894736842105,0.828,0.968,0.1446280991735538,0.5365925925925926,0.6173860169720155,0.5010000000000001,0.017000000000000005,0.022000000000000006,0.943,0.010000000000000002,0.007000000000000002,0.007000000000000002,0.010000000000000002,0.012000000000000002,0.010000000000000002,0.036000000000000004,0.42600000000000005,0.435,0.04700000000000001
explicit_probability__seed_000059__repr_ratio__parallel_primitives,explicit_probability__seed_000059,explicit_probability,ratio,0.894736842105,0.8560000000000001,0.984,0.13008130081300806,0.4479012345679013,0.5443571816984175,0.225,0.0,0.0,0.965,0.0,0.0,0.0,0.0,0.0,0.0,0.0,0.225,0.74,0.034999999999999996
explicit_probability__seed_000060__repr_direct__parallel_primitives,explicit_probability__seed_000060,explicit_probability,direct,0.947368421053,0.916,0.9800000000000001,0.0653061224489796,0.4318024691358026,0.5202499944199076,0.22000000000000003,0.010000000000000002,0.020000000000000004,0.907,0.021,0.010000000000000002,0.008000000000000002,0.0020000000000000005,0.010000000000000002,0.010000000000000002,0.010000000000000002,0.18000000000000002,0.677,0.07200000000000001
explicit_probability__seed_000060__repr_distractor__parallel_primitives,explicit_probability__seed_000060,explicit_probability,distractor,0.947368421053,0.93,0.978,0.04907975460122693,0.4708148148148149,0.5567723642126088,0.32,0.02,0.023,0.9229999999999999,0.020999999999999998,0.01,0.01,0.01,0.013000000000000001,0.01,0.013000000000000001,0.264,0.593,0.05600000000000001
explicit_probability__seed_000060__repr_prose__parallel_primitives,explicit_probability__seed_000060,explicit_probability,prose,0.947368421053,0.8699999999999999,0.97,0.10309278350515472,0.4689382716049384,0.5561672702916695,0.30300000000000005,0.014,0.023,0.9299999999999999,0.01,0.008,0.006,0.008,0.013000000000000001,0.01,0.017,0.24900000000000003,0.619,0.06
explicit_probability__seed_000060__repr_ratio__parallel_primitives,explicit_probability__seed_000060,explicit_probability,ratio,0.947368421053,0.932,0.99,0.05858585858585852,0.36958024691358043,0.4654392835325738,0.046,0.0,0.0,0.901,0.006,0.0,0.0,0.0,0.0,0.0,0.0,0.046,0.8550000000000001,0.093
explicit_probability__seed_000061__repr_direct__parallel_primitives,explicit_probability__seed_000061,explicit_probability,direct,1.0,0.983,1.0,0.016999016999016958,0.003950617283950619,0.005032583347756458,0.0,0.0,0.0,0.009999999999999898,0.01,0.0,0.0,0.0,0.0,0.0,0.0,0.0,0.01,0.9800000000000001
explicit_probability__seed_000061__repr_distractor__parallel_primitives,explicit_probability__seed_000061,explicit_probability,distractor,1.0,0.9879999999999999,1.0,0.0119990119990121,0.0,0.0,0.0,0.0,0.0,0.0,0.0,0.0,0.0,0.0,0.0,0.0,0.0,0.0,0.0,1.0
explicit_probability__seed_000061__repr_prose__parallel_primitives,explicit_probability__seed_000061,explicit_probability,prose,1.0,0.99,1.0,0.009999009999009933,0.0,0.0,0.0,0.0,0.0,0.0,0.0,0.0,0.0,0.0,0.0,0.0,0.0,0.0,0.0,1.0
explicit_probability__seed_000061__repr_ratio__parallel_primitives,explicit_probability__seed_000061,explicit_probability,ratio,1.0,0.986,1.0,0.013999013999013932,0.002370370370370371,0.003019550008653875,0.0,0.0,0.0,0.006000000000000005,0.01,0.0,0.0,0.0,0.0,0.0,0.0,0.0,0.006,0.984
frequency__seed_000042__repr_counts__parallel_primitives,frequency__seed_000042,frequency,counts,0.8,0.788,0.969,0.18679050567595457,0.5377777777777778,0.6145749526769099,0.539,0.027999999999999997,0.02,0.918,0.01,0.01,0.01,0.018,0.01,0.01,0.03,0.461,0.369,0.072
frequency__seed_000042__repr_distractor__parallel_primitives,frequency__seed_000042,frequency,distractor,0.8,0.786,0.954,0.17610062893081757,0.5847666456158599,0.6547522745757364,0.6790371113340019,0.034102306920762285,0.02407221664994985,0.9147442326980944,0.02607823470411234,0.010030090270812437,0.010030090270812437,0.02407221664994985,0.014042126379137414,0.010030090270812437,0.05215646940822468,0.5687061183550651,0.22567703109327986,0.059177532597793375
frequency__seed_000042__repr_prose__parallel_primitives,frequency__seed_000042,frequency,prose,0.8,0.756,0.9490000000000001,0.20337197049525824,0.5714356331640283,0.6451316159959772,0.6126126126126127,0.029029029029029027,0.026026026026026026,0.928928928928929,0.016016016016016016,0.01001001001001001,0.01001001001001001,0.019019019019019017,0.01001001001001001,0.016016016016016016,0.05805805805805807,0.4994994994994995,0.3063063063063063,0.05505505505505506
frequency__seed_000042__repr_ratio__parallel_primitives,frequency__seed_000042,frequency,ratio,0.8,0.775,0.986,0.21399594320486814,0.5961481481481481,0.6712589199157056,0.6839999999999999,0.011,0.02,0.953,0.01,0.006,0.001,0.01,0.01,0.01,0.046,0.607,0.263,0.037
frequency__seed_000042__repr_scaled_counts__parallel_primitives,frequency__seed_000042,frequency,scaled_counts,0.8,0.785,0.97,0.19072164948453607,0.5219753086419754,0.6017496276029082,0.48900000000000005,0.026000000000000002,0.016,0.923,0.01,0.01,0.01,0.016,0.01,0.006,0.023,0.42400000000000004,0.42400000000000004,0.067
frequency__seed_000042__repr_table__parallel_primitives,frequency__seed_000042,frequency,table,0.8,0.783,0.976,0.19774590163934425,0.6086913580246914,0.6795457926655064,0.745,0.02,0.02,0.9359999999999999,0.01,0.002,0.01,0.01,0.01,0.01,0.052000000000000005,0.653,0.189,0.054000000000000006
frequency__seed_000046__repr_counts__parallel_primitives,frequency__seed_000046,frequency,counts,0.65,0.635,0.944,0.32733050847457623,0.7657283950617284,0.8131716890245303,0.9179999999999999,0.038,0.039,0.967,0.008,0.007000000000000001,0.01,0.027999999999999997,0.01,0.028999999999999998,0.479,0.362,0.041999999999999996,0.025
frequency__seed_000046__repr_distractor__parallel_primitives,frequency__seed_000046,frequency,distractor,0.65,0.653,0.9400000000000001,0.3053191489361702,0.7046913580246914,0.7614962079541164,0.859,0.033,0.03,0.955,0.01,0.01,0.013000000000000001,0.02,0.01,0.02,0.304,0.492,0.086,0.034999999999999996
frequency__seed_000046__repr_prose__parallel_primitives,frequency__seed_000046,frequency,prose,0.65,0.689,0.9359999999999999,0.26388888888888895,0.7054814814814815,0.7595748093478728,0.849,0.032,0.052000000000000005,0.944,0.014000000000000002,0.006,0.01,0.022,0.012,0.04,0.31,0.45499999999999996,0.089,0.041999999999999996
frequency__seed_000046__repr_ratio__parallel_primitives,frequency__seed_000046,frequency,ratio,0.65,0.672,0.97,0.30721649484536073,0.7459311163014868,0.8027269996007902,0.938938938938939,0.009009009009009009,0.019019019019019017,0.988988988988989,0.0,0.0,0.0,0.009009009009009009,0.0,0.019019019019019017,0.35235235235235235,0.5585585585585586,0.05005005005005005,0.011011011011011011
frequency__seed_000046__repr_scaled_counts__parallel_primitives,frequency__seed_000046,frequency,scaled_counts,0.65,0.633,0.944,0.32944915254237284,0.7445925925925926,0.7973194881172865,0.912,0.038,0.031,0.971,0.003,0.006,0.01,0.027999999999999997,0.01,0.020999999999999998,0.385,0.458,0.053000000000000005,0.026000000000000002
frequency__seed_000046__repr_table__parallel_primitives,frequency__seed_000046,frequency,table,0.65,0.662,0.958,0.3089770354906054,0.7269135802469135,0.7798151363711842,0.893,0.026000000000000002,0.037000000000000005,0.955,0.01,0.004,0.01,0.016,0.01,0.027000000000000003,0.359,0.471,0.05800000000000001,0.034999999999999996
frequency__seed_000050__repr_counts__parallel_primitives,frequency__seed_000050,frequency,counts,0.29,0.302,0.476,0.365546218487395,0.7373827160493828,0.7896726503603229,0.862,0.73,0.11,0.97,0.03,0.10800000000000001,0.41500000000000004,0.315,0.067,0.043,0.02,0.002,0.0,0.0
frequency__seed_000050__repr_distractor__parallel_primitives,frequency__seed_000050,frequency,distractor,0.29,0.309,0.5900000000000001,0.476271186440678,0.7425697302240513,0.7884641343749528,0.8268268268268268,0.6126126126126126,0.1791791791791792,0.94994994994995,0.044044044044044044,0.12212212212212212,0.2882882882882883,0.32432432432432434,0.10410410410410412,0.07507507507507508,0.02602602602602603,0.009009009009009009,0.001001001001001001,0.006006006006006006
frequency__seed_000050__repr_prose__parallel_primitives,frequency__seed_000050,frequency,prose,0.29,0.34500000000000003,0.507,0.3195266272189349,0.7786551984082849,0.8218379963659204,0.887887887887888,0.6726726726726727,0.20520520520520522,0.9679679679679679,0.027027027027027032,0.0800800800800801,0.31631631631631635,0.3563563563563564,0.12212212212212213,0.08308308308308308,0.010010010010010012,0.0,0.0,0.005005005005005006
frequency__seed_000050__repr_ratio__parallel_primitives,frequency__seed_000050,frequency,ratio,0.29,0.294,0.266,0.0,0.6751280338454686,0.7415238125698146,0.7995991983967936,0.7675350701402806,0.03206412825651302,0.9799599198396793,0.02004008016032064,0.18036072144288576,0.5571142284569138,0.21042084168336672,0.023046092184368736,0.009018036072144287,0.0,0.0,0.0,0.0
frequency__seed_000050__repr_scaled_counts__parallel_primitives,frequency__seed_000050,frequency,scaled_counts,0.29,0.296,0.41600000000000004,0.28846153846153855,0.7188148148148148,0.7774269942995591,0.854,0.765,0.07799999999999999,0.982,0.018,0.128,0.499,0.266,0.056999999999999995,0.020999999999999998,0.011,0.0,0.0,0.0
frequency__seed_000050__repr_table__parallel_primitives,frequency__seed_000050,frequency,table,0.29,0.311,0.5650000000000001,0.4495575221238939,0.7505185185185185,0.8009673700588079,0.867,0.724,0.128,0.975,0.025,0.10800000000000001,0.382,0.34199999999999997,0.084,0.044,0.015,0.0,0.0,0.0
frequency__seed_000054__repr_counts__parallel_primitives,frequency__seed_000054,frequency,counts,0.2,0.23000000000000004,0.337,0.3175074183976261,0.6490441058342293,0.7135426063209881,0.7197197197197197,0.6396396396396397,0.07407407407407407,0.953953953953954,0.04604604604604604,0.23423423423423423,0.45845845845845845,0.18118118118118118,0.05305305305305306,0.02102102102102102,0.006006006006006006,0.0,0.0,0.0
frequency__seed_000054__repr_distractor__parallel_primitives,frequency__seed_000054,frequency,distractor,0.2,0.23900000000000002,0.504,0.5257936507936507,0.7064842620398177,0.7583187156379282,0.7787787787787789,0.6286286286286287,0.12812812812812813,0.9459459459459459,0.05405405405405406,0.16716716716716715,0.32132132132132135,0.3073073073073074,0.08508508508508508,0.04304304304304304,0.01701701701701702,0.005005005005005005,0.0,0.0
frequency__seed_000054__repr_prose__parallel_primitives,frequency__seed_000054,frequency,prose,0.2,0.297,0.369,0.19512195121951226,0.6705965224483743,0.7233607272065287,0.7467467467467468,0.5635635635635636,0.16316316316316315,0.9159159159159159,0.07407407407407407,0.16216216216216217,0.3763763763763764,0.1871871871871872,0.08908908908908908,0.07407407407407407,0.011011011011011011,0.009009009009009009,0.007007007007007008,0.01001001001001001
frequency__seed_000054__repr_ratio__parallel_primitives,frequency__seed_000054,frequency,ratio,0.2,0.233,0.151,0.0,0.531358024691358,0.6132329715664576,0.454,0.424,0.03,0.95,0.05,0.496,0.36,0.064,0.02,0.01,0.0,0.0,0.0,0.0
frequency__seed_000054__repr_scaled_counts__parallel_primitives,frequency__seed_000054,frequency,scaled_counts,0.2,0.215,0.30300000000000005,0.2904290429042905,0.6051358024691358,0.6773425283361513,0.631,0.581,0.05,0.957,0.043,0.32599999999999996,0.453,0.128,0.038,0.012,0.0,0.0,0.0,0.0
frequency__seed_000054__repr_table__parallel_primitives,frequency__seed_000054,frequency,table,0.2,0.22800000000000004,0.55,0.5854545454545454,0.7088395061728395,0.7652149061462489,0.803,0.679,0.12,0.968,0.032,0.165,0.41500000000000004,0.264,0.087,0.033,0.004,0.0,0.0,0.0
frequency__seed_000058__repr_counts__parallel_primitives,frequency__seed_000058,frequency,counts,0.12,0.164,0.29500000000000004,0.4440677966101696,0.5785679012345679,0.6526632165994285,0.5830000000000001,0.536,0.047,0.944,0.05600000000000001,0.361,0.44000000000000006,0.096,0.034999999999999996,0.012,0.0,0.0,0.0,0.0
frequency__seed_000058__repr_distractor__parallel_primitives,frequency__seed_000058,frequency,distractor,0.12,0.151,0.48200000000000004,0.6867219917012448,0.613037037037037,0.6820229506115271,0.642,0.579,0.063,0.948,0.052000000000000005,0.306,0.429,0.15,0.043,0.02,0.0,0.0,0.0,0.0
frequency__seed_000058__repr_prose__parallel_primitives,frequency__seed_000058,frequency,prose,0.12,0.227,0.24900000000000003,0.08835341365461857,0.5825185185185185,0.6498566736333378,0.577,0.472,0.10500000000000001,0.916,0.074,0.339,0.378,0.094,0.064,0.041,0.0,0.0,0.0,0.01
frequency__seed_000058__repr_ratio__parallel_primitives,frequency__seed_000058,frequency,ratio,0.12,0.17099999999999999,0.10600000000000001,0.0,0.4718024691358024,0.5625698551055051,0.297,0.28700000000000003,0.01,0.952,0.048,0.655,0.263,0.024,0.01,0.0,0.0,0.0,0.0,0.0
frequency__seed_000058__repr_scaled_counts__parallel_primitives,frequency__seed_000058,frequency,scaled_counts,0.12,0.144,0.242,0.4049586776859504,0.5168395061728395,0.6007386935439789,0.433,0.413,0.020000000000000004,0.947,0.053000000000000005,0.514,0.37,0.043,0.014000000000000002,0.006,0.0,0.0,0.0,0.0
frequency__seed_000058__repr_table__parallel_primitives,frequency__seed_000058,frequency,table,0.12,0.166,0.533,0.6885553470919324,0.6288395061728396,0.6967368417717555,0.673,0.587,0.08600000000000001,0.956,0.044,0.28300000000000003,0.454,0.133,0.05700000000000001,0.028999999999999998,0.0,0.0,0.0,0.0
sequential_bayes__seed_000042__repr_direct__parallel_primitives,sequential_bayes__seed_000042,sequential_bayes,direct,0.7626689672812239,0.741,0.916,0.19104803493449785,0.8352592592592593,0.8746026433882963,0.981,0.03,0.07400000000000001,0.995,0.0,0.003,0.01,0.02,0.024,0.05,0.636,0.24100000000000002,0.011,0.005
sequential_bayes__seed_000042__repr_prose__parallel_primitives,sequential_bayes__seed_000042,sequential_bayes,prose,0.7626689672812239,0.766,0.978,0.21676891615541916,0.5992098765432099,0.6666917127853644,0.713,0.018000000000000002,0.024,0.913,0.016,0.009,0.008,0.01,0.01,0.014000000000000002,0.092,0.579,0.191,0.071
sequential_bayes__seed_000042__repr_table__parallel_primitives,sequential_bayes__seed_000042,sequential_bayes,table,0.7626689672812239,0.735,0.9349999999999999,0.213903743315508,0.8271975679383089,0.8692422885835345,0.9849849849849851,0.02802802802802803,0.06706706706706707,0.998998998998999,0.0,0.0,0.00900900900900901,0.01901901901901902,0.024024024024024027,0.043043043043043044,0.5925925925925927,0.2972972972972973,0.014014014014014017,0.0010010010010010012
sequential_bayes__seed_000043__repr_direct__parallel_primitives,sequential_bayes__seed_000043,sequential_bayes,direct,0.077757405790055,0.24100000000000002,0.292,0.17465753424657526,0.5429135802469136,0.6073145844236122,0.46099999999999997,0.274,0.104,0.874,0.10800000000000001,0.392,0.16899999999999998,0.10500000000000001,0.061,0.043,0.048,0.034999999999999996,0.020999999999999998,0.018
sequential_bayes__seed_000043__repr_prose__parallel_primitives,sequential_bayes__seed_000043,sequential_bayes,prose,0.077757405790055,0.178,0.33199999999999996,0.463855421686747,0.46844444444444444,0.5447645502232609,0.34299999999999997,0.27899999999999997,0.05,0.868,0.122,0.515,0.238,0.041,0.032,0.018,0.005,0.009,0.01,0.01
sequential_bayes__seed_000043__repr_table__parallel_primitives,sequential_bayes__seed_000043,sequential_bayes,table,0.077757405790055,0.251,0.29700000000000004,0.15488215488215495,0.5418271604938272,0.6085499208400835,0.46399999999999997,0.265,0.094,0.884,0.095,0.388,0.178,0.087,0.049,0.045,0.051000000000000004,0.054000000000000006,0.032,0.020999999999999998
sequential_bayes__seed_000044__repr_direct__parallel_primitives,sequential_bayes__seed_000044,sequential_bayes,direct,0.11267528685894272,0.24700000000000003,0.23700000000000002,0.0,0.5369876543209876,0.604342805723039,0.497,0.389,0.06,0.876,0.11400000000000002,0.369,0.286,0.10300000000000001,0.039,0.020999999999999998,0.027999999999999997,0.02,0.01,0.01
sequential_bayes__seed_000044__repr_prose__parallel_primitives,sequential_bayes__seed_000044,sequential_bayes,prose,0.11267528685894272,0.207,0.317,0.34700315457413256,0.49580246913580245,0.5634571592495777,0.42700000000000005,0.334,0.069,0.842,0.143,0.40499999999999997,0.262,0.07200000000000001,0.051000000000000004,0.018,0.01,0.014000000000000002,0.01,0.015
sequential_bayes__seed_000044__repr_table__parallel_primitives,sequential_bayes__seed_000044,sequential_bayes,table,0.11267528685894272,0.268,0.236,0.0,0.5662222222222222,0.6320640424258148,0.5399999999999999,0.409,0.077,0.895,0.095,0.344,0.29,0.119,0.048,0.028999999999999998,0.032,0.022,0.011,0.01
sequential_bayes__seed_000045__repr_direct__parallel_primitives,sequential_bayes__seed_000045,sequential_bayes,direct,0.3509406267523842,0.332,0.6,0.44666666666666666,0.8907691927064005,0.9154373764353984,0.9699398797595191,0.5771543086172346,0.34569138276553113,0.9899799599198397,0.010020040080160322,0.020040080160320644,0.06613226452905813,0.5110220440881764,0.2545090180360722,0.09118236472945893,0.045090180360721446,0.0020040080160320644,0.0,0.0
sequential_bayes__seed_000045__repr_prose__parallel_primitives,sequential_bayes__seed_000045,sequential_bayes,prose,0.3509406267523842,0.383,0.8390000000000001,0.5435041716328963,0.8706172839506173,0.8915157648427804,0.931,0.343,0.488,0.957,0.023,0.017,0.066,0.277,0.238,0.25,0.088,0.012,0.009,0.02
sequential_bayes__seed_000045__repr_table__parallel_primitives,sequential_bayes__seed_000045,sequential_bayes,table,0.3509406267523842,0.346,0.623,0.4446227929373997,0.8924480035591147,0.9158795886615859,0.9669669669669669,0.47347347347347346,0.39139139139139134,0.986986986986987,0.01001001001001001,0.02002002002002002,0.06206206206206206,0.4114114114114114,0.24924924924924924,0.14214214214214213,0.09509509509509509,0.007007007007007007,0.0,0.0030030030030030025
sequential_bayes__seed_000046__repr_direct__parallel_primitives,sequential_bayes__seed_000046,sequential_bayes,direct,0.2207423923319519,0.22400000000000003,0.277,0.1913357400722021,0.8011851851851853,0.8397945219010438,0.896,0.6910000000000001,0.17400000000000002,0.968,0.025,0.065,0.197,0.49400000000000005,0.14200000000000002,0.032,0.020999999999999998,0.01,0.007000000000000001,0.007000000000000001
sequential_bayes__seed_000046__repr_prose__parallel_primitives,sequential_bayes__seed_000046,sequential_bayes,prose,0.2207423923319519,0.266,0.678,0.6076696165191741,0.8265679012345679,0.8562540936861266,0.899,0.546,0.338,0.954,0.036,0.052000000000000005,0.136,0.41,0.23500000000000001,0.10300000000000001,0.011,0.004,0.003,0.01
sequential_bayes__seed_000046__repr_table__parallel_primitives,sequential_bayes__seed_000046,sequential_bayes,table,0.2207423923319519,0.252,0.32599999999999996,0.22699386503067476,0.8081975308641975,0.8447066271639697,0.883,0.627,0.21400000000000002,0.968,0.022,0.075,0.148,0.479,0.159,0.05500000000000001,0.031,0.011,0.01,0.01
sequential_bayes__seed_000047__repr_direct__parallel_primitives,sequential_bayes__seed_000047,sequential_bayes,direct,0.7887928911656144,0.475,0.664,0.28463855421686757,0.6013915149717619,0.6616895152979066,0.6476476476476476,0.27427427427427425,0.08208208208208209,0.8898898898898898,0.08108108108108109,0.18118118118118118,0.18518518518518517,0.08908908908908908,0.04004004004004004,0.042042042042042045,0.08108108108108109,0.21021021021021022,0.06106106106106106,0.029029029029029027
sequential_bayes__seed_000047__repr_prose__parallel_primitives,sequential_bayes__seed_000047,sequential_bayes,prose,0.7887928911656144,0.758,0.9650000000000001,0.21450777202072546,0.648395061728395,0.7144260990209061,0.799,0.02,0.03,0.948,0.011,0.009,0.01,0.01,0.011,0.019,0.133,0.616,0.13999999999999999,0.041
sequential_bayes__seed_000047__repr_table__parallel_primitives,sequential_bayes__seed_000047,sequential_bayes,table,0.7887928911656144,0.46299999999999997,0.631,0.26624405705229803,0.6232098765432099,0.682756574795242,0.675,0.247,0.10700000000000001,0.907,0.059,0.154,0.16,0.087,0.051000000000000004,0.05600000000000001,0.081,0.24,0.078,0.033999999999999996
sequential_bayes__seed_000048__repr_direct__parallel_primitives,sequential_bayes__seed_000048,sequential_bayes,direct,0.9751627237748509,0.925,0.977,0.05322415557830085,0.44306172839506186,0.5339100920821199,0.22000000000000003,0.019000000000000003,0.020000000000000004,0.9319999999999999,0.010000000000000002,0.010000000000000002,0.010000000000000002,0.009000000000000001,0.010000000000000002,0.010000000000000002,0.010000000000000002,0.171,0.7020000000000001,0.058
sequential_bayes__seed_000048__repr_prose__parallel_primitives,sequential_bayes__seed_000048,sequential_bayes,prose,0.9751627237748509,0.9349999999999999,0.9879999999999999,0.053643724696356254,0.41560493827160505,0.5102413281697183,0.131,0.016,0.017,0.9339999999999999,0.01,0.009,0.006,0.01,0.01,0.007000000000000001,0.004,0.094,0.794,0.05600000000000001
sequential_bayes__seed_000048__repr_table__parallel_primitives,sequential_bayes__seed_000048,sequential_bayes,table,0.9751627237748509,0.929,0.9800000000000001,0.05204081632653068,0.442567901234568,0.5332999789031571,0.21899999999999997,0.02,0.02,0.9309999999999999,0.01,0.01,0.01,0.01,0.01,0.01,0.01,0.16899999999999998,0.702,0.05900000000000001
sequential_bayes__seed_000049__repr_direct__parallel_primitives,sequential_bayes__seed_000049,sequential_bayes,direct,0.8003900273948994,0.755,0.93,0.18817204301075274,0.7729382716049383,0.8241555646786327,0.951,0.031,0.065,0.99,0.0,0.004,0.01,0.020999999999999998,0.03,0.034999999999999996,0.388,0.46699999999999997,0.034999999999999996,0.01
sequential_bayes__seed_000049__repr_prose__parallel_primitives,sequential_bayes__seed_000049,sequential_bayes,prose,0.8003900273948994,0.791,0.977,0.19037871033776865,0.532641975308642,0.6128032033444551,0.503,0.017000000000000005,0.022000000000000006,0.9349999999999999,0.012000000000000002,0.009000000000000001,0.007000000000000002,0.010000000000000002,0.012000000000000002,0.010000000000000002,0.029,0.435,0.423,0.05300000000000001
sequential_bayes__seed_000049__repr_table__parallel_primitives,sequential_bayes__seed_000049,sequential_bayes,table,0.8003900273948994,0.75,0.9469999999999998,0.20802534318901778,0.7504197530864197,0.8060441061004804,0.932,0.032,0.06,0.99,0.0,0.003,0.01,0.022,0.031,0.028999999999999998,0.309,0.531,0.05500000000000001,0.01
sequential_bayes__seed_000050__repr_direct__parallel_primitives,sequential_bayes__seed_000050,sequential_bayes,direct,0.02762280113741506,0.11099999999999999,0.06,0.0,0.3227919277301993,0.40050637002787876,0.08208208208208208,0.08108108108108107,0.001001001001001001,0.7497497497497497,0.2502502502502503,0.6676676676676677,0.07107107107107107,0.01001001001001001,0.001001001001001001,0.0,0.0,0.0,0.0,0.0
sequential_bayes__seed_000050__repr_prose__parallel_primitives,sequential_bayes__seed_000050,sequential_bayes,prose,0.02762280113741506,0.092,0.16699999999999998,0.4491017964071856,0.3763763763763764,0.45925923833873006,0.13613613613613618,0.11511511511511514,0.021021021021021026,0.8288288288288288,0.1611611611611612,0.6926926926926927,0.10310310310310312,0.012012012012012014,0.011011011011011013,0.010010010010010012,0.0,0.0,0.0,0.010010010010010012
sequential_bayes__seed_000050__repr_table__parallel_primitives,sequential_bayes__seed_000050,sequential_bayes,table,0.02762280113741506,0.11200000000000002,0.083,0.0,0.3440444791163613,0.42221930349612763,0.11434302908726178,0.10431293881644935,0.009027081243731194,0.7713139418254764,0.2286860581745236,0.6569709127382146,0.09027081243731193,0.014042126379137413,0.00802407221664995,0.0010030090270812437,0.0,0.0010030090270812437,0.0,0.0
sequential_bayes__seed_000051__repr_direct__parallel_primitives,sequential_bayes__seed_000051,sequential_bayes,direct,0.07608014616604873,0.144,0.121,0.0,0.41560493827160494,0.4787681427558309,0.293,0.20600000000000002,0.067,0.749,0.24100000000000002,0.446,0.15,0.05600000000000001,0.049,0.018,0.01,0.01,0.01,0.01
sequential_bayes__seed_000051__repr_prose__parallel_primitives,sequential_bayes__seed_000051,sequential_bayes,prose,0.07608014616604873,0.156,0.516,0.6976744186046512,0.6083950617283951,0.6666951032472359,0.611,0.42700000000000005,0.167,0.895,0.093,0.274,0.314,0.11300000000000002,0.10800000000000001,0.059,0.01,0.007000000000000001,0.01,0.012
sequential_bayes__seed_000051__repr_table__parallel_primitives,sequential_bayes__seed_000051,sequential_bayes,table,0.07608014616604873,0.16799999999999998,0.139,0.0,0.4613008069798193,0.5281588970202091,0.33933933933933935,0.2302302302302302,0.0870870870870871,0.8128128128128128,0.17717717717717718,0.46346346346346345,0.17117117117117114,0.05905905905905907,0.06606606606606608,0.02102102102102102,0.011011011011011011,0.011011011011011011,0.01001001001001001,0.01001001001001001
sequential_bayes__seed_000052__repr_direct__parallel_primitives,sequential_bayes__seed_000052,sequential_bayes,direct,0.15389933510803008,0.298,0.281,0.0,0.6280848749984553,0.6890554204309487,0.6296296296296297,0.4314314314314315,0.11611611611611612,0.926926926926927,0.06106106106106106,0.2812812812812813,0.2772772772772773,0.15415415415415415,0.06806806806806807,0.04804804804804805,0.05305305305305306,0.029029029029029027,0.01601601601601602,0.012012012012012012
sequential_bayes__seed_000052__repr_prose__parallel_primitives,sequential_bayes__seed_000052,sequential_bayes,prose,0.15389933510803008,0.211,0.481,0.5613305613305613,0.6331851851851852,0.6940461247873874,0.681,0.5609999999999999,0.10400000000000001,0.924,0.065,0.236,0.387,0.174,0.081,0.023,0.006,0.01,0.007000000000000001,0.011
sequential_bayes__seed_000052__repr_table__parallel_primitives,sequential_bayes__seed_000052,sequential_bayes,table,0.15389933510803008,0.268,0.225,0.0,0.5940740740740741,0.6581530128363576,0.5650000000000001,0.38,0.098,0.914,0.072,0.32799999999999996,0.24700000000000003,0.133,0.05500000000000001,0.043,0.052000000000000005,0.034999999999999996,0.020999999999999998,0.014000000000000002
sequential_bayes__seed_000053__repr_direct__parallel_primitives,sequential_bayes__seed_000053,sequential_bayes,direct,0.02247158859218456,0.089,0.039,0.0,0.3470190458465165,0.42530441191542134,0.11055276381909548,0.0984924623115578,0.012060301507537688,0.7758793969849246,0.21909547738693472,0.6653266331658292,0.07738693467336684,0.021105527638190954,0.010050251256281407,0.0020100502512562816,0.0,0.0,0.0,0.005025125628140704
sequential_bayes__seed_000053__repr_prose__parallel_primitives,sequential_bayes__seed_000053,sequential_bayes,prose,0.02247158859218456,0.099,0.23399999999999999,0.5769230769230769,0.4609713253667829,0.5448914856060294,0.281563126252505,0.23647294589178358,0.04509018036072144,0.9078156312625251,0.08316633266533066,0.62625250501002,0.20841683366733468,0.028056112224448895,0.033066132264529056,0.012024048096192385,0.0,0.0,0.0,0.009018036072144287
sequential_bayes__seed_000053__repr_table__parallel_primitives,sequential_bayes__seed_000053,sequential_bayes,table,0.02247158859218456,0.089,0.045,0.0,0.3959515070626181,0.4815788601869603,0.15515515515515516,0.14014014014014015,0.012012012012012012,0.8618618618618619,0.13813813813813816,0.7067067067067067,0.11211211211211213,0.028028028028028024,0.01001001001001001,0.002002002002002002,0.002002002002002002,0.001001001001001001,0.0,0.0
sequential_bayes__seed_000054__repr_direct__parallel_primitives,sequential_bayes__seed_000054,sequential_bayes,direct,0.6251234123859295,0.429,0.557,0.22980251346499114,0.6411851851851852,0.698214246906026,0.6890000000000001,0.44000000000000006,0.097,0.9119999999999999,0.07,0.198,0.279,0.161,0.053000000000000005,0.044,0.082,0.06999999999999999,0.025,0.018
sequential_bayes__seed_000054__repr_prose__parallel_primitives,sequential_bayes__seed_000054,sequential_bayes,prose,0.6251234123859295,0.668,0.953,0.29905561385099677,0.7525925925925926,0.7983935980847918,0.876,0.022,0.076,0.951,0.011,0.01,0.01,0.012,0.012,0.064,0.46799999999999997,0.31,0.065,0.038
sequential_bayes__seed_000054__repr_table__parallel_primitives,sequential_bayes__seed_000054,sequential_bayes,table,0.6251234123859295,0.48,0.622,0.22829581993569137,0.657679012345679,0.7114095171243994,0.708,0.34199999999999997,0.10700000000000001,0.9109999999999999,0.068,0.162,0.186,0.156,0.054000000000000006,0.053000000000000005,0.129,0.13,0.041,0.020999999999999998
sequential_bayes__seed_000055__repr_direct__parallel_primitives,sequential_bayes__seed_000055,sequential_bayes,direct,0.9948143100686025,0.923,0.976,0.05430327868852458,0.4257777777777779,0.5148808183774316,0.19099999999999998,0.02,0.02,0.908,0.015,0.01,0.01,0.01,0.01,0.01,0.013000000000000001,0.13799999999999998,0.7070000000000001,0.077
sequential_bayes__seed_000055__repr_prose__parallel_primitives,sequential_bayes__seed_000055,sequential_bayes,prose,0.9948143100686025,0.944,0.99,0.04646464646464654,0.3977310643977312,0.49128812153504225,0.0950950950950951,0.013013013013013015,0.022022022022022025,0.9139139139139139,0.010010010010010012,0.009009009009009009,0.004004004004004005,0.009009009009009009,0.013013013013013016,0.009009009009009009,0.0010010010010010012,0.05905905905905906,0.8098098098098099,0.07607607607607608
sequential_bayes__seed_000055__repr_table__parallel_primitives,sequential_bayes__seed_000055,sequential_bayes,table,0.9948143100686025,0.944,0.9810000000000001,0.03771661569826723,0.41688888888888903,0.5090697058350826,0.15000000000000002,0.017,0.019,0.9199999999999999,0.011,0.01,0.01,0.007000000000000001,0.01,0.009,0.01,0.10400000000000001,0.76,0.069
sequential_bayes__seed_000056__repr_direct__parallel_primitives,sequential_bayes__seed_000056,sequential_bayes,direct,0.6769462255144328,0.668,0.898,0.2561247216035635,0.8837530864197531,0.9134623067669635,0.993,0.027000000000000003,0.14500000000000002,1.0,0.0,0.0,0.007000000000000001,0.02,0.037,0.10800000000000001,0.747,0.074,0.007000000000000001,0.0
sequential_bayes__seed_000056__repr_prose__parallel_primitives,sequential_bayes__seed_000056,sequential_bayes,prose,0.6769462255144328,0.681,0.9629999999999999,0.2928348909657319,0.7358024691358025,0.7871563614510525,0.895,0.011,0.047,0.957,0.01,0.004,0.001,0.01,0.01,0.037,0.388,0.449,0.057999999999999996,0.033
sequential_bayes__seed_000056__repr_table__parallel_primitives,sequential_bayes__seed_000056,sequential_bayes,table,0.6769462255144328,0.656,0.931,0.29538131041890436,0.8799012345679013,0.9104789508407855,0.991,0.025,0.126,1.0,0.0,0.0,0.005,0.02,0.037,0.089,0.759,0.081,0.009,0.0
sequential_bayes__seed_000057__repr_direct__parallel_primitives,sequential_bayes__seed_000057,sequential_bayes,direct,0.6583011485114412,0.658,0.882,0.25396825396825395,0.8596543209876544,0.8909799427125654,0.9720000000000001,0.051000000000000004,0.13,0.984,0.007000000000000001,0.002,0.01,0.041,0.045,0.08499999999999999,0.6900000000000001,0.101,0.01,0.009
sequential_bayes__seed_000057__repr_prose__parallel_primitives,sequential_bayes__seed_000057,sequential_bayes,prose,0.6583011485114412,0.67,0.967,0.3071354705274043,0.7476543209876544,0.7962671271686865,0.905,0.011,0.057,0.955,0.01,0.002,0.001,0.01,0.01,0.047,0.422,0.41500000000000004,0.048,0.034999999999999996
sequential_bayes__seed_000057__repr_table__parallel_primitives,sequential_bayes__seed_000057,sequential_bayes,table,0.6583011485114412,0.64,0.898,0.2873051224944321,0.8790024592493729,0.9094067899565105,0.988988988988989,0.05005005005005006,0.15315315315315317,0.998998998998999,0.0,0.0,0.010010010010010012,0.04004004004004005,0.054054054054054064,0.09909909909909911,0.6986986986986987,0.0870870870870871,0.010010010010010012,0.0010010010010010012
sequential_bayes__seed_000058__repr_direct__parallel_primitives,sequential_bayes__seed_000058,sequential_bayes,direct,0.008611190063057283,0.094,0.066,0.0,0.31407407407407406,0.3853866665333584,0.097,0.075,0.009000000000000001,0.705,0.28900000000000003,0.606,0.06,0.015,0.008,0.001,0.006,0.007000000000000001,0.002,0.006
sequential_bayes__seed_000058__repr_prose__parallel_primitives,sequential_bayes__seed_000058,sequential_bayes,prose,0.008611190063057283,0.08499999999999999,0.122,0.30327868852459017,0.3566419753086419,0.4392329807240846,0.097,0.078,0.018000000000000002,0.8109999999999999,0.179,0.711,0.067,0.011,0.01,0.008,0.0,0.001,0.003,0.01
sequential_bayes__seed_000058__repr_table__parallel_primitives,sequential_bayes__seed_000058,sequential_bayes,table,0.008611190063057283,0.088,0.043,0.0,0.3223964705446187,0.3964210994899435,0.0940940940940941,0.07907907907907907,0.009009009009009009,0.7287287287287287,0.2682682682682683,0.6346346346346347,0.06006006006006006,0.019019019019019017,0.009009009009009009,0.0,0.001001001001001001,0.005005005005005005,0.0,0.003003003003003003
sequential_bayes__seed_000059__repr_direct__parallel_primitives,sequential_bayes__seed_000059,sequential_bayes,direct,0.03849325907238422,0.11699999999999999,0.062,0.0,0.3816161840853199,0.46270030448048954,0.15915915915915918,0.14414414414414417,0.013013013013013013,0.8218218218218218,0.17717717717717718,0.6626626626626627,0.11611611611611614,0.028028028028028024,0.011011011011011011,0.002002002002002002,0.002002002002002002,0.0,0.0,0.001001001001001001
sequential_bayes__seed_000059__repr_prose__parallel_primitives,sequential_bayes__seed_000059,sequential_bayes,prose,0.03849325907238422,0.11299999999999999,0.195,0.4205128205128206,0.4591604938271605,0.5434609930041043,0.28500000000000003,0.24900000000000003,0.036000000000000004,0.907,0.08399999999999999,0.622,0.22000000000000003,0.028999999999999998,0.026000000000000002,0.01,0.0,0.0,0.0,0.009
sequential_bayes__seed_000059__repr_table__parallel_primitives,sequential_bayes__seed_000059,sequential_bayes,table,0.03849325907238422,0.118,0.046,0.0,0.39048649186279266,0.474512485513651,0.1651560926485398,0.15508559919436055,0.010070493454179257,0.8459214501510574,0.15407854984894262,0.6807653575025177,0.1329305135951662,0.022155085599194362,0.010070493454179257,0.0,0.0,0.0,0.0,0.0
sequential_bayes__seed_000060__repr_direct__parallel_primitives,sequential_bayes__seed_000060,sequential_bayes,direct,0.10343497142093172,0.179,0.21400000000000002,0.16355140186915895,0.5203950617283951,0.578931970745958,0.45,0.28600000000000003,0.139,0.821,0.16899999999999998,0.366,0.193,0.093,0.087,0.052000000000000005,0.016,0.009,0.005,0.01
sequential_bayes__seed_000060__repr_prose__parallel_primitives,sequential_bayes__seed_000060,sequential_bayes,prose,0.10343497142093172,0.184,0.42699999999999994,0.5690866510538641,0.6804938271604938,0.7314593484412432,0.735,0.496,0.225,0.921,0.069,0.181,0.343,0.153,0.138,0.087,0.01,0.004,0.005,0.01
sequential_bayes__seed_000060__repr_table__parallel_primitives,sequential_bayes__seed_000060,sequential_bayes,table,0.10343497142093172,0.183,0.307,0.4039087947882736,0.611358024691358,0.6652096795580981,0.5750000000000001,0.317,0.21100000000000002,0.882,0.10800000000000001,0.296,0.197,0.12,0.097,0.11400000000000002,0.032,0.015,0.011,0.01
sequential_bayes__seed_000061__repr_direct__parallel_primitives,sequential_bayes__seed_000061,sequential_bayes,direct,0.6542643257081491,0.665,0.932,0.28648068669527893,0.8313498683869055,0.8678939988670664,0.961961961961962,0.02502502502502503,0.06606606606606608,0.978978978978979,0.010010010010010012,0.005005005005005006,0.009009009009009009,0.01601601601601602,0.01901901901901902,0.047047047047047055,0.6926926926926927,0.1781781781781782,0.012012012012012014,0.011011011011011011
sequential_bayes__seed_000061__repr_prose__parallel_primitives,sequential_bayes__seed_000061,sequential_bayes,prose,0.6542643257081491,0.677,0.9640000000000001,0.2977178423236515,0.7314567901234568,0.7779781230885636,0.865,0.011,0.051000000000000004,0.9319999999999999,0.01,0.002,0.001,0.01,0.01,0.041,0.45499999999999996,0.348,0.065,0.05800000000000001
sequential_bayes__seed_000061__repr_table__parallel_primitives,sequential_bayes__seed_000061,sequential_bayes,table,0.6542643257081491,0.665,0.952,0.30147058823529405,0.8370370370370371,0.8738599512279055,0.9730000000000001,0.020999999999999998,0.06,0.985,0.005,0.0,0.002,0.019,0.02,0.04,0.6990000000000001,0.193,0.012,0.01
