model,model_version,instance_id,latent_instance_id,family,difficulty,representation,probability_band,generator_metadata,gold_distribution,predicted_distribution,metrics,predicted_argmax,gold_argmax,argmax_correct,latency_ms,repeat_index,repeat_aggregation,n_repeats,prediction_std,error,raw_response,api_metadata
semif_qwen35_4b,Qwen/Qwen3.5-4B@851bf6e806efd8d0a36b00ddf55e13ccb7b8cd0a,bayes__seed_000042__repr_counts,bayes__seed_000042,bayes,5,counts,"[0.01,0.10]","{'parameters': {'likelihood_event': {'H': 0.439104, 'not_H': 0.774864}, 'observed_event': True, 'priors': {'H': 0.07458, 'not_H': 0.92542}}}","{'H': 0.04367480789658851, 'not_H': 0.9563251921034115}","{'H': 0.5312093733737563, 'not_H': 0.46879062662624377}","{'tv': 0.4875345654771678, 'mae_binary': 0.4875345654771678, 'rmse_binary': 0.4875345654771678, 'brier_regret': 0.47537990507002154, 'kl': 0.5726877001888789}",H,not_H,False,115.5375512316823,mean,mean,1,"{'std_H': 0.0, 'std_not_H': 0.0}",,{},"{'repeat_aggregation': 'mean', 'n_repeats': 1}"
semif_qwen35_4b,Qwen/Qwen3.5-4B@851bf6e806efd8d0a36b00ddf55e13ccb7b8cd0a,bayes__seed_000042__repr_direct,bayes__seed_000042,bayes,5,direct,"[0.01,0.10]","{'parameters': {'likelihood_event': {'H': 0.439104, 'not_H': 0.774864}, 'observed_event': True, 'priors': {'H': 0.07458, 'not_H': 0.92542}}}","{'H': 0.04367480789658851, 'not_H': 0.9563251921034115}","{'H': 0.7981867777396212, 'not_H': 0.20181322226037882}","{'tv': 0.7545119698430327, 'mae_binary': 0.7545119698430327, 'rmse_binary': 0.7545119698430327, 'brier_regret': 1.1385766252728269, 'kl': 1.3609078066026226}",H,not_H,False,117.83974291756749,mean,mean,1,"{'std_H': 0.0, 'std_not_H': 0.0}",,{},"{'repeat_aggregation': 'mean', 'n_repeats': 1}"
semif_qwen35_4b,Qwen/Qwen3.5-4B@851bf6e806efd8d0a36b00ddf55e13ccb7b8cd0a,bayes__seed_000042__repr_distractor,bayes__seed_000042,bayes,5,distractor,"[0.01,0.10]","{'parameters': {'likelihood_event': {'H': 0.439104, 'not_H': 0.774864}, 'observed_event': True, 'priors': {'H': 0.07458, 'not_H': 0.92542}}}","{'H': 0.04367480789658851, 'not_H': 0.9563251921034115}","{'H': 0.7981867777396212, 'not_H': 0.20181322226037882}","{'tv': 0.7545119698430327, 'mae_binary': 0.7545119698430327, 'rmse_binary': 0.7545119698430327, 'brier_regret': 1.1385766252728269, 'kl': 1.3609078066026226}",H,not_H,False,130.33653888851404,mean,mean,1,"{'std_H': 0.0, 'std_not_H': 0.0}",,{},"{'repeat_aggregation': 'mean', 'n_repeats': 1}"
semif_qwen35_4b,Qwen/Qwen3.5-4B@851bf6e806efd8d0a36b00ddf55e13ccb7b8cd0a,bayes__seed_000042__repr_prose,bayes__seed_000042,bayes,5,prose,"[0.01,0.10]","{'parameters': {'likelihood_event': {'H': 0.439104, 'not_H': 0.774864}, 'observed_event': True, 'priors': {'H': 0.07458, 'not_H': 0.92542}}}","{'H': 0.04367480789658851, 'not_H': 0.9563251921034115}","{'H': 0.8933094060543487, 'not_H': 0.10669059394565118}","{'tv': 0.8496345981577602, 'mae_binary': 0.8496345981577602, 'rmse_binary': 0.8496345981577602, 'brier_regret': 1.4437579007733976, 'kl': 1.965561327850102}",H,not_H,False,129.34553110972047,mean,mean,1,"{'std_H': 0.0, 'std_not_H': 0.0}",,{},"{'repeat_aggregation': 'mean', 'n_repeats': 1}"
semif_qwen35_4b,Qwen/Qwen3.5-4B@851bf6e806efd8d0a36b00ddf55e13ccb7b8cd0a,bayes__seed_000042__repr_table,bayes__seed_000042,bayes,5,table,"[0.01,0.10]","{'parameters': {'likelihood_event': {'H': 0.439104, 'not_H': 0.774864}, 'observed_event': True, 'priors': {'H': 0.07458, 'not_H': 0.92542}}}","{'H': 0.04367480789658851, 'not_H': 0.9563251921034115}","{'H': 0.7057850278370112, 'not_H': 0.29421497216298875}","{'tv': 0.6621102199404227, 'mae_binary': 0.6621102199404227, 'rmse_binary': 0.6621102199404227, 'brier_regret': 0.87677988669911, 'kl': 1.0057771399543243}",H,not_H,False,134.08465078100562,mean,mean,1,"{'std_H': 0.0, 'std_not_H': 0.0}",,{},"{'repeat_aggregation': 'mean', 'n_repeats': 1}"
semif_qwen35_4b,Qwen/Qwen3.5-4B@851bf6e806efd8d0a36b00ddf55e13ccb7b8cd0a,bayes__seed_000045__repr_counts,bayes__seed_000045,bayes,5,counts,"(0.70,0.90]","{'parameters': {'likelihood_event': {'H': 0.780272, 'not_H': 0.101396}, 'observed_event': True, 'priors': {'H': 0.480479, 'not_H': 0.519521}}}","{'H': 0.8768016590833436, 'not_H': 0.12319834091665638}","{'H': 0.9525741268224334, 'not_H': 0.04742587317756679}","{'tv': 0.07577246773908966, 'mae_binary': 0.07577246773908974, 'rmse_binary': 0.07577246773908974, 'brier_regret': 0.011482933734542768, 'kl': 0.0449329800695098}",H,H,True,113.08784084394574,mean,mean,1,"{'std_H': 0.0, 'std_not_H': 0.0}",,{},"{'repeat_aggregation': 'mean', 'n_repeats': 1}"
semif_qwen35_4b,Qwen/Qwen3.5-4B@851bf6e806efd8d0a36b00ddf55e13ccb7b8cd0a,bayes__seed_000045__repr_direct,bayes__seed_000045,bayes,5,direct,"(0.70,0.90]","{'parameters': {'likelihood_event': {'H': 0.780272, 'not_H': 0.101396}, 'observed_event': True, 'priors': {'H': 0.480479, 'not_H': 0.519521}}}","{'H': 0.8768016590833436, 'not_H': 0.12319834091665638}","{'H': 0.9241418199787566, 'not_H': 0.07585818002124356}","{'tv': 0.047340160895412875, 'mae_binary': 0.04734016089541293, 'rmse_binary': 0.04734016089541293, 'brier_regret': 0.004482181667207157, 'kl': 0.013636192329989201}",H,H,True,116.68111942708492,mean,mean,1,"{'std_H': 0.0, 'std_not_H': 0.0}",,{},"{'repeat_aggregation': 'mean', 'n_repeats': 1}"
semif_qwen35_4b,Qwen/Qwen3.5-4B@851bf6e806efd8d0a36b00ddf55e13ccb7b8cd0a,bayes__seed_000045__repr_distractor,bayes__seed_000045,bayes,5,distractor,"(0.70,0.90]","{'parameters': {'likelihood_event': {'H': 0.780272, 'not_H': 0.101396}, 'observed_event': True, 'priors': {'H': 0.480479, 'not_H': 0.519521}}}","{'H': 0.8768016590833436, 'not_H': 0.12319834091665638}","{'H': 0.9579122720843811, 'not_H': 0.04208772791561884}","{'tv': 0.08111061300103752, 'mae_binary': 0.0811106130010375, 'rmse_binary': 0.0811106130010375, 'brier_regret': 0.013157863082808152, 'kl': 0.05474450033943777}",H,H,True,129.6919477172196,mean,mean,1,"{'std_H': 0.0, 'std_not_H': 0.0}",,{},"{'repeat_aggregation': 'mean', 'n_repeats': 1}"
semif_qwen35_4b,Qwen/Qwen3.5-4B@851bf6e806efd8d0a36b00ddf55e13ccb7b8cd0a,bayes__seed_000045__repr_prose,bayes__seed_000045,bayes,5,prose,"(0.70,0.90]","{'parameters': {'likelihood_event': {'H': 0.780272, 'not_H': 0.101396}, 'observed_event': True, 'priors': {'H': 0.480479, 'not_H': 0.519521}}}","{'H': 0.8768016590833436, 'not_H': 0.12319834091665638}","{'H': 0.9525741268224334, 'not_H': 0.04742587317756679}","{'tv': 0.07577246773908966, 'mae_binary': 0.07577246773908974, 'rmse_binary': 0.07577246773908974, 'brier_regret': 0.011482933734542768, 'kl': 0.0449329800695098}",H,H,True,128.72265093028545,mean,mean,1,"{'std_H': 0.0, 'std_not_H': 0.0}",,{},"{'repeat_aggregation': 'mean', 'n_repeats': 1}"
semif_qwen35_4b,Qwen/Qwen3.5-4B@851bf6e806efd8d0a36b00ddf55e13ccb7b8cd0a,bayes__seed_000045__repr_table,bayes__seed_000045,bayes,5,table,"(0.70,0.90]","{'parameters': {'likelihood_event': {'H': 0.780272, 'not_H': 0.101396}, 'observed_event': True, 'priors': {'H': 0.480479, 'not_H': 0.519521}}}","{'H': 0.8768016590833436, 'not_H': 0.12319834091665638}","{'H': 0.9046505351008906, 'not_H': 0.0953494648991095}","{'tv': 0.027848876017546903, 'mae_binary': 0.02784887601754693, 'rmse_binary': 0.02784887601754693, 'brier_regret': 0.0015511197908813982, 'kl': 0.00415343172502269}",H,H,True,134.38290590420365,mean,mean,1,"{'std_H': 0.0, 'std_not_H': 0.0}",,{},"{'repeat_aggregation': 'mean', 'n_repeats': 1}"
semif_qwen35_4b,Qwen/Qwen3.5-4B@851bf6e806efd8d0a36b00ddf55e13ccb7b8cd0a,bayes__seed_000048__repr_counts,bayes__seed_000048,bayes,5,counts,"(0.70,0.90]","{'parameters': {'likelihood_event': {'H': 0.23861, 'not_H': 0.681894}, 'observed_event': True, 'priors': {'H': 0.933733, 'not_H': 0.06626699999999996}}}","{'H': 0.8313821568498233, 'not_H': 0.1686178431501767}","{'H': 0.9525741268224334, 'not_H': 0.04742587317756679}","{'tv': 0.12119196997260998, 'mae_binary': 0.12119196997261006, 'rmse_binary': 0.12119196997261006, 'brier_regret': 0.029374987171684, 'kl': 0.10075303774850006}",H,H,True,115.61396671459079,mean,mean,1,"{'std_H': 0.0, 'std_not_H': 0.0}",,{},"{'repeat_aggregation': 'mean', 'n_repeats': 1}"
semif_qwen35_4b,Qwen/Qwen3.5-4B@851bf6e806efd8d0a36b00ddf55e13ccb7b8cd0a,bayes__seed_000048__repr_direct,bayes__seed_000048,bayes,5,direct,"(0.70,0.90]","{'parameters': {'likelihood_event': {'H': 0.23861, 'not_H': 0.681894}, 'observed_event': True, 'priors': {'H': 0.933733, 'not_H': 0.06626699999999996}}}","{'H': 0.8313821568498233, 'not_H': 0.1686178431501767}","{'H': 0.8670357598021706, 'not_H': 0.13296424019782924}","{'tv': 0.03565360295234739, 'mae_binary': 0.03565360295234732, 'rmse_binary': 0.03565360295234732, 'brier_regret': 0.002542358806967269, 'kl': 0.0051456702364110485}",H,H,True,120.47668593004346,mean,mean,1,"{'std_H': 0.0, 'std_not_H': 0.0}",,{},"{'repeat_aggregation': 'mean', 'n_repeats': 1}"
semif_qwen35_4b,Qwen/Qwen3.5-4B@851bf6e806efd8d0a36b00ddf55e13ccb7b8cd0a,bayes__seed_000048__repr_distractor,bayes__seed_000048,bayes,5,distractor,"(0.70,0.90]","{'parameters': {'likelihood_event': {'H': 0.23861, 'not_H': 0.681894}, 'observed_event': True, 'priors': {'H': 0.933733, 'not_H': 0.06626699999999996}}}","{'H': 0.8313821568498233, 'not_H': 0.1686178431501767}","{'H': 0.9241418199787566, 'not_H': 0.07585818002124356}","{'tv': 0.09275966312893319, 'mae_binary': 0.09275966312893325, 'rmse_binary': 0.09275966312893325, 'brier_regret': 0.017208710207586336, 'kl': 0.04674649889221938}",H,H,True,132.03268311917782,mean,mean,1,"{'std_H': 0.0, 'std_not_H': 0.0}",,{},"{'repeat_aggregation': 'mean', 'n_repeats': 1}"
semif_qwen35_4b,Qwen/Qwen3.5-4B@851bf6e806efd8d0a36b00ddf55e13ccb7b8cd0a,bayes__seed_000048__repr_prose,bayes__seed_000048,bayes,5,prose,"(0.70,0.90]","{'parameters': {'likelihood_event': {'H': 0.23861, 'not_H': 0.681894}, 'observed_event': True, 'priors': {'H': 0.933733, 'not_H': 0.06626699999999996}}}","{'H': 0.8313821568498233, 'not_H': 0.1686178431501767}","{'H': 0.9149009549929797, 'not_H': 0.08509904500702024}","{'tv': 0.08351879814315644, 'mae_binary': 0.08351879814315644, 'rmse_binary': 0.08351879814315644, 'brier_regret': 0.013950779286554624, 'kl': 0.03571899968083651}",H,H,True,128.7073865532875,mean,mean,1,"{'std_H': 0.0, 'std_not_H': 0.0}",,{},"{'repeat_aggregation': 'mean', 'n_repeats': 1}"
semif_qwen35_4b,Qwen/Qwen3.5-4B@851bf6e806efd8d0a36b00ddf55e13ccb7b8cd0a,bayes__seed_000048__repr_table,bayes__seed_000048,bayes,5,table,"(0.70,0.90]","{'parameters': {'likelihood_event': {'H': 0.23861, 'not_H': 0.681894}, 'observed_event': True, 'priors': {'H': 0.933733, 'not_H': 0.06626699999999996}}}","{'H': 0.8313821568498233, 'not_H': 0.1686178431501767}","{'H': 0.7772998611746911, 'not_H': 0.22270013882530884}","{'tv': 0.05408229567513219, 'mae_binary': 0.05408229567513223, 'rmse_binary': 0.05408229567513223, 'brier_regret': 0.0058497894109848445, 'kl': 0.009013542007321858}",H,H,True,139.59829695522785,mean,mean,1,"{'std_H': 0.0, 'std_not_H': 0.0}",,{},"{'repeat_aggregation': 'mean', 'n_repeats': 1}"
semif_qwen35_4b,Qwen/Qwen3.5-4B@851bf6e806efd8d0a36b00ddf55e13ccb7b8cd0a,bayes__seed_000051__repr_counts,bayes__seed_000051,bayes,5,counts,"(0.90,0.99]","{'parameters': {'likelihood_event': {'H': 0.64129, 'not_H': 0.013968}, 'observed_event': True, 'priors': {'H': 0.410511, 'not_H': 0.5894889999999999}}}","{'H': 0.9696712044107276, 'not_H': 0.030328795589272373}","{'H': 0.9579122720843811, 'not_H': 0.04208772791561884}","{'tv': 0.011758932326346488, 'mae_binary': 0.011758932326346505, 'rmse_binary': 0.011758932326346505, 'brier_regret': 0.00027654497891119287, 'kl': 0.0018933223091172468}",H,H,True,112.52880096435547,mean,mean,1,"{'std_H': 0.0, 'std_not_H': 0.0}",,{},"{'repeat_aggregation': 'mean', 'n_repeats': 1}"
semif_qwen35_4b,Qwen/Qwen3.5-4B@851bf6e806efd8d0a36b00ddf55e13ccb7b8cd0a,bayes__seed_000051__repr_direct,bayes__seed_000051,bayes,5,direct,"(0.90,0.99]","{'parameters': {'likelihood_event': {'H': 0.64129, 'not_H': 0.013968}, 'observed_event': True, 'priors': {'H': 0.410511, 'not_H': 0.5894889999999999}}}","{'H': 0.9696712044107276, 'not_H': 0.030328795589272373}","{'H': 0.9149009549929797, 'not_H': 0.08509904500702024}","{'tv': 0.05477024941774788, 'mae_binary': 0.054770249417747885, 'rmse_binary': 0.054770249417747885, 'brier_regret': 0.005999560442564623, 'kl': 0.02508711186301394}",H,H,True,120.08439796045423,mean,mean,1,"{'std_H': 0.0, 'std_not_H': 0.0}",,{},"{'repeat_aggregation': 'mean', 'n_repeats': 1}"
semif_qwen35_4b,Qwen/Qwen3.5-4B@851bf6e806efd8d0a36b00ddf55e13ccb7b8cd0a,bayes__seed_000051__repr_distractor,bayes__seed_000051,bayes,5,distractor,"(0.90,0.99]","{'parameters': {'likelihood_event': {'H': 0.64129, 'not_H': 0.013968}, 'observed_event': True, 'priors': {'H': 0.410511, 'not_H': 0.5894889999999999}}}","{'H': 0.9696712044107276, 'not_H': 0.030328795589272373}","{'H': 0.9626731126558706, 'not_H': 0.037326887344129464}","{'tv': 0.006998091754857043, 'mae_binary': 0.006998091754856994, 'rmse_binary': 0.006998091754856994, 'brier_regret': 9.794657641879625e-05, 'kl': 0.0007267142164713901}",H,H,True,132.2311949916184,mean,mean,1,"{'std_H': 0.0, 'std_not_H': 0.0}",,{},"{'repeat_aggregation': 'mean', 'n_repeats': 1}"
semif_qwen35_4b,Qwen/Qwen3.5-4B@851bf6e806efd8d0a36b00ddf55e13ccb7b8cd0a,bayes__seed_000051__repr_prose,bayes__seed_000051,bayes,5,prose,"(0.90,0.99]","{'parameters': {'likelihood_event': {'H': 0.64129, 'not_H': 0.013968}, 'observed_event': True, 'priors': {'H': 0.410511, 'not_H': 0.5894889999999999}}}","{'H': 0.9696712044107276, 'not_H': 0.030328795589272373}","{'H': 0.9706877692486436, 'not_H': 0.029312230751356316}","{'tv': 0.0010165648379160345, 'mae_binary': 0.001016564837916012, 'rmse_binary': 0.001016564837916012, 'brier_regret': 2.0668081393745066e-06, 'kl': 1.7959698627137812e-05}",H,H,True,129.46261931210756,mean,mean,1,"{'std_H': 0.0, 'std_not_H': 0.0}",,{},"{'repeat_aggregation': 'mean', 'n_repeats': 1}"
semif_qwen35_4b,Qwen/Qwen3.5-4B@851bf6e806efd8d0a36b00ddf55e13ccb7b8cd0a,bayes__seed_000051__repr_table,bayes__seed_000051,bayes,5,table,"(0.90,0.99]","{'parameters': {'likelihood_event': {'H': 0.64129, 'not_H': 0.013968}, 'observed_event': True, 'priors': {'H': 0.410511, 'not_H': 0.5894889999999999}}}","{'H': 0.9696712044107276, 'not_H': 0.030328795589272373}","{'H': 0.9149009549929797, 'not_H': 0.08509904500702024}","{'tv': 0.05477024941774788, 'mae_binary': 0.054770249417747885, 'rmse_binary': 0.054770249417747885, 'brier_regret': 0.005999560442564623, 'kl': 0.02508711186301394}",H,H,True,138.29776924103498,mean,mean,1,"{'std_H': 0.0, 'std_not_H': 0.0}",,{},"{'repeat_aggregation': 'mean', 'n_repeats': 1}"
semif_qwen35_4b,Qwen/Qwen3.5-4B@851bf6e806efd8d0a36b00ddf55e13ccb7b8cd0a,bayes__seed_000054__repr_counts,bayes__seed_000054,bayes,5,counts,"(0.30,0.45]","{'parameters': {'likelihood_event': {'H': 0.0912, 'not_H': 0.543916}, 'observed_event': True, 'priors': {'H': 0.808057, 'not_H': 0.19194299999999997}}}","{'H': 0.4137933255962194, 'not_H': 0.5862066744037806}","{'H': 0.7772998611746911, 'not_H': 0.22270013882530884}","{'tv': 0.36350653557847173, 'mae_binary': 0.3635065355784717, 'rmse_binary': 0.3635065355784717, 'brier_regret': 0.26427400281652547, 'kl': 0.30647795307127185}",H,not_H,False,114.15991885587573,mean,mean,1,"{'std_H': 0.0, 'std_not_H': 0.0}",,{},"{'repeat_aggregation': 'mean', 'n_repeats': 1}"
semif_qwen35_4b,Qwen/Qwen3.5-4B@851bf6e806efd8d0a36b00ddf55e13ccb7b8cd0a,bayes__seed_000054__repr_direct,bayes__seed_000054,bayes,5,direct,"(0.30,0.45]","{'parameters': {'likelihood_event': {'H': 0.0912, 'not_H': 0.543916}, 'observed_event': True, 'priors': {'H': 0.808057, 'not_H': 0.19194299999999997}}}","{'H': 0.4137933255962194, 'not_H': 0.5862066744037806}","{'H': 0.8807970779778823, 'not_H': 0.11920292202211755}","{'tv': 0.467003752381663, 'mae_binary': 0.4670037523816629, 'rmse_binary': 0.4670037523816629, 'brier_regret': 0.43618500947710714, 'kl': 0.621131888571707}",H,not_H,False,121.09382171183825,mean,mean,1,"{'std_H': 0.0, 'std_not_H': 0.0}",,{},"{'repeat_aggregation': 'mean', 'n_repeats': 1}"
semif_qwen35_4b,Qwen/Qwen3.5-4B@851bf6e806efd8d0a36b00ddf55e13ccb7b8cd0a,bayes__seed_000054__repr_distractor,bayes__seed_000054,bayes,5,distractor,"(0.30,0.45]","{'parameters': {'likelihood_event': {'H': 0.0912, 'not_H': 0.543916}, 'observed_event': True, 'priors': {'H': 0.808057, 'not_H': 0.19194299999999997}}}","{'H': 0.4137933255962194, 'not_H': 0.5862066744037806}","{'H': 0.9399133498259924, 'not_H': 0.06008665017400762}","{'tv': 0.526120024229773, 'mae_binary': 0.526120024229773, 'rmse_binary': 0.526120024229773, 'brier_regret': 0.5536045597910738, 'kl': 0.9958264723347686}",H,not_H,False,132.28377094492316,mean,mean,1,"{'std_H': 0.0, 'std_not_H': 0.0}",,{},"{'repeat_aggregation': 'mean', 'n_repeats': 1}"
semif_qwen35_4b,Qwen/Qwen3.5-4B@851bf6e806efd8d0a36b00ddf55e13ccb7b8cd0a,bayes__seed_000054__repr_prose,bayes__seed_000054,bayes,5,prose,"(0.30,0.45]","{'parameters': {'likelihood_event': {'H': 0.0912, 'not_H': 0.543916}, 'observed_event': True, 'priors': {'H': 0.808057, 'not_H': 0.19194299999999997}}}","{'H': 0.4137933255962194, 'not_H': 0.5862066744037806}","{'H': 0.8175744761936437, 'not_H': 0.18242552380635632}","{'tv': 0.40378115059742425, 'mae_binary': 0.40378115059742425, 'rmse_binary': 0.40378115059742425, 'brier_regret': 0.3260784351555596, 'kl': 0.40251381830959654}",H,not_H,False,129.34650713577867,mean,mean,1,"{'std_H': 0.0, 'std_not_H': 0.0}",,{},"{'repeat_aggregation': 'mean', 'n_repeats': 1}"
semif_qwen35_4b,Qwen/Qwen3.5-4B@851bf6e806efd8d0a36b00ddf55e13ccb7b8cd0a,bayes__seed_000054__repr_table,bayes__seed_000054,bayes,5,table,"(0.30,0.45]","{'parameters': {'likelihood_event': {'H': 0.0912, 'not_H': 0.543916}, 'observed_event': True, 'priors': {'H': 0.808057, 'not_H': 0.19194299999999997}}}","{'H': 0.4137933255962194, 'not_H': 0.5862066744037806}","{'H': 0.8354835371034369, 'not_H': 0.1645164628965632}","{'tv': 0.42169021150721747, 'mae_binary': 0.4216902115072175, 'rmse_binary': 0.4216902115072175, 'brier_regret': 0.35564526896200366, 'kl': 0.45412101001297545}",H,not_H,False,136.28928968682885,mean,mean,1,"{'std_H': 0.0, 'std_not_H': 0.0}",,{},"{'repeat_aggregation': 'mean', 'n_repeats': 1}"
semif_qwen35_4b,Qwen/Qwen3.5-4B@851bf6e806efd8d0a36b00ddf55e13ccb7b8cd0a,bayes__seed_000057__repr_counts,bayes__seed_000057,bayes,5,counts,"(0.10,0.30]","{'parameters': {'likelihood_event': {'H': 0.457145, 'not_H': 0.937508}, 'observed_event': True, 'priors': {'H': 0.226962, 'not_H': 0.773038}}}","{'H': 0.12523423738446504, 'not_H': 0.874765762615535}","{'H': 0.5926665999540697, 'not_H': 0.4073334000459302}","{'tv': 0.4674323625696047, 'mae_binary': 0.46743236256960463, 'rmse_binary': 0.46743236256960463, 'brier_regret': 0.4369860271548047, 'kl': 0.47393470964761675}",H,not_H,False,113.69321588426828,mean,mean,1,"{'std_H': 0.0, 'std_not_H': 0.0}",,{},"{'repeat_aggregation': 'mean', 'n_repeats': 1}"
semif_qwen35_4b,Qwen/Qwen3.5-4B@851bf6e806efd8d0a36b00ddf55e13ccb7b8cd0a,bayes__seed_000057__repr_direct,bayes__seed_000057,bayes,5,direct,"(0.10,0.30]","{'parameters': {'likelihood_event': {'H': 0.457145, 'not_H': 0.937508}, 'observed_event': True, 'priors': {'H': 0.226962, 'not_H': 0.773038}}}","{'H': 0.12523423738446504, 'not_H': 0.874765762615535}","{'H': 0.8519528019683106, 'not_H': 0.1480471980316895}","{'tv': 0.7267185645838454, 'mae_binary': 0.7267185645838455, 'rmse_binary': 0.7267185645838455, 'brier_regret': 1.0562397442216096, 'kl': 1.3138385195422242}",H,not_H,False,117.04492708668113,mean,mean,1,"{'std_H': 0.0, 'std_not_H': 0.0}",,{},"{'repeat_aggregation': 'mean', 'n_repeats': 1}"
semif_qwen35_4b,Qwen/Qwen3.5-4B@851bf6e806efd8d0a36b00ddf55e13ccb7b8cd0a,bayes__seed_000057__repr_distractor,bayes__seed_000057,bayes,5,distractor,"(0.10,0.30]","{'parameters': {'likelihood_event': {'H': 0.457145, 'not_H': 0.937508}, 'observed_event': True, 'priors': {'H': 0.226962, 'not_H': 0.773038}}}","{'H': 0.12523423738446504, 'not_H': 0.874765762615535}","{'H': 0.8519528019683106, 'not_H': 0.1480471980316895}","{'tv': 0.7267185645838454, 'mae_binary': 0.7267185645838455, 'rmse_binary': 0.7267185645838455, 'brier_regret': 1.0562397442216096, 'kl': 1.3138385195422242}",H,not_H,False,130.41101908311248,mean,mean,1,"{'std_H': 0.0, 'std_not_H': 0.0}",,{},"{'repeat_aggregation': 'mean', 'n_repeats': 1}"
semif_qwen35_4b,Qwen/Qwen3.5-4B@851bf6e806efd8d0a36b00ddf55e13ccb7b8cd0a,bayes__seed_000057__repr_prose,bayes__seed_000057,bayes,5,prose,"(0.10,0.30]","{'parameters': {'likelihood_event': {'H': 0.457145, 'not_H': 0.937508}, 'observed_event': True, 'priors': {'H': 0.226962, 'not_H': 0.773038}}}","{'H': 0.12523423738446504, 'not_H': 0.874765762615535}","{'H': 0.8354835371034369, 'not_H': 0.1645164628965632}","{'tv': 0.7102492997189718, 'mae_binary': 0.7102492997189719, 'rmse_binary': 0.7102492997189719, 'brier_regret': 1.0089081355025797, 'kl': 1.2240132841628544}",H,not_H,False,128.84586676955223,mean,mean,1,"{'std_H': 0.0, 'std_not_H': 0.0}",,{},"{'repeat_aggregation': 'mean', 'n_repeats': 1}"
semif_qwen35_4b,Qwen/Qwen3.5-4B@851bf6e806efd8d0a36b00ddf55e13ccb7b8cd0a,bayes__seed_000057__repr_table,bayes__seed_000057,bayes,5,table,"(0.10,0.30]","{'parameters': {'likelihood_event': {'H': 0.457145, 'not_H': 0.937508}, 'observed_event': True, 'priors': {'H': 0.226962, 'not_H': 0.773038}}}","{'H': 0.12523423738446504, 'not_H': 0.874765762615535}","{'H': 0.7772998611746911, 'not_H': 0.22270013882530884}","{'tv': 0.652065623790226, 'mae_binary': 0.652065623790226, 'rmse_binary': 0.652065623790226, 'brier_regret': 0.8503791554578733, 'kl': 0.9681605691417428}",H,not_H,False,132.6795951463282,mean,mean,1,"{'std_H': 0.0, 'std_not_H': 0.0}",,{},"{'repeat_aggregation': 'mean', 'n_repeats': 1}"
semif_qwen35_4b,Qwen/Qwen3.5-4B@851bf6e806efd8d0a36b00ddf55e13ccb7b8cd0a,bayes__seed_000060__repr_counts,bayes__seed_000060,bayes,5,counts,"(0.70,0.90]","{'parameters': {'likelihood_event': {'H': 0.915819, 'not_H': 0.310132}, 'observed_event': True, 'priors': {'H': 0.59555, 'not_H': 0.40445}}}","{'H': 0.8130236350735895, 'not_H': 0.18697636492641045}","{'H': 0.9525741268224334, 'not_H': 0.04742587317756679}","{'tv': 0.13955049174884374, 'mae_binary': 0.13955049174884382, 'rmse_binary': 0.13955049174884382, 'brier_regret': 0.03894867949468821, 'kl': 0.12770760725801752}",H,H,True,116.93332716822624,mean,mean,1,"{'std_H': 0.0, 'std_not_H': 0.0}",,{},"{'repeat_aggregation': 'mean', 'n_repeats': 1}"
semif_qwen35_4b,Qwen/Qwen3.5-4B@851bf6e806efd8d0a36b00ddf55e13ccb7b8cd0a,bayes__seed_000060__repr_direct,bayes__seed_000060,bayes,5,direct,"(0.70,0.90]","{'parameters': {'likelihood_event': {'H': 0.915819, 'not_H': 0.310132}, 'observed_event': True, 'priors': {'H': 0.59555, 'not_H': 0.40445}}}","{'H': 0.8130236350735895, 'not_H': 0.18697636492641045}","{'H': 0.9046505351008906, 'not_H': 0.0953494648991095}","{'tv': 0.09162690002730098, 'mae_binary': 0.091626900027301, 'rmse_binary': 0.091626900027301, 'brier_regret': 0.016790977617226015, 'kl': 0.039094540906214836}",H,H,True,116.13728012889624,mean,mean,1,"{'std_H': 0.0, 'std_not_H': 0.0}",,{},"{'repeat_aggregation': 'mean', 'n_repeats': 1}"
semif_qwen35_4b,Qwen/Qwen3.5-4B@851bf6e806efd8d0a36b00ddf55e13ccb7b8cd0a,bayes__seed_000060__repr_distractor,bayes__seed_000060,bayes,5,distractor,"(0.70,0.90]","{'parameters': {'likelihood_event': {'H': 0.915819, 'not_H': 0.310132}, 'observed_event': True, 'priors': {'H': 0.59555, 'not_H': 0.40445}}}","{'H': 0.8130236350735895, 'not_H': 0.18697636492641045}","{'H': 0.9465966702001757, 'not_H': 0.053403329799824234}","{'tv': 0.1335730351265862, 'mae_binary': 0.13357303512658614, 'rmse_binary': 0.13357303512658614, 'brier_regret': 0.03568351142585645, 'kl': 0.1106303892265524}",H,H,True,130.05927531048656,mean,mean,1,"{'std_H': 0.0, 'std_not_H': 0.0}",,{},"{'repeat_aggregation': 'mean', 'n_repeats': 1}"
semif_qwen35_4b,Qwen/Qwen3.5-4B@851bf6e806efd8d0a36b00ddf55e13ccb7b8cd0a,bayes__seed_000060__repr_prose,bayes__seed_000060,bayes,5,prose,"(0.70,0.90]","{'parameters': {'likelihood_event': {'H': 0.915819, 'not_H': 0.310132}, 'observed_event': True, 'priors': {'H': 0.59555, 'not_H': 0.40445}}}","{'H': 0.8130236350735895, 'not_H': 0.18697636492641045}","{'H': 0.9740426428022031, 'not_H': 0.02595735719779685}","{'tv': 0.16101900772861358, 'mae_binary': 0.16101900772861355, 'rmse_binary': 0.16101900772861355, 'brier_regret': 0.05185424169981463, 'kl': 0.22228067895015743}",H,H,True,129.75279614329338,mean,mean,1,"{'std_H': 0.0, 'std_not_H': 0.0}",,{},"{'repeat_aggregation': 'mean', 'n_repeats': 1}"
semif_qwen35_4b,Qwen/Qwen3.5-4B@851bf6e806efd8d0a36b00ddf55e13ccb7b8cd0a,bayes__seed_000060__repr_table,bayes__seed_000060,bayes,5,table,"(0.70,0.90]","{'parameters': {'likelihood_event': {'H': 0.915819, 'not_H': 0.310132}, 'observed_event': True, 'priors': {'H': 0.59555, 'not_H': 0.40445}}}","{'H': 0.8130236350735895, 'not_H': 0.18697636492641045}","{'H': 0.9046505351008906, 'not_H': 0.0953494648991095}","{'tv': 0.09162690002730098, 'mae_binary': 0.091626900027301, 'rmse_binary': 0.091626900027301, 'brier_regret': 0.016790977617226015, 'kl': 0.039094540906214836}",H,H,True,132.46911438181996,mean,mean,1,"{'std_H': 0.0, 'std_not_H': 0.0}",,{},"{'repeat_aggregation': 'mean', 'n_repeats': 1}"
semif_qwen35_4b,Qwen/Qwen3.5-4B@851bf6e806efd8d0a36b00ddf55e13ccb7b8cd0a,compound__seed_000042__repr_direct,compound__seed_000042,compound,3,direct,"(0.90,0.99]","{'parameters': {'p_A': 0.07458, 'query': 'not_A', 'subtask': 'complement'}}","{'not_target': 0.07457999999999998, 'target': 0.92542}","{'not_target': 0.679178699175393, 'target': 0.32082130082460697}","{'tv': 0.6045986991753931, 'mae_binary': 0.604598699175393, 'rmse_binary': 0.604598699175393, 'brier_regret': 0.7310791740891549, 'kl': 0.81560798474734}",not_target,target,False,106.33736196905375,mean,mean,1,"{'std_not_target': 0.0, 'std_target': 0.0}",,{},"{'repeat_aggregation': 'mean', 'n_repeats': 1}"
semif_qwen35_4b,Qwen/Qwen3.5-4B@851bf6e806efd8d0a36b00ddf55e13ccb7b8cd0a,compound__seed_000042__repr_prose,compound__seed_000042,compound,3,prose,"(0.90,0.99]","{'parameters': {'p_A': 0.07458, 'query': 'not_A', 'subtask': 'complement'}}","{'not_target': 0.07457999999999998, 'target': 0.92542}","{'not_target': 0.5926665999540697, 'target': 0.4073334000459302}","{'tv': 0.5180865999540698, 'mae_binary': 0.5180865999540697, 'rmse_binary': 0.5180865999540697, 'brier_regret': 0.5368274501039366, 'kl': 0.6048277427722801}",not_target,target,False,117.12070275098085,mean,mean,1,"{'std_not_target': 0.0, 'std_target': 0.0}",,{},"{'repeat_aggregation': 'mean', 'n_repeats': 1}"
semif_qwen35_4b,Qwen/Qwen3.5-4B@851bf6e806efd8d0a36b00ddf55e13ccb7b8cd0a,compound__seed_000042__repr_table,compound__seed_000042,compound,3,table,"(0.90,0.99]","{'parameters': {'p_A': 0.07458, 'query': 'not_A', 'subtask': 'complement'}}","{'not_target': 0.07457999999999998, 'target': 0.92542}","{'not_target': 0.8175744761936437, 'target': 0.18242552380635632}","{'tv': 0.7429944761936437, 'mae_binary': 0.7429944761936437, 'rmse_binary': 0.7429944761936437, 'brier_regret': 1.1040815833085338, 'kl': 1.3242152566151923}",not_target,target,False,115.86550436913967,mean,mean,1,"{'std_not_target': 0.0, 'std_target': 0.0}",,{},"{'repeat_aggregation': 'mean', 'n_repeats': 1}"
semif_qwen35_4b,Qwen/Qwen3.5-4B@851bf6e806efd8d0a36b00ddf55e13ccb7b8cd0a,compound__seed_000043__repr_direct,compound__seed_000043,compound,3,direct,"(0.10,0.30]","{'parameters': {'independent': True, 'p_A': 0.200973, 'p_B': 0.665751, 'query': 'A_and_B', 'subtask': 'intersection'}}","{'not_target': 0.866202024277, 'target': 0.133797975723}","{'not_target': 0.08509904500702024, 'target': 0.9149009549929797}","{'tv': 0.7811029792699797, 'mae_binary': 0.7811029792699797, 'rmse_binary': 0.7811029792699797, 'brier_regret': 1.2202437284488767, 'kl': 1.7526260205027278}",target,not_target,False,105.98251363262534,mean,mean,1,"{'std_not_target': 0.0, 'std_target': 0.0}",,{},"{'repeat_aggregation': 'mean', 'n_repeats': 1}"
semif_qwen35_4b,Qwen/Qwen3.5-4B@851bf6e806efd8d0a36b00ddf55e13ccb7b8cd0a,compound__seed_000043__repr_prose,compound__seed_000043,compound,3,prose,"(0.10,0.30]","{'parameters': {'independent': True, 'p_A': 0.200973, 'p_B': 0.665751, 'query': 'A_and_B', 'subtask': 'intersection'}}","{'not_target': 0.866202024277, 'target': 0.133797975723}","{'not_target': 0.37754066879814546, 'target': 0.6224593312018546}","{'tv': 0.4886613554788546, 'mae_binary': 0.48866135547885453, 'rmse_binary': 0.48866135547885453, 'brier_regret': 0.47757984067686293, 'kl': 0.5136347436885206}",target,not_target,False,120.67345529794693,mean,mean,1,"{'std_not_target': 0.0, 'std_target': 0.0}",,{},"{'repeat_aggregation': 'mean', 'n_repeats': 1}"
semif_qwen35_4b,Qwen/Qwen3.5-4B@851bf6e806efd8d0a36b00ddf55e13ccb7b8cd0a,compound__seed_000043__repr_table,compound__seed_000043,compound,3,table,"(0.10,0.30]","{'parameters': {'independent': True, 'p_A': 0.200973, 'p_B': 0.665751, 'query': 'A_and_B', 'subtask': 'intersection'}}","{'not_target': 0.866202024277, 'target': 0.133797975723}","{'not_target': 0.02297736991002561, 'target': 0.9770226300899744}","{'tv': 0.8432246543669744, 'mae_binary': 0.8432246543669744, 'rmse_binary': 0.8432246543669744, 'brier_regret': 1.4220556354646068, 'kl': 2.8779598027810893}",target,not_target,False,130.7864747941494,mean,mean,1,"{'std_not_target': 0.0, 'std_target': 0.0}",,{},"{'repeat_aggregation': 'mean', 'n_repeats': 1}"
semif_qwen35_4b,Qwen/Qwen3.5-4B@851bf6e806efd8d0a36b00ddf55e13ccb7b8cd0a,compound__seed_000044__repr_direct,compound__seed_000044,compound,3,direct,"(0.99,1)","{'parameters': {'independent': True, 'p_A': 0.387226, 'p_B': 0.989146, 'query': 'A_or_B', 'subtask': 'union'}}","{'not_target': 0.0066510489960001085, 'target': 0.9933489510039999}","{'not_target': 0.07585818002124356, 'target': 0.9241418199787566}","{'tv': 0.0692071310252434, 'mae_binary': 0.06920713102524345, 'rmse_binary': 0.06920713102524345, 'brier_regret': 0.009579253969490414, 'kl': 0.055546895008004374}",target,target,True,115.39255920797586,mean,mean,1,"{'std_not_target': 0.0, 'std_target': 0.0}",,{},"{'repeat_aggregation': 'mean', 'n_repeats': 1}"
semif_qwen35_4b,Qwen/Qwen3.5-4B@851bf6e806efd8d0a36b00ddf55e13ccb7b8cd0a,compound__seed_000044__repr_prose,compound__seed_000044,compound,3,prose,"(0.99,1)","{'parameters': {'independent': True, 'p_A': 0.387226, 'p_B': 0.989146, 'query': 'A_or_B', 'subtask': 'union'}}","{'not_target': 0.0066510489960001085, 'target': 0.9933489510039999}","{'not_target': 0.13296424019782924, 'target': 0.8670357598021706}","{'tv': 0.1263131912018292, 'mae_binary': 0.12631319120182913, 'rmse_binary': 0.12631319120182913, 'brier_regret': 0.03191004454317972, 'kl': 0.11517531269855648}",target,target,True,118.57947101816535,mean,mean,1,"{'std_not_target': 0.0, 'std_target': 0.0}",,{},"{'repeat_aggregation': 'mean', 'n_repeats': 1}"
semif_qwen35_4b,Qwen/Qwen3.5-4B@851bf6e806efd8d0a36b00ddf55e13ccb7b8cd0a,compound__seed_000044__repr_table,compound__seed_000044,compound,3,table,"(0.99,1)","{'parameters': {'independent': True, 'p_A': 0.387226, 'p_B': 0.989146, 'query': 'A_or_B', 'subtask': 'union'}}","{'not_target': 0.0066510489960001085, 'target': 0.9933489510039999}","{'not_target': 0.04742587317756679, 'target': 0.9525741268224334}","{'tv': 0.0407748241815666, 'mae_binary': 0.04077482418156668, 'rmse_binary': 0.04077482418156668, 'brier_regret': 0.003325172574075337, 'kl': 0.028570036787196915}",target,target,True,129.08116402104497,mean,mean,1,"{'std_not_target': 0.0, 'std_target': 0.0}",,{},"{'repeat_aggregation': 'mean', 'n_repeats': 1}"
semif_qwen35_4b,Qwen/Qwen3.5-4B@851bf6e806efd8d0a36b00ddf55e13ccb7b8cd0a,compound__seed_000045__repr_direct,compound__seed_000045,compound,3,direct,"(0.10,0.30]","{'parameters': {'k': 3, 'n': 7, 'query': 'exactly_k_successes', 'subtask': 'repeated_exact', 'success_probability': 0.490136}}","{'not_target': 0.7214935573757005, 'target': 0.27850644262429947}","{'not_target': 0.0953494648991095, 'target': 0.9046505351008906}","{'tv': 0.6261440924765911, 'mae_binary': 0.6261440924765911, 'rmse_binary': 0.6261440924765911, 'brier_regret': 0.7841128490866677, 'kl': 1.1320298917220495}",target,not_target,False,113.61409584060311,mean,mean,1,"{'std_not_target': 0.0, 'std_target': 0.0}",,{},"{'repeat_aggregation': 'mean', 'n_repeats': 1}"
semif_qwen35_4b,Qwen/Qwen3.5-4B@851bf6e806efd8d0a36b00ddf55e13ccb7b8cd0a,compound__seed_000045__repr_prose,compound__seed_000045,compound,3,prose,"(0.10,0.30]","{'parameters': {'k': 3, 'n': 7, 'query': 'exactly_k_successes', 'subtask': 'repeated_exact', 'success_probability': 0.490136}}","{'not_target': 0.7214935573757005, 'target': 0.27850644262429947}","{'not_target': 0.4073334000459302, 'target': 0.5926665999540697}","{'tv': 0.31416015732977026, 'mae_binary': 0.3141601573297703, 'rmse_binary': 0.3141601573297703, 'brier_regret': 0.19739320890693202, 'kl': 0.20214617686570402}",target,not_target,False,120.650973636657,mean,mean,1,"{'std_not_target': 0.0, 'std_target': 0.0}",,{},"{'repeat_aggregation': 'mean', 'n_repeats': 1}"
semif_qwen35_4b,Qwen/Qwen3.5-4B@851bf6e806efd8d0a36b00ddf55e13ccb7b8cd0a,compound__seed_000045__repr_table,compound__seed_000045,compound,3,table,"(0.10,0.30]","{'parameters': {'k': 3, 'n': 7, 'query': 'exactly_k_successes', 'subtask': 'repeated_exact', 'success_probability': 0.490136}}","{'not_target': 0.7214935573757005, 'target': 0.27850644262429947}","{'not_target': 0.04208772791561884, 'target': 0.9579122720843811}","{'tv': 0.6794058294600817, 'mae_binary': 0.6794058294600817, 'rmse_binary': 0.6794058294600817, 'brier_regret': 0.9231845622086832, 'kl': 1.7061292747381283}",target,not_target,False,132.4765388853848,mean,mean,1,"{'std_not_target': 0.0, 'std_target': 0.0}",,{},"{'repeat_aggregation': 'mean', 'n_repeats': 1}"
semif_qwen35_4b,Qwen/Qwen3.5-4B@851bf6e806efd8d0a36b00ddf55e13ccb7b8cd0a,compound__seed_000046__repr_direct,compound__seed_000046,compound,3,direct,"(0.10,0.30]","{'parameters': {'bad': 14, 'draws_without_replacement': 4, 'good': 6, 'k_good': 2, 'subtask': 'hypergeometric'}}","{'not_target': 0.7182662538699691, 'target': 0.28173374613003094}","{'not_target': 0.11920292202211755, 'target': 0.8807970779778823}","{'tv': 0.5990633318478514, 'mae_binary': 0.5990633318478515, 'rmse_binary': 0.5990633318478515, 'brier_regret': 0.717753751129298, 'kl': 0.968877190357831}",target,not_target,False,105.95280211418867,mean,mean,1,"{'std_not_target': 0.0, 'std_target': 0.0}",,{},"{'repeat_aggregation': 'mean', 'n_repeats': 1}"
semif_qwen35_4b,Qwen/Qwen3.5-4B@851bf6e806efd8d0a36b00ddf55e13ccb7b8cd0a,compound__seed_000046__repr_prose,compound__seed_000046,compound,3,prose,"(0.10,0.30]","{'parameters': {'bad': 14, 'draws_without_replacement': 4, 'good': 6, 'k_good': 2, 'subtask': 'hypergeometric'}}","{'not_target': 0.7182662538699691, 'target': 0.28173374613003094}","{'not_target': 0.11920292202211755, 'target': 0.8807970779778823}","{'tv': 0.5990633318478514, 'mae_binary': 0.5990633318478515, 'rmse_binary': 0.5990633318478515, 'brier_regret': 0.717753751129298, 'kl': 0.968877190357831}",target,not_target,False,118.51921491324902,mean,mean,1,"{'std_not_target': 0.0, 'std_target': 0.0}",,{},"{'repeat_aggregation': 'mean', 'n_repeats': 1}"
semif_qwen35_4b,Qwen/Qwen3.5-4B@851bf6e806efd8d0a36b00ddf55e13ccb7b8cd0a,compound__seed_000046__repr_table,compound__seed_000046,compound,3,table,"(0.10,0.30]","{'parameters': {'bad': 14, 'draws_without_replacement': 4, 'good': 6, 'k_good': 2, 'subtask': 'hypergeometric'}}","{'not_target': 0.7182662538699691, 'target': 0.28173374613003094}","{'not_target': 0.053403329799824234, 'target': 0.9465966702001757}","{'tv': 0.6648629240701448, 'mae_binary': 0.6648629240701449, 'rmse_binary': 0.6648629240701449, 'brier_regret': 0.8840854156062063, 'kl': 1.5253143306091597}",target,not_target,False,129.4043641537428,mean,mean,1,"{'std_not_target': 0.0, 'std_target': 0.0}",,{},"{'repeat_aggregation': 'mean', 'n_repeats': 1}"
semif_qwen35_4b,Qwen/Qwen3.5-4B@851bf6e806efd8d0a36b00ddf55e13ccb7b8cd0a,compound__seed_000047__repr_direct,compound__seed_000047,compound,3,direct,"(0.10,0.30]","{'parameters': {'p_A': 0.84647, 'query': 'not_A', 'subtask': 'complement'}}","{'not_target': 0.84647, 'target': 0.15353000000000006}","{'not_target': 0.7057850278370112, 'target': 0.29421497216298875}","{'tv': 0.1406849721629887, 'mae_binary': 0.1406849721629887, 'rmse_binary': 0.1406849721629887, 'brier_regret': 0.03958452278500181, 'kl': 0.05399965586728278}",not_target,not_target,True,104.84529891982675,mean,mean,1,"{'std_not_target': 0.0, 'std_target': 0.0}",,{},"{'repeat_aggregation': 'mean', 'n_repeats': 1}"
semif_qwen35_4b,Qwen/Qwen3.5-4B@851bf6e806efd8d0a36b00ddf55e13ccb7b8cd0a,compound__seed_000047__repr_prose,compound__seed_000047,compound,3,prose,"(0.10,0.30]","{'parameters': {'p_A': 0.84647, 'query': 'not_A', 'subtask': 'complement'}}","{'not_target': 0.84647, 'target': 0.15353000000000006}","{'not_target': 0.5926665999540697, 'target': 0.4073334000459302}","{'tv': 0.2538034000459302, 'mae_binary': 0.25380340004593027, 'rmse_binary': 0.25380340004593027, 'brier_regret': 0.12883233174974898, 'kl': 0.15191333900206722}",not_target,not_target,True,114.75332779809833,mean,mean,1,"{'std_not_target': 0.0, 'std_target': 0.0}",,{},"{'repeat_aggregation': 'mean', 'n_repeats': 1}"
semif_qwen35_4b,Qwen/Qwen3.5-4B@851bf6e806efd8d0a36b00ddf55e13ccb7b8cd0a,compound__seed_000047__repr_table,compound__seed_000047,compound,3,table,"(0.10,0.30]","{'parameters': {'p_A': 0.84647, 'query': 'not_A', 'subtask': 'complement'}}","{'not_target': 0.84647, 'target': 0.15353000000000006}","{'not_target': 0.8670357598021706, 'target': 0.13296424019782924}","{'tv': 0.02056575980217075, 'mae_binary': 0.02056575980217068, 'rmse_binary': 0.02056575980217068, 'brier_regret': 0.0008459009524811646, 'kl': 0.0017601324678288566}",not_target,not_target,True,117.15180706232786,mean,mean,1,"{'std_not_target': 0.0, 'std_target': 0.0}",,{},"{'repeat_aggregation': 'mean', 'n_repeats': 1}"
semif_qwen35_4b,Qwen/Qwen3.5-4B@851bf6e806efd8d0a36b00ddf55e13ccb7b8cd0a,compound__seed_000048__repr_direct,compound__seed_000048,compound,3,direct,"(0.30,0.45]","{'parameters': {'independent': True, 'p_A': 0.933733, 'p_B': 0.403957, 'query': 'A_and_B', 'subtask': 'intersection'}}","{'not_target': 0.622812018519, 'target': 0.377187981481}","{'not_target': 0.07585818002124356, 'target': 0.9241418199787566}","{'tv': 0.5469538384977566, 'mae_binary': 0.5469538384977565, 'rmse_binary': 0.5469538384977565, 'brier_regret': 0.5983170028948599, 'kl': 0.973249070353768}",target,not_target,False,107.95484902337193,mean,mean,1,"{'std_not_target': 0.0, 'std_target': 0.0}",,{},"{'repeat_aggregation': 'mean', 'n_repeats': 1}"
semif_qwen35_4b,Qwen/Qwen3.5-4B@851bf6e806efd8d0a36b00ddf55e13ccb7b8cd0a,compound__seed_000048__repr_prose,compound__seed_000048,compound,3,prose,"(0.30,0.45]","{'parameters': {'independent': True, 'p_A': 0.933733, 'p_B': 0.403957, 'query': 'A_and_B', 'subtask': 'intersection'}}","{'not_target': 0.622812018519, 'target': 0.377187981481}","{'not_target': 0.22270013882530884, 'target': 0.7772998611746911}","{'tv': 0.4001118796936911, 'mae_binary': 0.4001118796936912, 'rmse_binary': 0.4001118796936912, 'brier_regret': 0.32017903254403757, 'kl': 0.3677733942578412}",target,not_target,False,117.76943923905492,mean,mean,1,"{'std_not_target': 0.0, 'std_target': 0.0}",,{},"{'repeat_aggregation': 'mean', 'n_repeats': 1}"
semif_qwen35_4b,Qwen/Qwen3.5-4B@851bf6e806efd8d0a36b00ddf55e13ccb7b8cd0a,compound__seed_000048__repr_table,compound__seed_000048,compound,3,table,"(0.30,0.45]","{'parameters': {'independent': True, 'p_A': 0.933733, 'p_B': 0.403957, 'query': 'A_and_B', 'subtask': 'intersection'}}","{'not_target': 0.622812018519, 'target': 0.377187981481}","{'not_target': 0.02595735719779685, 'target': 0.9740426428022031}","{'tv': 0.5968546613212031, 'mae_binary': 0.5968546613212031, 'rmse_binary': 0.5968546613212031, 'brier_regret': 0.7124709734816962, 'kl': 1.6213230520819688}",target,not_target,False,129.48957970365882,mean,mean,1,"{'std_not_target': 0.0, 'std_target': 0.0}",,{},"{'repeat_aggregation': 'mean', 'n_repeats': 1}"
semif_qwen35_4b,Qwen/Qwen3.5-4B@851bf6e806efd8d0a36b00ddf55e13ccb7b8cd0a,compound__seed_000049__repr_direct,compound__seed_000049,compound,3,direct,"(0.55,0.70]","{'parameters': {'independent': True, 'p_A': 0.031994, 'p_B': 0.588463, 'query': 'A_or_B', 'subtask': 'union'}}","{'not_target': 0.39837028522200013, 'target': 0.6016297147779999}","{'not_target': 0.0953494648991095, 'target': 0.9046505351008906}","{'tv': 0.3030208203228907, 'mae_binary': 0.3030208203228906, 'rmse_binary': 0.3030208203228906, 'brier_regret': 0.18364323509831515, 'kl': 0.324194361923837}",target,target,True,114.56204811111093,mean,mean,1,"{'std_not_target': 0.0, 'std_target': 0.0}",,{},"{'repeat_aggregation': 'mean', 'n_repeats': 1}"
semif_qwen35_4b,Qwen/Qwen3.5-4B@851bf6e806efd8d0a36b00ddf55e13ccb7b8cd0a,compound__seed_000049__repr_prose,compound__seed_000049,compound,3,prose,"(0.55,0.70]","{'parameters': {'independent': True, 'p_A': 0.031994, 'p_B': 0.588463, 'query': 'A_or_B', 'subtask': 'union'}}","{'not_target': 0.39837028522200013, 'target': 0.6016297147779999}","{'not_target': 0.07585818002124356, 'target': 0.9241418199787566}","{'tv': 0.3225121052007566, 'mae_binary': 0.32251210520075657, 'rmse_binary': 0.32251210520075657, 'brier_regret': 0.20802811600204782, 'kl': 0.4024701086051393}",target,target,True,121.64481310173869,mean,mean,1,"{'std_not_target': 0.0, 'std_target': 0.0}",,{},"{'repeat_aggregation': 'mean', 'n_repeats': 1}"
semif_qwen35_4b,Qwen/Qwen3.5-4B@851bf6e806efd8d0a36b00ddf55e13ccb7b8cd0a,compound__seed_000049__repr_table,compound__seed_000049,compound,3,table,"(0.55,0.70]","{'parameters': {'independent': True, 'p_A': 0.031994, 'p_B': 0.588463, 'query': 'A_or_B', 'subtask': 'union'}}","{'not_target': 0.39837028522200013, 'target': 0.6016297147779999}","{'not_target': 0.033085978388704126, 'target': 0.9669140216112958}","{'tv': 0.36528430683329594, 'mae_binary': 0.365284306833296, 'rmse_binary': 0.365284306833296, 'brier_regret': 0.266865249637363, 'kl': 0.7058000738648789}",target,target,True,129.68818796798587,mean,mean,1,"{'std_not_target': 0.0, 'std_target': 0.0}",,{},"{'repeat_aggregation': 'mean', 'n_repeats': 1}"
semif_qwen35_4b,Qwen/Qwen3.5-4B@851bf6e806efd8d0a36b00ddf55e13ccb7b8cd0a,compound__seed_000050__repr_direct,compound__seed_000050,compound,3,direct,"[0.01,0.10]","{'parameters': {'k': 4, 'n': 9, 'query': 'exactly_k_successes', 'subtask': 'repeated_exact', 'success_probability': 0.2224}}","{'not_target': 0.912362307039702, 'target': 0.08763769296029794}","{'not_target': 0.10669059394565118, 'target': 0.8933094060543487}","{'tv': 0.8056717130940507, 'mae_binary': 0.8056717130940508, 'rmse_binary': 0.8056717130940508, 'brier_regret': 1.2982138185598049, 'kl': 1.7545542153862832}",target,not_target,False,113.28500881791115,mean,mean,1,"{'std_not_target': 0.0, 'std_target': 0.0}",,{},"{'repeat_aggregation': 'mean', 'n_repeats': 1}"
semif_qwen35_4b,Qwen/Qwen3.5-4B@851bf6e806efd8d0a36b00ddf55e13ccb7b8cd0a,compound__seed_000050__repr_prose,compound__seed_000050,compound,3,prose,"[0.01,0.10]","{'parameters': {'k': 4, 'n': 9, 'query': 'exactly_k_successes', 'subtask': 'repeated_exact', 'success_probability': 0.2224}}","{'not_target': 0.912362307039702, 'target': 0.08763769296029794}","{'not_target': 0.4378234991142019, 'target': 0.5621765008857981}","{'tv': 0.47453880792550013, 'mae_binary': 0.47453880792550013, 'rmse_binary': 0.47453880792550013, 'brier_regret': 0.4503741604547094, 'kl': 0.5069920307941163}",target,not_target,False,120.5419497564435,mean,mean,1,"{'std_not_target': 0.0, 'std_target': 0.0}",,{},"{'repeat_aggregation': 'mean', 'n_repeats': 1}"
semif_qwen35_4b,Qwen/Qwen3.5-4B@851bf6e806efd8d0a36b00ddf55e13ccb7b8cd0a,compound__seed_000050__repr_table,compound__seed_000050,compound,3,table,"[0.01,0.10]","{'parameters': {'k': 4, 'n': 9, 'query': 'exactly_k_successes', 'subtask': 'repeated_exact', 'success_probability': 0.2224}}","{'not_target': 0.912362307039702, 'target': 0.08763769296029794}","{'not_target': 0.04208772791561884, 'target': 0.9579122720843811}","{'tv': 0.8702745791240831, 'mae_binary': 0.8702745791240831, 'rmse_binary': 0.8702745791240831, 'brier_regret': 1.5147556861392, 'kl': 2.5970933228835036}",target,not_target,False,130.2909548394382,mean,mean,1,"{'std_not_target': 0.0, 'std_target': 0.0}",,{},"{'repeat_aggregation': 'mean', 'n_repeats': 1}"
semif_qwen35_4b,Qwen/Qwen3.5-4B@851bf6e806efd8d0a36b00ddf55e13ccb7b8cd0a,compound__seed_000051__repr_direct,compound__seed_000051,compound,3,direct,"(0.55,0.70]","{'parameters': {'bad': 14, 'draws_without_replacement': 1, 'good': 19, 'k_good': 1, 'subtask': 'hypergeometric'}}","{'not_target': 0.4242424242424242, 'target': 0.5757575757575758}","{'not_target': 0.13296424019782924, 'target': 0.8670357598021706}","{'tv': 0.2912781840445949, 'mae_binary': 0.29127818404459493, 'rmse_binary': 0.29127818404459493, 'brier_regret': 0.16968596100063377, 'kl': 0.2565051694353634}",target,target,True,107.74222575128078,mean,mean,1,"{'std_not_target': 0.0, 'std_target': 0.0}",,{},"{'repeat_aggregation': 'mean', 'n_repeats': 1}"
semif_qwen35_4b,Qwen/Qwen3.5-4B@851bf6e806efd8d0a36b00ddf55e13ccb7b8cd0a,compound__seed_000051__repr_prose,compound__seed_000051,compound,3,prose,"(0.55,0.70]","{'parameters': {'bad': 14, 'draws_without_replacement': 1, 'good': 19, 'k_good': 1, 'subtask': 'hypergeometric'}}","{'not_target': 0.4242424242424242, 'target': 0.5757575757575758}","{'not_target': 0.1480471980316895, 'target': 0.8519528019683106}","{'tv': 0.2761952262107347, 'mae_binary': 0.27619522621073467, 'rmse_binary': 0.27619522621073467, 'brier_regret': 0.15256760596319785, 'kl': 0.22102395923754584}",target,target,True,116.3976639509201,mean,mean,1,"{'std_not_target': 0.0, 'std_target': 0.0}",,{},"{'repeat_aggregation': 'mean', 'n_repeats': 1}"
semif_qwen35_4b,Qwen/Qwen3.5-4B@851bf6e806efd8d0a36b00ddf55e13ccb7b8cd0a,compound__seed_000051__repr_table,compound__seed_000051,compound,3,table,"(0.55,0.70]","{'parameters': {'bad': 14, 'draws_without_replacement': 1, 'good': 19, 'k_good': 1, 'subtask': 'hypergeometric'}}","{'not_target': 0.4242424242424242, 'target': 0.5757575757575758}","{'not_target': 0.08509904500702024, 'target': 0.9149009549929797}","{'tv': 0.33914337923540394, 'mae_binary': 0.33914337923540394, 'rmse_binary': 0.33914337923540394, 'brier_regret': 0.23003646335841804, 'kl': 0.4148907894259126}",target,target,True,127.87660397589207,mean,mean,1,"{'std_not_target': 0.0, 'std_target': 0.0}",,{},"{'repeat_aggregation': 'mean', 'n_repeats': 1}"
semif_qwen35_4b,Qwen/Qwen3.5-4B@851bf6e806efd8d0a36b00ddf55e13ccb7b8cd0a,compound__seed_000052__repr_direct,compound__seed_000052,compound,3,direct,"(0.45,0.55]","{'parameters': {'p_A': 0.453999, 'query': 'not_A', 'subtask': 'complement'}}","{'not_target': 0.45399900000000004, 'target': 0.546001}","{'not_target': 0.6513548646660542, 'target': 0.34864513533394575}","{'tv': 0.19735586466605418, 'mae_binary': 0.19735586466605415, 'rmse_binary': 0.19735586466605415, 'brier_regret': 0.07789867463617178, 'kl': 0.08104229748566652}",not_target,target,False,105.78011395409703,mean,mean,1,"{'std_not_target': 0.0, 'std_target': 0.0}",,{},"{'repeat_aggregation': 'mean', 'n_repeats': 1}"
semif_qwen35_4b,Qwen/Qwen3.5-4B@851bf6e806efd8d0a36b00ddf55e13ccb7b8cd0a,compound__seed_000052__repr_prose,compound__seed_000052,compound,3,prose,"(0.45,0.55]","{'parameters': {'p_A': 0.453999, 'query': 'not_A', 'subtask': 'complement'}}","{'not_target': 0.45399900000000004, 'target': 0.546001}","{'not_target': 0.4378234991142019, 'target': 0.5621765008857981}","{'tv': 0.01617550088579814, 'mae_binary': 0.016175500885798166, 'rmse_binary': 0.016175500885798166, 'brier_regret': 0.0005232936578129127, 'kl': 0.0005301640879914783}",target,target,True,117.59131075814366,mean,mean,1,"{'std_not_target': 0.0, 'std_target': 0.0}",,{},"{'repeat_aggregation': 'mean', 'n_repeats': 1}"
semif_qwen35_4b,Qwen/Qwen3.5-4B@851bf6e806efd8d0a36b00ddf55e13ccb7b8cd0a,compound__seed_000052__repr_table,compound__seed_000052,compound,3,table,"(0.45,0.55]","{'parameters': {'p_A': 0.453999, 'query': 'not_A', 'subtask': 'complement'}}","{'not_target': 0.45399900000000004, 'target': 0.546001}","{'not_target': 0.8354835371034369, 'target': 0.1645164628965632}","{'tv': 0.3814845371034368, 'mae_binary': 0.3814845371034369, 'rmse_binary': 0.3814845371034369, 'brier_regret': 0.29106090409804697, 'kl': 0.3780872545948068}",not_target,target,False,121.52663804590702,mean,mean,1,"{'std_not_target': 0.0, 'std_target': 0.0}",,{},"{'repeat_aggregation': 'mean', 'n_repeats': 1}"
semif_qwen35_4b,Qwen/Qwen3.5-4B@851bf6e806efd8d0a36b00ddf55e13ccb7b8cd0a,compound__seed_000053__repr_direct,compound__seed_000053,compound,3,direct,"(0,0.01)","{'parameters': {'independent': True, 'p_A': 0.619861, 'p_B': 0.0114, 'query': 'A_and_B', 'subtask': 'intersection'}}","{'not_target': 0.9929335846, 'target': 0.0070664154000000005}","{'not_target': 0.10669059394565118, 'target': 0.8933094060543487}","{'tv': 0.8862429906543488, 'mae_binary': 0.8862429906543489, 'rmse_binary': 0.8862429906543489, 'brier_regret': 1.5708532769679284, 'kl': 2.180769027419398}",target,not_target,False,107.4438258074224,mean,mean,1,"{'std_not_target': 0.0, 'std_target': 0.0}",,{},"{'repeat_aggregation': 'mean', 'n_repeats': 1}"
semif_qwen35_4b,Qwen/Qwen3.5-4B@851bf6e806efd8d0a36b00ddf55e13ccb7b8cd0a,compound__seed_000053__repr_prose,compound__seed_000053,compound,3,prose,"(0,0.01)","{'parameters': {'independent': True, 'p_A': 0.619861, 'p_B': 0.0114, 'query': 'A_and_B', 'subtask': 'intersection'}}","{'not_target': 0.9929335846, 'target': 0.0070664154000000005}","{'not_target': 0.29421497216298875, 'target': 0.7057850278370112}","{'tv': 0.6987186124370113, 'mae_binary': 0.6987186124370113, 'rmse_binary': 0.6987186124370113, 'brier_regret': 0.9764153987318047, 'kl': 1.1752243489028842}",target,not_target,False,119.47574187070131,mean,mean,1,"{'std_not_target': 0.0, 'std_target': 0.0}",,{},"{'repeat_aggregation': 'mean', 'n_repeats': 1}"
semif_qwen35_4b,Qwen/Qwen3.5-4B@851bf6e806efd8d0a36b00ddf55e13ccb7b8cd0a,compound__seed_000053__repr_table,compound__seed_000053,compound,3,table,"(0,0.01)","{'parameters': {'independent': True, 'p_A': 0.619861, 'p_B': 0.0114, 'query': 'A_and_B', 'subtask': 'intersection'}}","{'not_target': 0.9929335846, 'target': 0.0070664154000000005}","{'not_target': 0.02297736991002561, 'target': 0.9770226300899744}","{'tv': 0.9699562146899744, 'mae_binary': 0.9699562146899744, 'rmse_binary': 0.9699562146899744, 'brier_regret': 1.8816301168314074, 'kl': 3.7047092879952537}",target,not_target,False,128.70745221152902,mean,mean,1,"{'std_not_target': 0.0, 'std_target': 0.0}",,{},"{'repeat_aggregation': 'mean', 'n_repeats': 1}"
semif_qwen35_4b,Qwen/Qwen3.5-4B@851bf6e806efd8d0a36b00ddf55e13ccb7b8cd0a,compound__seed_000054__repr_direct,compound__seed_000054,compound,3,direct,"(0.70,0.90]","{'parameters': {'independent': True, 'p_A': 0.808057, 'p_B': 0.435333, 'query': 'A_or_B', 'subtask': 'union'}}","{'not_target': 0.10838387798100002, 'target': 0.891616122019}","{'not_target': 0.053403329799824234, 'target': 0.9465966702001757}","{'tv': 0.054980548181175745, 'mae_binary': 0.05498054818117579, 'rmse_binary': 0.05498054818117579, 'brier_regret': 0.006045721356605175, 'kl': 0.023362781221427938}",target,target,True,114.82767993584275,mean,mean,1,"{'std_not_target': 0.0, 'std_target': 0.0}",,{},"{'repeat_aggregation': 'mean', 'n_repeats': 1}"
semif_qwen35_4b,Qwen/Qwen3.5-4B@851bf6e806efd8d0a36b00ddf55e13ccb7b8cd0a,compound__seed_000054__repr_prose,compound__seed_000054,compound,3,prose,"(0.70,0.90]","{'parameters': {'independent': True, 'p_A': 0.808057, 'p_B': 0.435333, 'query': 'A_or_B', 'subtask': 'union'}}","{'not_target': 0.10838387798100002, 'target': 0.891616122019}","{'not_target': 0.20181322226037882, 'target': 0.7981867777396212}","{'tv': 0.09342934427937878, 'mae_binary': 0.0934293442793788, 'rmse_binary': 0.0934293442793788, 'brier_regret': 0.01745808474494938, 'kl': 0.0313174366934976}",target,target,True,120.08097395300865,mean,mean,1,"{'std_not_target': 0.0, 'std_target': 0.0}",,{},"{'repeat_aggregation': 'mean', 'n_repeats': 1}"
semif_qwen35_4b,Qwen/Qwen3.5-4B@851bf6e806efd8d0a36b00ddf55e13ccb7b8cd0a,compound__seed_000054__repr_table,compound__seed_000054,compound,3,table,"(0.70,0.90]","{'parameters': {'independent': True, 'p_A': 0.808057, 'p_B': 0.435333, 'query': 'A_or_B', 'subtask': 'union'}}","{'not_target': 0.10838387798100002, 'target': 0.891616122019}","{'not_target': 0.037326887344129464, 'target': 0.9626731126558706}","{'tv': 0.0710569906368706, 'mae_binary': 0.07105699063687056, 'rmse_binary': 0.07105699063687056, 'brier_regret': 0.010098191836736634, 'kl': 0.04716592799400775}",target,target,True,130.51762804389,mean,mean,1,"{'std_not_target': 0.0, 'std_target': 0.0}",,{},"{'repeat_aggregation': 'mean', 'n_repeats': 1}"
semif_qwen35_4b,Qwen/Qwen3.5-4B@851bf6e806efd8d0a36b00ddf55e13ccb7b8cd0a,compound__seed_000055__repr_direct,compound__seed_000055,compound,3,direct,"(0,0.01)","{'parameters': {'k': 3, 'n': 7, 'query': 'exactly_k_successes', 'subtask': 'repeated_exact', 'success_probability': 0.963857}}","{'not_target': 0.9999465186141359, 'target': 5.348138586410087e-05}","{'not_target': 0.07585818002124356, 'target': 0.9241418199787566}","{'tv': 0.9240883385928924, 'mae_binary': 0.9240883385928923, 'rmse_binary': 0.9240883385928923, 'brier_regret': 1.7078785150467442, 'kl': 2.578176498500371}",target,not_target,False,114.80734404176474,mean,mean,1,"{'std_not_target': 0.0, 'std_target': 0.0}",,{},"{'repeat_aggregation': 'mean', 'n_repeats': 1}"
semif_qwen35_4b,Qwen/Qwen3.5-4B@851bf6e806efd8d0a36b00ddf55e13ccb7b8cd0a,compound__seed_000055__repr_prose,compound__seed_000055,compound,3,prose,"(0,0.01)","{'parameters': {'k': 3, 'n': 7, 'query': 'exactly_k_successes', 'subtask': 'repeated_exact', 'success_probability': 0.963857}}","{'not_target': 0.9999465186141359, 'target': 5.348138586410087e-05}","{'not_target': 0.32082130082460697, 'target': 0.679178699175393}","{'tv': 0.6791252177895288, 'mae_binary': 0.6791252177895288, 'rmse_binary': 0.6791252177895288, 'brier_regret': 0.92242212287535, 'kl': 1.1362513627479842}",target,not_target,False,120.51575817167759,mean,mean,1,"{'std_not_target': 0.0, 'std_target': 0.0}",,{},"{'repeat_aggregation': 'mean', 'n_repeats': 1}"
semif_qwen35_4b,Qwen/Qwen3.5-4B@851bf6e806efd8d0a36b00ddf55e13ccb7b8cd0a,compound__seed_000055__repr_table,compound__seed_000055,compound,3,table,"(0,0.01)","{'parameters': {'k': 3, 'n': 7, 'query': 'exactly_k_successes', 'subtask': 'repeated_exact', 'success_probability': 0.963857}}","{'not_target': 0.9999465186141359, 'target': 5.348138586410087e-05}","{'not_target': 0.037326887344129464, 'target': 0.9626731126558706}","{'tv': 0.9626196312700064, 'mae_binary': 0.9626196312700064, 'rmse_binary': 0.9626196312700064, 'brier_regret': 1.8532731090128063, 'kl': 3.287288024856206}",target,not_target,False,131.30645919591188,mean,mean,1,"{'std_not_target': 0.0, 'std_target': 0.0}",,{},"{'repeat_aggregation': 'mean', 'n_repeats': 1}"
semif_qwen35_4b,Qwen/Qwen3.5-4B@851bf6e806efd8d0a36b00ddf55e13ccb7b8cd0a,compound__seed_000056__repr_direct,compound__seed_000056,compound,3,direct,"(0.10,0.30]","{'parameters': {'bad': 20, 'draws_without_replacement': 2, 'good': 17, 'k_good': 2, 'subtask': 'hypergeometric'}}","{'not_target': 0.7957957957957957, 'target': 0.2042042042042042}","{'not_target': 0.10669059394565118, 'target': 0.8933094060543487}","{'tv': 0.6891052018501445, 'mae_binary': 0.6891052018501446, 'rmse_binary': 0.6891052018501446, 'brier_regret': 0.9497319584338568, 'kl': 1.297712605122429}",target,not_target,False,107.94302588328719,mean,mean,1,"{'std_not_target': 0.0, 'std_target': 0.0}",,{},"{'repeat_aggregation': 'mean', 'n_repeats': 1}"
semif_qwen35_4b,Qwen/Qwen3.5-4B@851bf6e806efd8d0a36b00ddf55e13ccb7b8cd0a,compound__seed_000056__repr_prose,compound__seed_000056,compound,3,prose,"(0.10,0.30]","{'parameters': {'bad': 20, 'draws_without_replacement': 2, 'good': 17, 'k_good': 2, 'subtask': 'hypergeometric'}}","{'not_target': 0.7957957957957957, 'target': 0.2042042042042042}","{'not_target': 0.18242552380635632, 'target': 0.8175744761936437}","{'tv': 0.6133702719894394, 'mae_binary': 0.6133702719894394, 'rmse_binary': 0.6133702719894394, 'brier_regret': 0.7524461811207978, 'kl': 0.8889312319612397}",target,not_target,False,117.181486915797,mean,mean,1,"{'std_not_target': 0.0, 'std_target': 0.0}",,{},"{'repeat_aggregation': 'mean', 'n_repeats': 1}"
semif_qwen35_4b,Qwen/Qwen3.5-4B@851bf6e806efd8d0a36b00ddf55e13ccb7b8cd0a,compound__seed_000056__repr_table,compound__seed_000056,compound,3,table,"(0.10,0.30]","{'parameters': {'bad': 20, 'draws_without_replacement': 2, 'good': 17, 'k_good': 2, 'subtask': 'hypergeometric'}}","{'not_target': 0.7957957957957957, 'target': 0.2042042042042042}","{'not_target': 0.04208772791561884, 'target': 0.9579122720843811}","{'tv': 0.7537080678801769, 'mae_binary': 0.7537080678801769, 'rmse_binary': 0.7537080678801769, 'brier_regret': 1.1361517031753385, 'kl': 2.023685201375743}",target,not_target,False,128.05166002362967,mean,mean,1,"{'std_not_target': 0.0, 'std_target': 0.0}",,{},"{'repeat_aggregation': 'mean', 'n_repeats': 1}"
semif_qwen35_4b,Qwen/Qwen3.5-4B@851bf6e806efd8d0a36b00ddf55e13ccb7b8cd0a,compound__seed_000057__repr_direct,compound__seed_000057,compound,3,direct,"(0.70,0.90]","{'parameters': {'p_A': 0.226962, 'query': 'not_A', 'subtask': 'complement'}}","{'not_target': 0.226962, 'target': 0.773038}","{'not_target': 0.7057850278370112, 'target': 0.29421497216298875}","{'tv': 0.47882302783701125, 'mae_binary': 0.47882302783701125, 'rmse_binary': 0.47882302783701125, 'brier_regret': 0.4585429839740065, 'kl': 0.4892734771672586}",not_target,target,False,106.76347417756915,mean,mean,1,"{'std_not_target': 0.0, 'std_target': 0.0}",,{},"{'repeat_aggregation': 'mean', 'n_repeats': 1}"
semif_qwen35_4b,Qwen/Qwen3.5-4B@851bf6e806efd8d0a36b00ddf55e13ccb7b8cd0a,compound__seed_000057__repr_prose,compound__seed_000057,compound,3,prose,"(0.70,0.90]","{'parameters': {'p_A': 0.226962, 'query': 'not_A', 'subtask': 'complement'}}","{'not_target': 0.226962, 'target': 0.773038}","{'not_target': 0.5621765008857981, 'target': 0.4378234991142019}","{'tv': 0.3352145008857981, 'mae_binary': 0.3352145008857981, 'rmse_binary': 0.3352145008857981, 'brier_regret': 0.22473752320822948, 'kl': 0.23361956604104633}",not_target,target,False,115.85680022835732,mean,mean,1,"{'std_not_target': 0.0, 'std_target': 0.0}",,{},"{'repeat_aggregation': 'mean', 'n_repeats': 1}"
semif_qwen35_4b,Qwen/Qwen3.5-4B@851bf6e806efd8d0a36b00ddf55e13ccb7b8cd0a,compound__seed_000057__repr_table,compound__seed_000057,compound,3,table,"(0.70,0.90]","{'parameters': {'p_A': 0.226962, 'query': 'not_A', 'subtask': 'complement'}}","{'not_target': 0.226962, 'target': 0.773038}","{'not_target': 0.8354835371034369, 'target': 0.1645164628965632}","{'tv': 0.6085215371034369, 'mae_binary': 0.6085215371034369, 'rmse_binary': 0.6085215371034369, 'brier_regret': 0.740596922237459, 'kl': 0.9003520315478618}",not_target,target,False,119.78958174586296,mean,mean,1,"{'std_not_target': 0.0, 'std_target': 0.0}",,{},"{'repeat_aggregation': 'mean', 'n_repeats': 1}"
semif_qwen35_4b,Qwen/Qwen3.5-4B@851bf6e806efd8d0a36b00ddf55e13ccb7b8cd0a,compound__seed_000058__repr_direct,compound__seed_000058,compound,3,direct,"(0.30,0.45]","{'parameters': {'independent': True, 'p_A': 0.448231, 'p_B': 0.751995, 'query': 'A_and_B', 'subtask': 'intersection'}}","{'not_target': 0.662932529155, 'target': 0.337067470845}","{'not_target': 0.07585818002124356, 'target': 0.9241418199787566}","{'tv': 0.5870743491337564, 'mae_binary': 0.5870743491337564, 'rmse_binary': 0.5870743491337564, 'brier_regret': 0.6893125828216476, 'kl': 1.0971498974217642}",target,not_target,False,105.34769808873534,mean,mean,1,"{'std_not_target': 0.0, 'std_target': 0.0}",,{},"{'repeat_aggregation': 'mean', 'n_repeats': 1}"
semif_qwen35_4b,Qwen/Qwen3.5-4B@851bf6e806efd8d0a36b00ddf55e13ccb7b8cd0a,compound__seed_000058__repr_prose,compound__seed_000058,compound,3,prose,"(0.30,0.45]","{'parameters': {'independent': True, 'p_A': 0.448231, 'p_B': 0.751995, 'query': 'A_and_B', 'subtask': 'intersection'}}","{'not_target': 0.662932529155, 'target': 0.337067470845}","{'not_target': 0.32082130082460697, 'target': 0.679178699175393}","{'tv': 0.342111228330393, 'mae_binary': 0.34211122833039304, 'rmse_binary': 0.34211122833039304, 'brier_regret': 0.2340801850994606, 'kl': 0.24499924322286457}",target,not_target,False,118.01819084212184,mean,mean,1,"{'std_not_target': 0.0, 'std_target': 0.0}",,{},"{'repeat_aggregation': 'mean', 'n_repeats': 1}"
semif_qwen35_4b,Qwen/Qwen3.5-4B@851bf6e806efd8d0a36b00ddf55e13ccb7b8cd0a,compound__seed_000058__repr_table,compound__seed_000058,compound,3,table,"(0.30,0.45]","{'parameters': {'independent': True, 'p_A': 0.448231, 'p_B': 0.751995, 'query': 'A_and_B', 'subtask': 'intersection'}}","{'not_target': 0.662932529155, 'target': 0.337067470845}","{'not_target': 0.029312230751356316, 'target': 0.9706877692486436}","{'tv': 0.6336202984036436, 'mae_binary': 0.6336202984036436, 'rmse_binary': 0.6336202984036436, 'brier_regret': 0.8029493650982449, 'kl': 1.710943110556835}",target,not_target,False,127.89700413122773,mean,mean,1,"{'std_not_target': 0.0, 'std_target': 0.0}",,{},"{'repeat_aggregation': 'mean', 'n_repeats': 1}"
semif_qwen35_4b,Qwen/Qwen3.5-4B@851bf6e806efd8d0a36b00ddf55e13ccb7b8cd0a,compound__seed_000059__repr_direct,compound__seed_000059,compound,3,direct,"(0.45,0.55]","{'parameters': {'independent': True, 'p_A': 0.479732, 'p_B': 0.030902, 'query': 'A_or_B', 'subtask': 'union'}}","{'not_target': 0.504190678264, 'target': 0.495809321736}","{'not_target': 0.08509904500702024, 'target': 0.9149009549929797}","{'tv': 0.41909163325697973, 'mae_binary': 0.41909163325697973, 'rmse_binary': 0.41909163325697973, 'brier_regret': 0.3512755941320056, 'kl': 0.5932802697718513}",target,not_target,False,113.43769682571292,mean,mean,1,"{'std_not_target': 0.0, 'std_target': 0.0}",,{},"{'repeat_aggregation': 'mean', 'n_repeats': 1}"
semif_qwen35_4b,Qwen/Qwen3.5-4B@851bf6e806efd8d0a36b00ddf55e13ccb7b8cd0a,compound__seed_000059__repr_prose,compound__seed_000059,compound,3,prose,"(0.45,0.55]","{'parameters': {'independent': True, 'p_A': 0.479732, 'p_B': 0.030902, 'query': 'A_or_B', 'subtask': 'union'}}","{'not_target': 0.504190678264, 'target': 0.495809321736}","{'not_target': 0.11920292202211755, 'target': 0.8807970779778823}","{'tv': 0.38498775624188236, 'mae_binary': 0.3849877562418824, 'rmse_binary': 0.3849877562418824, 'brier_regret': 0.29643114491231803, 'kl': 0.44219731099088533}",target,not_target,False,121.699885930866,mean,mean,1,"{'std_not_target': 0.0, 'std_target': 0.0}",,{},"{'repeat_aggregation': 'mean', 'n_repeats': 1}"
semif_qwen35_4b,Qwen/Qwen3.5-4B@851bf6e806efd8d0a36b00ddf55e13ccb7b8cd0a,compound__seed_000059__repr_table,compound__seed_000059,compound,3,table,"(0.45,0.55]","{'parameters': {'independent': True, 'p_A': 0.479732, 'p_B': 0.030902, 'query': 'A_or_B', 'subtask': 'union'}}","{'not_target': 0.504190678264, 'target': 0.495809321736}","{'not_target': 0.029312230751356316, 'target': 0.9706877692486436}","{'tv': 0.47487844751264363, 'mae_binary': 0.4748784475126437, 'rmse_binary': 0.4748784475126437, 'brier_regret': 0.45101907982403733, 'kl': 1.1013057356165332}",target,not_target,False,131.49801082909107,mean,mean,1,"{'std_not_target': 0.0, 'std_target': 0.0}",,{},"{'repeat_aggregation': 'mean', 'n_repeats': 1}"
semif_qwen35_4b,Qwen/Qwen3.5-4B@851bf6e806efd8d0a36b00ddf55e13ccb7b8cd0a,compound__seed_000060__repr_direct,compound__seed_000060,compound,3,direct,"[0.01,0.10]","{'parameters': {'k': 1, 'n': 7, 'query': 'exactly_k_successes', 'subtask': 'repeated_exact', 'success_probability': 0.576366}}","{'not_target': 0.9766793181437634, 'target': 0.023320681856236536}","{'not_target': 0.0953494648991095, 'target': 0.9046505351008906}","{'tv': 0.881329853244654, 'mae_binary': 0.8813298532446538, 'rmse_binary': 0.8813298532446538, 'brier_regret': 1.5534846204404866, 'kl': 2.1870396158170418}",target,not_target,False,116.08694307506084,mean,mean,1,"{'std_not_target': 0.0, 'std_target': 0.0}",,{},"{'repeat_aggregation': 'mean', 'n_repeats': 1}"
semif_qwen35_4b,Qwen/Qwen3.5-4B@851bf6e806efd8d0a36b00ddf55e13ccb7b8cd0a,compound__seed_000060__repr_prose,compound__seed_000060,compound,3,prose,"[0.01,0.10]","{'parameters': {'k': 1, 'n': 7, 'query': 'exactly_k_successes', 'subtask': 'repeated_exact', 'success_probability': 0.576366}}","{'not_target': 0.9766793181437634, 'target': 0.023320681856236536}","{'not_target': 0.4073334000459302, 'target': 0.5926665999540697}","{'tv': 0.5693459180978331, 'mae_binary': 0.5693459180978332, 'rmse_binary': 0.5693459180978332, 'brier_regret': 0.648309548909329, 'kl': 0.7786825995205783}",target,not_target,False,120.57324592024088,mean,mean,1,"{'std_not_target': 0.0, 'std_target': 0.0}",,{},"{'repeat_aggregation': 'mean', 'n_repeats': 1}"
semif_qwen35_4b,Qwen/Qwen3.5-4B@851bf6e806efd8d0a36b00ddf55e13ccb7b8cd0a,compound__seed_000060__repr_table,compound__seed_000060,compound,3,table,"[0.01,0.10]","{'parameters': {'k': 1, 'n': 7, 'query': 'exactly_k_successes', 'subtask': 'repeated_exact', 'success_probability': 0.576366}}","{'not_target': 0.9766793181437634, 'target': 0.023320681856236536}","{'not_target': 0.06008665017400762, 'target': 0.9399133498259924}","{'tv': 0.9165926679697558, 'mae_binary': 0.9165926679697558, 'rmse_binary': 0.9165926679697558, 'brier_regret': 1.68028423795183, 'kl': 2.637140304975375}",target,not_target,False,130.9223473072052,mean,mean,1,"{'std_not_target': 0.0, 'std_target': 0.0}",,{},"{'repeat_aggregation': 'mean', 'n_repeats': 1}"
semif_qwen35_4b,Qwen/Qwen3.5-4B@851bf6e806efd8d0a36b00ddf55e13ccb7b8cd0a,compound__seed_000061__repr_direct,compound__seed_000061,compound,3,direct,"[0.01,0.10]","{'parameters': {'bad': 13, 'draws_without_replacement': 4, 'good': 13, 'k_good': 4, 'subtask': 'hypergeometric'}}","{'not_target': 0.9521739130434783, 'target': 0.04782608695652174}","{'not_target': 0.11920292202211755, 'target': 0.8807970779778823}","{'tv': 0.8329709910213606, 'mae_binary': 0.8329709910213607, 'rmse_binary': 0.8329709910213607, 'brier_regret': 1.3876813437662152, 'kl': 1.839211992687585}",target,not_target,False,108.07131417095661,mean,mean,1,"{'std_not_target': 0.0, 'std_target': 0.0}",,{},"{'repeat_aggregation': 'mean', 'n_repeats': 1}"
semif_qwen35_4b,Qwen/Qwen3.5-4B@851bf6e806efd8d0a36b00ddf55e13ccb7b8cd0a,compound__seed_000061__repr_prose,compound__seed_000061,compound,3,prose,"[0.01,0.10]","{'parameters': {'bad': 13, 'draws_without_replacement': 4, 'good': 13, 'k_good': 4, 'subtask': 'hypergeometric'}}","{'not_target': 0.9521739130434783, 'target': 0.04782608695652174}","{'not_target': 0.11920292202211755, 'target': 0.8807970779778823}","{'tv': 0.8329709910213606, 'mae_binary': 0.8329709910213607, 'rmse_binary': 0.8329709910213607, 'brier_regret': 1.3876813437662152, 'kl': 1.839211992687585}",target,not_target,False,119.92871854454279,mean,mean,1,"{'std_not_target': 0.0, 'std_target': 0.0}",,{},"{'repeat_aggregation': 'mean', 'n_repeats': 1}"
semif_qwen35_4b,Qwen/Qwen3.5-4B@851bf6e806efd8d0a36b00ddf55e13ccb7b8cd0a,compound__seed_000061__repr_table,compound__seed_000061,compound,3,table,"[0.01,0.10]","{'parameters': {'bad': 13, 'draws_without_replacement': 4, 'good': 13, 'k_good': 4, 'subtask': 'hypergeometric'}}","{'not_target': 0.9521739130434783, 'target': 0.04782608695652174}","{'not_target': 0.06008665017400762, 'target': 0.9399133498259924}","{'tv': 0.8920872628694707, 'mae_binary': 0.8920872628694707, 'rmse_binary': 0.8920872628694707, 'brier_regret': 1.5916393691478883, 'kl': 2.4883820054304198}",target,not_target,False,127.93727638199925,mean,mean,1,"{'std_not_target': 0.0, 'std_target': 0.0}",,{},"{'repeat_aggregation': 'mean', 'n_repeats': 1}"
semif_qwen35_4b,Qwen/Qwen3.5-4B@851bf6e806efd8d0a36b00ddf55e13ccb7b8cd0a,conditional__seed_000042__repr_direct,conditional__seed_000042,conditional,4,direct,"(0.45,0.55]","{'parameters': {'boundary_rule': 'include records exactly at cutoff T', 'contingency': {'A': {'B': 74, 'not_B': 48}, 'not_A': {'B': 79, 'not_B': 55}}, 'query': 'P(A|B)', 'sampling': 'uniform among records satisfying B', 'temporal_filter': 'all records observed before cutoff T'}}","{'A': 0.48366013071895425, 'not_A': 0.5163398692810457}","{'A': 0.8175744761936437, 'not_A': 0.18242552380635632}","{'tv': 0.33391434547468934, 'mae_binary': 0.3339143454746894, 'rmse_binary': 0.3339143454746894, 'brier_regret': 0.22299758022758043, 'kl': 0.28330997908707023}",A,not_A,False,120.94062240794301,mean,mean,1,"{'std_A': 0.0, 'std_not_A': 0.0}",,{},"{'repeat_aggregation': 'mean', 'n_repeats': 1}"
semif_qwen35_4b,Qwen/Qwen3.5-4B@851bf6e806efd8d0a36b00ddf55e13ccb7b8cd0a,conditional__seed_000042__repr_distractor,conditional__seed_000042,conditional,4,distractor,"(0.45,0.55]","{'parameters': {'boundary_rule': 'include records exactly at cutoff T', 'contingency': {'A': {'B': 74, 'not_B': 48}, 'not_A': {'B': 79, 'not_B': 55}}, 'query': 'P(A|B)', 'sampling': 'uniform among records satisfying B', 'temporal_filter': 'all records observed before cutoff T'}}","{'A': 0.48366013071895425, 'not_A': 0.5163398692810457}","{'A': 0.8807970779778823, 'not_A': 0.11920292202211755}","{'tv': 0.3971369472589281, 'mae_binary': 0.39713694725892806, 'rmse_binary': 0.39713694725892806, 'brier_regret': 0.31543550975628126, 'kl': 0.46699464678781316}",A,not_A,False,131.63151498883963,mean,mean,1,"{'std_A': 0.0, 'std_not_A': 0.0}",,{},"{'repeat_aggregation': 'mean', 'n_repeats': 1}"
semif_qwen35_4b,Qwen/Qwen3.5-4B@851bf6e806efd8d0a36b00ddf55e13ccb7b8cd0a,conditional__seed_000042__repr_nested,conditional__seed_000042,conditional,4,nested,"(0.45,0.55]","{'parameters': {'boundary_rule': 'include records exactly at cutoff T', 'contingency': {'A': {'B': 74, 'not_B': 48}, 'not_A': {'B': 79, 'not_B': 55}}, 'query': 'P(A|B)', 'sampling': 'uniform among records satisfying B', 'temporal_filter': 'all records observed before cutoff T'}}","{'A': 0.48366013071895425, 'not_A': 0.5163398692810457}","{'A': 0.7981867777396212, 'not_A': 0.20181322226037882}","{'tv': 0.3145266470206669, 'mae_binary': 0.31452664702066696, 'rmse_binary': 0.31452664702066696, 'brier_regret': 0.19785402337212643, 'kl': 0.24276686904583497}",A,not_A,False,119.16548712179065,mean,mean,1,"{'std_A': 0.0, 'std_not_A': 0.0}",,{},"{'repeat_aggregation': 'mean', 'n_repeats': 1}"
semif_qwen35_4b,Qwen/Qwen3.5-4B@851bf6e806efd8d0a36b00ddf55e13ccb7b8cd0a,conditional__seed_000042__repr_prose,conditional__seed_000042,conditional,4,prose,"(0.45,0.55]","{'parameters': {'boundary_rule': 'include records exactly at cutoff T', 'contingency': {'A': {'B': 74, 'not_B': 48}, 'not_A': {'B': 79, 'not_B': 55}}, 'query': 'P(A|B)', 'sampling': 'uniform among records satisfying B', 'temporal_filter': 'all records observed before cutoff T'}}","{'A': 0.48366013071895425, 'not_A': 0.5163398692810457}","{'A': 0.8354835371034369, 'not_A': 0.1645164628965632}","{'tv': 0.3518234063844826, 'mae_binary': 0.3518234063844827, 'rmse_binary': 0.3518234063844827, 'brier_regret': 0.24755941855996155, 'kl': 0.32618382015010744}",A,not_A,False,129.9314508214593,mean,mean,1,"{'std_A': 0.0, 'std_not_A': 0.0}",,{},"{'repeat_aggregation': 'mean', 'n_repeats': 1}"
semif_qwen35_4b,Qwen/Qwen3.5-4B@851bf6e806efd8d0a36b00ddf55e13ccb7b8cd0a,conditional__seed_000042__repr_table,conditional__seed_000042,conditional,4,table,"(0.45,0.55]","{'parameters': {'boundary_rule': 'include records exactly at cutoff T', 'contingency': {'A': {'B': 74, 'not_B': 48}, 'not_A': {'B': 79, 'not_B': 55}}, 'query': 'P(A|B)', 'sampling': 'uniform among records satisfying B', 'temporal_filter': 'all records observed before cutoff T'}}","{'A': 0.48366013071895425, 'not_A': 0.5163398692810457}","{'A': 0.8519528019683106, 'not_A': 0.1480471980316895}","{'tv': 0.3682926712493563, 'mae_binary': 0.36829267124935633, 'rmse_binary': 0.36829267124935633, 'brier_regret': 0.27127898339197276, 'kl': 0.3712058188626663}",A,not_A,False,133.4158987738192,mean,mean,1,"{'std_A': 0.0, 'std_not_A': 0.0}",,{},"{'repeat_aggregation': 'mean', 'n_repeats': 1}"
semif_qwen35_4b,Qwen/Qwen3.5-4B@851bf6e806efd8d0a36b00ddf55e13ccb7b8cd0a,conditional__seed_000043__repr_direct,conditional__seed_000043,conditional,4,direct,"(0.55,0.70]","{'parameters': {'boundary_rule': 'include records exactly at cutoff T', 'contingency': {'A': {'B': 65, 'not_B': 81}, 'not_A': {'B': 48, 'not_B': 34}}, 'query': 'P(A|B)', 'sampling': 'uniform among records satisfying B', 'temporal_filter': 'all records observed before cutoff T'}}","{'A': 0.5752212389380531, 'not_A': 0.4247787610619469}","{'A': 0.7981867777396212, 'not_A': 0.20181322226037882}","{'tv': 0.2229655388015681, 'mae_binary': 0.2229655388015681, 'rmse_binary': 0.2229655388015681, 'brier_regret': 0.09942726298614714, 'kl': 0.1276958157813001}",A,A,True,119.77066984400153,mean,mean,1,"{'std_A': 0.0, 'std_not_A': 0.0}",,{},"{'repeat_aggregation': 'mean', 'n_repeats': 1}"
semif_qwen35_4b,Qwen/Qwen3.5-4B@851bf6e806efd8d0a36b00ddf55e13ccb7b8cd0a,conditional__seed_000043__repr_distractor,conditional__seed_000043,conditional,4,distractor,"(0.55,0.70]","{'parameters': {'boundary_rule': 'include records exactly at cutoff T', 'contingency': {'A': {'B': 65, 'not_B': 81}, 'not_A': {'B': 48, 'not_B': 34}}, 'query': 'P(A|B)', 'sampling': 'uniform among records satisfying B', 'temporal_filter': 'all records observed before cutoff T'}}","{'A': 0.5752212389380531, 'not_A': 0.4247787610619469}","{'A': 0.8933094060543487, 'not_A': 0.10669059394565118}","{'tv': 0.3180881671162957, 'mae_binary': 0.3180881671162956, 'rmse_binary': 0.3180881671162956, 'brier_regret': 0.2023601641188089, 'kl': 0.33368951374768174}",A,A,True,133.0951303243637,mean,mean,1,"{'std_A': 0.0, 'std_not_A': 0.0}",,{},"{'repeat_aggregation': 'mean', 'n_repeats': 1}"
semif_qwen35_4b,Qwen/Qwen3.5-4B@851bf6e806efd8d0a36b00ddf55e13ccb7b8cd0a,conditional__seed_000043__repr_nested,conditional__seed_000043,conditional,4,nested,"(0.55,0.70]","{'parameters': {'boundary_rule': 'include records exactly at cutoff T', 'contingency': {'A': {'B': 65, 'not_B': 81}, 'not_A': {'B': 48, 'not_B': 34}}, 'query': 'P(A|B)', 'sampling': 'uniform among records satisfying B', 'temporal_filter': 'all records observed before cutoff T'}}","{'A': 0.5752212389380531, 'not_A': 0.4247787610619469}","{'A': 0.7981867777396212, 'not_A': 0.20181322226037882}","{'tv': 0.2229655388015681, 'mae_binary': 0.2229655388015681, 'rmse_binary': 0.2229655388015681, 'brier_regret': 0.09942726298614714, 'kl': 0.1276958157813001}",A,A,True,120.17348688095808,mean,mean,1,"{'std_A': 0.0, 'std_not_A': 0.0}",,{},"{'repeat_aggregation': 'mean', 'n_repeats': 1}"
semif_qwen35_4b,Qwen/Qwen3.5-4B@851bf6e806efd8d0a36b00ddf55e13ccb7b8cd0a,conditional__seed_000043__repr_prose,conditional__seed_000043,conditional,4,prose,"(0.55,0.70]","{'parameters': {'boundary_rule': 'include records exactly at cutoff T', 'contingency': {'A': {'B': 65, 'not_B': 81}, 'not_A': {'B': 48, 'not_B': 34}}, 'query': 'P(A|B)', 'sampling': 'uniform among records satisfying B', 'temporal_filter': 'all records observed before cutoff T'}}","{'A': 0.5752212389380531, 'not_A': 0.4247787610619469}","{'A': 0.8354835371034369, 'not_A': 0.1645164628965632}","{'tv': 0.26026229816538377, 'mae_binary': 0.2602622981653838, 'rmse_binary': 0.2602622981653838, 'brier_regret': 0.13547292769265423, 'kl': 0.1882224898307977}",A,A,True,129.09730803221464,mean,mean,1,"{'std_A': 0.0, 'std_not_A': 0.0}",,{},"{'repeat_aggregation': 'mean', 'n_repeats': 1}"
semif_qwen35_4b,Qwen/Qwen3.5-4B@851bf6e806efd8d0a36b00ddf55e13ccb7b8cd0a,conditional__seed_000043__repr_table,conditional__seed_000043,conditional,4,table,"(0.55,0.70]","{'parameters': {'boundary_rule': 'include records exactly at cutoff T', 'contingency': {'A': {'B': 65, 'not_B': 81}, 'not_A': {'B': 48, 'not_B': 34}}, 'query': 'P(A|B)', 'sampling': 'uniform among records satisfying B', 'temporal_filter': 'all records observed before cutoff T'}}","{'A': 0.5752212389380531, 'not_A': 0.4247787610619469}","{'A': 0.8519528019683106, 'not_A': 0.1480471980316895}","{'tv': 0.2767315630302574, 'mae_binary': 0.2767315630302575, 'rmse_binary': 0.2767315630302575, 'brier_regret': 0.15316071595433867, 'kl': 0.22179935001596934}",A,A,True,131.25469908118248,mean,mean,1,"{'std_A': 0.0, 'std_not_A': 0.0}",,{},"{'repeat_aggregation': 'mean', 'n_repeats': 1}"
semif_qwen35_4b,Qwen/Qwen3.5-4B@851bf6e806efd8d0a36b00ddf55e13ccb7b8cd0a,conditional__seed_000044__repr_direct,conditional__seed_000044,conditional,4,direct,"(0.45,0.55]","{'parameters': {'boundary_rule': 'include records exactly at cutoff T', 'contingency': {'A': {'B': 75, 'not_B': 6}, 'not_A': {'B': 81, 'not_B': 24}}, 'query': 'P(A|B)', 'sampling': 'uniform among records satisfying B', 'temporal_filter': 'all records observed before cutoff T'}}","{'A': 0.4807692307692308, 'not_A': 0.5192307692307692}","{'A': 0.8519528019683106, 'not_A': 0.1480471980316895}","{'tv': 0.37118357119907974, 'mae_binary': 0.3711835711990798, 'rmse_binary': 0.3711835711990798, 'brier_regret': 0.27555448705620456, 'kl': 0.3764706434686193}",A,not_A,False,122.12642887607217,mean,mean,1,"{'std_A': 0.0, 'std_not_A': 0.0}",,{},"{'repeat_aggregation': 'mean', 'n_repeats': 1}"
semif_qwen35_4b,Qwen/Qwen3.5-4B@851bf6e806efd8d0a36b00ddf55e13ccb7b8cd0a,conditional__seed_000044__repr_distractor,conditional__seed_000044,conditional,4,distractor,"(0.45,0.55]","{'parameters': {'boundary_rule': 'include records exactly at cutoff T', 'contingency': {'A': {'B': 75, 'not_B': 6}, 'not_A': {'B': 81, 'not_B': 24}}, 'query': 'P(A|B)', 'sampling': 'uniform among records satisfying B', 'temporal_filter': 'all records observed before cutoff T'}}","{'A': 0.4807692307692308, 'not_A': 0.5192307692307692}","{'A': 0.9046505351008906, 'not_A': 0.0953494648991095}","{'tv': 0.4238813043316597, 'mae_binary': 0.42388130433165977, 'rmse_binary': 0.42388130433165977, 'brier_regret': 0.3593507203238182, 'kl': 0.5760684365626638}",A,not_A,False,133.07810574769974,mean,mean,1,"{'std_A': 0.0, 'std_not_A': 0.0}",,{},"{'repeat_aggregation': 'mean', 'n_repeats': 1}"
semif_qwen35_4b,Qwen/Qwen3.5-4B@851bf6e806efd8d0a36b00ddf55e13ccb7b8cd0a,conditional__seed_000044__repr_nested,conditional__seed_000044,conditional,4,nested,"(0.45,0.55]","{'parameters': {'boundary_rule': 'include records exactly at cutoff T', 'contingency': {'A': {'B': 75, 'not_B': 6}, 'not_A': {'B': 81, 'not_B': 24}}, 'query': 'P(A|B)', 'sampling': 'uniform among records satisfying B', 'temporal_filter': 'all records observed before cutoff T'}}","{'A': 0.4807692307692308, 'not_A': 0.5192307692307692}","{'A': 0.8354835371034369, 'not_A': 0.1645164628965632}","{'tv': 0.3547143063342061, 'mae_binary': 0.35471430633420614, 'rmse_binary': 0.35471430633420614, 'brier_regret': 0.251644478236314, 'kl': 0.331087282262345}",A,not_A,False,120.23438233882189,mean,mean,1,"{'std_A': 0.0, 'std_not_A': 0.0}",,{},"{'repeat_aggregation': 'mean', 'n_repeats': 1}"
semif_qwen35_4b,Qwen/Qwen3.5-4B@851bf6e806efd8d0a36b00ddf55e13ccb7b8cd0a,conditional__seed_000044__repr_prose,conditional__seed_000044,conditional,4,prose,"(0.45,0.55]","{'parameters': {'boundary_rule': 'include records exactly at cutoff T', 'contingency': {'A': {'B': 75, 'not_B': 6}, 'not_A': {'B': 81, 'not_B': 24}}, 'query': 'P(A|B)', 'sampling': 'uniform among records satisfying B', 'temporal_filter': 'all records observed before cutoff T'}}","{'A': 0.4807692307692308, 'not_A': 0.5192307692307692}","{'A': 0.7772998611746911, 'not_A': 0.22270013882530884}","{'tv': 0.29653063040546035, 'mae_binary': 0.2965306304054603, 'rmse_binary': 0.2965306304054603, 'brier_regret': 0.1758608295373194, 'kl': 0.20856018976052065}",A,not_A,False,130.55420387536287,mean,mean,1,"{'std_A': 0.0, 'std_not_A': 0.0}",,{},"{'repeat_aggregation': 'mean', 'n_repeats': 1}"
semif_qwen35_4b,Qwen/Qwen3.5-4B@851bf6e806efd8d0a36b00ddf55e13ccb7b8cd0a,conditional__seed_000044__repr_table,conditional__seed_000044,conditional,4,table,"(0.45,0.55]","{'parameters': {'boundary_rule': 'include records exactly at cutoff T', 'contingency': {'A': {'B': 75, 'not_B': 6}, 'not_A': {'B': 81, 'not_B': 24}}, 'query': 'P(A|B)', 'sampling': 'uniform among records satisfying B', 'temporal_filter': 'all records observed before cutoff T'}}","{'A': 0.4807692307692308, 'not_A': 0.5192307692307692}","{'A': 0.9046505351008906, 'not_A': 0.0953494648991095}","{'tv': 0.4238813043316597, 'mae_binary': 0.42388130433165977, 'rmse_binary': 0.42388130433165977, 'brier_regret': 0.3593507203238182, 'kl': 0.5760684365626638}",A,not_A,False,131.0449717566371,mean,mean,1,"{'std_A': 0.0, 'std_not_A': 0.0}",,{},"{'repeat_aggregation': 'mean', 'n_repeats': 1}"
semif_qwen35_4b,Qwen/Qwen3.5-4B@851bf6e806efd8d0a36b00ddf55e13ccb7b8cd0a,conditional__seed_000045__repr_direct,conditional__seed_000045,conditional,4,direct,"(0.30,0.45]","{'parameters': {'boundary_rule': 'include records exactly at cutoff T', 'contingency': {'A': {'B': 40, 'not_B': 42}, 'not_A': {'B': 52, 'not_B': 79}}, 'query': 'P(A|B)', 'sampling': 'uniform among records satisfying B', 'temporal_filter': 'all records observed before cutoff T'}}","{'A': 0.43478260869565216, 'not_A': 0.5652173913043479}","{'A': 0.7981867777396212, 'not_A': 0.20181322226037882}","{'tv': 0.3634041690439691, 'mae_binary': 0.36340416904396905, 'rmse_binary': 0.36340416904396905, 'brier_regret': 0.2641251801570753, 'kl': 0.3179702868438216}",A,not_A,False,120.12722995132208,mean,mean,1,"{'std_A': 0.0, 'std_not_A': 0.0}",,{},"{'repeat_aggregation': 'mean', 'n_repeats': 1}"
semif_qwen35_4b,Qwen/Qwen3.5-4B@851bf6e806efd8d0a36b00ddf55e13ccb7b8cd0a,conditional__seed_000045__repr_distractor,conditional__seed_000045,conditional,4,distractor,"(0.30,0.45]","{'parameters': {'boundary_rule': 'include records exactly at cutoff T', 'contingency': {'A': {'B': 40, 'not_B': 42}, 'not_A': {'B': 52, 'not_B': 79}}, 'query': 'P(A|B)', 'sampling': 'uniform among records satisfying B', 'temporal_filter': 'all records observed before cutoff T'}}","{'A': 0.43478260869565216, 'not_A': 0.5652173913043479}","{'A': 0.8519528019683106, 'not_A': 0.1480471980316895}","{'tv': 0.41717019327265836, 'mae_binary': 0.4171701932726584, 'rmse_binary': 0.4171701932726584, 'brier_regret': 0.3480619403102943, 'kl': 0.46473830741939115}",A,not_A,False,131.74540316686034,mean,mean,1,"{'std_A': 0.0, 'std_not_A': 0.0}",,{},"{'repeat_aggregation': 'mean', 'n_repeats': 1}"
semif_qwen35_4b,Qwen/Qwen3.5-4B@851bf6e806efd8d0a36b00ddf55e13ccb7b8cd0a,conditional__seed_000045__repr_nested,conditional__seed_000045,conditional,4,nested,"(0.30,0.45]","{'parameters': {'boundary_rule': 'include records exactly at cutoff T', 'contingency': {'A': {'B': 40, 'not_B': 42}, 'not_A': {'B': 52, 'not_B': 79}}, 'query': 'P(A|B)', 'sampling': 'uniform among records satisfying B', 'temporal_filter': 'all records observed before cutoff T'}}","{'A': 0.43478260869565216, 'not_A': 0.5652173913043479}","{'A': 0.7549149868676283, 'not_A': 0.24508501313237172}","{'tv': 0.32013237817197615, 'mae_binary': 0.3201323781719761, 'rmse_binary': 0.3201323781719761, 'brier_regret': 0.20496947910809027, 'kl': 0.2324034236644016}",A,not_A,False,120.8003661595285,mean,mean,1,"{'std_A': 0.0, 'std_not_A': 0.0}",,{},"{'repeat_aggregation': 'mean', 'n_repeats': 1}"
semif_qwen35_4b,Qwen/Qwen3.5-4B@851bf6e806efd8d0a36b00ddf55e13ccb7b8cd0a,conditional__seed_000045__repr_prose,conditional__seed_000045,conditional,4,prose,"(0.30,0.45]","{'parameters': {'boundary_rule': 'include records exactly at cutoff T', 'contingency': {'A': {'B': 40, 'not_B': 42}, 'not_A': {'B': 52, 'not_B': 79}}, 'query': 'P(A|B)', 'sampling': 'uniform among records satisfying B', 'temporal_filter': 'all records observed before cutoff T'}}","{'A': 0.43478260869565216, 'not_A': 0.5652173913043479}","{'A': 0.7549149868676283, 'not_A': 0.24508501313237172}","{'tv': 0.32013237817197615, 'mae_binary': 0.3201323781719761, 'rmse_binary': 0.3201323781719761, 'brier_regret': 0.20496947910809027, 'kl': 0.2324034236644016}",A,not_A,False,127.93945241719484,mean,mean,1,"{'std_A': 0.0, 'std_not_A': 0.0}",,{},"{'repeat_aggregation': 'mean', 'n_repeats': 1}"
semif_qwen35_4b,Qwen/Qwen3.5-4B@851bf6e806efd8d0a36b00ddf55e13ccb7b8cd0a,conditional__seed_000045__repr_table,conditional__seed_000045,conditional,4,table,"(0.30,0.45]","{'parameters': {'boundary_rule': 'include records exactly at cutoff T', 'contingency': {'A': {'B': 40, 'not_B': 42}, 'not_A': {'B': 52, 'not_B': 79}}, 'query': 'P(A|B)', 'sampling': 'uniform among records satisfying B', 'temporal_filter': 'all records observed before cutoff T'}}","{'A': 0.43478260869565216, 'not_A': 0.5652173913043479}","{'A': 0.8175744761936437, 'not_A': 0.18242552380635632}","{'tv': 0.38279186749799154, 'mae_binary': 0.3827918674979915, 'rmse_binary': 0.3827918674979915, 'brier_regret': 0.29305922764519976, 'kl': 0.36462308713796965}",A,not_A,False,130.65135618671775,mean,mean,1,"{'std_A': 0.0, 'std_not_A': 0.0}",,{},"{'repeat_aggregation': 'mean', 'n_repeats': 1}"
semif_qwen35_4b,Qwen/Qwen3.5-4B@851bf6e806efd8d0a36b00ddf55e13ccb7b8cd0a,conditional__seed_000046__repr_direct,conditional__seed_000046,conditional,4,direct,"(0.55,0.70]","{'parameters': {'boundary_rule': 'include records exactly at cutoff T', 'contingency': {'A': {'B': 79, 'not_B': 17}, 'not_A': {'B': 50, 'not_B': 54}}, 'query': 'P(A|B)', 'sampling': 'uniform among records satisfying B', 'temporal_filter': 'all records observed before cutoff T'}}","{'A': 0.6124031007751938, 'not_A': 0.3875968992248062}","{'A': 0.8354835371034369, 'not_A': 0.1645164628965632}","{'tv': 0.2230804363282431, 'mae_binary': 0.22308043632824315, 'rmse_binary': 0.22308043632824315, 'brier_regret': 0.09952976214479864, 'kl': 0.14192859239066893}",A,A,True,120.23236695677042,mean,mean,1,"{'std_A': 0.0, 'std_not_A': 0.0}",,{},"{'repeat_aggregation': 'mean', 'n_repeats': 1}"
semif_qwen35_4b,Qwen/Qwen3.5-4B@851bf6e806efd8d0a36b00ddf55e13ccb7b8cd0a,conditional__seed_000046__repr_distractor,conditional__seed_000046,conditional,4,distractor,"(0.55,0.70]","{'parameters': {'boundary_rule': 'include records exactly at cutoff T', 'contingency': {'A': {'B': 79, 'not_B': 17}, 'not_A': {'B': 50, 'not_B': 54}}, 'query': 'P(A|B)', 'sampling': 'uniform among records satisfying B', 'temporal_filter': 'all records observed before cutoff T'}}","{'A': 0.6124031007751938, 'not_A': 0.3875968992248062}","{'A': 0.9046505351008906, 'not_A': 0.0953494648991095}","{'tv': 0.2922474343256968, 'mae_binary': 0.2922474343256968, 'rmse_binary': 0.2922474343256968, 'brier_regret': 0.17081712573990487, 'kl': 0.3046385779372612}",A,A,True,133.16834717988968,mean,mean,1,"{'std_A': 0.0, 'std_not_A': 0.0}",,{},"{'repeat_aggregation': 'mean', 'n_repeats': 1}"
semif_qwen35_4b,Qwen/Qwen3.5-4B@851bf6e806efd8d0a36b00ddf55e13ccb7b8cd0a,conditional__seed_000046__repr_nested,conditional__seed_000046,conditional,4,nested,"(0.55,0.70]","{'parameters': {'boundary_rule': 'include records exactly at cutoff T', 'contingency': {'A': {'B': 79, 'not_B': 17}, 'not_A': {'B': 50, 'not_B': 54}}, 'query': 'P(A|B)', 'sampling': 'uniform among records satisfying B', 'temporal_filter': 'all records observed before cutoff T'}}","{'A': 0.6124031007751938, 'not_A': 0.3875968992248062}","{'A': 0.8175744761936437, 'not_A': 0.18242552380635632}","{'tv': 0.20517137541844988, 'mae_binary': 0.20517137541844988, 'rmse_binary': 0.20517137541844988, 'brier_regret': 0.08419058658219701, 'kl': 0.11514762258466177}",A,A,True,116.36779084801674,mean,mean,1,"{'std_A': 0.0, 'std_not_A': 0.0}",,{},"{'repeat_aggregation': 'mean', 'n_repeats': 1}"
semif_qwen35_4b,Qwen/Qwen3.5-4B@851bf6e806efd8d0a36b00ddf55e13ccb7b8cd0a,conditional__seed_000046__repr_prose,conditional__seed_000046,conditional,4,prose,"(0.55,0.70]","{'parameters': {'boundary_rule': 'include records exactly at cutoff T', 'contingency': {'A': {'B': 79, 'not_B': 17}, 'not_A': {'B': 50, 'not_B': 54}}, 'query': 'P(A|B)', 'sampling': 'uniform among records satisfying B', 'temporal_filter': 'all records observed before cutoff T'}}","{'A': 0.6124031007751938, 'not_A': 0.3875968992248062}","{'A': 0.8519528019683106, 'not_A': 0.1480471980316895}","{'tv': 0.23954970119311675, 'mae_binary': 0.2395497011931168, 'rmse_binary': 0.2395497011931168, 'brier_regret': 0.11476811868342306, 'kl': 0.17085771984619805}",A,A,True,130.37122692912817,mean,mean,1,"{'std_A': 0.0, 'std_not_A': 0.0}",,{},"{'repeat_aggregation': 'mean', 'n_repeats': 1}"
semif_qwen35_4b,Qwen/Qwen3.5-4B@851bf6e806efd8d0a36b00ddf55e13ccb7b8cd0a,conditional__seed_000046__repr_table,conditional__seed_000046,conditional,4,table,"(0.55,0.70]","{'parameters': {'boundary_rule': 'include records exactly at cutoff T', 'contingency': {'A': {'B': 79, 'not_B': 17}, 'not_A': {'B': 50, 'not_B': 54}}, 'query': 'P(A|B)', 'sampling': 'uniform among records satisfying B', 'temporal_filter': 'all records observed before cutoff T'}}","{'A': 0.6124031007751938, 'not_A': 0.3875968992248062}","{'A': 0.8933094060543487, 'not_A': 0.10669059394565118}","{'tv': 0.280906305279155, 'mae_binary': 0.28090630527915494, 'rmse_binary': 0.28090630527915494, 'brier_regret': 0.15781670469117165, 'kl': 0.2688046853889826}",A,A,True,131.9213709793985,mean,mean,1,"{'std_A': 0.0, 'std_not_A': 0.0}",,{},"{'repeat_aggregation': 'mean', 'n_repeats': 1}"
semif_qwen35_4b,Qwen/Qwen3.5-4B@851bf6e806efd8d0a36b00ddf55e13ccb7b8cd0a,conditional__seed_000047__repr_direct,conditional__seed_000047,conditional,4,direct,"(0.10,0.30]","{'parameters': {'boundary_rule': 'include records exactly at cutoff T', 'contingency': {'A': {'B': 9, 'not_B': 61}, 'not_A': {'B': 25, 'not_B': 7}}, 'query': 'P(A|B)', 'sampling': 'uniform among records satisfying B', 'temporal_filter': 'all records observed before cutoff T'}}","{'A': 0.2647058823529412, 'not_A': 0.7352941176470589}","{'A': 0.8175744761936437, 'not_A': 0.18242552380635632}","{'tv': 0.5528685938407025, 'mae_binary': 0.5528685938407025, 'rmse_binary': 0.5528685938407025, 'brier_regret': 0.6113273641107914, 'kl': 0.7264326597704438}",A,not_A,False,119.81809372082353,mean,mean,1,"{'std_A': 0.0, 'std_not_A': 0.0}",,{},"{'repeat_aggregation': 'mean', 'n_repeats': 1}"
semif_qwen35_4b,Qwen/Qwen3.5-4B@851bf6e806efd8d0a36b00ddf55e13ccb7b8cd0a,conditional__seed_000047__repr_distractor,conditional__seed_000047,conditional,4,distractor,"(0.10,0.30]","{'parameters': {'boundary_rule': 'include records exactly at cutoff T', 'contingency': {'A': {'B': 9, 'not_B': 61}, 'not_A': {'B': 25, 'not_B': 7}}, 'query': 'P(A|B)', 'sampling': 'uniform among records satisfying B', 'temporal_filter': 'all records observed before cutoff T'}}","{'A': 0.2647058823529412, 'not_A': 0.7352941176470589}","{'A': 0.8670357598021706, 'not_A': 0.13296424019782924}","{'tv': 0.6023298774492295, 'mae_binary': 0.6023298774492294, 'rmse_binary': 0.6023298774492294, 'brier_regret': 0.7256025625360076, 'kl': 0.9434297335109403}",A,not_A,False,132.80849112197757,mean,mean,1,"{'std_A': 0.0, 'std_not_A': 0.0}",,{},"{'repeat_aggregation': 'mean', 'n_repeats': 1}"
semif_qwen35_4b,Qwen/Qwen3.5-4B@851bf6e806efd8d0a36b00ddf55e13ccb7b8cd0a,conditional__seed_000047__repr_nested,conditional__seed_000047,conditional,4,nested,"(0.10,0.30]","{'parameters': {'boundary_rule': 'include records exactly at cutoff T', 'contingency': {'A': {'B': 9, 'not_B': 61}, 'not_A': {'B': 25, 'not_B': 7}}, 'query': 'P(A|B)', 'sampling': 'uniform among records satisfying B', 'temporal_filter': 'all records observed before cutoff T'}}","{'A': 0.2647058823529412, 'not_A': 0.7352941176470589}","{'A': 0.8175744761936437, 'not_A': 0.18242552380635632}","{'tv': 0.5528685938407025, 'mae_binary': 0.5528685938407025, 'rmse_binary': 0.5528685938407025, 'brier_regret': 0.6113273641107914, 'kl': 0.7264326597704438}",A,not_A,False,120.57532602921128,mean,mean,1,"{'std_A': 0.0, 'std_not_A': 0.0}",,{},"{'repeat_aggregation': 'mean', 'n_repeats': 1}"
semif_qwen35_4b,Qwen/Qwen3.5-4B@851bf6e806efd8d0a36b00ddf55e13ccb7b8cd0a,conditional__seed_000047__repr_prose,conditional__seed_000047,conditional,4,prose,"(0.10,0.30]","{'parameters': {'boundary_rule': 'include records exactly at cutoff T', 'contingency': {'A': {'B': 9, 'not_B': 61}, 'not_A': {'B': 25, 'not_B': 7}}, 'query': 'P(A|B)', 'sampling': 'uniform among records satisfying B', 'temporal_filter': 'all records observed before cutoff T'}}","{'A': 0.2647058823529412, 'not_A': 0.7352941176470589}","{'A': 0.7772998611746911, 'not_A': 0.22270013882530884}","{'tv': 0.51259397882175, 'mae_binary': 0.51259397882175, 'rmse_binary': 0.51259397882175, 'brier_regret': 0.5255051742486254, 'kl': 0.5931249337212998}",A,not_A,False,131.24532299116254,mean,mean,1,"{'std_A': 0.0, 'std_not_A': 0.0}",,{},"{'repeat_aggregation': 'mean', 'n_repeats': 1}"
semif_qwen35_4b,Qwen/Qwen3.5-4B@851bf6e806efd8d0a36b00ddf55e13ccb7b8cd0a,conditional__seed_000047__repr_table,conditional__seed_000047,conditional,4,table,"(0.10,0.30]","{'parameters': {'boundary_rule': 'include records exactly at cutoff T', 'contingency': {'A': {'B': 9, 'not_B': 61}, 'not_A': {'B': 25, 'not_B': 7}}, 'query': 'P(A|B)', 'sampling': 'uniform among records satisfying B', 'temporal_filter': 'all records observed before cutoff T'}}","{'A': 0.2647058823529412, 'not_A': 0.7352941176470589}","{'A': 0.8670357598021706, 'not_A': 0.13296424019782924}","{'tv': 0.6023298774492295, 'mae_binary': 0.6023298774492294, 'rmse_binary': 0.6023298774492294, 'brier_regret': 0.7256025625360076, 'kl': 0.9434297335109403}",A,not_A,False,130.55023504421115,mean,mean,1,"{'std_A': 0.0, 'std_not_A': 0.0}",,{},"{'repeat_aggregation': 'mean', 'n_repeats': 1}"
semif_qwen35_4b,Qwen/Qwen3.5-4B@851bf6e806efd8d0a36b00ddf55e13ccb7b8cd0a,conditional__seed_000048__repr_direct,conditional__seed_000048,conditional,4,direct,"(0.30,0.45]","{'parameters': {'boundary_rule': 'include records exactly at cutoff T', 'contingency': {'A': {'B': 48, 'not_B': 44}, 'not_A': {'B': 89, 'not_B': 16}}, 'query': 'P(A|B)', 'sampling': 'uniform among records satisfying B', 'temporal_filter': 'all records observed before cutoff T'}}","{'A': 0.35036496350364965, 'not_A': 0.6496350364963503}","{'A': 0.8354835371034369, 'not_A': 0.1645164628965632}","{'tv': 0.4851185735997872, 'mae_binary': 0.4851185735997873, 'rmse_binary': 0.4851185735997873, 'brier_regret': 0.4706800609029843, 'kl': 0.5877292966359223}",A,not_A,False,121.34122988209128,mean,mean,1,"{'std_A': 0.0, 'std_not_A': 0.0}",,{},"{'repeat_aggregation': 'mean', 'n_repeats': 1}"
semif_qwen35_4b,Qwen/Qwen3.5-4B@851bf6e806efd8d0a36b00ddf55e13ccb7b8cd0a,conditional__seed_000048__repr_distractor,conditional__seed_000048,conditional,4,distractor,"(0.30,0.45]","{'parameters': {'boundary_rule': 'include records exactly at cutoff T', 'contingency': {'A': {'B': 48, 'not_B': 44}, 'not_A': {'B': 89, 'not_B': 16}}, 'query': 'P(A|B)', 'sampling': 'uniform among records satisfying B', 'temporal_filter': 'all records observed before cutoff T'}}","{'A': 0.35036496350364965, 'not_A': 0.6496350364963503}","{'A': 0.8933094060543487, 'not_A': 0.10669059394565118}","{'tv': 0.5429444425506991, 'mae_binary': 0.5429444425506991, 'rmse_binary': 0.5429444425506991, 'brier_regret': 0.5895773353933789, 'kl': 0.845624458270008}",A,not_A,False,130.71047607809305,mean,mean,1,"{'std_A': 0.0, 'std_not_A': 0.0}",,{},"{'repeat_aggregation': 'mean', 'n_repeats': 1}"
semif_qwen35_4b,Qwen/Qwen3.5-4B@851bf6e806efd8d0a36b00ddf55e13ccb7b8cd0a,conditional__seed_000048__repr_nested,conditional__seed_000048,conditional,4,nested,"(0.30,0.45]","{'parameters': {'boundary_rule': 'include records exactly at cutoff T', 'contingency': {'A': {'B': 48, 'not_B': 44}, 'not_A': {'B': 89, 'not_B': 16}}, 'query': 'P(A|B)', 'sampling': 'uniform among records satisfying B', 'temporal_filter': 'all records observed before cutoff T'}}","{'A': 0.35036496350364965, 'not_A': 0.6496350364963503}","{'A': 0.8354835371034369, 'not_A': 0.1645164628965632}","{'tv': 0.4851185735997872, 'mae_binary': 0.4851185735997873, 'rmse_binary': 0.4851185735997873, 'brier_regret': 0.4706800609029843, 'kl': 0.5877292966359223}",A,not_A,False,120.67908607423306,mean,mean,1,"{'std_A': 0.0, 'std_not_A': 0.0}",,{},"{'repeat_aggregation': 'mean', 'n_repeats': 1}"
semif_qwen35_4b,Qwen/Qwen3.5-4B@851bf6e806efd8d0a36b00ddf55e13ccb7b8cd0a,conditional__seed_000048__repr_prose,conditional__seed_000048,conditional,4,prose,"(0.30,0.45]","{'parameters': {'boundary_rule': 'include records exactly at cutoff T', 'contingency': {'A': {'B': 48, 'not_B': 44}, 'not_A': {'B': 89, 'not_B': 16}}, 'query': 'P(A|B)', 'sampling': 'uniform among records satisfying B', 'temporal_filter': 'all records observed before cutoff T'}}","{'A': 0.35036496350364965, 'not_A': 0.6496350364963503}","{'A': 0.7772998611746911, 'not_A': 0.22270013882530884}","{'tv': 0.4269348976710415, 'mae_binary': 0.4269348976710414, 'rmse_binary': 0.4269348976710414, 'brier_regret': 0.3645468136987653, 'kl': 0.4163006039095049}",A,not_A,False,129.72263479605317,mean,mean,1,"{'std_A': 0.0, 'std_not_A': 0.0}",,{},"{'repeat_aggregation': 'mean', 'n_repeats': 1}"
semif_qwen35_4b,Qwen/Qwen3.5-4B@851bf6e806efd8d0a36b00ddf55e13ccb7b8cd0a,conditional__seed_000048__repr_table,conditional__seed_000048,conditional,4,table,"(0.30,0.45]","{'parameters': {'boundary_rule': 'include records exactly at cutoff T', 'contingency': {'A': {'B': 48, 'not_B': 44}, 'not_A': {'B': 89, 'not_B': 16}}, 'query': 'P(A|B)', 'sampling': 'uniform among records satisfying B', 'temporal_filter': 'all records observed before cutoff T'}}","{'A': 0.35036496350364965, 'not_A': 0.6496350364963503}","{'A': 0.8670357598021706, 'not_A': 0.13296424019782924}","{'tv': 0.5166707962985211, 'mae_binary': 0.516670796298521, 'rmse_binary': 0.516670796298521, 'brier_regret': 0.5338974234954956, 'kl': 0.7130684779799528}",A,not_A,False,132.2876112535596,mean,mean,1,"{'std_A': 0.0, 'std_not_A': 0.0}",,{},"{'repeat_aggregation': 'mean', 'n_repeats': 1}"
semif_qwen35_4b,Qwen/Qwen3.5-4B@851bf6e806efd8d0a36b00ddf55e13ccb7b8cd0a,conditional__seed_000049__repr_direct,conditional__seed_000049,conditional,4,direct,"(0.45,0.55]","{'parameters': {'boundary_rule': 'include records exactly at cutoff T', 'contingency': {'A': {'B': 32, 'not_B': 39}, 'not_A': {'B': 33, 'not_B': 40}}, 'query': 'P(A|B)', 'sampling': 'uniform among records satisfying B', 'temporal_filter': 'all records observed before cutoff T'}}","{'A': 0.49230769230769234, 'not_A': 0.5076923076923077}","{'A': 0.8175744761936437, 'not_A': 0.18242552380635632}","{'tv': 0.3252667838859513, 'mae_binary': 0.3252667838859513, 'rmse_binary': 0.3252667838859513, 'brier_regret': 0.21159696139902032, 'kl': 0.2699229068253476}",A,not_A,False,121.11702188849449,mean,mean,1,"{'std_A': 0.0, 'std_not_A': 0.0}",,{},"{'repeat_aggregation': 'mean', 'n_repeats': 1}"
semif_qwen35_4b,Qwen/Qwen3.5-4B@851bf6e806efd8d0a36b00ddf55e13ccb7b8cd0a,conditional__seed_000049__repr_distractor,conditional__seed_000049,conditional,4,distractor,"(0.45,0.55]","{'parameters': {'boundary_rule': 'include records exactly at cutoff T', 'contingency': {'A': {'B': 32, 'not_B': 39}, 'not_A': {'B': 33, 'not_B': 40}}, 'query': 'P(A|B)', 'sampling': 'uniform among records satisfying B', 'temporal_filter': 'all records observed before cutoff T'}}","{'A': 0.49230769230769234, 'not_A': 0.5076923076923077}","{'A': 0.9149009549929797, 'not_A': 0.08509904500702024}","{'tv': 0.4225932626852874, 'mae_binary': 0.4225932626852874, 'rmse_binary': 0.4225932626852874, 'brier_regret': 0.35717013133399267, 'kl': 0.601679863548303}",A,not_A,False,132.32855405658484,mean,mean,1,"{'std_A': 0.0, 'std_not_A': 0.0}",,{},"{'repeat_aggregation': 'mean', 'n_repeats': 1}"
semif_qwen35_4b,Qwen/Qwen3.5-4B@851bf6e806efd8d0a36b00ddf55e13ccb7b8cd0a,conditional__seed_000049__repr_nested,conditional__seed_000049,conditional,4,nested,"(0.45,0.55]","{'parameters': {'boundary_rule': 'include records exactly at cutoff T', 'contingency': {'A': {'B': 32, 'not_B': 39}, 'not_A': {'B': 33, 'not_B': 40}}, 'query': 'P(A|B)', 'sampling': 'uniform among records satisfying B', 'temporal_filter': 'all records observed before cutoff T'}}","{'A': 0.49230769230769234, 'not_A': 0.5076923076923077}","{'A': 0.7772998611746911, 'not_A': 0.22270013882530884}","{'tv': 0.2849921688669988, 'mae_binary': 0.28499216886699874, 'rmse_binary': 0.28499216886699874, 'brier_regret': 0.1624410726310319, 'kl': 0.1935156332648911}",A,not_A,False,120.5850220285356,mean,mean,1,"{'std_A': 0.0, 'std_not_A': 0.0}",,{},"{'repeat_aggregation': 'mean', 'n_repeats': 1}"
semif_qwen35_4b,Qwen/Qwen3.5-4B@851bf6e806efd8d0a36b00ddf55e13ccb7b8cd0a,conditional__seed_000049__repr_prose,conditional__seed_000049,conditional,4,prose,"(0.45,0.55]","{'parameters': {'boundary_rule': 'include records exactly at cutoff T', 'contingency': {'A': {'B': 32, 'not_B': 39}, 'not_A': {'B': 33, 'not_B': 40}}, 'query': 'P(A|B)', 'sampling': 'uniform among records satisfying B', 'temporal_filter': 'all records observed before cutoff T'}}","{'A': 0.49230769230769234, 'not_A': 0.5076923076923077}","{'A': 0.7981867777396212, 'not_A': 0.20181322226037882}","{'tv': 0.3058790854319289, 'mae_binary': 0.3058790854319289, 'rmse_binary': 0.3058790854319289, 'brier_regret': 0.18712402980934648, 'kl': 0.2304607419827046}",A,not_A,False,128.54165956377983,mean,mean,1,"{'std_A': 0.0, 'std_not_A': 0.0}",,{},"{'repeat_aggregation': 'mean', 'n_repeats': 1}"
semif_qwen35_4b,Qwen/Qwen3.5-4B@851bf6e806efd8d0a36b00ddf55e13ccb7b8cd0a,conditional__seed_000049__repr_table,conditional__seed_000049,conditional,4,table,"(0.45,0.55]","{'parameters': {'boundary_rule': 'include records exactly at cutoff T', 'contingency': {'A': {'B': 32, 'not_B': 39}, 'not_A': {'B': 33, 'not_B': 40}}, 'query': 'P(A|B)', 'sampling': 'uniform among records satisfying B', 'temporal_filter': 'all records observed before cutoff T'}}","{'A': 0.49230769230769234, 'not_A': 0.5076923076923077}","{'A': 0.8354835371034369, 'not_A': 0.1645164628965632}","{'tv': 0.34317584479574453, 'mae_binary': 0.3431758447957446, 'rmse_binary': 0.3431758447957446, 'brier_regret': 0.23553932090254587, 'kl': 0.31171580268979254}",A,not_A,False,131.97799492627382,mean,mean,1,"{'std_A': 0.0, 'std_not_A': 0.0}",,{},"{'repeat_aggregation': 'mean', 'n_repeats': 1}"
semif_qwen35_4b,Qwen/Qwen3.5-4B@851bf6e806efd8d0a36b00ddf55e13ccb7b8cd0a,conditional__seed_000050__repr_direct,conditional__seed_000050,conditional,4,direct,"(0.55,0.70]","{'parameters': {'boundary_rule': 'include records exactly at cutoff T', 'contingency': {'A': {'B': 67, 'not_B': 52}, 'not_A': {'B': 29, 'not_B': 79}}, 'query': 'P(A|B)', 'sampling': 'uniform among records satisfying B', 'temporal_filter': 'all records observed before cutoff T'}}","{'A': 0.6979166666666666, 'not_A': 0.30208333333333337}","{'A': 0.7549149868676283, 'not_A': 0.24508501313237172}","{'tv': 0.05699832020096164, 'mae_binary': 0.05699832020096163, 'rmse_binary': 0.05699832020096163, 'brier_regret': 0.006497617011462704, 'kl': 0.008374700705504307}",A,A,True,117.654446978122,mean,mean,1,"{'std_A': 0.0, 'std_not_A': 0.0}",,{},"{'repeat_aggregation': 'mean', 'n_repeats': 1}"
semif_qwen35_4b,Qwen/Qwen3.5-4B@851bf6e806efd8d0a36b00ddf55e13ccb7b8cd0a,conditional__seed_000050__repr_distractor,conditional__seed_000050,conditional,4,distractor,"(0.55,0.70]","{'parameters': {'boundary_rule': 'include records exactly at cutoff T', 'contingency': {'A': {'B': 67, 'not_B': 52}, 'not_A': {'B': 29, 'not_B': 79}}, 'query': 'P(A|B)', 'sampling': 'uniform among records satisfying B', 'temporal_filter': 'all records observed before cutoff T'}}","{'A': 0.6979166666666666, 'not_A': 0.30208333333333337}","{'A': 0.8807970779778823, 'not_A': 0.11920292202211755}","{'tv': 0.18288041131121574, 'mae_binary': 0.18288041131121568, 'rmse_binary': 0.18288041131121568, 'brier_regret': 0.0668904896827189, 'kl': 0.11847549216682887}",A,A,True,132.95629899948835,mean,mean,1,"{'std_A': 0.0, 'std_not_A': 0.0}",,{},"{'repeat_aggregation': 'mean', 'n_repeats': 1}"
semif_qwen35_4b,Qwen/Qwen3.5-4B@851bf6e806efd8d0a36b00ddf55e13ccb7b8cd0a,conditional__seed_000050__repr_nested,conditional__seed_000050,conditional,4,nested,"(0.55,0.70]","{'parameters': {'boundary_rule': 'include records exactly at cutoff T', 'contingency': {'A': {'B': 67, 'not_B': 52}, 'not_A': {'B': 29, 'not_B': 79}}, 'query': 'P(A|B)', 'sampling': 'uniform among records satisfying B', 'temporal_filter': 'all records observed before cutoff T'}}","{'A': 0.6979166666666666, 'not_A': 0.30208333333333337}","{'A': 0.7549149868676283, 'not_A': 0.24508501313237172}","{'tv': 0.05699832020096164, 'mae_binary': 0.05699832020096163, 'rmse_binary': 0.05699832020096163, 'brier_regret': 0.006497617011462704, 'kl': 0.008374700705504307}",A,A,True,118.26743884012103,mean,mean,1,"{'std_A': 0.0, 'std_not_A': 0.0}",,{},"{'repeat_aggregation': 'mean', 'n_repeats': 1}"
semif_qwen35_4b,Qwen/Qwen3.5-4B@851bf6e806efd8d0a36b00ddf55e13ccb7b8cd0a,conditional__seed_000050__repr_prose,conditional__seed_000050,conditional,4,prose,"(0.55,0.70]","{'parameters': {'boundary_rule': 'include records exactly at cutoff T', 'contingency': {'A': {'B': 67, 'not_B': 52}, 'not_A': {'B': 29, 'not_B': 79}}, 'query': 'P(A|B)', 'sampling': 'uniform among records satisfying B', 'temporal_filter': 'all records observed before cutoff T'}}","{'A': 0.6979166666666666, 'not_A': 0.30208333333333337}","{'A': 0.7981867777396212, 'not_A': 0.20181322226037882}","{'tv': 0.10027011107295457, 'mae_binary': 0.10027011107295458, 'rmse_binary': 0.10027011107295458, 'brier_regret': 0.020108190349165292, 'kl': 0.028158049392170773}",A,A,True,131.70561101287603,mean,mean,1,"{'std_A': 0.0, 'std_not_A': 0.0}",,{},"{'repeat_aggregation': 'mean', 'n_repeats': 1}"
semif_qwen35_4b,Qwen/Qwen3.5-4B@851bf6e806efd8d0a36b00ddf55e13ccb7b8cd0a,conditional__seed_000050__repr_table,conditional__seed_000050,conditional,4,table,"(0.55,0.70]","{'parameters': {'boundary_rule': 'include records exactly at cutoff T', 'contingency': {'A': {'B': 67, 'not_B': 52}, 'not_A': {'B': 29, 'not_B': 79}}, 'query': 'P(A|B)', 'sampling': 'uniform among records satisfying B', 'temporal_filter': 'all records observed before cutoff T'}}","{'A': 0.6979166666666666, 'not_A': 0.30208333333333337}","{'A': 0.8670357598021706, 'not_A': 0.13296424019782924}","{'tv': 0.16911909313550405, 'mae_binary': 0.169119093135504, 'rmse_binary': 0.169119093135504, 'brier_regret': 0.0572025353259506, 'kl': 0.09646212206279123}",A,A,True,131.907322909683,mean,mean,1,"{'std_A': 0.0, 'std_not_A': 0.0}",,{},"{'repeat_aggregation': 'mean', 'n_repeats': 1}"
semif_qwen35_4b,Qwen/Qwen3.5-4B@851bf6e806efd8d0a36b00ddf55e13ccb7b8cd0a,conditional__seed_000051__repr_direct,conditional__seed_000051,conditional,4,direct,"(0.55,0.70]","{'parameters': {'boundary_rule': 'include records exactly at cutoff T', 'contingency': {'A': {'B': 72, 'not_B': 78}, 'not_A': {'B': 51, 'not_B': 6}}, 'query': 'P(A|B)', 'sampling': 'uniform among records satisfying B', 'temporal_filter': 'all records observed before cutoff T'}}","{'A': 0.5853658536585366, 'not_A': 0.41463414634146345}","{'A': 0.7981867777396212, 'not_A': 0.20181322226037882}","{'tv': 0.21282092408108466, 'mae_binary': 0.21282092408108466, 'rmse_binary': 0.21282092408108466, 'brier_regret': 0.0905854914534536, 'kl': 0.11703372580725149}",A,A,True,119.08100685104728,mean,mean,1,"{'std_A': 0.0, 'std_not_A': 0.0}",,{},"{'repeat_aggregation': 'mean', 'n_repeats': 1}"
semif_qwen35_4b,Qwen/Qwen3.5-4B@851bf6e806efd8d0a36b00ddf55e13ccb7b8cd0a,conditional__seed_000051__repr_distractor,conditional__seed_000051,conditional,4,distractor,"(0.55,0.70]","{'parameters': {'boundary_rule': 'include records exactly at cutoff T', 'contingency': {'A': {'B': 72, 'not_B': 78}, 'not_A': {'B': 51, 'not_B': 6}}, 'query': 'P(A|B)', 'sampling': 'uniform among records satisfying B', 'temporal_filter': 'all records observed before cutoff T'}}","{'A': 0.5853658536585366, 'not_A': 0.41463414634146345}","{'A': 0.8807970779778823, 'not_A': 0.11920292202211755}","{'tv': 0.2954312243193458, 'mae_binary': 0.29543122431934576, 'rmse_binary': 0.29543122431934576, 'brier_regret': 0.17455921660565527, 'kl': 0.2776954267119909}",A,A,True,133.29913094639778,mean,mean,1,"{'std_A': 0.0, 'std_not_A': 0.0}",,{},"{'repeat_aggregation': 'mean', 'n_repeats': 1}"
semif_qwen35_4b,Qwen/Qwen3.5-4B@851bf6e806efd8d0a36b00ddf55e13ccb7b8cd0a,conditional__seed_000051__repr_nested,conditional__seed_000051,conditional,4,nested,"(0.55,0.70]","{'parameters': {'boundary_rule': 'include records exactly at cutoff T', 'contingency': {'A': {'B': 72, 'not_B': 78}, 'not_A': {'B': 51, 'not_B': 6}}, 'query': 'P(A|B)', 'sampling': 'uniform among records satisfying B', 'temporal_filter': 'all records observed before cutoff T'}}","{'A': 0.5853658536585366, 'not_A': 0.41463414634146345}","{'A': 0.8354835371034369, 'not_A': 0.1645164628965632}","{'tv': 0.2501176834449003, 'mae_binary': 0.2501176834449004, 'rmse_binary': 0.2501176834449004, 'brier_regret': 0.12511771114368672, 'kl': 0.17502424617662843}",A,A,True,118.20907006040215,mean,mean,1,"{'std_A': 0.0, 'std_not_A': 0.0}",,{},"{'repeat_aggregation': 'mean', 'n_repeats': 1}"
semif_qwen35_4b,Qwen/Qwen3.5-4B@851bf6e806efd8d0a36b00ddf55e13ccb7b8cd0a,conditional__seed_000051__repr_prose,conditional__seed_000051,conditional,4,prose,"(0.55,0.70]","{'parameters': {'boundary_rule': 'include records exactly at cutoff T', 'contingency': {'A': {'B': 72, 'not_B': 78}, 'not_A': {'B': 51, 'not_B': 6}}, 'query': 'P(A|B)', 'sampling': 'uniform among records satisfying B', 'temporal_filter': 'all records observed before cutoff T'}}","{'A': 0.5853658536585366, 'not_A': 0.41463414634146345}","{'A': 0.8807970779778823, 'not_A': 0.11920292202211755}","{'tv': 0.2954312243193458, 'mae_binary': 0.29543122431934576, 'rmse_binary': 0.29543122431934576, 'brier_regret': 0.17455921660565527, 'kl': 0.2776954267119909}",A,A,True,130.4652108810842,mean,mean,1,"{'std_A': 0.0, 'std_not_A': 0.0}",,{},"{'repeat_aggregation': 'mean', 'n_repeats': 1}"
semif_qwen35_4b,Qwen/Qwen3.5-4B@851bf6e806efd8d0a36b00ddf55e13ccb7b8cd0a,conditional__seed_000051__repr_table,conditional__seed_000051,conditional,4,table,"(0.55,0.70]","{'parameters': {'boundary_rule': 'include records exactly at cutoff T', 'contingency': {'A': {'B': 72, 'not_B': 78}, 'not_A': {'B': 51, 'not_B': 6}}, 'query': 'P(A|B)', 'sampling': 'uniform among records satisfying B', 'temporal_filter': 'all records observed before cutoff T'}}","{'A': 0.5853658536585366, 'not_A': 0.41463414634146345}","{'A': 0.8933094060543487, 'not_A': 0.10669059394565118}","{'tv': 0.3079435523958122, 'mae_binary': 0.30794355239581217, 'rmse_binary': 0.30794355239581217, 'brier_regret': 0.18965846292430472, 'kl': 0.31541896273327064}",A,A,True,130.87589899078012,mean,mean,1,"{'std_A': 0.0, 'std_not_A': 0.0}",,{},"{'repeat_aggregation': 'mean', 'n_repeats': 1}"
semif_qwen35_4b,Qwen/Qwen3.5-4B@851bf6e806efd8d0a36b00ddf55e13ccb7b8cd0a,conditional__seed_000052__repr_direct,conditional__seed_000052,conditional,4,direct,"(0.10,0.30]","{'parameters': {'boundary_rule': 'include records exactly at cutoff T', 'contingency': {'A': {'B': 6, 'not_B': 27}, 'not_A': {'B': 15, 'not_B': 59}}, 'query': 'P(A|B)', 'sampling': 'uniform among records satisfying B', 'temporal_filter': 'all records observed before cutoff T'}}","{'A': 0.2857142857142857, 'not_A': 0.7142857142857143}","{'A': 0.8354835371034369, 'not_A': 0.1645164628965632}","{'tv': 0.5497692513891512, 'mae_binary': 0.5497692513891512, 'rmse_binary': 0.5497692513891512, 'brier_regret': 0.6044924595459754, 'kl': 0.7421893325146875}",A,not_A,False,120.822349563241,mean,mean,1,"{'std_A': 0.0, 'std_not_A': 0.0}",,{},"{'repeat_aggregation': 'mean', 'n_repeats': 1}"
semif_qwen35_4b,Qwen/Qwen3.5-4B@851bf6e806efd8d0a36b00ddf55e13ccb7b8cd0a,conditional__seed_000052__repr_distractor,conditional__seed_000052,conditional,4,distractor,"(0.10,0.30]","{'parameters': {'boundary_rule': 'include records exactly at cutoff T', 'contingency': {'A': {'B': 6, 'not_B': 27}, 'not_A': {'B': 15, 'not_B': 59}}, 'query': 'P(A|B)', 'sampling': 'uniform among records satisfying B', 'temporal_filter': 'all records observed before cutoff T'}}","{'A': 0.2857142857142857, 'not_A': 0.7142857142857143}","{'A': 0.8670357598021706, 'not_A': 0.13296424019782924}","{'tv': 0.5813214740878849, 'mae_binary': 0.5813214740878849, 'rmse_binary': 0.5813214740878849, 'brier_regret': 0.675869312471423, 'kl': 0.8836911833060588}",A,not_A,False,132.05812266096473,mean,mean,1,"{'std_A': 0.0, 'std_not_A': 0.0}",,{},"{'repeat_aggregation': 'mean', 'n_repeats': 1}"
semif_qwen35_4b,Qwen/Qwen3.5-4B@851bf6e806efd8d0a36b00ddf55e13ccb7b8cd0a,conditional__seed_000052__repr_nested,conditional__seed_000052,conditional,4,nested,"(0.10,0.30]","{'parameters': {'boundary_rule': 'include records exactly at cutoff T', 'contingency': {'A': {'B': 6, 'not_B': 27}, 'not_A': {'B': 15, 'not_B': 59}}, 'query': 'P(A|B)', 'sampling': 'uniform among records satisfying B', 'temporal_filter': 'all records observed before cutoff T'}}","{'A': 0.2857142857142857, 'not_A': 0.7142857142857143}","{'A': 0.7981867777396212, 'not_A': 0.20181322226037882}","{'tv': 0.5124724920253355, 'mae_binary': 0.5124724920253355, 'rmse_binary': 0.5124724920253355, 'brier_regret': 0.5252561101653151, 'kl': 0.6092859201592478}",A,not_A,False,120.02362962812185,mean,mean,1,"{'std_A': 0.0, 'std_not_A': 0.0}",,{},"{'repeat_aggregation': 'mean', 'n_repeats': 1}"
semif_qwen35_4b,Qwen/Qwen3.5-4B@851bf6e806efd8d0a36b00ddf55e13ccb7b8cd0a,conditional__seed_000052__repr_prose,conditional__seed_000052,conditional,4,prose,"(0.10,0.30]","{'parameters': {'boundary_rule': 'include records exactly at cutoff T', 'contingency': {'A': {'B': 6, 'not_B': 27}, 'not_A': {'B': 15, 'not_B': 59}}, 'query': 'P(A|B)', 'sampling': 'uniform among records satisfying B', 'temporal_filter': 'all records observed before cutoff T'}}","{'A': 0.2857142857142857, 'not_A': 0.7142857142857143}","{'A': 0.8175744761936437, 'not_A': 0.18242552380635632}","{'tv': 0.531860190479358, 'mae_binary': 0.531860190479358, 'rmse_binary': 0.531860190479358, 'brier_regret': 0.5657505244334778, 'kl': 0.6745722608260667}",A,not_A,False,130.21641178056598,mean,mean,1,"{'std_A': 0.0, 'std_not_A': 0.0}",,{},"{'repeat_aggregation': 'mean', 'n_repeats': 1}"
semif_qwen35_4b,Qwen/Qwen3.5-4B@851bf6e806efd8d0a36b00ddf55e13ccb7b8cd0a,conditional__seed_000052__repr_table,conditional__seed_000052,conditional,4,table,"(0.10,0.30]","{'parameters': {'boundary_rule': 'include records exactly at cutoff T', 'contingency': {'A': {'B': 6, 'not_B': 27}, 'not_A': {'B': 15, 'not_B': 59}}, 'query': 'P(A|B)', 'sampling': 'uniform among records satisfying B', 'temporal_filter': 'all records observed before cutoff T'}}","{'A': 0.2857142857142857, 'not_A': 0.7142857142857143}","{'A': 0.8354835371034369, 'not_A': 0.1645164628965632}","{'tv': 0.5497692513891512, 'mae_binary': 0.5497692513891512, 'rmse_binary': 0.5497692513891512, 'brier_regret': 0.6044924595459754, 'kl': 0.7421893325146875}",A,not_A,False,130.20809087902308,mean,mean,1,"{'std_A': 0.0, 'std_not_A': 0.0}",,{},"{'repeat_aggregation': 'mean', 'n_repeats': 1}"
semif_qwen35_4b,Qwen/Qwen3.5-4B@851bf6e806efd8d0a36b00ddf55e13ccb7b8cd0a,conditional__seed_000053__repr_direct,conditional__seed_000053,conditional,4,direct,"(0.90,0.99]","{'parameters': {'boundary_rule': 'include records exactly at cutoff T', 'contingency': {'A': {'B': 60, 'not_B': 90}, 'not_A': {'B': 2, 'not_B': 36}}, 'query': 'P(A|B)', 'sampling': 'uniform among records satisfying B', 'temporal_filter': 'all records observed before cutoff T'}}","{'A': 0.967741935483871, 'not_A': 0.032258064516129004}","{'A': 0.8354835371034369, 'not_A': 0.1645164628965632}","{'tv': 0.13225839838043413, 'mae_binary': 0.13225839838043407, 'rmse_binary': 0.13225839838043407, 'brier_regret': 0.03498456788431524, 'kl': 0.08965812283163083}",A,A,True,119.98855881392956,mean,mean,1,"{'std_A': 0.0, 'std_not_A': 0.0}",,{},"{'repeat_aggregation': 'mean', 'n_repeats': 1}"
semif_qwen35_4b,Qwen/Qwen3.5-4B@851bf6e806efd8d0a36b00ddf55e13ccb7b8cd0a,conditional__seed_000053__repr_distractor,conditional__seed_000053,conditional,4,distractor,"(0.90,0.99]","{'parameters': {'boundary_rule': 'include records exactly at cutoff T', 'contingency': {'A': {'B': 60, 'not_B': 90}, 'not_A': {'B': 2, 'not_B': 36}}, 'query': 'P(A|B)', 'sampling': 'uniform among records satisfying B', 'temporal_filter': 'all records observed before cutoff T'}}","{'A': 0.967741935483871, 'not_A': 0.032258064516129004}","{'A': 0.8670357598021706, 'not_A': 0.13296424019782924}","{'tv': 0.1007061756817003, 'mae_binary': 0.10070617568170037, 'rmse_binary': 0.10070617568170037, 'brier_regret': 0.02028346764086697, 'kl': 0.060653061180605816}",A,A,True,132.7591952867806,mean,mean,1,"{'std_A': 0.0, 'std_not_A': 0.0}",,{},"{'repeat_aggregation': 'mean', 'n_repeats': 1}"
semif_qwen35_4b,Qwen/Qwen3.5-4B@851bf6e806efd8d0a36b00ddf55e13ccb7b8cd0a,conditional__seed_000053__repr_nested,conditional__seed_000053,conditional,4,nested,"(0.90,0.99]","{'parameters': {'boundary_rule': 'include records exactly at cutoff T', 'contingency': {'A': {'B': 60, 'not_B': 90}, 'not_A': {'B': 2, 'not_B': 36}}, 'query': 'P(A|B)', 'sampling': 'uniform among records satisfying B', 'temporal_filter': 'all records observed before cutoff T'}}","{'A': 0.967741935483871, 'not_A': 0.032258064516129004}","{'A': 0.7981867777396212, 'not_A': 0.20181322226037882}","{'tv': 0.16955515774424978, 'mae_binary': 0.16955515774424978, 'rmse_binary': 0.16955515774424978, 'brier_regret': 0.05749790303535486, 'kl': 0.1272616229185875}",A,A,True,120.69063866510987,mean,mean,1,"{'std_A': 0.0, 'std_not_A': 0.0}",,{},"{'repeat_aggregation': 'mean', 'n_repeats': 1}"
semif_qwen35_4b,Qwen/Qwen3.5-4B@851bf6e806efd8d0a36b00ddf55e13ccb7b8cd0a,conditional__seed_000053__repr_prose,conditional__seed_000053,conditional,4,prose,"(0.90,0.99]","{'parameters': {'boundary_rule': 'include records exactly at cutoff T', 'contingency': {'A': {'B': 60, 'not_B': 90}, 'not_A': {'B': 2, 'not_B': 36}}, 'query': 'P(A|B)', 'sampling': 'uniform among records satisfying B', 'temporal_filter': 'all records observed before cutoff T'}}","{'A': 0.967741935483871, 'not_A': 0.032258064516129004}","{'A': 0.7310585786300049, 'not_A': 0.2689414213699951}","{'tv': 0.2366833568538661, 'mae_binary': 0.2366833568538661, 'rmse_binary': 0.2366833568538661, 'brier_regret': 0.11203802282322906, 'kl': 0.20301388464161407}",A,A,True,130.12767489999533,mean,mean,1,"{'std_A': 0.0, 'std_not_A': 0.0}",,{},"{'repeat_aggregation': 'mean', 'n_repeats': 1}"
semif_qwen35_4b,Qwen/Qwen3.5-4B@851bf6e806efd8d0a36b00ddf55e13ccb7b8cd0a,conditional__seed_000053__repr_table,conditional__seed_000053,conditional,4,table,"(0.90,0.99]","{'parameters': {'boundary_rule': 'include records exactly at cutoff T', 'contingency': {'A': {'B': 60, 'not_B': 90}, 'not_A': {'B': 2, 'not_B': 36}}, 'query': 'P(A|B)', 'sampling': 'uniform among records satisfying B', 'temporal_filter': 'all records observed before cutoff T'}}","{'A': 0.967741935483871, 'not_A': 0.032258064516129004}","{'A': 0.8354835371034369, 'not_A': 0.1645164628965632}","{'tv': 0.13225839838043413, 'mae_binary': 0.13225839838043407, 'rmse_binary': 0.13225839838043407, 'brier_regret': 0.03498456788431524, 'kl': 0.08965812283163083}",A,A,True,132.09493784233928,mean,mean,1,"{'std_A': 0.0, 'std_not_A': 0.0}",,{},"{'repeat_aggregation': 'mean', 'n_repeats': 1}"
semif_qwen35_4b,Qwen/Qwen3.5-4B@851bf6e806efd8d0a36b00ddf55e13ccb7b8cd0a,conditional__seed_000054__repr_direct,conditional__seed_000054,conditional,4,direct,"(0.70,0.90]","{'parameters': {'boundary_rule': 'include records exactly at cutoff T', 'contingency': {'A': {'B': 70, 'not_B': 25}, 'not_A': {'B': 14, 'not_B': 46}}, 'query': 'P(A|B)', 'sampling': 'uniform among records satisfying B', 'temporal_filter': 'all records observed before cutoff T'}}","{'A': 0.8333333333333334, 'not_A': 0.16666666666666663}","{'A': 0.8175744761936437, 'not_A': 0.18242552380635632}","{'tv': 0.015758857139689705, 'mae_binary': 0.01575885713968972, 'rmse_binary': 0.01575885713968972, 'brier_regret': 0.0004966831566982984, 'kl': 0.0008520691164477564}",A,A,True,119.65500609949231,mean,mean,1,"{'std_A': 0.0, 'std_not_A': 0.0}",,{},"{'repeat_aggregation': 'mean', 'n_repeats': 1}"
semif_qwen35_4b,Qwen/Qwen3.5-4B@851bf6e806efd8d0a36b00ddf55e13ccb7b8cd0a,conditional__seed_000054__repr_distractor,conditional__seed_000054,conditional,4,distractor,"(0.70,0.90]","{'parameters': {'boundary_rule': 'include records exactly at cutoff T', 'contingency': {'A': {'B': 70, 'not_B': 25}, 'not_A': {'B': 14, 'not_B': 46}}, 'query': 'P(A|B)', 'sampling': 'uniform among records satisfying B', 'temporal_filter': 'all records observed before cutoff T'}}","{'A': 0.8333333333333334, 'not_A': 0.16666666666666663}","{'A': 0.8670357598021706, 'not_A': 0.13296424019782924}","{'tv': 0.033702426468837324, 'mae_binary': 0.033702426468837254, 'rmse_binary': 0.033702426468837254, 'brier_regret': 0.002271707099774773, 'kl': 0.004613848739296961}",A,A,True,129.83013922348619,mean,mean,1,"{'std_A': 0.0, 'std_not_A': 0.0}",,{},"{'repeat_aggregation': 'mean', 'n_repeats': 1}"
semif_qwen35_4b,Qwen/Qwen3.5-4B@851bf6e806efd8d0a36b00ddf55e13ccb7b8cd0a,conditional__seed_000054__repr_nested,conditional__seed_000054,conditional,4,nested,"(0.70,0.90]","{'parameters': {'boundary_rule': 'include records exactly at cutoff T', 'contingency': {'A': {'B': 70, 'not_B': 25}, 'not_A': {'B': 14, 'not_B': 46}}, 'query': 'P(A|B)', 'sampling': 'uniform among records satisfying B', 'temporal_filter': 'all records observed before cutoff T'}}","{'A': 0.8333333333333334, 'not_A': 0.16666666666666663}","{'A': 0.8175744761936437, 'not_A': 0.18242552380635632}","{'tv': 0.015758857139689705, 'mae_binary': 0.01575885713968972, 'rmse_binary': 0.01575885713968972, 'brier_regret': 0.0004966831566982984, 'kl': 0.0008520691164477564}",A,A,True,121.32188584655523,mean,mean,1,"{'std_A': 0.0, 'std_not_A': 0.0}",,{},"{'repeat_aggregation': 'mean', 'n_repeats': 1}"
semif_qwen35_4b,Qwen/Qwen3.5-4B@851bf6e806efd8d0a36b00ddf55e13ccb7b8cd0a,conditional__seed_000054__repr_prose,conditional__seed_000054,conditional,4,prose,"(0.70,0.90]","{'parameters': {'boundary_rule': 'include records exactly at cutoff T', 'contingency': {'A': {'B': 70, 'not_B': 25}, 'not_A': {'B': 14, 'not_B': 46}}, 'query': 'P(A|B)', 'sampling': 'uniform among records satisfying B', 'temporal_filter': 'all records observed before cutoff T'}}","{'A': 0.8333333333333334, 'not_A': 0.16666666666666663}","{'A': 0.7549149868676283, 'not_A': 0.24508501313237172}","{'tv': 0.0784183464657051, 'mae_binary': 0.07841834646570511, 'rmse_binary': 0.07841834646570511, 'brier_regret': 0.012298874124830727, 'kl': 0.018088927382010137}",A,A,True,128.66909988224506,mean,mean,1,"{'std_A': 0.0, 'std_not_A': 0.0}",,{},"{'repeat_aggregation': 'mean', 'n_repeats': 1}"
semif_qwen35_4b,Qwen/Qwen3.5-4B@851bf6e806efd8d0a36b00ddf55e13ccb7b8cd0a,conditional__seed_000054__repr_table,conditional__seed_000054,conditional,4,table,"(0.70,0.90]","{'parameters': {'boundary_rule': 'include records exactly at cutoff T', 'contingency': {'A': {'B': 70, 'not_B': 25}, 'not_A': {'B': 14, 'not_B': 46}}, 'query': 'P(A|B)', 'sampling': 'uniform among records satisfying B', 'temporal_filter': 'all records observed before cutoff T'}}","{'A': 0.8333333333333334, 'not_A': 0.16666666666666663}","{'A': 0.8807970779778823, 'not_A': 0.11920292202211755}","{'tv': 0.047463744644549014, 'mae_binary': 0.047463744644548944, 'rmse_binary': 0.047463744644548944, 'brier_regret': 0.00450561411136591, 'kl': 0.009700135510001241}",A,A,True,131.09220331534743,mean,mean,1,"{'std_A': 0.0, 'std_not_A': 0.0}",,{},"{'repeat_aggregation': 'mean', 'n_repeats': 1}"
semif_qwen35_4b,Qwen/Qwen3.5-4B@851bf6e806efd8d0a36b00ddf55e13ccb7b8cd0a,conditional__seed_000055__repr_direct,conditional__seed_000055,conditional,4,direct,"(0.70,0.90]","{'parameters': {'boundary_rule': 'include records exactly at cutoff T', 'contingency': {'A': {'B': 37, 'not_B': 40}, 'not_A': {'B': 12, 'not_B': 76}}, 'query': 'P(A|B)', 'sampling': 'uniform among records satisfying B', 'temporal_filter': 'all records observed before cutoff T'}}","{'A': 0.7551020408163265, 'not_A': 0.24489795918367352}","{'A': 0.7549149868676283, 'not_A': 0.24508501313237172}","{'tv': 0.0001870539486982098, 'mae_binary': 0.00018705394869822367, 'rmse_binary': 0.00018705394869822367, 'brier_regret': 6.997835944718501e-08, 'kl': 9.457222506376321e-08}",A,A,True,120.50099018961191,mean,mean,1,"{'std_A': 0.0, 'std_not_A': 0.0}",,{},"{'repeat_aggregation': 'mean', 'n_repeats': 1}"
semif_qwen35_4b,Qwen/Qwen3.5-4B@851bf6e806efd8d0a36b00ddf55e13ccb7b8cd0a,conditional__seed_000055__repr_distractor,conditional__seed_000055,conditional,4,distractor,"(0.70,0.90]","{'parameters': {'boundary_rule': 'include records exactly at cutoff T', 'contingency': {'A': {'B': 37, 'not_B': 40}, 'not_A': {'B': 12, 'not_B': 76}}, 'query': 'P(A|B)', 'sampling': 'uniform among records satisfying B', 'temporal_filter': 'all records observed before cutoff T'}}","{'A': 0.7551020408163265, 'not_A': 0.24489795918367352}","{'A': 0.8670357598021706, 'not_A': 0.13296424019782924}","{'tv': 0.11193371898584421, 'mae_binary': 0.11193371898584414, 'rmse_binary': 0.11193371898584414, 'brier_regret': 0.025058314892003882, 'kl': 0.04519848531726711}",A,A,True,132.73679511621594,mean,mean,1,"{'std_A': 0.0, 'std_not_A': 0.0}",,{},"{'repeat_aggregation': 'mean', 'n_repeats': 1}"
semif_qwen35_4b,Qwen/Qwen3.5-4B@851bf6e806efd8d0a36b00ddf55e13ccb7b8cd0a,conditional__seed_000055__repr_nested,conditional__seed_000055,conditional,4,nested,"(0.70,0.90]","{'parameters': {'boundary_rule': 'include records exactly at cutoff T', 'contingency': {'A': {'B': 37, 'not_B': 40}, 'not_A': {'B': 12, 'not_B': 76}}, 'query': 'P(A|B)', 'sampling': 'uniform among records satisfying B', 'temporal_filter': 'all records observed before cutoff T'}}","{'A': 0.7551020408163265, 'not_A': 0.24489795918367352}","{'A': 0.7057850278370112, 'not_A': 0.29421497216298875}","{'tv': 0.04931701297931523, 'mae_binary': 0.04931701297931523, 'rmse_binary': 0.04931701297931523, 'brier_regret': 0.004864335538403894, 'kl': 0.006070049533047579}",A,A,True,119.26295887678862,mean,mean,1,"{'std_A': 0.0, 'std_not_A': 0.0}",,{},"{'repeat_aggregation': 'mean', 'n_repeats': 1}"
semif_qwen35_4b,Qwen/Qwen3.5-4B@851bf6e806efd8d0a36b00ddf55e13ccb7b8cd0a,conditional__seed_000055__repr_prose,conditional__seed_000055,conditional,4,prose,"(0.70,0.90]","{'parameters': {'boundary_rule': 'include records exactly at cutoff T', 'contingency': {'A': {'B': 37, 'not_B': 40}, 'not_A': {'B': 12, 'not_B': 76}}, 'query': 'P(A|B)', 'sampling': 'uniform among records satisfying B', 'temporal_filter': 'all records observed before cutoff T'}}","{'A': 0.7551020408163265, 'not_A': 0.24489795918367352}","{'A': 0.7549149868676283, 'not_A': 0.24508501313237172}","{'tv': 0.0001870539486982098, 'mae_binary': 0.00018705394869822367, 'rmse_binary': 0.00018705394869822367, 'brier_regret': 6.997835944718501e-08, 'kl': 9.457222506376321e-08}",A,A,True,130.2065714262426,mean,mean,1,"{'std_A': 0.0, 'std_not_A': 0.0}",,{},"{'repeat_aggregation': 'mean', 'n_repeats': 1}"
semif_qwen35_4b,Qwen/Qwen3.5-4B@851bf6e806efd8d0a36b00ddf55e13ccb7b8cd0a,conditional__seed_000055__repr_table,conditional__seed_000055,conditional,4,table,"(0.70,0.90]","{'parameters': {'boundary_rule': 'include records exactly at cutoff T', 'contingency': {'A': {'B': 37, 'not_B': 40}, 'not_A': {'B': 12, 'not_B': 76}}, 'query': 'P(A|B)', 'sampling': 'uniform among records satisfying B', 'temporal_filter': 'all records observed before cutoff T'}}","{'A': 0.7551020408163265, 'not_A': 0.24489795918367352}","{'A': 0.7549149868676283, 'not_A': 0.24508501313237172}","{'tv': 0.0001870539486982098, 'mae_binary': 0.00018705394869822367, 'rmse_binary': 0.00018705394869822367, 'brier_regret': 6.997835944718501e-08, 'kl': 9.457222506376321e-08}",A,A,True,131.38028280809522,mean,mean,1,"{'std_A': 0.0, 'std_not_A': 0.0}",,{},"{'repeat_aggregation': 'mean', 'n_repeats': 1}"
semif_qwen35_4b,Qwen/Qwen3.5-4B@851bf6e806efd8d0a36b00ddf55e13ccb7b8cd0a,conditional__seed_000056__repr_direct,conditional__seed_000056,conditional,4,direct,"(0.55,0.70]","{'parameters': {'boundary_rule': 'include records exactly at cutoff T', 'contingency': {'A': {'B': 61, 'not_B': 73}, 'not_A': {'B': 28, 'not_B': 83}}, 'query': 'P(A|B)', 'sampling': 'uniform among records satisfying B', 'temporal_filter': 'all records observed before cutoff T'}}","{'A': 0.6853932584269663, 'not_A': 0.3146067415730337}","{'A': 0.7772998611746911, 'not_A': 0.22270013882530884}","{'tv': 0.09190660274772482, 'mae_binary': 0.09190660274772477, 'rmse_binary': 0.09190660274772477, 'brier_regret': 0.0168936472572562, 'kl': 0.022450374528712805}",A,A,True,121.95758102461696,mean,mean,1,"{'std_A': 0.0, 'std_not_A': 0.0}",,{},"{'repeat_aggregation': 'mean', 'n_repeats': 1}"
semif_qwen35_4b,Qwen/Qwen3.5-4B@851bf6e806efd8d0a36b00ddf55e13ccb7b8cd0a,conditional__seed_000056__repr_distractor,conditional__seed_000056,conditional,4,distractor,"(0.55,0.70]","{'parameters': {'boundary_rule': 'include records exactly at cutoff T', 'contingency': {'A': {'B': 61, 'not_B': 73}, 'not_A': {'B': 28, 'not_B': 83}}, 'query': 'P(A|B)', 'sampling': 'uniform among records satisfying B', 'temporal_filter': 'all records observed before cutoff T'}}","{'A': 0.6853932584269663, 'not_A': 0.3146067415730337}","{'A': 0.8670357598021706, 'not_A': 0.13296424019782924}","{'tv': 0.18164250137520438, 'mae_binary': 0.18164250137520432, 'rmse_binary': 0.18164250137520432, 'brier_regret': 0.06598799661168225, 'kl': 0.10982556427208759}",A,A,True,133.43831384554505,mean,mean,1,"{'std_A': 0.0, 'std_not_A': 0.0}",,{},"{'repeat_aggregation': 'mean', 'n_repeats': 1}"
semif_qwen35_4b,Qwen/Qwen3.5-4B@851bf6e806efd8d0a36b00ddf55e13ccb7b8cd0a,conditional__seed_000056__repr_nested,conditional__seed_000056,conditional,4,nested,"(0.55,0.70]","{'parameters': {'boundary_rule': 'include records exactly at cutoff T', 'contingency': {'A': {'B': 61, 'not_B': 73}, 'not_A': {'B': 28, 'not_B': 83}}, 'query': 'P(A|B)', 'sampling': 'uniform among records satisfying B', 'temporal_filter': 'all records observed before cutoff T'}}","{'A': 0.6853932584269663, 'not_A': 0.3146067415730337}","{'A': 0.7310585786300049, 'not_A': 0.2689414213699951}","{'tv': 0.045665320203038595, 'mae_binary': 0.045665320203038595, 'rmse_binary': 0.045665320203038595, 'brier_regret': 0.00417064293849209, 'kl': 0.0051312953083043275}",A,A,True,118.56475099921227,mean,mean,1,"{'std_A': 0.0, 'std_not_A': 0.0}",,{},"{'repeat_aggregation': 'mean', 'n_repeats': 1}"
semif_qwen35_4b,Qwen/Qwen3.5-4B@851bf6e806efd8d0a36b00ddf55e13ccb7b8cd0a,conditional__seed_000056__repr_prose,conditional__seed_000056,conditional,4,prose,"(0.55,0.70]","{'parameters': {'boundary_rule': 'include records exactly at cutoff T', 'contingency': {'A': {'B': 61, 'not_B': 73}, 'not_A': {'B': 28, 'not_B': 83}}, 'query': 'P(A|B)', 'sampling': 'uniform among records satisfying B', 'temporal_filter': 'all records observed before cutoff T'}}","{'A': 0.6853932584269663, 'not_A': 0.3146067415730337}","{'A': 0.7549149868676283, 'not_A': 0.24508501313237172}","{'tv': 0.06952172844066197, 'mae_binary': 0.06952172844066196, 'rmse_binary': 0.06952172844066196, 'brier_regret': 0.009666541450754296, 'kl': 0.012345586735025463}",A,A,True,130.29463589191437,mean,mean,1,"{'std_A': 0.0, 'std_not_A': 0.0}",,{},"{'repeat_aggregation': 'mean', 'n_repeats': 1}"
semif_qwen35_4b,Qwen/Qwen3.5-4B@851bf6e806efd8d0a36b00ddf55e13ccb7b8cd0a,conditional__seed_000056__repr_table,conditional__seed_000056,conditional,4,table,"(0.55,0.70]","{'parameters': {'boundary_rule': 'include records exactly at cutoff T', 'contingency': {'A': {'B': 61, 'not_B': 73}, 'not_A': {'B': 28, 'not_B': 83}}, 'query': 'P(A|B)', 'sampling': 'uniform among records satisfying B', 'temporal_filter': 'all records observed before cutoff T'}}","{'A': 0.6853932584269663, 'not_A': 0.3146067415730337}","{'A': 0.8354835371034369, 'not_A': 0.1645164628965632}","{'tv': 0.15009027867647057, 'mae_binary': 0.15009027867647062, 'rmse_binary': 0.15009027867647062, 'brier_regret': 0.04505418350636119, 'kl': 0.06824345665888651}",A,A,True,130.33831492066383,mean,mean,1,"{'std_A': 0.0, 'std_not_A': 0.0}",,{},"{'repeat_aggregation': 'mean', 'n_repeats': 1}"
semif_qwen35_4b,Qwen/Qwen3.5-4B@851bf6e806efd8d0a36b00ddf55e13ccb7b8cd0a,conditional__seed_000057__repr_direct,conditional__seed_000057,conditional,4,direct,"(0.70,0.90]","{'parameters': {'boundary_rule': 'include records exactly at cutoff T', 'contingency': {'A': {'B': 82, 'not_B': 10}, 'not_A': {'B': 15, 'not_B': 54}}, 'query': 'P(A|B)', 'sampling': 'uniform among records satisfying B', 'temporal_filter': 'all records observed before cutoff T'}}","{'A': 0.845360824742268, 'not_A': 0.15463917525773196}","{'A': 0.8670357598021706, 'not_A': 0.13296424019782924}","{'tv': 0.02167493505990266, 'mae_binary': 0.02167493505990259, 'rmse_binary': 0.02167493505990259, 'brier_regret': 0.0009396056197019948, 'kl': 0.0019509996403827834}",A,A,True,120.42686203494668,mean,mean,1,"{'std_A': 0.0, 'std_not_A': 0.0}",,{},"{'repeat_aggregation': 'mean', 'n_repeats': 1}"
semif_qwen35_4b,Qwen/Qwen3.5-4B@851bf6e806efd8d0a36b00ddf55e13ccb7b8cd0a,conditional__seed_000057__repr_distractor,conditional__seed_000057,conditional,4,distractor,"(0.70,0.90]","{'parameters': {'boundary_rule': 'include records exactly at cutoff T', 'contingency': {'A': {'B': 82, 'not_B': 10}, 'not_A': {'B': 15, 'not_B': 54}}, 'query': 'P(A|B)', 'sampling': 'uniform among records satisfying B', 'temporal_filter': 'all records observed before cutoff T'}}","{'A': 0.845360824742268, 'not_A': 0.15463917525773196}","{'A': 0.9046505351008906, 'not_A': 0.0953494648991095}","{'tv': 0.05928971035862249, 'mae_binary': 0.059289710358622516, 'rmse_binary': 0.059289710358622516, 'brier_regret': 0.007030539508818694, 'kl': 0.01747219167317783}",A,A,True,134.46076214313507,mean,mean,1,"{'std_A': 0.0, 'std_not_A': 0.0}",,{},"{'repeat_aggregation': 'mean', 'n_repeats': 1}"
semif_qwen35_4b,Qwen/Qwen3.5-4B@851bf6e806efd8d0a36b00ddf55e13ccb7b8cd0a,conditional__seed_000057__repr_nested,conditional__seed_000057,conditional,4,nested,"(0.70,0.90]","{'parameters': {'boundary_rule': 'include records exactly at cutoff T', 'contingency': {'A': {'B': 82, 'not_B': 10}, 'not_A': {'B': 15, 'not_B': 54}}, 'query': 'P(A|B)', 'sampling': 'uniform among records satisfying B', 'temporal_filter': 'all records observed before cutoff T'}}","{'A': 0.845360824742268, 'not_A': 0.15463917525773196}","{'A': 0.8175744761936437, 'not_A': 0.18242552380635632}","{'tv': 0.02778634854862437, 'mae_binary': 0.027786348548624384, 'rmse_binary': 0.027786348548624384, 'brier_regret': 0.0015441623313312792, 'kl': 0.0026995292958841947}",A,A,True,120.02775771543384,mean,mean,1,"{'std_A': 0.0, 'std_not_A': 0.0}",,{},"{'repeat_aggregation': 'mean', 'n_repeats': 1}"
semif_qwen35_4b,Qwen/Qwen3.5-4B@851bf6e806efd8d0a36b00ddf55e13ccb7b8cd0a,conditional__seed_000057__repr_prose,conditional__seed_000057,conditional,4,prose,"(0.70,0.90]","{'parameters': {'boundary_rule': 'include records exactly at cutoff T', 'contingency': {'A': {'B': 82, 'not_B': 10}, 'not_A': {'B': 15, 'not_B': 54}}, 'query': 'P(A|B)', 'sampling': 'uniform among records satisfying B', 'temporal_filter': 'all records observed before cutoff T'}}","{'A': 0.845360824742268, 'not_A': 0.15463917525773196}","{'A': 0.7772998611746911, 'not_A': 0.22270013882530884}","{'tv': 0.06806096356757692, 'mae_binary': 0.06806096356757696, 'rmse_binary': 0.06806096356757696, 'brier_regret': 0.009264589523494064, 'kl': 0.014555538844071701}",A,A,True,131.3950028270483,mean,mean,1,"{'std_A': 0.0, 'std_not_A': 0.0}",,{},"{'repeat_aggregation': 'mean', 'n_repeats': 1}"
semif_qwen35_4b,Qwen/Qwen3.5-4B@851bf6e806efd8d0a36b00ddf55e13ccb7b8cd0a,conditional__seed_000057__repr_table,conditional__seed_000057,conditional,4,table,"(0.70,0.90]","{'parameters': {'boundary_rule': 'include records exactly at cutoff T', 'contingency': {'A': {'B': 82, 'not_B': 10}, 'not_A': {'B': 15, 'not_B': 54}}, 'query': 'P(A|B)', 'sampling': 'uniform among records satisfying B', 'temporal_filter': 'all records observed before cutoff T'}}","{'A': 0.845360824742268, 'not_A': 0.15463917525773196}","{'A': 0.8670357598021706, 'not_A': 0.13296424019782924}","{'tv': 0.02167493505990266, 'mae_binary': 0.02167493505990259, 'rmse_binary': 0.02167493505990259, 'brier_regret': 0.0009396056197019948, 'kl': 0.0019509996403827834}",A,A,True,132.68343498930335,mean,mean,1,"{'std_A': 0.0, 'std_not_A': 0.0}",,{},"{'repeat_aggregation': 'mean', 'n_repeats': 1}"
semif_qwen35_4b,Qwen/Qwen3.5-4B@851bf6e806efd8d0a36b00ddf55e13ccb7b8cd0a,conditional__seed_000058__repr_direct,conditional__seed_000058,conditional,4,direct,"(0.70,0.90]","{'parameters': {'boundary_rule': 'include records exactly at cutoff T', 'contingency': {'A': {'B': 69, 'not_B': 34}, 'not_A': {'B': 12, 'not_B': 42}}, 'query': 'P(A|B)', 'sampling': 'uniform among records satisfying B', 'temporal_filter': 'all records observed before cutoff T'}}","{'A': 0.8518518518518519, 'not_A': 0.14814814814814814}","{'A': 0.8354835371034369, 'not_A': 0.1645164628965632}","{'tv': 0.01636831474841499, 'mae_binary': 0.016368314748414936, 'rmse_binary': 0.016368314748414936, 'brier_regret': 0.0005358434554063594, 'kl': 0.0010020068202189706}",A,A,True,119.42519899457693,mean,mean,1,"{'std_A': 0.0, 'std_not_A': 0.0}",,{},"{'repeat_aggregation': 'mean', 'n_repeats': 1}"
semif_qwen35_4b,Qwen/Qwen3.5-4B@851bf6e806efd8d0a36b00ddf55e13ccb7b8cd0a,conditional__seed_000058__repr_distractor,conditional__seed_000058,conditional,4,distractor,"(0.70,0.90]","{'parameters': {'boundary_rule': 'include records exactly at cutoff T', 'contingency': {'A': {'B': 69, 'not_B': 34}, 'not_A': {'B': 12, 'not_B': 42}}, 'query': 'P(A|B)', 'sampling': 'uniform among records satisfying B', 'temporal_filter': 'all records observed before cutoff T'}}","{'A': 0.8518518518518519, 'not_A': 0.14814814814814814}","{'A': 0.9046505351008906, 'not_A': 0.0953494648991095}","{'tv': 0.052798683249038664, 'mae_binary': 0.05279868324903869, 'rmse_binary': 0.05279868324903869, 'brier_regret': 0.0055754019056646325, 'kl': 0.014056522943899821}",A,A,True,132.43231503292918,mean,mean,1,"{'std_A': 0.0, 'std_not_A': 0.0}",,{},"{'repeat_aggregation': 'mean', 'n_repeats': 1}"
semif_qwen35_4b,Qwen/Qwen3.5-4B@851bf6e806efd8d0a36b00ddf55e13ccb7b8cd0a,conditional__seed_000058__repr_nested,conditional__seed_000058,conditional,4,nested,"(0.70,0.90]","{'parameters': {'boundary_rule': 'include records exactly at cutoff T', 'contingency': {'A': {'B': 69, 'not_B': 34}, 'not_A': {'B': 12, 'not_B': 42}}, 'query': 'P(A|B)', 'sampling': 'uniform among records satisfying B', 'temporal_filter': 'all records observed before cutoff T'}}","{'A': 0.8518518518518519, 'not_A': 0.14814814814814814}","{'A': 0.8519528019683106, 'not_A': 0.1480471980316895}","{'tv': 0.00010095011645867846, 'mae_binary': 0.0001009501164587201, 'rmse_binary': 0.0001009501164587201, 'brier_regret': 2.0381852026041488e-08, 'kl': 4.0391165703553716e-08}",A,A,True,121.0337900556624,mean,mean,1,"{'std_A': 0.0, 'std_not_A': 0.0}",,{},"{'repeat_aggregation': 'mean', 'n_repeats': 1}"
semif_qwen35_4b,Qwen/Qwen3.5-4B@851bf6e806efd8d0a36b00ddf55e13ccb7b8cd0a,conditional__seed_000058__repr_prose,conditional__seed_000058,conditional,4,prose,"(0.70,0.90]","{'parameters': {'boundary_rule': 'include records exactly at cutoff T', 'contingency': {'A': {'B': 69, 'not_B': 34}, 'not_A': {'B': 12, 'not_B': 42}}, 'query': 'P(A|B)', 'sampling': 'uniform among records satisfying B', 'temporal_filter': 'all records observed before cutoff T'}}","{'A': 0.8518518518518519, 'not_A': 0.14814814814814814}","{'A': 0.8175744761936437, 'not_A': 0.18242552380635632}","{'tv': 0.034277375658208195, 'mae_binary': 0.03427737565820821, 'rmse_binary': 0.03427737565820821, 'brier_regret': 0.002349876964027847, 'kl': 0.004152130898793838}",A,A,True,130.01607498154044,mean,mean,1,"{'std_A': 0.0, 'std_not_A': 0.0}",,{},"{'repeat_aggregation': 'mean', 'n_repeats': 1}"
semif_qwen35_4b,Qwen/Qwen3.5-4B@851bf6e806efd8d0a36b00ddf55e13ccb7b8cd0a,conditional__seed_000058__repr_table,conditional__seed_000058,conditional,4,table,"(0.70,0.90]","{'parameters': {'boundary_rule': 'include records exactly at cutoff T', 'contingency': {'A': {'B': 69, 'not_B': 34}, 'not_A': {'B': 12, 'not_B': 42}}, 'query': 'P(A|B)', 'sampling': 'uniform among records satisfying B', 'temporal_filter': 'all records observed before cutoff T'}}","{'A': 0.8518518518518519, 'not_A': 0.14814814814814814}","{'A': 0.8933094060543487, 'not_A': 0.10669059394565118}","{'tv': 0.04145755420249691, 'mae_binary': 0.04145755420249686, 'rmse_binary': 0.04145755420249686, 'brier_regret': 0.0034374576009059384, 'kl': 0.008153724280203403}",A,A,True,130.48981921747327,mean,mean,1,"{'std_A': 0.0, 'std_not_A': 0.0}",,{},"{'repeat_aggregation': 'mean', 'n_repeats': 1}"
semif_qwen35_4b,Qwen/Qwen3.5-4B@851bf6e806efd8d0a36b00ddf55e13ccb7b8cd0a,conditional__seed_000059__repr_direct,conditional__seed_000059,conditional,4,direct,"(0.55,0.70]","{'parameters': {'boundary_rule': 'include records exactly at cutoff T', 'contingency': {'A': {'B': 39, 'not_B': 17}, 'not_A': {'B': 30, 'not_B': 88}}, 'query': 'P(A|B)', 'sampling': 'uniform among records satisfying B', 'temporal_filter': 'all records observed before cutoff T'}}","{'A': 0.5652173913043478, 'not_A': 0.4347826086956522}","{'A': 0.8354835371034369, 'not_A': 0.1645164628965632}","{'tv': 0.2702661457990891, 'mae_binary': 0.27026614579908914, 'rmse_binary': 0.27026614579908914, 'brier_regret': 0.14608757913018897, 'kl': 0.20165009671478906}",A,A,True,119.81919780373573,mean,mean,1,"{'std_A': 0.0, 'std_not_A': 0.0}",,{},"{'repeat_aggregation': 'mean', 'n_repeats': 1}"
semif_qwen35_4b,Qwen/Qwen3.5-4B@851bf6e806efd8d0a36b00ddf55e13ccb7b8cd0a,conditional__seed_000059__repr_distractor,conditional__seed_000059,conditional,4,distractor,"(0.55,0.70]","{'parameters': {'boundary_rule': 'include records exactly at cutoff T', 'contingency': {'A': {'B': 39, 'not_B': 17}, 'not_A': {'B': 30, 'not_B': 88}}, 'query': 'P(A|B)', 'sampling': 'uniform among records satisfying B', 'temporal_filter': 'all records observed before cutoff T'}}","{'A': 0.5652173913043478, 'not_A': 0.4347826086956522}","{'A': 0.8933094060543487, 'not_A': 0.10669059394565118}","{'tv': 0.328092014750001, 'mae_binary': 0.32809201475000094, 'rmse_binary': 0.32809201475000094, 'brier_regret': 0.21528874028542974, 'kl': 0.3521190444485256}",A,A,True,131.46847486495972,mean,mean,1,"{'std_A': 0.0, 'std_not_A': 0.0}",,{},"{'repeat_aggregation': 'mean', 'n_repeats': 1}"
semif_qwen35_4b,Qwen/Qwen3.5-4B@851bf6e806efd8d0a36b00ddf55e13ccb7b8cd0a,conditional__seed_000059__repr_nested,conditional__seed_000059,conditional,4,nested,"(0.55,0.70]","{'parameters': {'boundary_rule': 'include records exactly at cutoff T', 'contingency': {'A': {'B': 39, 'not_B': 17}, 'not_A': {'B': 30, 'not_B': 88}}, 'query': 'P(A|B)', 'sampling': 'uniform among records satisfying B', 'temporal_filter': 'all records observed before cutoff T'}}","{'A': 0.5652173913043478, 'not_A': 0.4347826086956522}","{'A': 0.7981867777396212, 'not_A': 0.20181322226037882}","{'tv': 0.23296938643527343, 'mae_binary': 0.23296938643527343, 'rmse_binary': 0.23296938643527343, 'brier_regret': 0.1085494700320555, 'kl': 0.13862246075686502}",A,A,True,119.32188598439097,mean,mean,1,"{'std_A': 0.0, 'std_not_A': 0.0}",,{},"{'repeat_aggregation': 'mean', 'n_repeats': 1}"
semif_qwen35_4b,Qwen/Qwen3.5-4B@851bf6e806efd8d0a36b00ddf55e13ccb7b8cd0a,conditional__seed_000059__repr_prose,conditional__seed_000059,conditional,4,prose,"(0.55,0.70]","{'parameters': {'boundary_rule': 'include records exactly at cutoff T', 'contingency': {'A': {'B': 39, 'not_B': 17}, 'not_A': {'B': 30, 'not_B': 88}}, 'query': 'P(A|B)', 'sampling': 'uniform among records satisfying B', 'temporal_filter': 'all records observed before cutoff T'}}","{'A': 0.5652173913043478, 'not_A': 0.4347826086956522}","{'A': 0.7549149868676283, 'not_A': 0.24508501313237172}","{'tv': 0.18969759556328047, 'mae_binary': 0.18969759556328047, 'rmse_binary': 0.18969759556328047, 'brier_regret': 0.07197035552497986, 'kl': 0.0856642932296188}",A,A,True,130.53586799651384,mean,mean,1,"{'std_A': 0.0, 'std_not_A': 0.0}",,{},"{'repeat_aggregation': 'mean', 'n_repeats': 1}"
semif_qwen35_4b,Qwen/Qwen3.5-4B@851bf6e806efd8d0a36b00ddf55e13ccb7b8cd0a,conditional__seed_000059__repr_table,conditional__seed_000059,conditional,4,table,"(0.55,0.70]","{'parameters': {'boundary_rule': 'include records exactly at cutoff T', 'contingency': {'A': {'B': 39, 'not_B': 17}, 'not_A': {'B': 30, 'not_B': 88}}, 'query': 'P(A|B)', 'sampling': 'uniform among records satisfying B', 'temporal_filter': 'all records observed before cutoff T'}}","{'A': 0.5652173913043478, 'not_A': 0.4347826086956522}","{'A': 0.8807970779778823, 'not_A': 0.11920292202211755}","{'tv': 0.3155796866735346, 'mae_binary': 0.31557968667353453, 'rmse_binary': 0.31557968667353453, 'brier_regret': 0.19918107728193252, 'kl': 0.3118769506329724}",A,A,True,131.50205882266164,mean,mean,1,"{'std_A': 0.0, 'std_not_A': 0.0}",,{},"{'repeat_aggregation': 'mean', 'n_repeats': 1}"
semif_qwen35_4b,Qwen/Qwen3.5-4B@851bf6e806efd8d0a36b00ddf55e13ccb7b8cd0a,conditional__seed_000060__repr_direct,conditional__seed_000060,conditional,4,direct,"(0.55,0.70]","{'parameters': {'boundary_rule': 'include records exactly at cutoff T', 'contingency': {'A': {'B': 39, 'not_B': 14}, 'not_A': {'B': 23, 'not_B': 57}}, 'query': 'P(A|B)', 'sampling': 'uniform among records satisfying B', 'temporal_filter': 'all records observed before cutoff T'}}","{'A': 0.6290322580645161, 'not_A': 0.3709677419354839}","{'A': 0.8175744761936437, 'not_A': 0.18242552380635632}","{'tv': 0.18854221812912753, 'mae_binary': 0.18854221812912753, 'rmse_binary': 0.18854221812912753, 'brier_regret': 0.07109633603410302, 'kl': 0.09839616979938104}",A,A,True,120.74883002787828,mean,mean,1,"{'std_A': 0.0, 'std_not_A': 0.0}",,{},"{'repeat_aggregation': 'mean', 'n_repeats': 1}"
semif_qwen35_4b,Qwen/Qwen3.5-4B@851bf6e806efd8d0a36b00ddf55e13ccb7b8cd0a,conditional__seed_000060__repr_distractor,conditional__seed_000060,conditional,4,distractor,"(0.55,0.70]","{'parameters': {'boundary_rule': 'include records exactly at cutoff T', 'contingency': {'A': {'B': 39, 'not_B': 14}, 'not_A': {'B': 23, 'not_B': 57}}, 'query': 'P(A|B)', 'sampling': 'uniform among records satisfying B', 'temporal_filter': 'all records observed before cutoff T'}}","{'A': 0.6290322580645161, 'not_A': 0.3709677419354839}","{'A': 0.9046505351008906, 'not_A': 0.0953494648991095}","{'tv': 0.2756182770363744, 'mae_binary': 0.2756182770363744, 'rmse_binary': 0.2756182770363744, 'brier_regret': 0.15193086927299926, 'kl': 0.2754152571849887}",A,A,True,134.26209008321166,mean,mean,1,"{'std_A': 0.0, 'std_not_A': 0.0}",,{},"{'repeat_aggregation': 'mean', 'n_repeats': 1}"
semif_qwen35_4b,Qwen/Qwen3.5-4B@851bf6e806efd8d0a36b00ddf55e13ccb7b8cd0a,conditional__seed_000060__repr_nested,conditional__seed_000060,conditional,4,nested,"(0.55,0.70]","{'parameters': {'boundary_rule': 'include records exactly at cutoff T', 'contingency': {'A': {'B': 39, 'not_B': 14}, 'not_A': {'B': 23, 'not_B': 57}}, 'query': 'P(A|B)', 'sampling': 'uniform among records satisfying B', 'temporal_filter': 'all records observed before cutoff T'}}","{'A': 0.6290322580645161, 'not_A': 0.3709677419354839}","{'A': 0.8175744761936437, 'not_A': 0.18242552380635632}","{'tv': 0.18854221812912753, 'mae_binary': 0.18854221812912753, 'rmse_binary': 0.18854221812912753, 'brier_regret': 0.07109633603410302, 'kl': 0.09839616979938104}",A,A,True,119.28641377016902,mean,mean,1,"{'std_A': 0.0, 'std_not_A': 0.0}",,{},"{'repeat_aggregation': 'mean', 'n_repeats': 1}"
semif_qwen35_4b,Qwen/Qwen3.5-4B@851bf6e806efd8d0a36b00ddf55e13ccb7b8cd0a,conditional__seed_000060__repr_prose,conditional__seed_000060,conditional,4,prose,"(0.55,0.70]","{'parameters': {'boundary_rule': 'include records exactly at cutoff T', 'contingency': {'A': {'B': 39, 'not_B': 14}, 'not_A': {'B': 23, 'not_B': 57}}, 'query': 'P(A|B)', 'sampling': 'uniform among records satisfying B', 'temporal_filter': 'all records observed before cutoff T'}}","{'A': 0.6290322580645161, 'not_A': 0.3709677419354839}","{'A': 0.7772998611746911, 'not_A': 0.22270013882530884}","{'tv': 0.148267603110175, 'mae_binary': 0.14826760311017495, 'rmse_binary': 0.14826760311017495, 'brier_regret': 0.04396656426407275, 'kl': 0.05617003767813064}",A,A,True,130.4910508915782,mean,mean,1,"{'std_A': 0.0, 'std_not_A': 0.0}",,{},"{'repeat_aggregation': 'mean', 'n_repeats': 1}"
semif_qwen35_4b,Qwen/Qwen3.5-4B@851bf6e806efd8d0a36b00ddf55e13ccb7b8cd0a,conditional__seed_000060__repr_table,conditional__seed_000060,conditional,4,table,"(0.55,0.70]","{'parameters': {'boundary_rule': 'include records exactly at cutoff T', 'contingency': {'A': {'B': 39, 'not_B': 14}, 'not_A': {'B': 23, 'not_B': 57}}, 'query': 'P(A|B)', 'sampling': 'uniform among records satisfying B', 'temporal_filter': 'all records observed before cutoff T'}}","{'A': 0.6290322580645161, 'not_A': 0.3709677419354839}","{'A': 0.8670357598021706, 'not_A': 0.13296424019782924}","{'tv': 0.23800350173765455, 'mae_binary': 0.2380035017376545, 'rmse_binary': 0.2380035017376545, 'brier_regret': 0.11329133367877148, 'kl': 0.17877085264803672}",A,A,True,130.7756113819778,mean,mean,1,"{'std_A': 0.0, 'std_not_A': 0.0}",,{},"{'repeat_aggregation': 'mean', 'n_repeats': 1}"
semif_qwen35_4b,Qwen/Qwen3.5-4B@851bf6e806efd8d0a36b00ddf55e13ccb7b8cd0a,conditional__seed_000061__repr_direct,conditional__seed_000061,conditional,4,direct,"(0.45,0.55]","{'parameters': {'boundary_rule': 'include records exactly at cutoff T', 'contingency': {'A': {'B': 47, 'not_B': 48}, 'not_A': {'B': 55, 'not_B': 80}}, 'query': 'P(A|B)', 'sampling': 'uniform among records satisfying B', 'temporal_filter': 'all records observed before cutoff T'}}","{'A': 0.46078431372549017, 'not_A': 0.5392156862745099}","{'A': 0.7772998611746911, 'not_A': 0.22270013882530884}","{'tv': 0.31651554744920096, 'mae_binary': 0.3165155474492009, 'rmse_binary': 0.3165155474492009, 'brier_regret': 0.20036418355413482, 'kl': 0.23588040990579465}",A,not_A,False,119.3038858473301,mean,mean,1,"{'std_A': 0.0, 'std_not_A': 0.0}",,{},"{'repeat_aggregation': 'mean', 'n_repeats': 1}"
semif_qwen35_4b,Qwen/Qwen3.5-4B@851bf6e806efd8d0a36b00ddf55e13ccb7b8cd0a,conditional__seed_000061__repr_distractor,conditional__seed_000061,conditional,4,distractor,"(0.45,0.55]","{'parameters': {'boundary_rule': 'include records exactly at cutoff T', 'contingency': {'A': {'B': 47, 'not_B': 48}, 'not_A': {'B': 55, 'not_B': 80}}, 'query': 'P(A|B)', 'sampling': 'uniform among records satisfying B', 'temporal_filter': 'all records observed before cutoff T'}}","{'A': 0.46078431372549017, 'not_A': 0.5392156862745099}","{'A': 0.8670357598021706, 'not_A': 0.13296424019782924}","{'tv': 0.4062514460766805, 'mae_binary': 0.40625144607668046, 'rmse_binary': 0.40625144607668046, 'brier_regret': 0.3300804748787881, 'kl': 0.46363619008759205}",A,not_A,False,132.32289114966989,mean,mean,1,"{'std_A': 0.0, 'std_not_A': 0.0}",,{},"{'repeat_aggregation': 'mean', 'n_repeats': 1}"
semif_qwen35_4b,Qwen/Qwen3.5-4B@851bf6e806efd8d0a36b00ddf55e13ccb7b8cd0a,conditional__seed_000061__repr_nested,conditional__seed_000061,conditional,4,nested,"(0.45,0.55]","{'parameters': {'boundary_rule': 'include records exactly at cutoff T', 'contingency': {'A': {'B': 47, 'not_B': 48}, 'not_A': {'B': 55, 'not_B': 80}}, 'query': 'P(A|B)', 'sampling': 'uniform among records satisfying B', 'temporal_filter': 'all records observed before cutoff T'}}","{'A': 0.46078431372549017, 'not_A': 0.5392156862745099}","{'A': 0.7549149868676283, 'not_A': 0.24508501313237172}","{'tv': 0.29413067314213814, 'mae_binary': 0.2941306731421381, 'rmse_binary': 0.2941306731421381, 'brier_regret': 0.17302570576609458, 'kl': 0.19769950402442277}",A,not_A,False,117.83923069015145,mean,mean,1,"{'std_A': 0.0, 'std_not_A': 0.0}",,{},"{'repeat_aggregation': 'mean', 'n_repeats': 1}"
semif_qwen35_4b,Qwen/Qwen3.5-4B@851bf6e806efd8d0a36b00ddf55e13ccb7b8cd0a,conditional__seed_000061__repr_prose,conditional__seed_000061,conditional,4,prose,"(0.45,0.55]","{'parameters': {'boundary_rule': 'include records exactly at cutoff T', 'contingency': {'A': {'B': 47, 'not_B': 48}, 'not_A': {'B': 55, 'not_B': 80}}, 'query': 'P(A|B)', 'sampling': 'uniform among records satisfying B', 'temporal_filter': 'all records observed before cutoff T'}}","{'A': 0.46078431372549017, 'not_A': 0.5392156862745099}","{'A': 0.7772998611746911, 'not_A': 0.22270013882530884}","{'tv': 0.31651554744920096, 'mae_binary': 0.3165155474492009, 'rmse_binary': 0.3165155474492009, 'brier_regret': 0.20036418355413482, 'kl': 0.23588040990579465}",A,not_A,False,131.09402731060982,mean,mean,1,"{'std_A': 0.0, 'std_not_A': 0.0}",,{},"{'repeat_aggregation': 'mean', 'n_repeats': 1}"
semif_qwen35_4b,Qwen/Qwen3.5-4B@851bf6e806efd8d0a36b00ddf55e13ccb7b8cd0a,conditional__seed_000061__repr_table,conditional__seed_000061,conditional,4,table,"(0.45,0.55]","{'parameters': {'boundary_rule': 'include records exactly at cutoff T', 'contingency': {'A': {'B': 47, 'not_B': 48}, 'not_A': {'B': 55, 'not_B': 80}}, 'query': 'P(A|B)', 'sampling': 'uniform among records satisfying B', 'temporal_filter': 'all records observed before cutoff T'}}","{'A': 0.46078431372549017, 'not_A': 0.5392156862745099}","{'A': 0.8519528019683106, 'not_A': 0.1480471980316895}","{'tv': 0.39116848824282036, 'mae_binary': 0.3911684882428204, 'rmse_binary': 0.3911684882428204, 'brier_regret': 0.30602557238834704, 'kl': 0.41378332213576385}",A,not_A,False,132.13367527350783,mean,mean,1,"{'std_A': 0.0, 'std_not_A': 0.0}",,{},"{'repeat_aggregation': 'mean', 'n_repeats': 1}"
semif_qwen35_4b,Qwen/Qwen3.5-4B@851bf6e806efd8d0a36b00ddf55e13ccb7b8cd0a,explicit_probability__seed_000042__repr_direct,explicit_probability__seed_000042,explicit_probability,1,direct,0,"{'parameters': {'p_A': 0.0, 'p_not_A': 1.0}}","{'A': 0.0, 'not_A': 1.0}","{'A': 0.7549149868676283, 'not_A': 0.24508501313237172}","{'tv': 0.7549149868676283, 'mae_binary': 0.7549149868676283, 'rmse_binary': 0.7549149868676283, 'brier_regret': 1.1397932747947026, 'kl': 1.4061501362483146}",A,not_A,False,887.6508236862719,mean,mean,1,"{'std_A': 0.0, 'std_not_A': 0.0}",,{},"{'repeat_aggregation': 'mean', 'n_repeats': 1}"
semif_qwen35_4b,Qwen/Qwen3.5-4B@851bf6e806efd8d0a36b00ddf55e13ccb7b8cd0a,explicit_probability__seed_000042__repr_distractor,explicit_probability__seed_000042,explicit_probability,1,distractor,0,"{'parameters': {'p_A': 0.0, 'p_not_A': 1.0}}","{'A': 0.0, 'not_A': 1.0}","{'A': 0.24508501313237172, 'not_A': 0.7549149868676283}","{'tv': 0.24508501313237174, 'mae_binary': 0.24508501313237172, 'rmse_binary': 0.24508501313237172, 'brier_regret': 0.12013332732418965, 'kl': 0.2811501362483148}",not_A,not_A,True,119.19631902128458,mean,mean,1,"{'std_A': 0.0, 'std_not_A': 0.0}",,{},"{'repeat_aggregation': 'mean', 'n_repeats': 1}"
semif_qwen35_4b,Qwen/Qwen3.5-4B@851bf6e806efd8d0a36b00ddf55e13ccb7b8cd0a,explicit_probability__seed_000042__repr_prose,explicit_probability__seed_000042,explicit_probability,1,prose,0,"{'parameters': {'p_A': 0.0, 'p_not_A': 1.0}}","{'A': 0.0, 'not_A': 1.0}","{'A': 0.5926665999540697, 'not_A': 0.4073334000459302}","{'tv': 0.5926665999540697, 'mae_binary': 0.5926665999540697, 'rmse_binary': 0.5926665999540697, 'brier_regret': 0.7025073974022347, 'kl': 0.8981232641398402}",A,not_A,False,106.33025784045458,mean,mean,1,"{'std_A': 0.0, 'std_not_A': 0.0}",,{},"{'repeat_aggregation': 'mean', 'n_repeats': 1}"
semif_qwen35_4b,Qwen/Qwen3.5-4B@851bf6e806efd8d0a36b00ddf55e13ccb7b8cd0a,explicit_probability__seed_000042__repr_ratio,explicit_probability__seed_000042,explicit_probability,1,ratio,0,"{'parameters': {'p_A': 0.0, 'p_not_A': 1.0}}","{'A': 0.0, 'not_A': 1.0}","{'A': 0.4378234991142019, 'not_A': 0.5621765008857981}","{'tv': 0.43782349911420193, 'mae_binary': 0.4378234991142019, 'rmse_binary': 0.4378234991142019, 'brier_regret': 0.3833788327532071, 'kl': 0.5759394198788437}",not_A,not_A,True,105.06009915843606,mean,mean,1,"{'std_A': 0.0, 'std_not_A': 0.0}",,{},"{'repeat_aggregation': 'mean', 'n_repeats': 1}"
semif_qwen35_4b,Qwen/Qwen3.5-4B@851bf6e806efd8d0a36b00ddf55e13ccb7b8cd0a,explicit_probability__seed_000043__repr_direct,explicit_probability__seed_000043,explicit_probability,1,direct,"[0.01,0.10]","{'parameters': {'p_A': 0.052631578947, 'p_not_A': 0.947368421053}}","{'A': 0.052631578947, 'not_A': 0.947368421053}","{'A': 0.9669140216112958, 'not_A': 0.033085978388704126}","{'tv': 0.9142824426642959, 'mae_binary': 0.9142824426642958, 'rmse_binary': 0.9142824426642958, 'brier_regret': 1.6718247699283828, 'kl': 3.024822070404747}",A,not_A,False,105.82085093483329,mean,mean,1,"{'std_A': 0.0, 'std_not_A': 0.0}",,{},"{'repeat_aggregation': 'mean', 'n_repeats': 1}"
semif_qwen35_4b,Qwen/Qwen3.5-4B@851bf6e806efd8d0a36b00ddf55e13ccb7b8cd0a,explicit_probability__seed_000043__repr_distractor,explicit_probability__seed_000043,explicit_probability,1,distractor,"[0.01,0.10]","{'parameters': {'p_A': 0.052631578947, 'p_not_A': 0.947368421053}}","{'A': 0.052631578947, 'not_A': 0.947368421053}","{'A': 0.8354835371034369, 'not_A': 0.1645164628965632}","{'tv': 0.7828519581564368, 'mae_binary': 0.7828519581564369, 'rmse_binary': 0.7828519581564369, 'brier_regret': 1.2257143767787353, 'kl': 1.513026268964617}",A,not_A,False,120.51449529826641,mean,mean,1,"{'std_A': 0.0, 'std_not_A': 0.0}",,{},"{'repeat_aggregation': 'mean', 'n_repeats': 1}"
semif_qwen35_4b,Qwen/Qwen3.5-4B@851bf6e806efd8d0a36b00ddf55e13ccb7b8cd0a,explicit_probability__seed_000043__repr_prose,explicit_probability__seed_000043,explicit_probability,1,prose,"[0.01,0.10]","{'parameters': {'p_A': 0.052631578947, 'p_not_A': 0.947368421053}}","{'A': 0.052631578947, 'not_A': 0.947368421053}","{'A': 0.9669140216112958, 'not_A': 0.033085978388704126}","{'tv': 0.9142824426642959, 'mae_binary': 0.9142824426642958, 'rmse_binary': 0.9142824426642958, 'brier_regret': 1.6718247699283828, 'kl': 3.024822070404747}",A,not_A,False,117.44855903089046,mean,mean,1,"{'std_A': 0.0, 'std_not_A': 0.0}",,{},"{'repeat_aggregation': 'mean', 'n_repeats': 1}"
semif_qwen35_4b,Qwen/Qwen3.5-4B@851bf6e806efd8d0a36b00ddf55e13ccb7b8cd0a,explicit_probability__seed_000043__repr_ratio,explicit_probability__seed_000043,explicit_probability,1,ratio,"[0.01,0.10]","{'parameters': {'p_A': 0.052631578947, 'p_not_A': 0.947368421053}}","{'A': 0.052631578947, 'not_A': 0.947368421053}","{'A': 0.7549149868676283, 'not_A': 0.24508501313237172}","{'tv': 0.7022834079206283, 'mae_binary': 0.7022834079206283, 'rmse_binary': 0.7022834079206283, 'brier_regret': 0.9864039700812232, 'kl': 1.1407475593007728}",A,not_A,False,102.83733112737536,mean,mean,1,"{'std_A': 0.0, 'std_not_A': 0.0}",,{},"{'repeat_aggregation': 'mean', 'n_repeats': 1}"
semif_qwen35_4b,Qwen/Qwen3.5-4B@851bf6e806efd8d0a36b00ddf55e13ccb7b8cd0a,explicit_probability__seed_000044__repr_direct,explicit_probability__seed_000044,explicit_probability,1,direct,"(0.10,0.30]","{'parameters': {'p_A': 0.105263157895, 'p_not_A': 0.894736842105}}","{'A': 0.105263157895, 'not_A': 0.894736842105}","{'A': 0.9706877692486436, 'not_A': 0.029312230751356316}","{'tv': 0.8654246113536437, 'mae_binary': 0.8654246113536437, 'rmse_binary': 0.8654246113536437, 'brier_regret': 1.4979195158732104, 'kl': 2.824833608056042}",A,not_A,False,105.68400286138058,mean,mean,1,"{'std_A': 0.0, 'std_not_A': 0.0}",,{},"{'repeat_aggregation': 'mean', 'n_repeats': 1}"
semif_qwen35_4b,Qwen/Qwen3.5-4B@851bf6e806efd8d0a36b00ddf55e13ccb7b8cd0a,explicit_probability__seed_000044__repr_distractor,explicit_probability__seed_000044,explicit_probability,1,distractor,"(0.10,0.30]","{'parameters': {'p_A': 0.105263157895, 'p_not_A': 0.894736842105}}","{'A': 0.105263157895, 'not_A': 0.894736842105}","{'A': 0.8807970779778823, 'not_A': 0.11920292202211755}","{'tv': 0.7755339200828824, 'mae_binary': 0.7755339200828824, 'rmse_binary': 0.7755339200828824, 'brier_regret': 1.2029057223982453, 'kl': 1.5799059376688935}",A,not_A,False,121.49212695658207,mean,mean,1,"{'std_A': 0.0, 'std_not_A': 0.0}",,{},"{'repeat_aggregation': 'mean', 'n_repeats': 1}"
semif_qwen35_4b,Qwen/Qwen3.5-4B@851bf6e806efd8d0a36b00ddf55e13ccb7b8cd0a,explicit_probability__seed_000044__repr_prose,explicit_probability__seed_000044,explicit_probability,1,prose,"(0.10,0.30]","{'parameters': {'p_A': 0.105263157895, 'p_not_A': 0.894736842105}}","{'A': 0.105263157895, 'not_A': 0.894736842105}","{'A': 0.9669140216112958, 'not_A': 0.033085978388704126}","{'tv': 0.8616508637162958, 'mae_binary': 0.8616508637162958, 'rmse_binary': 0.8616508637162958, 'brier_regret': 1.4848844218860775, 'kl': 2.716886784503335}",A,not_A,False,117.60297464206815,mean,mean,1,"{'std_A': 0.0, 'std_not_A': 0.0}",,{},"{'repeat_aggregation': 'mean', 'n_repeats': 1}"
semif_qwen35_4b,Qwen/Qwen3.5-4B@851bf6e806efd8d0a36b00ddf55e13ccb7b8cd0a,explicit_probability__seed_000044__repr_ratio,explicit_probability__seed_000044,explicit_probability,1,ratio,"(0.10,0.30]","{'parameters': {'p_A': 0.105263157895, 'p_not_A': 0.894736842105}}","{'A': 0.105263157895, 'not_A': 0.894736842105}","{'A': 0.7310585786300049, 'not_A': 0.2689414213699951}","{'tv': 0.6257954207350049, 'mae_binary': 0.6257954207350049, 'rmse_binary': 0.6257954207350049, 'brier_regret': 0.7832398172258037, 'kl': 0.8715027720391437}",A,not_A,False,103.22555480524898,mean,mean,1,"{'std_A': 0.0, 'std_not_A': 0.0}",,{},"{'repeat_aggregation': 'mean', 'n_repeats': 1}"
semif_qwen35_4b,Qwen/Qwen3.5-4B@851bf6e806efd8d0a36b00ddf55e13ccb7b8cd0a,explicit_probability__seed_000045__repr_direct,explicit_probability__seed_000045,explicit_probability,1,direct,"(0.10,0.30]","{'parameters': {'p_A': 0.157894736842, 'p_not_A': 0.8421052631579999}}","{'A': 0.157894736842, 'not_A': 0.8421052631579999}","{'A': 0.9669140216112958, 'not_A': 0.033085978388704126}","{'tv': 0.8090192847692959, 'mae_binary': 0.8090192847692959, 'rmse_binary': 0.8090192847692959, 'brier_regret': 1.309024406257246, 'kl': 2.4395886377561204}",A,not_A,False,107.01518598943949,mean,mean,1,"{'std_A': 0.0, 'std_not_A': 0.0}",,{},"{'repeat_aggregation': 'mean', 'n_repeats': 1}"
semif_qwen35_4b,Qwen/Qwen3.5-4B@851bf6e806efd8d0a36b00ddf55e13ccb7b8cd0a,explicit_probability__seed_000045__repr_distractor,explicit_probability__seed_000045,explicit_probability,1,distractor,"(0.10,0.30]","{'parameters': {'p_A': 0.157894736842, 'p_not_A': 0.8421052631579999}}","{'A': 0.157894736842, 'not_A': 0.8421052631579999}","{'A': 0.9149009549929797, 'not_A': 0.08509904500702024}","{'tv': 0.7570062181509798, 'mae_binary': 0.7570062181509798, 'rmse_binary': 0.7570062181509798, 'brier_regret': 1.1461168286384975, 'kl': 1.6527771400900206}",A,not_A,False,118.36919886991382,mean,mean,1,"{'std_A': 0.0, 'std_not_A': 0.0}",,{},"{'repeat_aggregation': 'mean', 'n_repeats': 1}"
semif_qwen35_4b,Qwen/Qwen3.5-4B@851bf6e806efd8d0a36b00ddf55e13ccb7b8cd0a,explicit_probability__seed_000045__repr_prose,explicit_probability__seed_000045,explicit_probability,1,prose,"(0.10,0.30]","{'parameters': {'p_A': 0.157894736842, 'p_not_A': 0.8421052631579999}}","{'A': 0.157894736842, 'not_A': 0.8421052631579999}","{'A': 0.9626731126558706, 'not_A': 0.037326887344129464}","{'tv': 0.8047783758138706, 'mae_binary': 0.8047783758138707, 'rmse_binary': 0.8047783758138707, 'brier_regret': 1.2953364683552229, 'kl': 2.338721151566115}",A,not_A,False,120.49428606405854,mean,mean,1,"{'std_A': 0.0, 'std_not_A': 0.0}",,{},"{'repeat_aggregation': 'mean', 'n_repeats': 1}"
semif_qwen35_4b,Qwen/Qwen3.5-4B@851bf6e806efd8d0a36b00ddf55e13ccb7b8cd0a,explicit_probability__seed_000045__repr_ratio,explicit_probability__seed_000045,explicit_probability,1,ratio,"(0.10,0.30]","{'parameters': {'p_A': 0.157894736842, 'p_not_A': 0.8421052631579999}}","{'A': 0.157894736842, 'not_A': 0.8421052631579999}","{'A': 0.7772998611746911, 'not_A': 0.22270013882530884}","{'tv': 0.619405124332691, 'mae_binary': 0.619405124332691, 'rmse_binary': 0.619405124332691, 'brier_regret': 0.7673254160991929, 'kl': 0.8683983349077048}",A,not_A,False,102.83373109996319,mean,mean,1,"{'std_A': 0.0, 'std_not_A': 0.0}",,{},"{'repeat_aggregation': 'mean', 'n_repeats': 1}"
semif_qwen35_4b,Qwen/Qwen3.5-4B@851bf6e806efd8d0a36b00ddf55e13ccb7b8cd0a,explicit_probability__seed_000046__repr_direct,explicit_probability__seed_000046,explicit_probability,1,direct,"(0.10,0.30]","{'parameters': {'p_A': 0.210526315789, 'p_not_A': 0.789473684211}}","{'A': 0.210526315789, 'not_A': 0.789473684211}","{'A': 0.9706877692486436, 'not_A': 0.029312230751356316}","{'tv': 0.7601614534596437, 'mae_binary': 0.7601614534596437, 'rmse_binary': 0.7601614534596437, 'brier_regret': 1.155690870651756, 'kl': 2.2782551475828177}",A,not_A,False,107.26772993803024,mean,mean,1,"{'std_A': 0.0, 'std_not_A': 0.0}",,{},"{'repeat_aggregation': 'mean', 'n_repeats': 1}"
semif_qwen35_4b,Qwen/Qwen3.5-4B@851bf6e806efd8d0a36b00ddf55e13ccb7b8cd0a,explicit_probability__seed_000046__repr_distractor,explicit_probability__seed_000046,explicit_probability,1,distractor,"(0.10,0.30]","{'parameters': {'p_A': 0.210526315789, 'p_not_A': 0.789473684211}}","{'A': 0.210526315789, 'not_A': 0.789473684211}","{'A': 0.9046505351008906, 'not_A': 0.0953494648991095}","{'tv': 0.6941242193118905, 'mae_binary': 0.6941242193118906, 'rmse_binary': 0.6941242193118906, 'brier_regret': 0.963616863670683, 'kl': 1.3618691829631941}",A,not_A,False,121.30443006753922,mean,mean,1,"{'std_A': 0.0, 'std_not_A': 0.0}",,{},"{'repeat_aggregation': 'mean', 'n_repeats': 1}"
semif_qwen35_4b,Qwen/Qwen3.5-4B@851bf6e806efd8d0a36b00ddf55e13ccb7b8cd0a,explicit_probability__seed_000046__repr_prose,explicit_probability__seed_000046,explicit_probability,1,prose,"(0.10,0.30]","{'parameters': {'p_A': 0.210526315789, 'p_not_A': 0.789473684211}}","{'A': 0.210526315789, 'not_A': 0.789473684211}","{'A': 0.9669140216112958, 'not_A': 0.033085978388704126}","{'tv': 0.7563877058222959, 'mae_binary': 0.7563877058222959, 'rmse_binary': 0.7563877058222959, 'brier_regret': 1.144244723038232, 'kl': 2.1834662187668608}",A,not_A,False,117.35407868400216,mean,mean,1,"{'std_A': 0.0, 'std_not_A': 0.0}",,{},"{'repeat_aggregation': 'mean', 'n_repeats': 1}"
semif_qwen35_4b,Qwen/Qwen3.5-4B@851bf6e806efd8d0a36b00ddf55e13ccb7b8cd0a,explicit_probability__seed_000046__repr_ratio,explicit_probability__seed_000046,explicit_probability,1,ratio,"(0.10,0.30]","{'parameters': {'p_A': 0.210526315789, 'p_not_A': 0.789473684211}}","{'A': 0.210526315789, 'not_A': 0.789473684211}","{'A': 0.7981867777396212, 'not_A': 0.20181322226037882}","{'tv': 0.5876604619506212, 'mae_binary': 0.5876604619506212, 'rmse_binary': 0.5876604619506212, 'brier_regret': 0.690689637080035, 'kl': 0.7962858019634698}",A,not_A,False,102.67502814531326,mean,mean,1,"{'std_A': 0.0, 'std_not_A': 0.0}",,{},"{'repeat_aggregation': 'mean', 'n_repeats': 1}"
semif_qwen35_4b,Qwen/Qwen3.5-4B@851bf6e806efd8d0a36b00ddf55e13ccb7b8cd0a,explicit_probability__seed_000047__repr_direct,explicit_probability__seed_000047,explicit_probability,1,direct,"(0.10,0.30]","{'parameters': {'p_A': 0.263157894737, 'p_not_A': 0.736842105263}}","{'A': 0.263157894737, 'not_A': 0.736842105263}","{'A': 0.9669140216112958, 'not_A': 0.033085978388704126}","{'tv': 0.7037561268742958, 'mae_binary': 0.7037561268742958, 'rmse_binary': 0.7037561268742958, 'brier_regret': 0.99054537222622, 'kl': 1.9441536774887516}",A,not_A,False,106.42405087128282,mean,mean,1,"{'std_A': 0.0, 'std_not_A': 0.0}",,{},"{'repeat_aggregation': 'mean', 'n_repeats': 1}"
semif_qwen35_4b,Qwen/Qwen3.5-4B@851bf6e806efd8d0a36b00ddf55e13ccb7b8cd0a,explicit_probability__seed_000047__repr_distractor,explicit_probability__seed_000047,explicit_probability,1,distractor,"(0.10,0.30]","{'parameters': {'p_A': 0.263157894737, 'p_not_A': 0.736842105263}}","{'A': 0.263157894737, 'not_A': 0.736842105263}","{'A': 0.8670357598021706, 'not_A': 0.13296424019782924}","{'tv': 0.6038778650651706, 'mae_binary': 0.6038778650651706, 'rmse_binary': 0.6038778650651706, 'brier_regret': 0.729336951831337, 'kl': 0.9479198772168141}",A,not_A,False,118.1834228336811,mean,mean,1,"{'std_A': 0.0, 'std_not_A': 0.0}",,{},"{'repeat_aggregation': 'mean', 'n_repeats': 1}"
semif_qwen35_4b,Qwen/Qwen3.5-4B@851bf6e806efd8d0a36b00ddf55e13ccb7b8cd0a,explicit_probability__seed_000047__repr_prose,explicit_probability__seed_000047,explicit_probability,1,prose,"(0.10,0.30]","{'parameters': {'p_A': 0.263157894737, 'p_not_A': 0.736842105263}}","{'A': 0.263157894737, 'not_A': 0.736842105263}","{'A': 0.9626731126558706, 'not_A': 0.037326887344129464}","{'tv': 0.6995152179188706, 'mae_binary': 0.6995152179188706, 'rmse_binary': 0.6995152179188706, 'brier_regret': 0.97864308020017, 'kl': 1.8564440860356206}",A,not_A,False,116.24491168186069,mean,mean,1,"{'std_A': 0.0, 'std_not_A': 0.0}",,{},"{'repeat_aggregation': 'mean', 'n_repeats': 1}"
semif_qwen35_4b,Qwen/Qwen3.5-4B@851bf6e806efd8d0a36b00ddf55e13ccb7b8cd0a,explicit_probability__seed_000047__repr_ratio,explicit_probability__seed_000047,explicit_probability,1,ratio,"(0.10,0.30]","{'parameters': {'p_A': 0.263157894737, 'p_not_A': 0.736842105263}}","{'A': 0.263157894737, 'not_A': 0.736842105263}","{'A': 0.8175744761936437, 'not_A': 0.18242552380635632}","{'tv': 0.5544165814566436, 'mae_binary': 0.5544165814566436, 'rmse_binary': 0.5544165814566436, 'brier_regret': 0.6147554915881424, 'kl': 0.7303423081203402}",A,not_A,False,102.03043464571238,mean,mean,1,"{'std_A': 0.0, 'std_not_A': 0.0}",,{},"{'repeat_aggregation': 'mean', 'n_repeats': 1}"
semif_qwen35_4b,Qwen/Qwen3.5-4B@851bf6e806efd8d0a36b00ddf55e13ccb7b8cd0a,explicit_probability__seed_000048__repr_direct,explicit_probability__seed_000048,explicit_probability,1,direct,"(0.30,0.45]","{'parameters': {'p_A': 0.315789473684, 'p_not_A': 0.684210526316}}","{'A': 0.315789473684, 'not_A': 0.684210526316}","{'A': 0.9706877692486436, 'not_A': 0.029312230751356316}","{'tv': 0.6548982955646436, 'mae_binary': 0.6548982955646436, 'rmse_binary': 0.6548982955646436, 'brier_regret': 0.8577835550669507, 'kl': 1.8008324108106748}",A,not_A,False,107.989601790905,mean,mean,1,"{'std_A': 0.0, 'std_not_A': 0.0}",,{},"{'repeat_aggregation': 'mean', 'n_repeats': 1}"
semif_qwen35_4b,Qwen/Qwen3.5-4B@851bf6e806efd8d0a36b00ddf55e13ccb7b8cd0a,explicit_probability__seed_000048__repr_distractor,explicit_probability__seed_000048,explicit_probability,1,distractor,"(0.30,0.45]","{'parameters': {'p_A': 0.315789473684, 'p_not_A': 0.684210526316}}","{'A': 0.315789473684, 'not_A': 0.684210526316}","{'A': 0.9046505351008906, 'not_A': 0.0953494648991095}","{'tv': 0.5888610614168905, 'mae_binary': 0.5888610614168905, 'rmse_binary': 0.5888610614168905, 'brier_regret': 0.6935146993060539, 'kl': 1.0160253935598014}",A,not_A,False,119.3385268561542,mean,mean,1,"{'std_A': 0.0, 'std_not_A': 0.0}",,{},"{'repeat_aggregation': 'mean', 'n_repeats': 1}"
semif_qwen35_4b,Qwen/Qwen3.5-4B@851bf6e806efd8d0a36b00ddf55e13ccb7b8cd0a,explicit_probability__seed_000048__repr_prose,explicit_probability__seed_000048,explicit_probability,1,prose,"(0.30,0.45]","{'parameters': {'p_A': 0.315789473684, 'p_not_A': 0.684210526316}}","{'A': 0.315789473684, 'not_A': 0.684210526316}","{'A': 0.9740426428022031, 'not_A': 0.02595735719779685}","{'tv': 0.6582531691182032, 'mae_binary': 0.6582531691182031, 'rmse_binary': 0.6582531691182031, 'brier_regret': 0.8665944693083154, 'kl': 1.8829085035144297}",A,not_A,False,117.11014294996858,mean,mean,1,"{'std_A': 0.0, 'std_not_A': 0.0}",,{},"{'repeat_aggregation': 'mean', 'n_repeats': 1}"
semif_qwen35_4b,Qwen/Qwen3.5-4B@851bf6e806efd8d0a36b00ddf55e13ccb7b8cd0a,explicit_probability__seed_000048__repr_ratio,explicit_probability__seed_000048,explicit_probability,1,ratio,"(0.30,0.45]","{'parameters': {'p_A': 0.315789473684, 'p_not_A': 0.684210526316}}","{'A': 0.315789473684, 'not_A': 0.684210526316}","{'A': 0.8175744761936437, 'not_A': 0.18242552380635632}","{'tv': 0.5017850025096436, 'mae_binary': 0.5017850025096436, 'rmse_binary': 0.5017850025096436, 'brier_regret': 0.5035763774872062, 'kl': 0.6040742178888068}",A,not_A,False,101.8742430023849,mean,mean,1,"{'std_A': 0.0, 'std_not_A': 0.0}",,{},"{'repeat_aggregation': 'mean', 'n_repeats': 1}"
semif_qwen35_4b,Qwen/Qwen3.5-4B@851bf6e806efd8d0a36b00ddf55e13ccb7b8cd0a,explicit_probability__seed_000049__repr_direct,explicit_probability__seed_000049,explicit_probability,1,direct,"(0.30,0.45]","{'parameters': {'p_A': 0.368421052632, 'p_not_A': 0.631578947368}}","{'A': 0.368421052632, 'not_A': 0.631578947368}","{'A': 0.9706877692486436, 'not_A': 0.029312230751356316}","{'tv': 0.6022667166166437, 'mae_binary': 0.6022667166166437, 'rmse_binary': 0.6022667166166437, 'brier_regret': 0.7254503958883851, 'kl': 1.5821667465172795}",A,not_A,False,104.86123524606228,mean,mean,1,"{'std_A': 0.0, 'std_not_A': 0.0}",,{},"{'repeat_aggregation': 'mean', 'n_repeats': 1}"
semif_qwen35_4b,Qwen/Qwen3.5-4B@851bf6e806efd8d0a36b00ddf55e13ccb7b8cd0a,explicit_probability__seed_000049__repr_distractor,explicit_probability__seed_000049,explicit_probability,1,distractor,"(0.30,0.45]","{'parameters': {'p_A': 0.368421052632, 'p_not_A': 0.631578947368}}","{'A': 0.368421052632, 'not_A': 0.631578947368}","{'A': 0.9046505351008906, 'not_A': 0.0953494648991095}","{'tv': 0.5362294824688905, 'mae_binary': 0.5362294824688906, 'rmse_binary': 0.5362294824688906, 'brier_regret': 0.5750841157377083, 'kl': 0.863149202951406}",A,not_A,False,118.9507832750678,mean,mean,1,"{'std_A': 0.0, 'std_not_A': 0.0}",,{},"{'repeat_aggregation': 'mean', 'n_repeats': 1}"
semif_qwen35_4b,Qwen/Qwen3.5-4B@851bf6e806efd8d0a36b00ddf55e13ccb7b8cd0a,explicit_probability__seed_000049__repr_prose,explicit_probability__seed_000049,explicit_probability,1,prose,"(0.30,0.45]","{'parameters': {'p_A': 0.368421052632, 'p_not_A': 0.631578947368}}","{'A': 0.368421052632, 'not_A': 0.631578947368}","{'A': 0.9706877692486436, 'not_A': 0.029312230751356316}","{'tv': 0.6022667166166437, 'mae_binary': 0.6022667166166437, 'rmse_binary': 0.6022667166166437, 'brier_regret': 0.7254503958883851, 'kl': 1.5821667465172795}",A,not_A,False,116.47095903754234,mean,mean,1,"{'std_A': 0.0, 'std_not_A': 0.0}",,{},"{'repeat_aggregation': 'mean', 'n_repeats': 1}"
semif_qwen35_4b,Qwen/Qwen3.5-4B@851bf6e806efd8d0a36b00ddf55e13ccb7b8cd0a,explicit_probability__seed_000049__repr_ratio,explicit_probability__seed_000049,explicit_probability,1,ratio,"(0.30,0.45]","{'parameters': {'p_A': 0.368421052632, 'p_not_A': 0.631578947368}}","{'A': 0.368421052632, 'not_A': 0.631578947368}","{'A': 0.8807970779778823, 'not_A': 0.11920292202211755}","{'tv': 0.5123760253458824, 'mae_binary': 0.5123760253458823, 'rmse_binary': 0.5123760253458823, 'brier_regret': 0.5250583826984886, 'kl': 0.7319759182356315}",A,not_A,False,101.20867611840367,mean,mean,1,"{'std_A': 0.0, 'std_not_A': 0.0}",,{},"{'repeat_aggregation': 'mean', 'n_repeats': 1}"
semif_qwen35_4b,Qwen/Qwen3.5-4B@851bf6e806efd8d0a36b00ddf55e13ccb7b8cd0a,explicit_probability__seed_000050__repr_direct,explicit_probability__seed_000050,explicit_probability,1,direct,"(0.30,0.45]","{'parameters': {'p_A': 0.421052631579, 'p_not_A': 0.578947368421}}","{'A': 0.421052631579, 'not_A': 0.578947368421}","{'A': 0.9669140216112958, 'not_A': 0.033085978388704126}","{'tv': 0.5458613900322958, 'mae_binary': 0.5458613900322957, 'rmse_binary': 0.5458613900322957, 'brier_regret': 0.5959293142559804, 'kl': 1.3069635805122337}",A,not_A,False,107.31057776138186,mean,mean,1,"{'std_A': 0.0, 'std_not_A': 0.0}",,{},"{'repeat_aggregation': 'mean', 'n_repeats': 1}"
semif_qwen35_4b,Qwen/Qwen3.5-4B@851bf6e806efd8d0a36b00ddf55e13ccb7b8cd0a,explicit_probability__seed_000050__repr_distractor,explicit_probability__seed_000050,explicit_probability,1,distractor,"(0.30,0.45]","{'parameters': {'p_A': 0.421052631579, 'p_not_A': 0.578947368421}}","{'A': 0.421052631579, 'not_A': 0.578947368421}","{'A': 0.9149009549929797, 'not_A': 0.08509904500702024}","{'tv': 0.4938483234139798, 'mae_binary': 0.4938483234139797, 'rmse_binary': 0.4938483234139797, 'brier_regret': 0.4877723330775975, 'kl': 0.7833099775831336}",A,not_A,False,118.14803071320057,mean,mean,1,"{'std_A': 0.0, 'std_not_A': 0.0}",,{},"{'repeat_aggregation': 'mean', 'n_repeats': 1}"
semif_qwen35_4b,Qwen/Qwen3.5-4B@851bf6e806efd8d0a36b00ddf55e13ccb7b8cd0a,explicit_probability__seed_000050__repr_prose,explicit_probability__seed_000050,explicit_probability,1,prose,"(0.30,0.45]","{'parameters': {'p_A': 0.421052631579, 'p_not_A': 0.578947368421}}","{'A': 0.421052631579, 'not_A': 0.578947368421}","{'A': 0.9669140216112958, 'not_A': 0.033085978388704126}","{'tv': 0.5458613900322958, 'mae_binary': 0.5458613900322957, 'rmse_binary': 0.5458613900322957, 'brier_regret': 0.5959293142559804, 'kl': 1.3069635805122337}",A,not_A,False,116.8145602568984,mean,mean,1,"{'std_A': 0.0, 'std_not_A': 0.0}",,{},"{'repeat_aggregation': 'mean', 'n_repeats': 1}"
semif_qwen35_4b,Qwen/Qwen3.5-4B@851bf6e806efd8d0a36b00ddf55e13ccb7b8cd0a,explicit_probability__seed_000050__repr_ratio,explicit_probability__seed_000050,explicit_probability,1,ratio,"(0.30,0.45]","{'parameters': {'p_A': 0.421052631579, 'p_not_A': 0.578947368421}}","{'A': 0.421052631579, 'not_A': 0.578947368421}","{'A': 0.7310585786300049, 'not_A': 0.2689414213699951}","{'tv': 0.3100059470510049, 'mae_binary': 0.31000594705100487, 'rmse_binary': 0.31000594705100487, 'brier_regret': 0.1922073744139809, 'kl': 0.21157956804754266}",A,not_A,False,101.8792032264173,mean,mean,1,"{'std_A': 0.0, 'std_not_A': 0.0}",,{},"{'repeat_aggregation': 'mean', 'n_repeats': 1}"
semif_qwen35_4b,Qwen/Qwen3.5-4B@851bf6e806efd8d0a36b00ddf55e13ccb7b8cd0a,explicit_probability__seed_000051__repr_direct,explicit_probability__seed_000051,explicit_probability,1,direct,"(0.45,0.55]","{'parameters': {'p_A': 0.473684210526, 'p_not_A': 0.526315789474}}","{'A': 0.473684210526, 'not_A': 0.526315789474}","{'A': 0.9579122720843811, 'not_A': 0.04208772791561884}","{'tv': 0.48422806155838116, 'mae_binary': 0.4842280615583811, 'rmse_binary': 0.4842280615583811, 'brier_regret': 0.4689536312011747, 'kl': 0.9959744224829534}",A,not_A,False,106.31179390475154,mean,mean,1,"{'std_A': 0.0, 'std_not_A': 0.0}",,{},"{'repeat_aggregation': 'mean', 'n_repeats': 1}"
semif_qwen35_4b,Qwen/Qwen3.5-4B@851bf6e806efd8d0a36b00ddf55e13ccb7b8cd0a,explicit_probability__seed_000051__repr_distractor,explicit_probability__seed_000051,explicit_probability,1,distractor,"(0.45,0.55]","{'parameters': {'p_A': 0.473684210526, 'p_not_A': 0.526315789474}}","{'A': 0.473684210526, 'not_A': 0.526315789474}","{'A': 0.8670357598021706, 'not_A': 0.13296424019782924}","{'tv': 0.39335154927617066, 'mae_binary': 0.3933515492761706, 'rmse_binary': 0.3933515492761706, 'brier_regret': 0.30945088263592746, 'kl': 0.4377556640169672}",A,not_A,False,118.8210709951818,mean,mean,1,"{'std_A': 0.0, 'std_not_A': 0.0}",,{},"{'repeat_aggregation': 'mean', 'n_repeats': 1}"
semif_qwen35_4b,Qwen/Qwen3.5-4B@851bf6e806efd8d0a36b00ddf55e13ccb7b8cd0a,explicit_probability__seed_000051__repr_prose,explicit_probability__seed_000051,explicit_probability,1,prose,"(0.45,0.55]","{'parameters': {'p_A': 0.473684210526, 'p_not_A': 0.526315789474}}","{'A': 0.473684210526, 'not_A': 0.526315789474}","{'A': 0.9399133498259924, 'not_A': 0.06008665017400762}","{'tv': 0.46622913929999243, 'mae_binary': 0.4662291392999924, 'rmse_binary': 0.4662291392999924, 'brier_regret': 0.43473922066482346, 'kl': 0.8175745112043142}",A,not_A,False,117.34331073239446,mean,mean,1,"{'std_A': 0.0, 'std_not_A': 0.0}",,{},"{'repeat_aggregation': 'mean', 'n_repeats': 1}"
semif_qwen35_4b,Qwen/Qwen3.5-4B@851bf6e806efd8d0a36b00ddf55e13ccb7b8cd0a,explicit_probability__seed_000051__repr_ratio,explicit_probability__seed_000051,explicit_probability,1,ratio,"(0.45,0.55]","{'parameters': {'p_A': 0.473684210526, 'p_not_A': 0.526315789474}}","{'A': 0.473684210526, 'not_A': 0.526315789474}","{'A': 0.9149009549929797, 'not_A': 0.08509904500702024}","{'tv': 0.4412167444669798, 'mae_binary': 0.4412167444669797, 'rmse_binary': 0.4412167444669797, 'brier_regret': 0.3893444311960802, 'kl': 0.6471779666233042}",A,not_A,False,100.90701235458255,mean,mean,1,"{'std_A': 0.0, 'std_not_A': 0.0}",,{},"{'repeat_aggregation': 'mean', 'n_repeats': 1}"
semif_qwen35_4b,Qwen/Qwen3.5-4B@851bf6e806efd8d0a36b00ddf55e13ccb7b8cd0a,explicit_probability__seed_000052__repr_direct,explicit_probability__seed_000052,explicit_probability,1,direct,"(0.45,0.55]","{'parameters': {'p_A': 0.526315789474, 'p_not_A': 0.47368421052599996}}","{'A': 0.526315789474, 'not_A': 0.47368421052599996}","{'A': 0.9740426428022031, 'not_A': 0.02595735719779685}","{'tv': 0.44772685332820306, 'mae_binary': 0.44772685332820306, 'rmse_binary': 0.44772685332820306, 'brier_regret': 0.4009186703823486, 'kl': 1.0516439594912406}",A,A,True,107.7952180057764,mean,mean,1,"{'std_A': 0.0, 'std_not_A': 0.0}",,{},"{'repeat_aggregation': 'mean', 'n_repeats': 1}"
semif_qwen35_4b,Qwen/Qwen3.5-4B@851bf6e806efd8d0a36b00ddf55e13ccb7b8cd0a,explicit_probability__seed_000052__repr_distractor,explicit_probability__seed_000052,explicit_probability,1,distractor,"(0.45,0.55]","{'parameters': {'p_A': 0.526315789474, 'p_not_A': 0.47368421052599996}}","{'A': 0.526315789474, 'not_A': 0.47368421052599996}","{'A': 0.9579122720843811, 'not_A': 0.04208772791561884}","{'tv': 0.4315964826103811, 'mae_binary': 0.4315964826103811, 'rmse_binary': 0.4315964826103811, 'brier_regret': 0.37255104760330604, 'kl': 0.8315007382704531}",A,A,True,118.46523080021143,mean,mean,1,"{'std_A': 0.0, 'std_not_A': 0.0}",,{},"{'repeat_aggregation': 'mean', 'n_repeats': 1}"
semif_qwen35_4b,Qwen/Qwen3.5-4B@851bf6e806efd8d0a36b00ddf55e13ccb7b8cd0a,explicit_probability__seed_000052__repr_prose,explicit_probability__seed_000052,explicit_probability,1,prose,"(0.45,0.55]","{'parameters': {'p_A': 0.526315789474, 'p_not_A': 0.47368421052599996}}","{'A': 0.526315789474, 'not_A': 0.47368421052599996}","{'A': 0.9706877692486436, 'not_A': 0.029312230751356316}","{'tv': 0.4443719797746436, 'mae_binary': 0.4443719797746436, 'rmse_binary': 0.4443719797746436, 'brier_regret': 0.39493291281767257, 'kl': 0.9958836562612359}",A,A,True,118.10931097716093,mean,mean,1,"{'std_A': 0.0, 'std_not_A': 0.0}",,{},"{'repeat_aggregation': 'mean', 'n_repeats': 1}"
semif_qwen35_4b,Qwen/Qwen3.5-4B@851bf6e806efd8d0a36b00ddf55e13ccb7b8cd0a,explicit_probability__seed_000052__repr_ratio,explicit_probability__seed_000052,explicit_probability,1,ratio,"(0.45,0.55]","{'parameters': {'p_A': 0.526315789474, 'p_not_A': 0.47368421052599996}}","{'A': 0.526315789474, 'not_A': 0.47368421052599996}","{'A': 0.9579122720843811, 'not_A': 0.04208772791561884}","{'tv': 0.4315964826103811, 'mae_binary': 0.4315964826103811, 'rmse_binary': 0.4315964826103811, 'brier_regret': 0.37255104760330604, 'kl': 0.8315007382704531}",A,A,True,100.7347721606493,mean,mean,1,"{'std_A': 0.0, 'std_not_A': 0.0}",,{},"{'repeat_aggregation': 'mean', 'n_repeats': 1}"
semif_qwen35_4b,Qwen/Qwen3.5-4B@851bf6e806efd8d0a36b00ddf55e13ccb7b8cd0a,explicit_probability__seed_000053__repr_direct,explicit_probability__seed_000053,explicit_probability,1,direct,"(0.55,0.70]","{'parameters': {'p_A': 0.578947368421, 'p_not_A': 0.42105263157899997}}","{'A': 0.578947368421, 'not_A': 0.42105263157899997}","{'A': 0.9740426428022031, 'not_A': 0.02595735719779685}","{'tv': 0.39509527438120307, 'mae_binary': 0.39509527438120307, 'rmse_binary': 0.39509527438120307, 'brier_regret': 0.31220055167671634, 'kl': 0.87198649676907}",A,A,True,107.41600207984447,mean,mean,1,"{'std_A': 0.0, 'std_not_A': 0.0}",,{},"{'repeat_aggregation': 'mean', 'n_repeats': 1}"
semif_qwen35_4b,Qwen/Qwen3.5-4B@851bf6e806efd8d0a36b00ddf55e13ccb7b8cd0a,explicit_probability__seed_000053__repr_distractor,explicit_probability__seed_000053,explicit_probability,1,distractor,"(0.55,0.70]","{'parameters': {'p_A': 0.578947368421, 'p_not_A': 0.42105263157899997}}","{'A': 0.578947368421, 'not_A': 0.42105263157899997}","{'A': 0.9465966702001757, 'not_A': 0.053403329799824234}","{'tv': 0.3676493017791757, 'mae_binary': 0.36764930177917565, 'rmse_binary': 0.36764930177917565, 'brier_regret': 0.2703320181974308, 'kl': 0.5847790070560228}",A,A,True,121.24300608411431,mean,mean,1,"{'std_A': 0.0, 'std_not_A': 0.0}",,{},"{'repeat_aggregation': 'mean', 'n_repeats': 1}"
semif_qwen35_4b,Qwen/Qwen3.5-4B@851bf6e806efd8d0a36b00ddf55e13ccb7b8cd0a,explicit_probability__seed_000053__repr_prose,explicit_probability__seed_000053,explicit_probability,1,prose,"(0.55,0.70]","{'parameters': {'p_A': 0.578947368421, 'p_not_A': 0.42105263157899997}}","{'A': 0.578947368421, 'not_A': 0.42105263157899997}","{'A': 0.9740426428022031, 'not_A': 0.02595735719779685}","{'tv': 0.39509527438120307, 'mae_binary': 0.39509527438120307, 'rmse_binary': 0.39509527438120307, 'brier_regret': 0.31220055167671634, 'kl': 0.87198649676907}",A,A,True,118.12065495178103,mean,mean,1,"{'std_A': 0.0, 'std_not_A': 0.0}",,{},"{'repeat_aggregation': 'mean', 'n_repeats': 1}"
semif_qwen35_4b,Qwen/Qwen3.5-4B@851bf6e806efd8d0a36b00ddf55e13ccb7b8cd0a,explicit_probability__seed_000053__repr_ratio,explicit_probability__seed_000053,explicit_probability,1,ratio,"(0.55,0.70]","{'parameters': {'p_A': 0.578947368421, 'p_not_A': 0.42105263157899997}}","{'A': 0.578947368421, 'not_A': 0.42105263157899997}","{'A': 0.9324533088603709, 'not_A': 0.0675466911396291}","{'tv': 0.3535059404393709, 'mae_binary': 0.3535059404393709, 'rmse_binary': 0.3535059404393709, 'brier_regret': 0.24993289985184808, 'kl': 0.4945698696481681}",A,A,True,103.1335387378931,mean,mean,1,"{'std_A': 0.0, 'std_not_A': 0.0}",,{},"{'repeat_aggregation': 'mean', 'n_repeats': 1}"
semif_qwen35_4b,Qwen/Qwen3.5-4B@851bf6e806efd8d0a36b00ddf55e13ccb7b8cd0a,explicit_probability__seed_000054__repr_direct,explicit_probability__seed_000054,explicit_probability,1,direct,"(0.55,0.70]","{'parameters': {'p_A': 0.631578947368, 'p_not_A': 0.368421052632}}","{'A': 0.631578947368, 'not_A': 0.368421052632}","{'A': 0.9770226300899744, 'not_A': 0.02297736991002561}","{'tv': 0.34544368272197434, 'mae_binary': 0.34544368272197434, 'rmse_binary': 0.34544368272197434, 'brier_regret': 0.23866267586504014, 'kl': 0.746714424199084}",A,A,True,106.39571398496628,mean,mean,1,"{'std_A': 0.0, 'std_not_A': 0.0}",,{},"{'repeat_aggregation': 'mean', 'n_repeats': 1}"
semif_qwen35_4b,Qwen/Qwen3.5-4B@851bf6e806efd8d0a36b00ddf55e13ccb7b8cd0a,explicit_probability__seed_000054__repr_distractor,explicit_probability__seed_000054,explicit_probability,1,distractor,"(0.55,0.70]","{'parameters': {'p_A': 0.631578947368, 'p_not_A': 0.368421052632}}","{'A': 0.631578947368, 'not_A': 0.368421052632}","{'A': 0.9525741268224334, 'not_A': 0.04742587317756679}","{'tv': 0.32099517945443323, 'mae_binary': 0.32099517945443334, 'rmse_binary': 0.32099517945443334, 'brier_regret': 0.20607581046596762, 'kl': 0.4957405219264005}",A,A,True,118.89679916203022,mean,mean,1,"{'std_A': 0.0, 'std_not_A': 0.0}",,{},"{'repeat_aggregation': 'mean', 'n_repeats': 1}"
semif_qwen35_4b,Qwen/Qwen3.5-4B@851bf6e806efd8d0a36b00ddf55e13ccb7b8cd0a,explicit_probability__seed_000054__repr_prose,explicit_probability__seed_000054,explicit_probability,1,prose,"(0.55,0.70]","{'parameters': {'p_A': 0.631578947368, 'p_not_A': 0.368421052632}}","{'A': 0.631578947368, 'not_A': 0.368421052632}","{'A': 0.9796676466573412, 'not_A': 0.020332353342658753}","{'tv': 0.34808869928934116, 'mae_binary': 0.34808869928934116, 'rmse_binary': 0.34808869928934116, 'brier_regret': 0.2423314851458908, 'kl': 0.7900634923067558}",A,A,True,117.62150283902884,mean,mean,1,"{'std_A': 0.0, 'std_not_A': 0.0}",,{},"{'repeat_aggregation': 'mean', 'n_repeats': 1}"
semif_qwen35_4b,Qwen/Qwen3.5-4B@851bf6e806efd8d0a36b00ddf55e13ccb7b8cd0a,explicit_probability__seed_000054__repr_ratio,explicit_probability__seed_000054,explicit_probability,1,ratio,"(0.55,0.70]","{'parameters': {'p_A': 0.631578947368, 'p_not_A': 0.368421052632}}","{'A': 0.631578947368, 'not_A': 0.368421052632}","{'A': 0.9669140216112958, 'not_A': 0.033085978388704126}","{'tv': 0.3353350742432958, 'mae_binary': 0.3353350742432958, 'rmse_binary': 0.3353350742432958, 'brier_regret': 0.22489922403551343, 'kl': 0.6189567650726974}",A,A,True,103.16723585128784,mean,mean,1,"{'std_A': 0.0, 'std_not_A': 0.0}",,{},"{'repeat_aggregation': 'mean', 'n_repeats': 1}"
semif_qwen35_4b,Qwen/Qwen3.5-4B@851bf6e806efd8d0a36b00ddf55e13ccb7b8cd0a,explicit_probability__seed_000055__repr_direct,explicit_probability__seed_000055,explicit_probability,1,direct,"(0.55,0.70]","{'parameters': {'p_A': 0.684210526316, 'p_not_A': 0.315789473684}}","{'A': 0.684210526316, 'not_A': 0.315789473684}","{'A': 0.9770226300899744, 'not_A': 0.02297736991002561}","{'tv': 0.2928121037739744, 'mae_binary': 0.2928121037739744, 'rmse_binary': 0.2928121037739744, 'brier_regret': 0.17147785623308148, 'kl': 0.5838011411194796}",A,A,True,107.35833831131458,mean,mean,1,"{'std_A': 0.0, 'std_not_A': 0.0}",,{},"{'repeat_aggregation': 'mean', 'n_repeats': 1}"
semif_qwen35_4b,Qwen/Qwen3.5-4B@851bf6e806efd8d0a36b00ddf55e13ccb7b8cd0a,explicit_probability__seed_000055__repr_distractor,explicit_probability__seed_000055,explicit_probability,1,distractor,"(0.55,0.70]","{'parameters': {'p_A': 0.684210526316, 'p_not_A': 0.315789473684}}","{'A': 0.684210526316, 'not_A': 0.315789473684}","{'A': 0.9706877692486436, 'not_A': 0.029312230751356316}","{'tv': 0.28647724293264365, 'mae_binary': 0.28647724293264365, 'rmse_binary': 0.28647724293264365, 'brier_regret': 0.1641384214365779, 'kl': 0.511358726598675}",A,A,True,117.90625611320138,mean,mean,1,"{'std_A': 0.0, 'std_not_A': 0.0}",,{},"{'repeat_aggregation': 'mean', 'n_repeats': 1}"
semif_qwen35_4b,Qwen/Qwen3.5-4B@851bf6e806efd8d0a36b00ddf55e13ccb7b8cd0a,explicit_probability__seed_000055__repr_prose,explicit_probability__seed_000055,explicit_probability,1,prose,"(0.55,0.70]","{'parameters': {'p_A': 0.684210526316, 'p_not_A': 0.315789473684}}","{'A': 0.684210526316, 'not_A': 0.315789473684}","{'A': 0.9820137900379085, 'not_A': 0.017986209962091555}","{'tv': 0.29780326372190846, 'mae_binary': 0.29780326372190846, 'rmse_binary': 0.29780326372190846, 'brier_regret': 0.17737356776684113, 'kl': 0.6576529730858641}",A,A,True,117.5513593479991,mean,mean,1,"{'std_A': 0.0, 'std_not_A': 0.0}",,{},"{'repeat_aggregation': 'mean', 'n_repeats': 1}"
semif_qwen35_4b,Qwen/Qwen3.5-4B@851bf6e806efd8d0a36b00ddf55e13ccb7b8cd0a,explicit_probability__seed_000055__repr_ratio,explicit_probability__seed_000055,explicit_probability,1,ratio,"(0.55,0.70]","{'parameters': {'p_A': 0.684210526316, 'p_not_A': 0.315789473684}}","{'A': 0.684210526316, 'not_A': 0.315789473684}","{'A': 0.9525741268224334, 'not_A': 0.04742587317756679}","{'tv': 0.26836360050643326, 'mae_binary': 0.2683636005064334, 'rmse_binary': 0.2683636005064334, 'brier_regret': 0.14403804415355304, 'kl': 0.3723009230577963}",A,A,True,101.27585893496871,mean,mean,1,"{'std_A': 0.0, 'std_not_A': 0.0}",,{},"{'repeat_aggregation': 'mean', 'n_repeats': 1}"
semif_qwen35_4b,Qwen/Qwen3.5-4B@851bf6e806efd8d0a36b00ddf55e13ccb7b8cd0a,explicit_probability__seed_000056__repr_direct,explicit_probability__seed_000056,explicit_probability,1,direct,"(0.70,0.90]","{'parameters': {'p_A': 0.736842105263, 'p_not_A': 0.263157894737}}","{'A': 0.736842105263, 'not_A': 0.263157894737}","{'A': 0.9820137900379085, 'not_A': 0.017986209962091555}","{'tv': 0.24517168477490847, 'mae_binary': 0.24517168477490847, 'rmse_binary': 0.24517168477490847, 'brier_regret': 0.12021831003073417, 'kl': 0.49444737910889736}",A,A,True,105.21656181663275,mean,mean,1,"{'std_A': 0.0, 'std_not_A': 0.0}",,{},"{'repeat_aggregation': 'mean', 'n_repeats': 1}"
semif_qwen35_4b,Qwen/Qwen3.5-4B@851bf6e806efd8d0a36b00ddf55e13ccb7b8cd0a,explicit_probability__seed_000056__repr_distractor,explicit_probability__seed_000056,explicit_probability,1,distractor,"(0.70,0.90]","{'parameters': {'p_A': 0.736842105263, 'p_not_A': 0.263157894737}}","{'A': 0.736842105263, 'not_A': 0.263157894737}","{'A': 0.9669140216112958, 'not_A': 0.033085978388704126}","{'tv': 0.23007191634829585, 'mae_binary': 0.23007191634829582, 'rmse_binary': 0.23007191634829582, 'brier_regret': 0.10586617338435449, 'kl': 0.34546946696350145}",A,A,True,120.07791781798005,mean,mean,1,"{'std_A': 0.0, 'std_not_A': 0.0}",,{},"{'repeat_aggregation': 'mean', 'n_repeats': 1}"
semif_qwen35_4b,Qwen/Qwen3.5-4B@851bf6e806efd8d0a36b00ddf55e13ccb7b8cd0a,explicit_probability__seed_000056__repr_prose,explicit_probability__seed_000056,explicit_probability,1,prose,"(0.70,0.90]","{'parameters': {'p_A': 0.736842105263, 'p_not_A': 0.263157894737}}","{'A': 0.736842105263, 'not_A': 0.263157894737}","{'A': 0.9770226300899744, 'not_A': 0.02297736991002561}","{'tv': 0.24018052482697438, 'mae_binary': 0.24018052482697438, 'rmse_binary': 0.24018052482697438, 'brier_regret': 0.11537336901232173, 'kl': 0.4337534418792626}",A,A,True,118.56027087196708,mean,mean,1,"{'std_A': 0.0, 'std_not_A': 0.0}",,{},"{'repeat_aggregation': 'mean', 'n_repeats': 1}"
semif_qwen35_4b,Qwen/Qwen3.5-4B@851bf6e806efd8d0a36b00ddf55e13ccb7b8cd0a,explicit_probability__seed_000056__repr_ratio,explicit_probability__seed_000056,explicit_probability,1,ratio,"(0.70,0.90]","{'parameters': {'p_A': 0.736842105263, 'p_not_A': 0.263157894737}}","{'A': 0.736842105263, 'not_A': 0.263157894737}","{'A': 0.9626731126558706, 'not_A': 0.037326887344129464}","{'tv': 0.2258310073928706, 'mae_binary': 0.22583100739287065, 'rmse_binary': 0.22583100739287065, 'brier_regret': 0.10199928780015755, 'kl': 0.3169704018261206}",A,A,True,101.6440843231976,mean,mean,1,"{'std_A': 0.0, 'std_not_A': 0.0}",,{},"{'repeat_aggregation': 'mean', 'n_repeats': 1}"
semif_qwen35_4b,Qwen/Qwen3.5-4B@851bf6e806efd8d0a36b00ddf55e13ccb7b8cd0a,explicit_probability__seed_000057__repr_direct,explicit_probability__seed_000057,explicit_probability,1,direct,"(0.70,0.90]","{'parameters': {'p_A': 0.789473684211, 'p_not_A': 0.21052631578900005}}","{'A': 0.789473684211, 'not_A': 0.21052631578900005}","{'A': 0.9796676466573412, 'not_A': 0.020332353342658753}","{'tv': 0.19019396244634126, 'mae_binary': 0.19019396244634124, 'rmse_binary': 0.19019396244634124, 'brier_regret': 0.07234748670208055, 'kl': 0.3216782091551689}",A,A,True,106.88107367604971,mean,mean,1,"{'std_A': 0.0, 'std_not_A': 0.0}",,{},"{'repeat_aggregation': 'mean', 'n_repeats': 1}"
semif_qwen35_4b,Qwen/Qwen3.5-4B@851bf6e806efd8d0a36b00ddf55e13ccb7b8cd0a,explicit_probability__seed_000057__repr_distractor,explicit_probability__seed_000057,explicit_probability,1,distractor,"(0.70,0.90]","{'parameters': {'p_A': 0.789473684211, 'p_not_A': 0.21052631578900005}}","{'A': 0.789473684211, 'not_A': 0.21052631578900005}","{'A': 0.9706877692486436, 'not_A': 0.029312230751356316}","{'tv': 0.18121408503764372, 'mae_binary': 0.1812140850376437, 'rmse_binary': 0.1812140850376437, 'brier_regret': 0.06567708923206073, 'kl': 0.2519393581058176}",A,A,True,122.87324480712414,mean,mean,1,"{'std_A': 0.0, 'std_not_A': 0.0}",,{},"{'repeat_aggregation': 'mean', 'n_repeats': 1}"
semif_qwen35_4b,Qwen/Qwen3.5-4B@851bf6e806efd8d0a36b00ddf55e13ccb7b8cd0a,explicit_probability__seed_000057__repr_prose,explicit_probability__seed_000057,explicit_probability,1,prose,"(0.70,0.90]","{'parameters': {'p_A': 0.789473684211, 'p_not_A': 0.21052631578900005}}","{'A': 0.789473684211, 'not_A': 0.21052631578900005}","{'A': 0.9840936082881853, 'not_A': 0.01590639171181471}","{'tv': 0.1946199240771853, 'mae_binary': 0.1946199240771853, 'rmse_binary': 0.1946199240771853, 'brier_regret': 0.07575382969561877, 'kl': 0.3698021432816406}",A,A,True,120.441775303334,mean,mean,1,"{'std_A': 0.0, 'std_not_A': 0.0}",,{},"{'repeat_aggregation': 'mean', 'n_repeats': 1}"
semif_qwen35_4b,Qwen/Qwen3.5-4B@851bf6e806efd8d0a36b00ddf55e13ccb7b8cd0a,explicit_probability__seed_000057__repr_ratio,explicit_probability__seed_000057,explicit_probability,1,ratio,"(0.70,0.90]","{'parameters': {'p_A': 0.789473684211, 'p_not_A': 0.21052631578900005}}","{'A': 0.789473684211, 'not_A': 0.21052631578900005}","{'A': 0.9706877692486436, 'not_A': 0.029312230751356316}","{'tv': 0.18121408503764372, 'mae_binary': 0.1812140850376437, 'rmse_binary': 0.1812140850376437, 'brier_regret': 0.06567708923206073, 'kl': 0.2519393581058176}",A,A,True,103.4579873085022,mean,mean,1,"{'std_A': 0.0, 'std_not_A': 0.0}",,{},"{'repeat_aggregation': 'mean', 'n_repeats': 1}"
semif_qwen35_4b,Qwen/Qwen3.5-4B@851bf6e806efd8d0a36b00ddf55e13ccb7b8cd0a,explicit_probability__seed_000058__repr_direct,explicit_probability__seed_000058,explicit_probability,1,direct,"(0.70,0.90]","{'parameters': {'p_A': 0.842105263158, 'p_not_A': 0.15789473684199995}}","{'A': 0.842105263158, 'not_A': 0.15789473684199995}","{'A': 0.9740426428022031, 'not_A': 0.02595735719779685}","{'tv': 0.13193737964420307, 'mae_binary': 0.13193737964420305, 'rmse_binary': 0.13193737964420305, 'brier_regret': 0.03481494429475714, 'kl': 0.16250629085395735}",A,A,True,107.554130256176,mean,mean,1,"{'std_A': 0.0, 'std_not_A': 0.0}",,{},"{'repeat_aggregation': 'mean', 'n_repeats': 1}"
semif_qwen35_4b,Qwen/Qwen3.5-4B@851bf6e806efd8d0a36b00ddf55e13ccb7b8cd0a,explicit_probability__seed_000058__repr_distractor,explicit_probability__seed_000058,explicit_probability,1,distractor,"(0.70,0.90]","{'parameters': {'p_A': 0.842105263158, 'p_not_A': 0.15789473684199995}}","{'A': 0.842105263158, 'not_A': 0.15789473684199995}","{'A': 0.9626731126558706, 'not_A': 0.037326887344129464}","{'tv': 0.12056784949787053, 'mae_binary': 0.12056784949787058, 'rmse_binary': 0.12056784949787058, 'brier_regret': 0.02907321266508232, 'kl': 0.11503694103911496}",A,A,True,118.97785495966673,mean,mean,1,"{'std_A': 0.0, 'std_not_A': 0.0}",,{},"{'repeat_aggregation': 'mean', 'n_repeats': 1}"
semif_qwen35_4b,Qwen/Qwen3.5-4B@851bf6e806efd8d0a36b00ddf55e13ccb7b8cd0a,explicit_probability__seed_000058__repr_prose,explicit_probability__seed_000058,explicit_probability,1,prose,"(0.70,0.90]","{'parameters': {'p_A': 0.842105263158, 'p_not_A': 0.15789473684199995}}","{'A': 0.842105263158, 'not_A': 0.15789473684199995}","{'A': 0.9820137900379085, 'not_A': 0.017986209962091555}","{'tv': 0.1399085268799084, 'mae_binary': 0.1399085268799084, 'rmse_binary': 0.1399085268799084, 'brier_regret': 0.0391487917874121, 'kl': 0.2135665499006417}",A,A,True,120.06635079160333,mean,mean,1,"{'std_A': 0.0, 'std_not_A': 0.0}",,{},"{'repeat_aggregation': 'mean', 'n_repeats': 1}"
semif_qwen35_4b,Qwen/Qwen3.5-4B@851bf6e806efd8d0a36b00ddf55e13ccb7b8cd0a,explicit_probability__seed_000058__repr_ratio,explicit_probability__seed_000058,explicit_probability,1,ratio,"(0.70,0.90]","{'parameters': {'p_A': 0.842105263158, 'p_not_A': 0.15789473684199995}}","{'A': 0.842105263158, 'not_A': 0.15789473684199995}","{'A': 0.9579122720843811, 'not_A': 0.04208772791561884}","{'tv': 0.11580700892638109, 'mae_binary': 0.11580700892638107, 'rmse_binary': 0.11580700892638107, 'brier_regret': 0.026822526632949817, 'kl': 0.10025780647516984}",A,A,True,102.8991392813623,mean,mean,1,"{'std_A': 0.0, 'std_not_A': 0.0}",,{},"{'repeat_aggregation': 'mean', 'n_repeats': 1}"
semif_qwen35_4b,Qwen/Qwen3.5-4B@851bf6e806efd8d0a36b00ddf55e13ccb7b8cd0a,explicit_probability__seed_000059__repr_direct,explicit_probability__seed_000059,explicit_probability,1,direct,"(0.70,0.90]","{'parameters': {'p_A': 0.894736842105, 'p_not_A': 0.10526315789499996}}","{'A': 0.894736842105, 'not_A': 0.10526315789499996}","{'A': 0.9770226300899744, 'not_A': 0.02297736991002561}","{'tv': 0.08228578798497434, 'mae_binary': 0.08228578798497432, 'rmse_binary': 0.08228578798497432, 'brier_regret': 0.013541901808616294, 'kl': 0.08148654889459575}",A,A,True,104.51501002535224,mean,mean,1,"{'std_A': 0.0, 'std_not_A': 0.0}",,{},"{'repeat_aggregation': 'mean', 'n_repeats': 1}"
semif_qwen35_4b,Qwen/Qwen3.5-4B@851bf6e806efd8d0a36b00ddf55e13ccb7b8cd0a,explicit_probability__seed_000059__repr_distractor,explicit_probability__seed_000059,explicit_probability,1,distractor,"(0.70,0.90]","{'parameters': {'p_A': 0.894736842105, 'p_not_A': 0.10526315789499996}}","{'A': 0.894736842105, 'not_A': 0.10526315789499996}","{'A': 0.9669140216112958, 'not_A': 0.033085978388704126}","{'tv': 0.07217717950629579, 'mae_binary': 0.07217717950629576, 'rmse_binary': 0.07217717950629576, 'brier_regret': 0.010419090482968092, 'kl': 0.05241310029458446}",A,A,True,121.75418995320797,mean,mean,1,"{'std_A': 0.0, 'std_not_A': 0.0}",,{},"{'repeat_aggregation': 'mean', 'n_repeats': 1}"
semif_qwen35_4b,Qwen/Qwen3.5-4B@851bf6e806efd8d0a36b00ddf55e13ccb7b8cd0a,explicit_probability__seed_000059__repr_prose,explicit_probability__seed_000059,explicit_probability,1,prose,"(0.70,0.90]","{'parameters': {'p_A': 0.894736842105, 'p_not_A': 0.10526315789499996}}","{'A': 0.894736842105, 'not_A': 0.10526315789499996}","{'A': 0.9820137900379085, 'not_A': 0.017986209962091555}","{'tv': 0.08727694793290841, 'mae_binary': 0.08727694793290841, 'rmse_binary': 0.08727694793290841, 'brier_regret': 0.015234531280967212, 'kl': 0.10270680191373044}",A,A,True,118.00022283568978,mean,mean,1,"{'std_A': 0.0, 'std_not_A': 0.0}",,{},"{'repeat_aggregation': 'mean', 'n_repeats': 1}"
semif_qwen35_4b,Qwen/Qwen3.5-4B@851bf6e806efd8d0a36b00ddf55e13ccb7b8cd0a,explicit_probability__seed_000059__repr_ratio,explicit_probability__seed_000059,explicit_probability,1,ratio,"(0.70,0.90]","{'parameters': {'p_A': 0.894736842105, 'p_not_A': 0.10526315789499996}}","{'A': 0.894736842105, 'not_A': 0.10526315789499996}","{'A': 0.9770226300899744, 'not_A': 0.02297736991002561}","{'tv': 0.08228578798497434, 'mae_binary': 0.08228578798497432, 'rmse_binary': 0.08228578798497432, 'brier_regret': 0.013541901808616294, 'kl': 0.08148654889459575}",A,A,True,102.62491600587964,mean,mean,1,"{'std_A': 0.0, 'std_not_A': 0.0}",,{},"{'repeat_aggregation': 'mean', 'n_repeats': 1}"
semif_qwen35_4b,Qwen/Qwen3.5-4B@851bf6e806efd8d0a36b00ddf55e13ccb7b8cd0a,explicit_probability__seed_000060__repr_direct,explicit_probability__seed_000060,explicit_probability,1,direct,"(0.90,0.99]","{'parameters': {'p_A': 0.947368421053, 'p_not_A': 0.05263157894699999}}","{'A': 0.947368421053, 'not_A': 0.05263157894699999}","{'A': 0.9770226300899744, 'not_A': 0.02297736991002561}","{'tv': 0.02965420903697437, 'mae_binary': 0.029654209036974355, 'rmse_binary': 0.029654209036974355, 'brier_regret': 0.0017587442272171444, 'kl': 0.014421834791508142}",A,A,True,107.46590606868267,mean,mean,1,"{'std_A': 0.0, 'std_not_A': 0.0}",,{},"{'repeat_aggregation': 'mean', 'n_repeats': 1}"
semif_qwen35_4b,Qwen/Qwen3.5-4B@851bf6e806efd8d0a36b00ddf55e13ccb7b8cd0a,explicit_probability__seed_000060__repr_distractor,explicit_probability__seed_000060,explicit_probability,1,distractor,"(0.90,0.99]","{'parameters': {'p_A': 0.947368421053, 'p_not_A': 0.05263157894699999}}","{'A': 0.947368421053, 'not_A': 0.05263157894699999}","{'A': 0.9465966702001757, 'not_A': 0.053403329799824234}","{'tv': 0.000771750852824285, 'mae_binary': 0.0007717508528243266, 'rmse_binary': 0.0007717508528243266, 'brier_regret': 1.1911987576700225e-06, 'kl': 5.917998536295347e-06}",A,A,True,122.1796297468245,mean,mean,1,"{'std_A': 0.0, 'std_not_A': 0.0}",,{},"{'repeat_aggregation': 'mean', 'n_repeats': 1}"
semif_qwen35_4b,Qwen/Qwen3.5-4B@851bf6e806efd8d0a36b00ddf55e13ccb7b8cd0a,explicit_probability__seed_000060__repr_prose,explicit_probability__seed_000060,explicit_probability,1,prose,"(0.90,0.99]","{'parameters': {'p_A': 0.947368421053, 'p_not_A': 0.05263157894699999}}","{'A': 0.947368421053, 'not_A': 0.05263157894699999}","{'A': 0.9820137900379085, 'not_A': 0.017986209962091555}","{'tv': 0.03464536898490844, 'mae_binary': 0.03464536898490844, 'rmse_binary': 0.03464536898490844, 'brier_regret': 0.0024006031842009113, 'kl': 0.022484193073642807}",A,A,True,119.06977370381355,mean,mean,1,"{'std_A': 0.0, 'std_not_A': 0.0}",,{},"{'repeat_aggregation': 'mean', 'n_repeats': 1}"
semif_qwen35_4b,Qwen/Qwen3.5-4B@851bf6e806efd8d0a36b00ddf55e13ccb7b8cd0a,explicit_probability__seed_000060__repr_ratio,explicit_probability__seed_000060,explicit_probability,1,ratio,"(0.90,0.99]","{'parameters': {'p_A': 0.947368421053, 'p_not_A': 0.05263157894699999}}","{'A': 0.947368421053, 'not_A': 0.05263157894699999}","{'A': 0.9525741268224334, 'not_A': 0.04742587317756679}","{'tv': 0.005205705769433279, 'mae_binary': 0.005205705769433355, 'rmse_binary': 0.005205705769433355, 'brier_regret': 5.419874511582185e-05, 'kl': 0.0002900377825749865}",A,A,True,103.18883508443832,mean,mean,1,"{'std_A': 0.0, 'std_not_A': 0.0}",,{},"{'repeat_aggregation': 'mean', 'n_repeats': 1}"
semif_qwen35_4b,Qwen/Qwen3.5-4B@851bf6e806efd8d0a36b00ddf55e13ccb7b8cd0a,explicit_probability__seed_000061__repr_direct,explicit_probability__seed_000061,explicit_probability,1,direct,1,"{'parameters': {'p_A': 1.0, 'p_not_A': 0.0}}","{'A': 1.0, 'not_A': 0.0}","{'A': 0.9820137900379085, 'not_A': 0.017986209962091555}","{'tv': 0.017986209962091552, 'mae_binary': 0.01798620996209155, 'rmse_binary': 0.01798620996209155, 'brier_regret': 0.0006470074976008828, 'kl': 0.01814992791780978}",A,A,True,103.34614710882306,mean,mean,1,"{'std_A': 0.0, 'std_not_A': 0.0}",,{},"{'repeat_aggregation': 'mean', 'n_repeats': 1}"
semif_qwen35_4b,Qwen/Qwen3.5-4B@851bf6e806efd8d0a36b00ddf55e13ccb7b8cd0a,explicit_probability__seed_000061__repr_distractor,explicit_probability__seed_000061,explicit_probability,1,distractor,1,"{'parameters': {'p_A': 1.0, 'p_not_A': 0.0}}","{'A': 1.0, 'not_A': 0.0}","{'A': 0.9525741268224334, 'not_A': 0.04742587317756679}","{'tv': 0.04742587317756671, 'mae_binary': 0.047425873177566635, 'rmse_binary': 0.047425873177566635, 'brier_regret': 0.004498426893309284, 'kl': 0.04858735157374196}",A,A,True,114.98883180320263,mean,mean,1,"{'std_A': 0.0, 'std_not_A': 0.0}",,{},"{'repeat_aggregation': 'mean', 'n_repeats': 1}"
semif_qwen35_4b,Qwen/Qwen3.5-4B@851bf6e806efd8d0a36b00ddf55e13ccb7b8cd0a,explicit_probability__seed_000061__repr_prose,explicit_probability__seed_000061,explicit_probability,1,prose,1,"{'parameters': {'p_A': 1.0, 'p_not_A': 0.0}}","{'A': 1.0, 'not_A': 0.0}","{'A': 0.9902915235185259, 'not_A': 0.009708476481474066}","{'tv': 0.009708476481474085, 'mae_binary': 0.009708476481474104, 'rmse_binary': 0.009708476481474104, 'brier_regret': 0.00018850903118267087, 'kl': 0.00975591100022136}",A,A,True,106.17328202351928,mean,mean,1,"{'std_A': 0.0, 'std_not_A': 0.0}",,{},"{'repeat_aggregation': 'mean', 'n_repeats': 1}"
semif_qwen35_4b,Qwen/Qwen3.5-4B@851bf6e806efd8d0a36b00ddf55e13ccb7b8cd0a,explicit_probability__seed_000061__repr_ratio,explicit_probability__seed_000061,explicit_probability,1,ratio,1,"{'parameters': {'p_A': 1.0, 'p_not_A': 0.0}}","{'A': 1.0, 'not_A': 0.0}","{'A': 0.9579122720843811, 'not_A': 0.04208772791561884}","{'tv': 0.042087727915618864, 'mae_binary': 0.04208772791561888, 'rmse_binary': 0.04208772791561888, 'brier_regret': 0.0035427536821983265, 'kl': 0.04299907922908785}",A,A,True,100.89896433055401,mean,mean,1,"{'std_A': 0.0, 'std_not_A': 0.0}",,{},"{'repeat_aggregation': 'mean', 'n_repeats': 1}"
semif_qwen35_4b,Qwen/Qwen3.5-4B@851bf6e806efd8d0a36b00ddf55e13ccb7b8cd0a,frequency__seed_000042__repr_counts,frequency__seed_000042,frequency,2,counts,"(0.70,0.90]","{'parameters': {'counts': {'nif': 10, 'zor': 40}, 'reduced_counts': {'nif': 1, 'zor': 4}}}","{'nif': 0.2, 'zor': 0.8}","{'nif': 0.4073334000459302, 'zor': 0.5926665999540697}","{'tv': 0.2073334000459303, 'mae_binary': 0.2073334000459302, 'rmse_binary': 0.2073334000459302, 'brier_regret': 0.08597427754921153, 'kl': 0.09772084060165229}",zor,zor,True,104.77869072929025,mean,mean,1,"{'std_nif': 0.0, 'std_zor': 0.0}",,{},"{'repeat_aggregation': 'mean', 'n_repeats': 1}"
semif_qwen35_4b,Qwen/Qwen3.5-4B@851bf6e806efd8d0a36b00ddf55e13ccb7b8cd0a,frequency__seed_000042__repr_distractor,frequency__seed_000042,frequency,2,distractor,"(0.70,0.90]","{'parameters': {'counts': {'nif': 10, 'zor': 40}, 'reduced_counts': {'nif': 1, 'zor': 4}}}","{'nif': 0.2, 'zor': 0.8}","{'nif': 0.2689414213699951, 'zor': 0.7310585786300049}","{'tv': 0.06894142136999512, 'mae_binary': 0.06894142136999509, 'rmse_binary': 0.06894142136999509, 'brier_regret': 0.009505839161030441, 'kl': 0.012859263980034986}",zor,zor,True,118.40905481949449,mean,mean,1,"{'std_nif': 0.0, 'std_zor': 0.0}",,{},"{'repeat_aggregation': 'mean', 'n_repeats': 1}"
semif_qwen35_4b,Qwen/Qwen3.5-4B@851bf6e806efd8d0a36b00ddf55e13ccb7b8cd0a,frequency__seed_000042__repr_prose,frequency__seed_000042,frequency,2,prose,"(0.70,0.90]","{'parameters': {'counts': {'nif': 10, 'zor': 40}, 'reduced_counts': {'nif': 1, 'zor': 4}}}","{'nif': 0.2, 'zor': 0.8}","{'nif': 0.1480471980316895, 'zor': 0.8519528019683106}","{'tv': 0.05195280196831052, 'mae_binary': 0.05195280196831051, 'rmse_binary': 0.05195280196831051, 'brier_regret': 0.00539818726471698, 'kl': 0.009821726899899352}",zor,zor,True,112.02851170673966,mean,mean,1,"{'std_nif': 0.0, 'std_zor': 0.0}",,{},"{'repeat_aggregation': 'mean', 'n_repeats': 1}"
semif_qwen35_4b,Qwen/Qwen3.5-4B@851bf6e806efd8d0a36b00ddf55e13ccb7b8cd0a,frequency__seed_000042__repr_ratio,frequency__seed_000042,frequency,2,ratio,"(0.70,0.90]","{'parameters': {'counts': {'nif': 10, 'zor': 40}, 'reduced_counts': {'nif': 1, 'zor': 4}}}","{'nif': 0.2, 'zor': 0.8}","{'nif': 0.11920292202211755, 'zor': 0.8807970779778823}","{'tv': 0.08079707797788237, 'mae_binary': 0.08079707797788246, 'rmse_binary': 0.08079707797788246, 'brier_regret': 0.013056335619528008, 'kl': 0.026525587504784787}",zor,zor,True,102.57709072902799,mean,mean,1,"{'std_nif': 0.0, 'std_zor': 0.0}",,{},"{'repeat_aggregation': 'mean', 'n_repeats': 1}"
semif_qwen35_4b,Qwen/Qwen3.5-4B@851bf6e806efd8d0a36b00ddf55e13ccb7b8cd0a,frequency__seed_000042__repr_scaled_counts,frequency__seed_000042,frequency,2,scaled_counts,"(0.70,0.90]","{'parameters': {'counts': {'nif': 10, 'zor': 40}, 'reduced_counts': {'nif': 1, 'zor': 4}}}","{'nif': 0.2, 'zor': 0.8}","{'nif': 0.4073334000459302, 'zor': 0.5926665999540697}","{'tv': 0.2073334000459303, 'mae_binary': 0.2073334000459302, 'rmse_binary': 0.2073334000459302, 'brier_regret': 0.08597427754921153, 'kl': 0.09772084060165229}",zor,zor,True,104.53027486801147,mean,mean,1,"{'std_nif': 0.0, 'std_zor': 0.0}",,{},"{'repeat_aggregation': 'mean', 'n_repeats': 1}"
semif_qwen35_4b,Qwen/Qwen3.5-4B@851bf6e806efd8d0a36b00ddf55e13ccb7b8cd0a,frequency__seed_000042__repr_table,frequency__seed_000042,frequency,2,table,"(0.70,0.90]","{'parameters': {'counts': {'nif': 10, 'zor': 40}, 'reduced_counts': {'nif': 1, 'zor': 4}}}","{'nif': 0.2, 'zor': 0.8}","{'nif': 0.1645164628965632, 'zor': 0.8354835371034369}","{'tv': 0.03548353710343685, 'mae_binary': 0.035483537103436824, 'rmse_binary': 0.035483537103436824, 'brier_regret': 0.0025181628107419597, 'kl': 0.0043422118474711335}",zor,zor,True,115.51158409565687,mean,mean,1,"{'std_nif': 0.0, 'std_zor': 0.0}",,{},"{'repeat_aggregation': 'mean', 'n_repeats': 1}"
semif_qwen35_4b,Qwen/Qwen3.5-4B@851bf6e806efd8d0a36b00ddf55e13ccb7b8cd0a,frequency__seed_000046__repr_counts,frequency__seed_000046,frequency,2,counts,"(0.55,0.70]","{'parameters': {'counts': {'nif': 7, 'zor': 13}, 'reduced_counts': {'nif': 7, 'zor': 13}}}","{'nif': 0.35, 'zor': 0.65}","{'nif': 0.32082130082460697, 'zor': 0.679178699175393}","{'tv': 0.02917869917539298, 'mae_binary': 0.029178699175393008, 'rmse_binary': 0.029178699175393008, 'brier_regret': 0.0017027929711361579, 'kl': 0.0019243670802676117}",zor,zor,True,104.14264304563403,mean,mean,1,"{'std_nif': 0.0, 'std_zor': 0.0}",,{},"{'repeat_aggregation': 'mean', 'n_repeats': 1}"
semif_qwen35_4b,Qwen/Qwen3.5-4B@851bf6e806efd8d0a36b00ddf55e13ccb7b8cd0a,frequency__seed_000046__repr_distractor,frequency__seed_000046,frequency,2,distractor,"(0.55,0.70]","{'parameters': {'counts': {'nif': 7, 'zor': 13}, 'reduced_counts': {'nif': 7, 'zor': 13}}}","{'nif': 0.35, 'zor': 0.65}","{'nif': 0.32082130082460697, 'zor': 0.679178699175393}","{'tv': 0.02917869917539298, 'mae_binary': 0.029178699175393008, 'rmse_binary': 0.029178699175393008, 'brier_regret': 0.0017027929711361579, 'kl': 0.0019243670802676117}",zor,zor,True,116.52372730895877,mean,mean,1,"{'std_nif': 0.0, 'std_zor': 0.0}",,{},"{'repeat_aggregation': 'mean', 'n_repeats': 1}"
semif_qwen35_4b,Qwen/Qwen3.5-4B@851bf6e806efd8d0a36b00ddf55e13ccb7b8cd0a,frequency__seed_000046__repr_prose,frequency__seed_000046,frequency,2,prose,"(0.55,0.70]","{'parameters': {'counts': {'nif': 7, 'zor': 13}, 'reduced_counts': {'nif': 7, 'zor': 13}}}","{'nif': 0.35, 'zor': 0.65}","{'nif': 0.20181322226037882, 'zor': 0.7981867777396212}","{'tv': 0.1481867777396212, 'mae_binary': 0.14818677773962116, 'rmse_binary': 0.14818677773962116, 'brier_regret': 0.04391864219370377, 'kl': 0.05921601256701545}",zor,zor,True,115.75011210516095,mean,mean,1,"{'std_nif': 0.0, 'std_zor': 0.0}",,{},"{'repeat_aggregation': 'mean', 'n_repeats': 1}"
semif_qwen35_4b,Qwen/Qwen3.5-4B@851bf6e806efd8d0a36b00ddf55e13ccb7b8cd0a,frequency__seed_000046__repr_ratio,frequency__seed_000046,frequency,2,ratio,"(0.55,0.70]","{'parameters': {'counts': {'nif': 7, 'zor': 13}, 'reduced_counts': {'nif': 7, 'zor': 13}}}","{'nif': 0.35, 'zor': 0.65}","{'nif': 0.07585818002124356, 'zor': 0.9241418199787566}","{'tv': 0.2741418199787565, 'mae_binary': 0.2741418199787564, 'rmse_binary': 0.2741418199787564, 'brier_regret': 0.15030747492252983, 'kl': 0.306443095257917}",zor,zor,True,101.15003492683172,mean,mean,1,"{'std_nif': 0.0, 'std_zor': 0.0}",,{},"{'repeat_aggregation': 'mean', 'n_repeats': 1}"
semif_qwen35_4b,Qwen/Qwen3.5-4B@851bf6e806efd8d0a36b00ddf55e13ccb7b8cd0a,frequency__seed_000046__repr_scaled_counts,frequency__seed_000046,frequency,2,scaled_counts,"(0.55,0.70]","{'parameters': {'counts': {'nif': 7, 'zor': 13}, 'reduced_counts': {'nif': 7, 'zor': 13}}}","{'nif': 0.35, 'zor': 0.65}","{'nif': 0.37754066879814546, 'zor': 0.6224593312018546}","{'tv': 0.027540668798145457, 'mae_binary': 0.027540668798145485, 'rmse_binary': 0.027540668798145485, 'brier_regret': 0.0015169768756982853, 'kl': 0.0016303451454741345}",zor,zor,True,105.42445117607713,mean,mean,1,"{'std_nif': 0.0, 'std_zor': 0.0}",,{},"{'repeat_aggregation': 'mean', 'n_repeats': 1}"
semif_qwen35_4b,Qwen/Qwen3.5-4B@851bf6e806efd8d0a36b00ddf55e13ccb7b8cd0a,frequency__seed_000046__repr_table,frequency__seed_000046,frequency,2,table,"(0.55,0.70]","{'parameters': {'counts': {'nif': 7, 'zor': 13}, 'reduced_counts': {'nif': 7, 'zor': 13}}}","{'nif': 0.35, 'zor': 0.65}","{'nif': 0.18242552380635632, 'zor': 0.8175744761936437}","{'tv': 0.16757447619364363, 'mae_binary': 0.16757447619364366, 'rmse_binary': 0.16757447619364366, 'brier_regret': 0.05616241014314808, 'kl': 0.07896663894811998}",zor,zor,True,113.8694561086595,mean,mean,1,"{'std_nif': 0.0, 'std_zor': 0.0}",,{},"{'repeat_aggregation': 'mean', 'n_repeats': 1}"
semif_qwen35_4b,Qwen/Qwen3.5-4B@851bf6e806efd8d0a36b00ddf55e13ccb7b8cd0a,frequency__seed_000050__repr_counts,frequency__seed_000050,frequency,2,counts,"(0.10,0.30]","{'parameters': {'counts': {'nif': 71, 'zor': 29}, 'reduced_counts': {'nif': 71, 'zor': 29}}}","{'nif': 0.71, 'zor': 0.29}","{'nif': 0.4073334000459302, 'zor': 0.5926665999540697}","{'tv': 0.30266659995406975, 'mae_binary': 0.30266659995406975, 'rmse_binary': 0.30266659995406975, 'brier_regret': 0.18321414145551373, 'kl': 0.1872215815471601}",zor,nif,False,105.65118724480271,mean,mean,1,"{'std_nif': 0.0, 'std_zor': 0.0}",,{},"{'repeat_aggregation': 'mean', 'n_repeats': 1}"
semif_qwen35_4b,Qwen/Qwen3.5-4B@851bf6e806efd8d0a36b00ddf55e13ccb7b8cd0a,frequency__seed_000050__repr_distractor,frequency__seed_000050,frequency,2,distractor,"(0.10,0.30]","{'parameters': {'counts': {'nif': 71, 'zor': 29}, 'reduced_counts': {'nif': 71, 'zor': 29}}}","{'nif': 0.71, 'zor': 0.29}","{'nif': 0.29421497216298875, 'zor': 0.7057850278370112}","{'tv': 0.4157850278370112, 'mae_binary': 0.4157850278370112, 'rmse_binary': 0.4157850278370112, 'brier_regret': 0.34575437874684845, 'kl': 0.3675428984123758}",zor,nif,False,118.01611119881272,mean,mean,1,"{'std_nif': 0.0, 'std_zor': 0.0}",,{},"{'repeat_aggregation': 'mean', 'n_repeats': 1}"
semif_qwen35_4b,Qwen/Qwen3.5-4B@851bf6e806efd8d0a36b00ddf55e13ccb7b8cd0a,frequency__seed_000050__repr_prose,frequency__seed_000050,frequency,2,prose,"(0.10,0.30]","{'parameters': {'counts': {'nif': 71, 'zor': 29}, 'reduced_counts': {'nif': 71, 'zor': 29}}}","{'nif': 0.71, 'zor': 0.29}","{'nif': 0.20181322226037882, 'zor': 0.7981867777396212}","{'tv': 0.5081867777396212, 'mae_binary': 0.5081867777396212, 'rmse_binary': 0.5081867777396212, 'brier_regret': 0.5165076021387582, 'kl': 0.5995109690089679}",zor,nif,False,113.90833603218198,mean,mean,1,"{'std_nif': 0.0, 'std_zor': 0.0}",,{},"{'repeat_aggregation': 'mean', 'n_repeats': 1}"
semif_qwen35_4b,Qwen/Qwen3.5-4B@851bf6e806efd8d0a36b00ddf55e13ccb7b8cd0a,frequency__seed_000050__repr_ratio,frequency__seed_000050,frequency,2,ratio,"(0.10,0.30]","{'parameters': {'counts': {'nif': 71, 'zor': 29}, 'reduced_counts': {'nif': 71, 'zor': 29}}}","{'nif': 0.71, 'zor': 0.29}","{'nif': 0.20181322226037882, 'zor': 0.7981867777396212}","{'tv': 0.5081867777396212, 'mae_binary': 0.5081867777396212, 'rmse_binary': 0.5081867777396212, 'brier_regret': 0.5165076021387582, 'kl': 0.5995109690089679}",zor,nif,False,102.00680419802666,mean,mean,1,"{'std_nif': 0.0, 'std_zor': 0.0}",,{},"{'repeat_aggregation': 'mean', 'n_repeats': 1}"
semif_qwen35_4b,Qwen/Qwen3.5-4B@851bf6e806efd8d0a36b00ddf55e13ccb7b8cd0a,frequency__seed_000050__repr_scaled_counts,frequency__seed_000050,frequency,2,scaled_counts,"(0.10,0.30]","{'parameters': {'counts': {'nif': 71, 'zor': 29}, 'reduced_counts': {'nif': 71, 'zor': 29}}}","{'nif': 0.71, 'zor': 0.29}","{'nif': 0.4073334000459302, 'zor': 0.5926665999540697}","{'tv': 0.30266659995406975, 'mae_binary': 0.30266659995406975, 'rmse_binary': 0.30266659995406975, 'brier_regret': 0.18321414145551373, 'kl': 0.1872215815471601}",zor,nif,False,105.5903541855514,mean,mean,1,"{'std_nif': 0.0, 'std_zor': 0.0}",,{},"{'repeat_aggregation': 'mean', 'n_repeats': 1}"
semif_qwen35_4b,Qwen/Qwen3.5-4B@851bf6e806efd8d0a36b00ddf55e13ccb7b8cd0a,frequency__seed_000050__repr_table,frequency__seed_000050,frequency,2,table,"(0.10,0.30]","{'parameters': {'counts': {'nif': 71, 'zor': 29}, 'reduced_counts': {'nif': 71, 'zor': 29}}}","{'nif': 0.71, 'zor': 0.29}","{'nif': 0.37754066879814546, 'zor': 0.6224593312018546}","{'tv': 0.33245933120185456, 'mae_binary': 0.3324593312018545, 'rmse_binary': 0.3324593312018545, 'brier_regret': 0.22105841380636887, 'kl': 0.22692530158742663}",zor,nif,False,115.28734397143126,mean,mean,1,"{'std_nif': 0.0, 'std_zor': 0.0}",,{},"{'repeat_aggregation': 'mean', 'n_repeats': 1}"
semif_qwen35_4b,Qwen/Qwen3.5-4B@851bf6e806efd8d0a36b00ddf55e13ccb7b8cd0a,frequency__seed_000054__repr_counts,frequency__seed_000054,frequency,2,counts,"(0.10,0.30]","{'parameters': {'counts': {'nif': 16, 'zor': 4}, 'reduced_counts': {'nif': 4, 'zor': 1}}}","{'nif': 0.8, 'zor': 0.2}","{'nif': 0.37754066879814546, 'zor': 0.6224593312018546}","{'tv': 0.4224593312018546, 'mae_binary': 0.4224593312018546, 'rmse_binary': 0.4224593312018546, 'brier_regret': 0.3569437730390365, 'kl': 0.37367456064191873}",zor,nif,False,105.9990581125021,mean,mean,1,"{'std_nif': 0.0, 'std_zor': 0.0}",,{},"{'repeat_aggregation': 'mean', 'n_repeats': 1}"
semif_qwen35_4b,Qwen/Qwen3.5-4B@851bf6e806efd8d0a36b00ddf55e13ccb7b8cd0a,frequency__seed_000054__repr_distractor,frequency__seed_000054,frequency,2,distractor,"(0.10,0.30]","{'parameters': {'counts': {'nif': 16, 'zor': 4}, 'reduced_counts': {'nif': 4, 'zor': 1}}}","{'nif': 0.8, 'zor': 0.2}","{'nif': 0.29421497216298875, 'zor': 0.7057850278370112}","{'tv': 0.5057850278370113, 'mae_binary': 0.5057850278370113, 'rmse_binary': 0.5057850278370113, 'brier_regret': 0.5116369887681725, 'kl': 0.5480421574668679}",zor,nif,False,120.48087920993567,mean,mean,1,"{'std_nif': 0.0, 'std_zor': 0.0}",,{},"{'repeat_aggregation': 'mean', 'n_repeats': 1}"
semif_qwen35_4b,Qwen/Qwen3.5-4B@851bf6e806efd8d0a36b00ddf55e13ccb7b8cd0a,frequency__seed_000054__repr_prose,frequency__seed_000054,frequency,2,prose,"(0.10,0.30]","{'parameters': {'counts': {'nif': 16, 'zor': 4}, 'reduced_counts': {'nif': 4, 'zor': 1}}}","{'nif': 0.8, 'zor': 0.2}","{'nif': 0.34864513533394575, 'zor': 0.6513548646660542}","{'tv': 0.45135486466605423, 'mae_binary': 0.4513548646660543, 'rmse_binary': 0.4513548646660543, 'brier_regret': 0.40744242771542427, 'kl': 0.42829825473833094}",zor,nif,False,112.59723175317049,mean,mean,1,"{'std_nif': 0.0, 'std_zor': 0.0}",,{},"{'repeat_aggregation': 'mean', 'n_repeats': 1}"
semif_qwen35_4b,Qwen/Qwen3.5-4B@851bf6e806efd8d0a36b00ddf55e13ccb7b8cd0a,frequency__seed_000054__repr_ratio,frequency__seed_000054,frequency,2,ratio,"(0.10,0.30]","{'parameters': {'counts': {'nif': 16, 'zor': 4}, 'reduced_counts': {'nif': 4, 'zor': 1}}}","{'nif': 0.8, 'zor': 0.2}","{'nif': 0.24508501313237172, 'zor': 0.7549149868676283}","{'tv': 0.5549149868676282, 'mae_binary': 0.5549149868676283, 'rmse_binary': 0.5549149868676283, 'brier_regret': 0.6158612853006, 'kl': 0.6807477127101269}",zor,nif,False,102.48112259432673,mean,mean,1,"{'std_nif': 0.0, 'std_zor': 0.0}",,{},"{'repeat_aggregation': 'mean', 'n_repeats': 1}"
semif_qwen35_4b,Qwen/Qwen3.5-4B@851bf6e806efd8d0a36b00ddf55e13ccb7b8cd0a,frequency__seed_000054__repr_scaled_counts,frequency__seed_000054,frequency,2,scaled_counts,"(0.10,0.30]","{'parameters': {'counts': {'nif': 16, 'zor': 4}, 'reduced_counts': {'nif': 4, 'zor': 1}}}","{'nif': 0.8, 'zor': 0.2}","{'nif': 0.4073334000459302, 'zor': 0.5926665999540697}","{'tv': 0.3926665999540697, 'mae_binary': 0.39266659995406983, 'rmse_binary': 0.39266659995406983, 'brier_regret': 0.3083741174389789, 'kl': 0.3227208406016523}",zor,nif,False,104.58600288257003,mean,mean,1,"{'std_nif': 0.0, 'std_zor': 0.0}",,{},"{'repeat_aggregation': 'mean', 'n_repeats': 1}"
semif_qwen35_4b,Qwen/Qwen3.5-4B@851bf6e806efd8d0a36b00ddf55e13ccb7b8cd0a,frequency__seed_000054__repr_table,frequency__seed_000054,frequency,2,table,"(0.10,0.30]","{'parameters': {'counts': {'nif': 16, 'zor': 4}, 'reduced_counts': {'nif': 4, 'zor': 1}}}","{'nif': 0.8, 'zor': 0.2}","{'nif': 0.46879062662624377, 'zor': 0.5312093733737563}","{'tv': 0.3312093733737563, 'mae_binary': 0.3312093733737563, 'rmse_binary': 0.3312093733737563, 'brier_regret': 0.2193992980212726, 'kl': 0.23219661177898115}",zor,nif,False,114.58024010062218,mean,mean,1,"{'std_nif': 0.0, 'std_zor': 0.0}",,{},"{'repeat_aggregation': 'mean', 'n_repeats': 1}"
semif_qwen35_4b,Qwen/Qwen3.5-4B@851bf6e806efd8d0a36b00ddf55e13ccb7b8cd0a,frequency__seed_000058__repr_counts,frequency__seed_000058,frequency,2,counts,"(0.10,0.30]","{'parameters': {'counts': {'nif': 44, 'zor': 6}, 'reduced_counts': {'nif': 22, 'zor': 3}}}","{'nif': 0.88, 'zor': 0.12}","{'nif': 0.4378234991142019, 'zor': 0.5621765008857981}","{'tv': 0.4421765008857981, 'mae_binary': 0.44217650088579813, 'rmse_binary': 0.44217650088579813, 'brier_regret': 0.3910401158712164, 'kl': 0.429014428606134}",zor,nif,False,103.50336320698261,mean,mean,1,"{'std_nif': 0.0, 'std_zor': 0.0}",,{},"{'repeat_aggregation': 'mean', 'n_repeats': 1}"
semif_qwen35_4b,Qwen/Qwen3.5-4B@851bf6e806efd8d0a36b00ddf55e13ccb7b8cd0a,frequency__seed_000058__repr_distractor,frequency__seed_000058,frequency,2,distractor,"(0.10,0.30]","{'parameters': {'counts': {'nif': 44, 'zor': 6}, 'reduced_counts': {'nif': 22, 'zor': 3}}}","{'nif': 0.88, 'zor': 0.12}","{'nif': 0.2689414213699951, 'zor': 0.7310585786300049}","{'tv': 0.6110585786300049, 'mae_binary': 0.6110585786300049, 'rmse_binary': 0.6110585786300049, 'brier_regret': 0.7467851730346438, 'kl': 0.8263366962455132}",zor,nif,False,117.86817479878664,mean,mean,1,"{'std_nif': 0.0, 'std_zor': 0.0}",,{},"{'repeat_aggregation': 'mean', 'n_repeats': 1}"
semif_qwen35_4b,Qwen/Qwen3.5-4B@851bf6e806efd8d0a36b00ddf55e13ccb7b8cd0a,frequency__seed_000058__repr_prose,frequency__seed_000058,frequency,2,prose,"(0.10,0.30]","{'parameters': {'counts': {'nif': 44, 'zor': 6}, 'reduced_counts': {'nif': 22, 'zor': 3}}}","{'nif': 0.88, 'zor': 0.12}","{'nif': 0.32082130082460697, 'zor': 0.679178699175393}","{'tv': 0.5591786991753931, 'mae_binary': 0.5591786991753931, 'rmse_binary': 0.5591786991753931, 'brier_regret': 0.6253616352229694, 'kl': 0.6799460148421906}",zor,nif,False,115.12659210711718,mean,mean,1,"{'std_nif': 0.0, 'std_zor': 0.0}",,{},"{'repeat_aggregation': 'mean', 'n_repeats': 1}"
semif_qwen35_4b,Qwen/Qwen3.5-4B@851bf6e806efd8d0a36b00ddf55e13ccb7b8cd0a,frequency__seed_000058__repr_ratio,frequency__seed_000058,frequency,2,ratio,"(0.10,0.30]","{'parameters': {'counts': {'nif': 44, 'zor': 6}, 'reduced_counts': {'nif': 22, 'zor': 3}}}","{'nif': 0.88, 'zor': 0.12}","{'nif': 0.22270013882530884, 'zor': 0.7772998611746911}","{'tv': 0.6572998611746912, 'mae_binary': 0.6572998611746912, 'rmse_binary': 0.6572998611746912, 'brier_regret': 0.8640862150005364, 'kl': 0.9850040900726633}",zor,nif,False,104.01029139757156,mean,mean,1,"{'std_nif': 0.0, 'std_zor': 0.0}",,{},"{'repeat_aggregation': 'mean', 'n_repeats': 1}"
semif_qwen35_4b,Qwen/Qwen3.5-4B@851bf6e806efd8d0a36b00ddf55e13ccb7b8cd0a,frequency__seed_000058__repr_scaled_counts,frequency__seed_000058,frequency,2,scaled_counts,"(0.10,0.30]","{'parameters': {'counts': {'nif': 44, 'zor': 6}, 'reduced_counts': {'nif': 22, 'zor': 3}}}","{'nif': 0.88, 'zor': 0.12}","{'nif': 0.4378234991142019, 'zor': 0.5621765008857981}","{'tv': 0.4421765008857981, 'mae_binary': 0.44217650088579813, 'rmse_binary': 0.44217650088579813, 'brier_regret': 0.3910401158712164, 'kl': 0.429014428606134}",zor,nif,False,102.930115070194,mean,mean,1,"{'std_nif': 0.0, 'std_zor': 0.0}",,{},"{'repeat_aggregation': 'mean', 'n_repeats': 1}"
semif_qwen35_4b,Qwen/Qwen3.5-4B@851bf6e806efd8d0a36b00ddf55e13ccb7b8cd0a,frequency__seed_000058__repr_table,frequency__seed_000058,frequency,2,table,"(0.10,0.30]","{'parameters': {'counts': {'nif': 44, 'zor': 6}, 'reduced_counts': {'nif': 22, 'zor': 3}}}","{'nif': 0.88, 'zor': 0.12}","{'nif': 0.5, 'zor': 0.5}","{'tv': 0.38, 'mae_binary': 0.38, 'rmse_binary': 0.38, 'brier_regret': 0.2888, 'kl': 0.3262221892872357}",zor,nif,False,113.50056016817689,mean,mean,1,"{'std_nif': 0.0, 'std_zor': 0.0}",,{},"{'repeat_aggregation': 'mean', 'n_repeats': 1}"
semif_qwen35_4b,Qwen/Qwen3.5-4B@851bf6e806efd8d0a36b00ddf55e13ccb7b8cd0a,sequential_bayes__seed_000042__repr_direct,sequential_bayes__seed_000042,sequential_bayes,6,direct,"(0.70,0.90]","{'parameters': {'conditional_independence': 'Evidence items are conditionally independent given H or not_H.', 'evidence_sequence': [{'E_given_H': 0.445825, 'E_given_not_H': 0.083719}, {'E_given_H': 0.524281, 'E_given_not_H': 0.252322}, {'E_given_H': 0.578817, 'E_given_not_H': 0.410508}, {'E_given_H': 0.730384, 'E_given_not_H': 0.499973}, {'E_given_H': 0.989777, 'E_given_not_H': 0.565735}], 'observed_prefix_length': 5, 'posterior_trajectory': [0.07458, 0.3002905296462592, 0.4713830541128846, 0.5570006071483515, 0.6474876942325162, 0.7626689672812239], 'prior_H': 0.07458}, 'posterior_trajectory': [0.07458, 0.3002905296462592, 0.4713830541128846, 0.5570006071483515, 0.6474876942325162, 0.7626689672812239]}","{'H': 0.7626689672812239, 'not_H': 0.2373310327187761}","{'H': 0.9324533088603709, 'not_H': 0.0675466911396291}","{'tv': 0.169784341579147, 'mae_binary': 0.169784341579147, 'rmse_binary': 0.169784341579147, 'brier_regret': 0.05765344529092893, 'kl': 0.1449462730125937}",H,H,True,194.19823307543993,mean,mean,1,"{'std_H': 0.0, 'std_not_H': 0.0}",,{},"{'repeat_aggregation': 'mean', 'n_repeats': 1}"
semif_qwen35_4b,Qwen/Qwen3.5-4B@851bf6e806efd8d0a36b00ddf55e13ccb7b8cd0a,sequential_bayes__seed_000042__repr_prose,sequential_bayes__seed_000042,sequential_bayes,6,prose,"(0.70,0.90]","{'parameters': {'conditional_independence': 'Evidence items are conditionally independent given H or not_H.', 'evidence_sequence': [{'E_given_H': 0.445825, 'E_given_not_H': 0.083719}, {'E_given_H': 0.524281, 'E_given_not_H': 0.252322}, {'E_given_H': 0.578817, 'E_given_not_H': 0.410508}, {'E_given_H': 0.730384, 'E_given_not_H': 0.499973}, {'E_given_H': 0.989777, 'E_given_not_H': 0.565735}], 'observed_prefix_length': 5, 'posterior_trajectory': [0.07458, 0.3002905296462592, 0.4713830541128846, 0.5570006071483515, 0.6474876942325162, 0.7626689672812239], 'prior_H': 0.07458}, 'posterior_trajectory': [0.07458, 0.3002905296462592, 0.4713830541128846, 0.5570006071483515, 0.6474876942325162, 0.7626689672812239]}","{'H': 0.7626689672812239, 'not_H': 0.2373310327187761}","{'H': 0.9796676466573412, 'not_H': 0.020332353342658753}","{'tv': 0.2169986793761173, 'mae_binary': 0.21699867937611728, 'rmse_binary': 0.21699867937611728, 'brier_regret': 0.09417685370195791, 'kl': 0.39221576516718737}",H,H,True,210.16984479501843,mean,mean,1,"{'std_H': 0.0, 'std_not_H': 0.0}",,{},"{'repeat_aggregation': 'mean', 'n_repeats': 1}"
semif_qwen35_4b,Qwen/Qwen3.5-4B@851bf6e806efd8d0a36b00ddf55e13ccb7b8cd0a,sequential_bayes__seed_000042__repr_table,sequential_bayes__seed_000042,sequential_bayes,6,table,"(0.70,0.90]","{'parameters': {'conditional_independence': 'Evidence items are conditionally independent given H or not_H.', 'evidence_sequence': [{'E_given_H': 0.445825, 'E_given_not_H': 0.083719}, {'E_given_H': 0.524281, 'E_given_not_H': 0.252322}, {'E_given_H': 0.578817, 'E_given_not_H': 0.410508}, {'E_given_H': 0.730384, 'E_given_not_H': 0.499973}, {'E_given_H': 0.989777, 'E_given_not_H': 0.565735}], 'observed_prefix_length': 5, 'posterior_trajectory': [0.07458, 0.3002905296462592, 0.4713830541128846, 0.5570006071483515, 0.6474876942325162, 0.7626689672812239], 'prior_H': 0.07458}, 'posterior_trajectory': [0.07458, 0.3002905296462592, 0.4713830541128846, 0.5570006071483515, 0.6474876942325162, 0.7626689672812239]}","{'H': 0.7626689672812239, 'not_H': 0.2373310327187761}","{'H': 0.8807970779778823, 'not_H': 0.11920292202211755}","{'tv': 0.11812811069665848, 'mae_binary': 0.1181281106966584, 'rmse_binary': 0.1181281106966584, 'brier_regret': 0.027908501073523995, 'kl': 0.053606188961357965}",H,H,True,259.1666951775551,mean,mean,1,"{'std_H': 0.0, 'std_not_H': 0.0}",,{},"{'repeat_aggregation': 'mean', 'n_repeats': 1}"
semif_qwen35_4b,Qwen/Qwen3.5-4B@851bf6e806efd8d0a36b00ddf55e13ccb7b8cd0a,sequential_bayes__seed_000043__repr_direct,sequential_bayes__seed_000043,sequential_bayes,6,direct,"[0.01,0.10]","{'parameters': {'conditional_independence': 'Evidence items are conditionally independent given H or not_H.', 'evidence_sequence': [{'E_given_H': 0.476461, 'E_given_not_H': 0.180556}, {'E_given_H': 0.672021, 'E_given_not_H': 0.311353}, {'E_given_H': 0.713418, 'E_given_not_H': 0.48903}, {'E_given_H': 0.936492, 'E_given_not_H': 0.572474}, {'E_given_H': 0.01825, 'E_given_not_H': 0.740022}], 'observed_prefix_length': 5, 'posterior_trajectory': [0.200973, 0.3989410696285355, 0.5889152773068229, 0.6763672181802326, 0.7736960916675097, 0.077757405790055], 'prior_H': 0.200973}, 'posterior_trajectory': [0.200973, 0.3989410696285355, 0.5889152773068229, 0.6763672181802326, 0.7736960916675097, 0.077757405790055]}","{'H': 0.077757405790055, 'not_H': 0.922242594209945}","{'H': 0.7057850278370112, 'not_H': 0.29421497216298875}","{'tv': 0.6280276220469563, 'mae_binary': 0.6280276220469563, 'rmse_binary': 0.6280276220469563, 'brier_regret': 0.7888373881079092, 'kl': 0.8821491341273706}",H,not_H,False,188.5423776693642,mean,mean,1,"{'std_H': 0.0, 'std_not_H': 0.0}",,{},"{'repeat_aggregation': 'mean', 'n_repeats': 1}"
semif_qwen35_4b,Qwen/Qwen3.5-4B@851bf6e806efd8d0a36b00ddf55e13ccb7b8cd0a,sequential_bayes__seed_000043__repr_prose,sequential_bayes__seed_000043,sequential_bayes,6,prose,"[0.01,0.10]","{'parameters': {'conditional_independence': 'Evidence items are conditionally independent given H or not_H.', 'evidence_sequence': [{'E_given_H': 0.476461, 'E_given_not_H': 0.180556}, {'E_given_H': 0.672021, 'E_given_not_H': 0.311353}, {'E_given_H': 0.713418, 'E_given_not_H': 0.48903}, {'E_given_H': 0.936492, 'E_given_not_H': 0.572474}, {'E_given_H': 0.01825, 'E_given_not_H': 0.740022}], 'observed_prefix_length': 5, 'posterior_trajectory': [0.200973, 0.3989410696285355, 0.5889152773068229, 0.6763672181802326, 0.7736960916675097, 0.077757405790055], 'prior_H': 0.200973}, 'posterior_trajectory': [0.200973, 0.3989410696285355, 0.5889152773068229, 0.6763672181802326, 0.7736960916675097, 0.077757405790055]}","{'H': 0.077757405790055, 'not_H': 0.922242594209945}","{'H': 0.9046505351008906, 'not_H': 0.0953494648991095}","{'tv': 0.8268931293108355, 'mae_binary': 0.8268931293108356, 'rmse_binary': 0.8268931293108356, 'brier_regret': 1.3675044946029322, 'kl': 1.9019946790777364}",H,not_H,False,211.16802003234625,mean,mean,1,"{'std_H': 0.0, 'std_not_H': 0.0}",,{},"{'repeat_aggregation': 'mean', 'n_repeats': 1}"
semif_qwen35_4b,Qwen/Qwen3.5-4B@851bf6e806efd8d0a36b00ddf55e13ccb7b8cd0a,sequential_bayes__seed_000043__repr_table,sequential_bayes__seed_000043,sequential_bayes,6,table,"[0.01,0.10]","{'parameters': {'conditional_independence': 'Evidence items are conditionally independent given H or not_H.', 'evidence_sequence': [{'E_given_H': 0.476461, 'E_given_not_H': 0.180556}, {'E_given_H': 0.672021, 'E_given_not_H': 0.311353}, {'E_given_H': 0.713418, 'E_given_not_H': 0.48903}, {'E_given_H': 0.936492, 'E_given_not_H': 0.572474}, {'E_given_H': 0.01825, 'E_given_not_H': 0.740022}], 'observed_prefix_length': 5, 'posterior_trajectory': [0.200973, 0.3989410696285355, 0.5889152773068229, 0.6763672181802326, 0.7736960916675097, 0.077757405790055], 'prior_H': 0.200973}, 'posterior_trajectory': [0.200973, 0.3989410696285355, 0.5889152773068229, 0.6763672181802326, 0.7736960916675097, 0.077757405790055]}","{'H': 0.077757405790055, 'not_H': 0.922242594209945}","{'H': 0.5926665999540697, 'not_H': 0.4073334000459302}","{'tv': 0.5149091941640147, 'mae_binary': 0.5149091941640147, 'rmse_binary': 0.5149091941640147, 'brier_regret': 0.5302629564692701, 'kl': 0.5957065201571826}",H,not_H,False,260.5265029706061,mean,mean,1,"{'std_H': 0.0, 'std_not_H': 0.0}",,{},"{'repeat_aggregation': 'mean', 'n_repeats': 1}"
semif_qwen35_4b,Qwen/Qwen3.5-4B@851bf6e806efd8d0a36b00ddf55e13ccb7b8cd0a,sequential_bayes__seed_000044__repr_direct,sequential_bayes__seed_000044,sequential_bayes,6,direct,"(0.10,0.30]","{'parameters': {'conditional_independence': 'Evidence items are conditionally independent given H or not_H.', 'evidence_sequence': [{'E_given_H': 0.590045, 'E_given_not_H': 0.386229}, {'E_given_H': 0.856858, 'E_given_not_H': 0.497218}, {'E_given_H': 0.961472, 'E_given_not_H': 0.652775}, {'E_given_H': 0.038642, 'E_given_not_H': 0.745681}], 'observed_prefix_length': 4, 'posterior_trajectory': [0.387226, 0.4911960750040619, 0.6245777218432159, 0.7101797586719204, 0.11267528685894272], 'prior_H': 0.387226}, 'posterior_trajectory': [0.387226, 0.4911960750040619, 0.6245777218432159, 0.7101797586719204, 0.11267528685894272]}","{'H': 0.11267528685894272, 'not_H': 0.8873247131410573}","{'H': 0.7549149868676283, 'not_H': 0.24508501313237172}","{'tv': 0.6422397000086856, 'mae_binary': 0.6422397000086856, 'rmse_binary': 0.6422397000086856, 'brier_regret': 0.8249436645344929, 'kl': 0.9273180663089472}",H,not_H,False,174.54350274056196,mean,mean,1,"{'std_H': 0.0, 'std_not_H': 0.0}",,{},"{'repeat_aggregation': 'mean', 'n_repeats': 1}"
semif_qwen35_4b,Qwen/Qwen3.5-4B@851bf6e806efd8d0a36b00ddf55e13ccb7b8cd0a,sequential_bayes__seed_000044__repr_prose,sequential_bayes__seed_000044,sequential_bayes,6,prose,"(0.10,0.30]","{'parameters': {'conditional_independence': 'Evidence items are conditionally independent given H or not_H.', 'evidence_sequence': [{'E_given_H': 0.590045, 'E_given_not_H': 0.386229}, {'E_given_H': 0.856858, 'E_given_not_H': 0.497218}, {'E_given_H': 0.961472, 'E_given_not_H': 0.652775}, {'E_given_H': 0.038642, 'E_given_not_H': 0.745681}], 'observed_prefix_length': 4, 'posterior_trajectory': [0.387226, 0.4911960750040619, 0.6245777218432159, 0.7101797586719204, 0.11267528685894272], 'prior_H': 0.387226}, 'posterior_trajectory': [0.387226, 0.4911960750040619, 0.6245777218432159, 0.7101797586719204, 0.11267528685894272]}","{'H': 0.11267528685894272, 'not_H': 0.8873247131410573}","{'H': 0.9626731126558706, 'not_H': 0.037326887344129464}","{'tv': 0.8499978257969278, 'mae_binary': 0.849997825796928, 'rmse_binary': 0.849997825796928, 'brier_regret': 1.4449926077190092, 'kl': 2.569774317173162}",H,not_H,False,189.9755303747952,mean,mean,1,"{'std_H': 0.0, 'std_not_H': 0.0}",,{},"{'repeat_aggregation': 'mean', 'n_repeats': 1}"
semif_qwen35_4b,Qwen/Qwen3.5-4B@851bf6e806efd8d0a36b00ddf55e13ccb7b8cd0a,sequential_bayes__seed_000044__repr_table,sequential_bayes__seed_000044,sequential_bayes,6,table,"(0.10,0.30]","{'parameters': {'conditional_independence': 'Evidence items are conditionally independent given H or not_H.', 'evidence_sequence': [{'E_given_H': 0.590045, 'E_given_not_H': 0.386229}, {'E_given_H': 0.856858, 'E_given_not_H': 0.497218}, {'E_given_H': 0.961472, 'E_given_not_H': 0.652775}, {'E_given_H': 0.038642, 'E_given_not_H': 0.745681}], 'observed_prefix_length': 4, 'posterior_trajectory': [0.387226, 0.4911960750040619, 0.6245777218432159, 0.7101797586719204, 0.11267528685894272], 'prior_H': 0.387226}, 'posterior_trajectory': [0.387226, 0.4911960750040619, 0.6245777218432159, 0.7101797586719204, 0.11267528685894272]}","{'H': 0.11267528685894272, 'not_H': 0.8873247131410573}","{'H': 0.6224593312018546, 'not_H': 0.37754066879814546}","{'tv': 0.5097840443429118, 'mae_binary': 0.5097840443429119, 'rmse_binary': 0.5097840443429119, 'brier_regret': 0.5197595437332319, 'kl': 0.5656669685275781}",H,not_H,False,233.54187002405524,mean,mean,1,"{'std_H': 0.0, 'std_not_H': 0.0}",,{},"{'repeat_aggregation': 'mean', 'n_repeats': 1}"
semif_qwen35_4b,Qwen/Qwen3.5-4B@851bf6e806efd8d0a36b00ddf55e13ccb7b8cd0a,sequential_bayes__seed_000045__repr_direct,sequential_bayes__seed_000045,sequential_bayes,6,direct,"(0.30,0.45]","{'parameters': {'conditional_independence': 'Evidence items are conditionally independent given H or not_H.', 'evidence_sequence': [{'E_given_H': 0.822143, 'E_given_not_H': 0.542897}, {'E_given_H': 0.936169, 'E_given_not_H': 0.667027}, {'E_given_H': 0.053243, 'E_given_not_H': 0.834742}, {'E_given_H': 0.152645, 'E_given_not_H': 0.939538}, {'E_given_H': 0.44549, 'E_given_not_H': 0.030503}, {'E_given_H': 0.533199, 'E_given_not_H': 0.293377}], 'observed_prefix_length': 6, 'posterior_trajectory': [0.480479, 0.5834302567775527, 0.6628088173304468, 0.11140990136733081, 0.01996332519820646, 0.22928667888620186, 0.3509406267523842], 'prior_H': 0.480479}, 'posterior_trajectory': [0.480479, 0.5834302567775527, 0.6628088173304468, 0.11140990136733081, 0.01996332519820646, 0.22928667888620186, 0.3509406267523842]}","{'H': 0.3509406267523842, 'not_H': 0.6490593732476158}","{'H': 0.7549149868676283, 'not_H': 0.24508501313237172}","{'tv': 0.403974360115244, 'mae_binary': 0.40397436011524407, 'rmse_binary': 0.40397436011524407, 'brier_regret': 0.32639056726104176, 'kl': 0.3633149510433429}",H,not_H,False,211.97181195020676,mean,mean,1,"{'std_H': 0.0, 'std_not_H': 0.0}",,{},"{'repeat_aggregation': 'mean', 'n_repeats': 1}"
semif_qwen35_4b,Qwen/Qwen3.5-4B@851bf6e806efd8d0a36b00ddf55e13ccb7b8cd0a,sequential_bayes__seed_000045__repr_prose,sequential_bayes__seed_000045,sequential_bayes,6,prose,"(0.30,0.45]","{'parameters': {'conditional_independence': 'Evidence items are conditionally independent given H or not_H.', 'evidence_sequence': [{'E_given_H': 0.822143, 'E_given_not_H': 0.542897}, {'E_given_H': 0.936169, 'E_given_not_H': 0.667027}, {'E_given_H': 0.053243, 'E_given_not_H': 0.834742}, {'E_given_H': 0.152645, 'E_given_not_H': 0.939538}, {'E_given_H': 0.44549, 'E_given_not_H': 0.030503}, {'E_given_H': 0.533199, 'E_given_not_H': 0.293377}], 'observed_prefix_length': 6, 'posterior_trajectory': [0.480479, 0.5834302567775527, 0.6628088173304468, 0.11140990136733081, 0.01996332519820646, 0.22928667888620186, 0.3509406267523842], 'prior_H': 0.480479}, 'posterior_trajectory': [0.480479, 0.5834302567775527, 0.6628088173304468, 0.11140990136733081, 0.01996332519820646, 0.22928667888620186, 0.3509406267523842]}","{'H': 0.3509406267523842, 'not_H': 0.6490593732476158}","{'H': 0.9796676466573412, 'not_H': 0.020332353342658753}","{'tv': 0.628727019904957, 'mae_binary': 0.628727019904957, 'rmse_binary': 0.628727019904957, 'brier_regret': 0.7905953311171365, 'kl': 1.8876199921270684}",H,not_H,False,219.43953819572926,mean,mean,1,"{'std_H': 0.0, 'std_not_H': 0.0}",,{},"{'repeat_aggregation': 'mean', 'n_repeats': 1}"
semif_qwen35_4b,Qwen/Qwen3.5-4B@851bf6e806efd8d0a36b00ddf55e13ccb7b8cd0a,sequential_bayes__seed_000045__repr_table,sequential_bayes__seed_000045,sequential_bayes,6,table,"(0.30,0.45]","{'parameters': {'conditional_independence': 'Evidence items are conditionally independent given H or not_H.', 'evidence_sequence': [{'E_given_H': 0.822143, 'E_given_not_H': 0.542897}, {'E_given_H': 0.936169, 'E_given_not_H': 0.667027}, {'E_given_H': 0.053243, 'E_given_not_H': 0.834742}, {'E_given_H': 0.152645, 'E_given_not_H': 0.939538}, {'E_given_H': 0.44549, 'E_given_not_H': 0.030503}, {'E_given_H': 0.533199, 'E_given_not_H': 0.293377}], 'observed_prefix_length': 6, 'posterior_trajectory': [0.480479, 0.5834302567775527, 0.6628088173304468, 0.11140990136733081, 0.01996332519820646, 0.22928667888620186, 0.3509406267523842], 'prior_H': 0.480479}, 'posterior_trajectory': [0.480479, 0.5834302567775527, 0.6628088173304468, 0.11140990136733081, 0.01996332519820646, 0.22928667888620186, 0.3509406267523842]}","{'H': 0.3509406267523842, 'not_H': 0.6490593732476158}","{'H': 0.6513548646660542, 'not_H': 0.34864513533394575}","{'tv': 0.30041423791367, 'mae_binary': 0.30041423791367, 'rmse_binary': 0.30041423791367, 'brier_regret': 0.18049742868250224, 'kl': 0.186335806447739}",H,not_H,False,278.5858898423612,mean,mean,1,"{'std_H': 0.0, 'std_not_H': 0.0}",,{},"{'repeat_aggregation': 'mean', 'n_repeats': 1}"
semif_qwen35_4b,Qwen/Qwen3.5-4B@851bf6e806efd8d0a36b00ddf55e13ccb7b8cd0a,sequential_bayes__seed_000046__repr_direct,sequential_bayes__seed_000046,sequential_bayes,6,direct,"(0.10,0.30]","{'parameters': {'conditional_independence': 'Evidence items are conditionally independent given H or not_H.', 'evidence_sequence': [{'E_given_H': 0.937407, 'E_given_not_H': 0.652731}, {'E_given_H': 0.011657, 'E_given_not_H': 0.818627}, {'E_given_H': 0.135231, 'E_given_not_H': 0.970667}, {'E_given_H': 0.378969, 'E_given_not_H': 0.026991}, {'E_given_H': 0.512249, 'E_given_not_H': 0.239057}, {'E_given_H': 0.612355, 'E_given_not_H': 0.332607}], 'observed_prefix_length': 6, 'posterior_trajectory': [0.64222, 0.7205044267684261, 0.035408370477487204, 0.00508807008357708, 0.0669942424371729, 0.13334561791105332, 0.2207423923319519], 'prior_H': 0.64222}, 'posterior_trajectory': [0.64222, 0.7205044267684261, 0.035408370477487204, 0.00508807008357708, 0.0669942424371729, 0.13334561791105332, 0.2207423923319519]}","{'H': 0.2207423923319519, 'not_H': 0.7792576076680481}","{'H': 0.5926665999540697, 'not_H': 0.4073334000459302}","{'tv': 0.3719242076221178, 'mae_binary': 0.37192420762211775, 'rmse_binary': 0.37192420762211775, 'brier_regret': 0.27665523243068035, 'kl': 0.28749888918349936}",H,not_H,False,209.04773334041238,mean,mean,1,"{'std_H': 0.0, 'std_not_H': 0.0}",,{},"{'repeat_aggregation': 'mean', 'n_repeats': 1}"
semif_qwen35_4b,Qwen/Qwen3.5-4B@851bf6e806efd8d0a36b00ddf55e13ccb7b8cd0a,sequential_bayes__seed_000046__repr_prose,sequential_bayes__seed_000046,sequential_bayes,6,prose,"(0.10,0.30]","{'parameters': {'conditional_independence': 'Evidence items are conditionally independent given H or not_H.', 'evidence_sequence': [{'E_given_H': 0.937407, 'E_given_not_H': 0.652731}, {'E_given_H': 0.011657, 'E_given_not_H': 0.818627}, {'E_given_H': 0.135231, 'E_given_not_H': 0.970667}, {'E_given_H': 0.378969, 'E_given_not_H': 0.026991}, {'E_given_H': 0.512249, 'E_given_not_H': 0.239057}, {'E_given_H': 0.612355, 'E_given_not_H': 0.332607}], 'observed_prefix_length': 6, 'posterior_trajectory': [0.64222, 0.7205044267684261, 0.035408370477487204, 0.00508807008357708, 0.0669942424371729, 0.13334561791105332, 0.2207423923319519], 'prior_H': 0.64222}, 'posterior_trajectory': [0.64222, 0.7205044267684261, 0.035408370477487204, 0.00508807008357708, 0.0669942424371729, 0.13334561791105332, 0.2207423923319519]}","{'H': 0.2207423923319519, 'not_H': 0.7792576076680481}","{'H': 0.9669140216112958, 'not_H': 0.033085978388704126}","{'tv': 0.7461716292793439, 'mae_binary': 0.7461716292793439, 'rmse_binary': 0.7461716292793439, 'brier_regret': 1.1135442006827814, 'kl': 2.1357941480308424}",H,not_H,False,216.6342749260366,mean,mean,1,"{'std_H': 0.0, 'std_not_H': 0.0}",,{},"{'repeat_aggregation': 'mean', 'n_repeats': 1}"
semif_qwen35_4b,Qwen/Qwen3.5-4B@851bf6e806efd8d0a36b00ddf55e13ccb7b8cd0a,sequential_bayes__seed_000046__repr_table,sequential_bayes__seed_000046,sequential_bayes,6,table,"(0.10,0.30]","{'parameters': {'conditional_independence': 'Evidence items are conditionally independent given H or not_H.', 'evidence_sequence': [{'E_given_H': 0.937407, 'E_given_not_H': 0.652731}, {'E_given_H': 0.011657, 'E_given_not_H': 0.818627}, {'E_given_H': 0.135231, 'E_given_not_H': 0.970667}, {'E_given_H': 0.378969, 'E_given_not_H': 0.026991}, {'E_given_H': 0.512249, 'E_given_not_H': 0.239057}, {'E_given_H': 0.612355, 'E_given_not_H': 0.332607}], 'observed_prefix_length': 6, 'posterior_trajectory': [0.64222, 0.7205044267684261, 0.035408370477487204, 0.00508807008357708, 0.0669942424371729, 0.13334561791105332, 0.2207423923319519], 'prior_H': 0.64222}, 'posterior_trajectory': [0.64222, 0.7205044267684261, 0.035408370477487204, 0.00508807008357708, 0.0669942424371729, 0.13334561791105332, 0.2207423923319519]}","{'H': 0.2207423923319519, 'not_H': 0.7792576076680481}","{'H': 0.5621765008857981, 'not_H': 0.4378234991142019}","{'tv': 0.34143410855384615, 'mae_binary': 0.34143410855384615, 'rmse_binary': 0.34143410855384615, 'brier_regret': 0.23315450096791923, 'kl': 0.24290784396399684}",H,not_H,False,278.38734490796924,mean,mean,1,"{'std_H': 0.0, 'std_not_H': 0.0}",,{},"{'repeat_aggregation': 'mean', 'n_repeats': 1}"
semif_qwen35_4b,Qwen/Qwen3.5-4B@851bf6e806efd8d0a36b00ddf55e13ccb7b8cd0a,sequential_bayes__seed_000047__repr_direct,sequential_bayes__seed_000047,sequential_bayes,6,direct,"(0.70,0.90]","{'parameters': {'conditional_independence': 'Evidence items are conditionally independent given H or not_H.', 'evidence_sequence': [{'E_given_H': 0.052817, 'E_given_not_H': 0.710634}, {'E_given_H': 0.26792, 'E_given_not_H': 0.959866}, {'E_given_H': 0.439598, 'E_given_not_H': 0.013463}], 'observed_prefix_length': 3, 'posterior_trajectory': [0.84647, 0.29066723964730085, 0.10263801870994302, 0.7887928911656144], 'prior_H': 0.84647}, 'posterior_trajectory': [0.84647, 0.29066723964730085, 0.10263801870994302, 0.7887928911656144]}","{'H': 0.7887928911656144, 'not_H': 0.21120710883438565}","{'H': 0.7057850278370112, 'not_H': 0.29421497216298875}","{'tv': 0.0830078633286031, 'mae_binary': 0.0830078633286031, 'rmse_binary': 0.0830078633286031, 'brier_regret': 0.013780610748760105, 'kl': 0.017699186822908705}",H,H,True,154.7144358046353,mean,mean,1,"{'std_H': 0.0, 'std_not_H': 0.0}",,{},"{'repeat_aggregation': 'mean', 'n_repeats': 1}"
semif_qwen35_4b,Qwen/Qwen3.5-4B@851bf6e806efd8d0a36b00ddf55e13ccb7b8cd0a,sequential_bayes__seed_000047__repr_prose,sequential_bayes__seed_000047,sequential_bayes,6,prose,"(0.70,0.90]","{'parameters': {'conditional_independence': 'Evidence items are conditionally independent given H or not_H.', 'evidence_sequence': [{'E_given_H': 0.052817, 'E_given_not_H': 0.710634}, {'E_given_H': 0.26792, 'E_given_not_H': 0.959866}, {'E_given_H': 0.439598, 'E_given_not_H': 0.013463}], 'observed_prefix_length': 3, 'posterior_trajectory': [0.84647, 0.29066723964730085, 0.10263801870994302, 0.7887928911656144], 'prior_H': 0.84647}, 'posterior_trajectory': [0.84647, 0.29066723964730085, 0.10263801870994302, 0.7887928911656144]}","{'H': 0.7887928911656144, 'not_H': 0.21120710883438565}","{'H': 0.9820137900379085, 'not_H': 0.017986209962091555}","{'tv': 0.1932208988722941, 'mae_binary': 0.1932208988722941, 'rmse_binary': 0.1932208988722941, 'brier_regret': 0.07466863152203461, 'kl': 0.34742674884311786}",H,H,True,171.7049591243267,mean,mean,1,"{'std_H': 0.0, 'std_not_H': 0.0}",,{},"{'repeat_aggregation': 'mean', 'n_repeats': 1}"
semif_qwen35_4b,Qwen/Qwen3.5-4B@851bf6e806efd8d0a36b00ddf55e13ccb7b8cd0a,sequential_bayes__seed_000047__repr_table,sequential_bayes__seed_000047,sequential_bayes,6,table,"(0.70,0.90]","{'parameters': {'conditional_independence': 'Evidence items are conditionally independent given H or not_H.', 'evidence_sequence': [{'E_given_H': 0.052817, 'E_given_not_H': 0.710634}, {'E_given_H': 0.26792, 'E_given_not_H': 0.959866}, {'E_given_H': 0.439598, 'E_given_not_H': 0.013463}], 'observed_prefix_length': 3, 'posterior_trajectory': [0.84647, 0.29066723964730085, 0.10263801870994302, 0.7887928911656144], 'prior_H': 0.84647}, 'posterior_trajectory': [0.84647, 0.29066723964730085, 0.10263801870994302, 0.7887928911656144]}","{'H': 0.7887928911656144, 'not_H': 0.21120710883438565}","{'H': 0.5312093733737563, 'not_H': 0.46879062662624377}","{'tv': 0.25758351779185806, 'mae_binary': 0.25758351779185806, 'rmse_binary': 0.25758351779185806, 'brier_regret': 0.13269853727605696, 'kl': 0.14344830950923282}",H,H,True,187.88831494748592,mean,mean,1,"{'std_H': 0.0, 'std_not_H': 0.0}",,{},"{'repeat_aggregation': 'mean', 'n_repeats': 1}"
semif_qwen35_4b,Qwen/Qwen3.5-4B@851bf6e806efd8d0a36b00ddf55e13ccb7b8cd0a,sequential_bayes__seed_000048__repr_direct,sequential_bayes__seed_000048,sequential_bayes,6,direct,"(0.90,0.99]","{'parameters': {'conditional_independence': 'Evidence items are conditionally independent given H or not_H.', 'evidence_sequence': [{'E_given_H': 0.275859, 'E_given_not_H': 0.956606}, {'E_given_H': 0.380795, 'E_given_not_H': 0.089245}, {'E_given_H': 0.504762, 'E_given_not_H': 0.222895}], 'observed_prefix_length': 3, 'posterior_trajectory': [0.933733, 0.8025005524944498, 0.9454669778379197, 0.9751627237748509], 'prior_H': 0.933733}, 'posterior_trajectory': [0.933733, 0.8025005524944498, 0.9454669778379197, 0.9751627237748509]}","{'H': 0.9751627237748509, 'not_H': 0.024837276225149085}","{'H': 0.8519528019683106, 'not_H': 0.1480471980316895}","{'tv': 0.12320992180654038, 'mae_binary': 0.12320992180654033, 'rmse_binary': 0.12320992180654033, 'brier_regret': 0.030361369663147588, 'kl': 0.0873792275865537}",H,H,True,157.61750796809793,mean,mean,1,"{'std_H': 0.0, 'std_not_H': 0.0}",,{},"{'repeat_aggregation': 'mean', 'n_repeats': 1}"
semif_qwen35_4b,Qwen/Qwen3.5-4B@851bf6e806efd8d0a36b00ddf55e13ccb7b8cd0a,sequential_bayes__seed_000048__repr_prose,sequential_bayes__seed_000048,sequential_bayes,6,prose,"(0.90,0.99]","{'parameters': {'conditional_independence': 'Evidence items are conditionally independent given H or not_H.', 'evidence_sequence': [{'E_given_H': 0.275859, 'E_given_not_H': 0.956606}, {'E_given_H': 0.380795, 'E_given_not_H': 0.089245}, {'E_given_H': 0.504762, 'E_given_not_H': 0.222895}], 'observed_prefix_length': 3, 'posterior_trajectory': [0.933733, 0.8025005524944498, 0.9454669778379197, 0.9751627237748509], 'prior_H': 0.933733}, 'posterior_trajectory': [0.933733, 0.8025005524944498, 0.9454669778379197, 0.9751627237748509]}","{'H': 0.9751627237748509, 'not_H': 0.024837276225149085}","{'H': 0.9875683491468141, 'not_H': 0.012431650853185818}","{'tv': 0.012405625371963241, 'mae_binary': 0.012405625371963214, 'rmse_binary': 0.012405625371963214, 'brier_regret': 0.0003077990817389962, 'kl': 0.0048624975156562784}",H,H,True,172.1937907859683,mean,mean,1,"{'std_H': 0.0, 'std_not_H': 0.0}",,{},"{'repeat_aggregation': 'mean', 'n_repeats': 1}"
semif_qwen35_4b,Qwen/Qwen3.5-4B@851bf6e806efd8d0a36b00ddf55e13ccb7b8cd0a,sequential_bayes__seed_000048__repr_table,sequential_bayes__seed_000048,sequential_bayes,6,table,"(0.90,0.99]","{'parameters': {'conditional_independence': 'Evidence items are conditionally independent given H or not_H.', 'evidence_sequence': [{'E_given_H': 0.275859, 'E_given_not_H': 0.956606}, {'E_given_H': 0.380795, 'E_given_not_H': 0.089245}, {'E_given_H': 0.504762, 'E_given_not_H': 0.222895}], 'observed_prefix_length': 3, 'posterior_trajectory': [0.933733, 0.8025005524944498, 0.9454669778379197, 0.9751627237748509], 'prior_H': 0.933733}, 'posterior_trajectory': [0.933733, 0.8025005524944498, 0.9454669778379197, 0.9751627237748509]}","{'H': 0.9751627237748509, 'not_H': 0.024837276225149085}","{'H': 0.679178699175393, 'not_H': 0.32082130082460697}","{'tv': 0.29598402459945794, 'mae_binary': 0.29598402459945794, 'rmse_binary': 0.29598402459945794, 'brier_regret': 0.175213085636185, 'kl': 0.2891888070382175}",H,H,True,188.49762668833137,mean,mean,1,"{'std_H': 0.0, 'std_not_H': 0.0}",,{},"{'repeat_aggregation': 'mean', 'n_repeats': 1}"
semif_qwen35_4b,Qwen/Qwen3.5-4B@851bf6e806efd8d0a36b00ddf55e13ccb7b8cd0a,sequential_bayes__seed_000049__repr_direct,sequential_bayes__seed_000049,sequential_bayes,6,direct,"(0.70,0.90]","{'parameters': {'conditional_independence': 'Evidence items are conditionally independent given H or not_H.', 'evidence_sequence': [{'E_given_H': 0.346234, 'E_given_not_H': 0.024629}, {'E_given_H': 0.530049, 'E_given_not_H': 0.251686}, {'E_given_H': 0.619193, 'E_given_not_H': 0.323881}, {'E_given_H': 0.845869, 'E_given_not_H': 0.546818}, {'E_given_H': 0.912848, 'E_given_not_H': 0.658795}], 'observed_prefix_length': 5, 'posterior_trajectory': [0.031994, 0.3172367852341124, 0.49457209137119523, 0.6516564647592755, 0.7431826754290087, 0.8003900273948994], 'prior_H': 0.031994}, 'posterior_trajectory': [0.031994, 0.3172367852341124, 0.49457209137119523, 0.6516564647592755, 0.7431826754290087, 0.8003900273948994]}","{'H': 0.8003900273948994, 'not_H': 0.1996099726051006}","{'H': 0.9399133498259924, 'not_H': 0.06008665017400762}","{'tv': 0.139523322431093, 'mae_binary': 0.139523322431093, 'rmse_binary': 0.139523322431093, 'brier_regret': 0.03893351500442148, 'kl': 0.11103375851855493}",H,H,True,186.45164277404547,mean,mean,1,"{'std_H': 0.0, 'std_not_H': 0.0}",,{},"{'repeat_aggregation': 'mean', 'n_repeats': 1}"
semif_qwen35_4b,Qwen/Qwen3.5-4B@851bf6e806efd8d0a36b00ddf55e13ccb7b8cd0a,sequential_bayes__seed_000049__repr_prose,sequential_bayes__seed_000049,sequential_bayes,6,prose,"(0.70,0.90]","{'parameters': {'conditional_independence': 'Evidence items are conditionally independent given H or not_H.', 'evidence_sequence': [{'E_given_H': 0.346234, 'E_given_not_H': 0.024629}, {'E_given_H': 0.530049, 'E_given_not_H': 0.251686}, {'E_given_H': 0.619193, 'E_given_not_H': 0.323881}, {'E_given_H': 0.845869, 'E_given_not_H': 0.546818}, {'E_given_H': 0.912848, 'E_given_not_H': 0.658795}], 'observed_prefix_length': 5, 'posterior_trajectory': [0.031994, 0.3172367852341124, 0.49457209137119523, 0.6516564647592755, 0.7431826754290087, 0.8003900273948994], 'prior_H': 0.031994}, 'posterior_trajectory': [0.031994, 0.3172367852341124, 0.49457209137119523, 0.6516564647592755, 0.7431826754290087, 0.8003900273948994]}","{'H': 0.8003900273948994, 'not_H': 0.1996099726051006}","{'H': 0.9875683491468141, 'not_H': 0.012431650853185818}","{'tv': 0.18717832175191476, 'mae_binary': 0.18717832175191473, 'rmse_binary': 0.18717832175191473, 'brier_regret': 0.07007144826772665, 'kl': 0.3859419452748182}",H,H,True,207.49926613643765,mean,mean,1,"{'std_H': 0.0, 'std_not_H': 0.0}",,{},"{'repeat_aggregation': 'mean', 'n_repeats': 1}"
semif_qwen35_4b,Qwen/Qwen3.5-4B@851bf6e806efd8d0a36b00ddf55e13ccb7b8cd0a,sequential_bayes__seed_000049__repr_table,sequential_bayes__seed_000049,sequential_bayes,6,table,"(0.70,0.90]","{'parameters': {'conditional_independence': 'Evidence items are conditionally independent given H or not_H.', 'evidence_sequence': [{'E_given_H': 0.346234, 'E_given_not_H': 0.024629}, {'E_given_H': 0.530049, 'E_given_not_H': 0.251686}, {'E_given_H': 0.619193, 'E_given_not_H': 0.323881}, {'E_given_H': 0.845869, 'E_given_not_H': 0.546818}, {'E_given_H': 0.912848, 'E_given_not_H': 0.658795}], 'observed_prefix_length': 5, 'posterior_trajectory': [0.031994, 0.3172367852341124, 0.49457209137119523, 0.6516564647592755, 0.7431826754290087, 0.8003900273948994], 'prior_H': 0.031994}, 'posterior_trajectory': [0.031994, 0.3172367852341124, 0.49457209137119523, 0.6516564647592755, 0.7431826754290087, 0.8003900273948994]}","{'H': 0.8003900273948994, 'not_H': 0.1996099726051006}","{'H': 0.9149009549929797, 'not_H': 0.08509904500702024}","{'tv': 0.11451092759808035, 'mae_binary': 0.11451092759808035, 'rmse_binary': 0.11451092759808035, 'brier_regret': 0.026225505078745603, 'kl': 0.06315189526338227}",H,H,True,253.78263229504228,mean,mean,1,"{'std_H': 0.0, 'std_not_H': 0.0}",,{},"{'repeat_aggregation': 'mean', 'n_repeats': 1}"
semif_qwen35_4b,Qwen/Qwen3.5-4B@851bf6e806efd8d0a36b00ddf55e13ccb7b8cd0a,sequential_bayes__seed_000050__repr_direct,sequential_bayes__seed_000050,sequential_bayes,6,direct,"[0.01,0.10]","{'parameters': {'conditional_independence': 'Evidence items are conditionally independent given H or not_H.', 'evidence_sequence': [{'E_given_H': 0.472127, 'E_given_not_H': 0.191458}, {'E_given_H': 0.631191, 'E_given_not_H': 0.405093}, {'E_given_H': 0.870541, 'E_given_not_H': 0.546792}, {'E_given_H': 0.93722, 'E_given_not_H': 0.612099}, {'E_given_H': 0.075121, 'E_given_not_H': 0.763611}, {'E_given_H': 0.115737, 'E_given_not_H': 0.962357}], 'observed_prefix_length': 6, 'posterior_trajectory': [0.204042, 0.3873082630953835, 0.4962127795907569, 0.6106147948908568, 0.7059762861319588, 0.1910754727564699, 0.02762280113741506], 'prior_H': 0.204042}, 'posterior_trajectory': [0.204042, 0.3873082630953835, 0.4962127795907569, 0.6106147948908568, 0.7059762861319588, 0.1910754727564699, 0.02762280113741506]}","{'H': 0.02762280113741506, 'not_H': 0.9723771988625849}","{'H': 0.6224593312018546, 'not_H': 0.37754066879814546}","{'tv': 0.5948365300644394, 'mae_binary': 0.5948365300644395, 'rmse_binary': 0.5948365300644395, 'brier_regret': 0.7076609949982056, 'kl': 0.8338864796451273}",H,not_H,False,210.89547500014305,mean,mean,1,"{'std_H': 0.0, 'std_not_H': 0.0}",,{},"{'repeat_aggregation': 'mean', 'n_repeats': 1}"
semif_qwen35_4b,Qwen/Qwen3.5-4B@851bf6e806efd8d0a36b00ddf55e13ccb7b8cd0a,sequential_bayes__seed_000050__repr_prose,sequential_bayes__seed_000050,sequential_bayes,6,prose,"[0.01,0.10]","{'parameters': {'conditional_independence': 'Evidence items are conditionally independent given H or not_H.', 'evidence_sequence': [{'E_given_H': 0.472127, 'E_given_not_H': 0.191458}, {'E_given_H': 0.631191, 'E_given_not_H': 0.405093}, {'E_given_H': 0.870541, 'E_given_not_H': 0.546792}, {'E_given_H': 0.93722, 'E_given_not_H': 0.612099}, {'E_given_H': 0.075121, 'E_given_not_H': 0.763611}, {'E_given_H': 0.115737, 'E_given_not_H': 0.962357}], 'observed_prefix_length': 6, 'posterior_trajectory': [0.204042, 0.3873082630953835, 0.4962127795907569, 0.6106147948908568, 0.7059762861319588, 0.1910754727564699, 0.02762280113741506], 'prior_H': 0.204042}, 'posterior_trajectory': [0.204042, 0.3873082630953835, 0.4962127795907569, 0.6106147948908568, 0.7059762861319588, 0.1910754727564699, 0.02762280113741506]}","{'H': 0.02762280113741506, 'not_H': 0.9723771988625849}","{'H': 0.9525741268224334, 'not_H': 0.04742587317756679}","{'tv': 0.9249513256850181, 'mae_binary': 0.9249513256850183, 'rmse_binary': 0.9249513256850183, 'brier_regret': 1.7110699097729452, 'kl': 2.8393398441952247}",H,not_H,False,217.64423279091716,mean,mean,1,"{'std_H': 0.0, 'std_not_H': 0.0}",,{},"{'repeat_aggregation': 'mean', 'n_repeats': 1}"
semif_qwen35_4b,Qwen/Qwen3.5-4B@851bf6e806efd8d0a36b00ddf55e13ccb7b8cd0a,sequential_bayes__seed_000050__repr_table,sequential_bayes__seed_000050,sequential_bayes,6,table,"[0.01,0.10]","{'parameters': {'conditional_independence': 'Evidence items are conditionally independent given H or not_H.', 'evidence_sequence': [{'E_given_H': 0.472127, 'E_given_not_H': 0.191458}, {'E_given_H': 0.631191, 'E_given_not_H': 0.405093}, {'E_given_H': 0.870541, 'E_given_not_H': 0.546792}, {'E_given_H': 0.93722, 'E_given_not_H': 0.612099}, {'E_given_H': 0.075121, 'E_given_not_H': 0.763611}, {'E_given_H': 0.115737, 'E_given_not_H': 0.962357}], 'observed_prefix_length': 6, 'posterior_trajectory': [0.204042, 0.3873082630953835, 0.4962127795907569, 0.6106147948908568, 0.7059762861319588, 0.1910754727564699, 0.02762280113741506], 'prior_H': 0.204042}, 'posterior_trajectory': [0.204042, 0.3873082630953835, 0.4962127795907569, 0.6106147948908568, 0.7059762861319588, 0.1910754727564699, 0.02762280113741506]}","{'H': 0.02762280113741506, 'not_H': 0.9723771988625849}","{'H': 0.5926665999540697, 'not_H': 0.4073334000459302}","{'tv': 0.5650437988166546, 'mae_binary': 0.5650437988166546, 'rmse_binary': 0.5650437988166546, 'brier_regret': 0.6385489891623122, 'kl': 0.7613856097470378}",H,not_H,False,275.97779408097267,mean,mean,1,"{'std_H': 0.0, 'std_not_H': 0.0}",,{},"{'repeat_aggregation': 'mean', 'n_repeats': 1}"
semif_qwen35_4b,Qwen/Qwen3.5-4B@851bf6e806efd8d0a36b00ddf55e13ccb7b8cd0a,sequential_bayes__seed_000051__repr_direct,sequential_bayes__seed_000051,sequential_bayes,6,direct,"[0.01,0.10]","{'parameters': {'conditional_independence': 'Evidence items are conditionally independent given H or not_H.', 'evidence_sequence': [{'E_given_H': 0.556613, 'E_given_not_H': 0.401197}, {'E_given_H': 0.788138, 'E_given_not_H': 0.49524}, {'E_given_H': 0.968742, 'E_given_not_H': 0.55418}, {'E_given_H': 0.022217, 'E_given_not_H': 0.870351}, {'E_given_H': 0.19125, 'E_given_not_H': 0.946898}, {'E_given_H': 0.32951, 'E_given_not_H': 0.055451}], 'observed_prefix_length': 6, 'posterior_trajectory': [0.410511, 0.49139192352202815, 0.6059202315489085, 0.7288318182873215, 0.06420381683042299, 0.013667875069321786, 0.07608014616604873], 'prior_H': 0.410511}, 'posterior_trajectory': [0.410511, 0.49139192352202815, 0.6059202315489085, 0.7288318182873215, 0.06420381683042299, 0.013667875069321786, 0.07608014616604873]}","{'H': 0.07608014616604873, 'not_H': 0.9239198538339513}","{'H': 0.6224593312018546, 'not_H': 0.37754066879814546}","{'tv': 0.5463791850358057, 'mae_binary': 0.5463791850358058, 'rmse_binary': 0.5463791850358058, 'brier_regret': 0.5970604276807826, 'kl': 0.6669471624758193}",H,not_H,False,211.39724599197507,mean,mean,1,"{'std_H': 0.0, 'std_not_H': 0.0}",,{},"{'repeat_aggregation': 'mean', 'n_repeats': 1}"
semif_qwen35_4b,Qwen/Qwen3.5-4B@851bf6e806efd8d0a36b00ddf55e13ccb7b8cd0a,sequential_bayes__seed_000051__repr_prose,sequential_bayes__seed_000051,sequential_bayes,6,prose,"[0.01,0.10]","{'parameters': {'conditional_independence': 'Evidence items are conditionally independent given H or not_H.', 'evidence_sequence': [{'E_given_H': 0.556613, 'E_given_not_H': 0.401197}, {'E_given_H': 0.788138, 'E_given_not_H': 0.49524}, {'E_given_H': 0.968742, 'E_given_not_H': 0.55418}, {'E_given_H': 0.022217, 'E_given_not_H': 0.870351}, {'E_given_H': 0.19125, 'E_given_not_H': 0.946898}, {'E_given_H': 0.32951, 'E_given_not_H': 0.055451}], 'observed_prefix_length': 6, 'posterior_trajectory': [0.410511, 0.49139192352202815, 0.6059202315489085, 0.7288318182873215, 0.06420381683042299, 0.013667875069321786, 0.07608014616604873], 'prior_H': 0.410511}, 'posterior_trajectory': [0.410511, 0.49139192352202815, 0.6059202315489085, 0.7288318182873215, 0.06420381683042299, 0.013667875069321786, 0.07608014616604873]}","{'H': 0.07608014616604873, 'not_H': 0.9239198538339513}","{'H': 0.9241418199787566, 'not_H': 0.07585818002124356}","{'tv': 0.8480616738127078, 'mae_binary': 0.8480616738127078, 'rmse_binary': 0.8480616738127078, 'brier_regret': 1.438417205180023, 'kl': 2.1195996202561647}",H,not_H,False,218.11927296221256,mean,mean,1,"{'std_H': 0.0, 'std_not_H': 0.0}",,{},"{'repeat_aggregation': 'mean', 'n_repeats': 1}"
semif_qwen35_4b,Qwen/Qwen3.5-4B@851bf6e806efd8d0a36b00ddf55e13ccb7b8cd0a,sequential_bayes__seed_000051__repr_table,sequential_bayes__seed_000051,sequential_bayes,6,table,"[0.01,0.10]","{'parameters': {'conditional_independence': 'Evidence items are conditionally independent given H or not_H.', 'evidence_sequence': [{'E_given_H': 0.556613, 'E_given_not_H': 0.401197}, {'E_given_H': 0.788138, 'E_given_not_H': 0.49524}, {'E_given_H': 0.968742, 'E_given_not_H': 0.55418}, {'E_given_H': 0.022217, 'E_given_not_H': 0.870351}, {'E_given_H': 0.19125, 'E_given_not_H': 0.946898}, {'E_given_H': 0.32951, 'E_given_not_H': 0.055451}], 'observed_prefix_length': 6, 'posterior_trajectory': [0.410511, 0.49139192352202815, 0.6059202315489085, 0.7288318182873215, 0.06420381683042299, 0.013667875069321786, 0.07608014616604873], 'prior_H': 0.410511}, 'posterior_trajectory': [0.410511, 0.49139192352202815, 0.6059202315489085, 0.7288318182873215, 0.06420381683042299, 0.013667875069321786, 0.07608014616604873]}","{'H': 0.07608014616604873, 'not_H': 0.9239198538339513}","{'H': 0.5312093733737563, 'not_H': 0.46879062662624377}","{'tv': 0.45512922720770754, 'mae_binary': 0.45512922720770754, 'rmse_binary': 0.45512922720770754, 'brier_regret': 0.41428522691737013, 'kl': 0.47899926842515006}",H,not_H,False,281.33711591362953,mean,mean,1,"{'std_H': 0.0, 'std_not_H': 0.0}",,{},"{'repeat_aggregation': 'mean', 'n_repeats': 1}"
semif_qwen35_4b,Qwen/Qwen3.5-4B@851bf6e806efd8d0a36b00ddf55e13ccb7b8cd0a,sequential_bayes__seed_000052__repr_direct,sequential_bayes__seed_000052,sequential_bayes,6,direct,"(0.10,0.30]","{'parameters': {'conditional_independence': 'Evidence items are conditionally independent given H or not_H.', 'evidence_sequence': [{'E_given_H': 0.879365, 'E_given_not_H': 0.462544}, {'E_given_H': 0.979216, 'E_given_not_H': 0.624609}, {'E_given_H': 0.059074, 'E_given_not_H': 0.804877}], 'observed_prefix_length': 3, 'posterior_trajectory': [0.453999, 0.6125236066700036, 0.7125003896742405, 0.15389933510803008], 'prior_H': 0.453999}, 'posterior_trajectory': [0.453999, 0.6125236066700036, 0.7125003896742405, 0.15389933510803008]}","{'H': 0.15389933510803008, 'not_H': 0.8461006648919699}","{'H': 0.7772998611746911, 'not_H': 0.22270013882530884}","{'tv': 0.6234005260666611, 'mae_binary': 0.623400526066661, 'rmse_binary': 0.623400526066661, 'brier_regret': 0.7772564318003794, 'kl': 0.8801412407370068}",H,not_H,False,159.40270386636257,mean,mean,1,"{'std_H': 0.0, 'std_not_H': 0.0}",,{},"{'repeat_aggregation': 'mean', 'n_repeats': 1}"
semif_qwen35_4b,Qwen/Qwen3.5-4B@851bf6e806efd8d0a36b00ddf55e13ccb7b8cd0a,sequential_bayes__seed_000052__repr_prose,sequential_bayes__seed_000052,sequential_bayes,6,prose,"(0.10,0.30]","{'parameters': {'conditional_independence': 'Evidence items are conditionally independent given H or not_H.', 'evidence_sequence': [{'E_given_H': 0.879365, 'E_given_not_H': 0.462544}, {'E_given_H': 0.979216, 'E_given_not_H': 0.624609}, {'E_given_H': 0.059074, 'E_given_not_H': 0.804877}], 'observed_prefix_length': 3, 'posterior_trajectory': [0.453999, 0.6125236066700036, 0.7125003896742405, 0.15389933510803008], 'prior_H': 0.453999}, 'posterior_trajectory': [0.453999, 0.6125236066700036, 0.7125003896742405, 0.15389933510803008]}","{'H': 0.15389933510803008, 'not_H': 0.8461006648919699}","{'H': 0.9796676466573412, 'not_H': 0.020332353342658753}","{'tv': 0.8257683115493111, 'mae_binary': 0.8257683115493111, 'rmse_binary': 0.8257683115493111, 'brier_regret': 1.3637866087180004, 'kl': 2.869768305634152}",H,not_H,False,172.3610949702561,mean,mean,1,"{'std_H': 0.0, 'std_not_H': 0.0}",,{},"{'repeat_aggregation': 'mean', 'n_repeats': 1}"
semif_qwen35_4b,Qwen/Qwen3.5-4B@851bf6e806efd8d0a36b00ddf55e13ccb7b8cd0a,sequential_bayes__seed_000052__repr_table,sequential_bayes__seed_000052,sequential_bayes,6,table,"(0.10,0.30]","{'parameters': {'conditional_independence': 'Evidence items are conditionally independent given H or not_H.', 'evidence_sequence': [{'E_given_H': 0.879365, 'E_given_not_H': 0.462544}, {'E_given_H': 0.979216, 'E_given_not_H': 0.624609}, {'E_given_H': 0.059074, 'E_given_not_H': 0.804877}], 'observed_prefix_length': 3, 'posterior_trajectory': [0.453999, 0.6125236066700036, 0.7125003896742405, 0.15389933510803008], 'prior_H': 0.453999}, 'posterior_trajectory': [0.453999, 0.6125236066700036, 0.7125003896742405, 0.15389933510803008]}","{'H': 0.15389933510803008, 'not_H': 0.8461006648919699}","{'H': 0.679178699175393, 'not_H': 0.32082130082460697}","{'tv': 0.525279364067363, 'mae_binary': 0.5252793640673629, 'rmse_binary': 0.5252793640673629, 'brier_regret': 0.5518368206300264, 'kl': 0.5920328330605491}",H,not_H,False,192.38458573818207,mean,mean,1,"{'std_H': 0.0, 'std_not_H': 0.0}",,{},"{'repeat_aggregation': 'mean', 'n_repeats': 1}"
semif_qwen35_4b,Qwen/Qwen3.5-4B@851bf6e806efd8d0a36b00ddf55e13ccb7b8cd0a,sequential_bayes__seed_000053__repr_direct,sequential_bayes__seed_000053,sequential_bayes,6,direct,"[0.01,0.10]","{'parameters': {'conditional_independence': 'Evidence items are conditionally independent given H or not_H.', 'evidence_sequence': [{'E_given_H': 0.925288, 'E_given_not_H': 0.660119}, {'E_given_H': 0.031742, 'E_given_not_H': 0.822326}, {'E_given_H': 0.24875, 'E_given_not_H': 0.954675}], 'observed_prefix_length': 3, 'posterior_trajectory': [0.619861, 0.6956446852040687, 0.08107327708820022, 0.02247158859218456], 'prior_H': 0.619861}, 'posterior_trajectory': [0.619861, 0.6956446852040687, 0.08107327708820022, 0.02247158859218456]}","{'H': 0.02247158859218456, 'not_H': 0.9775284114078154}","{'H': 0.679178699175393, 'not_H': 0.32082130082460697}","{'tv': 0.6567071105832085, 'mae_binary': 0.6567071105832084, 'rmse_binary': 0.6567071105832084, 'brier_regret': 0.8625284581810928, 'kl': 1.0125091319380315}",H,not_H,False,158.76836562529206,mean,mean,1,"{'std_H': 0.0, 'std_not_H': 0.0}",,{},"{'repeat_aggregation': 'mean', 'n_repeats': 1}"
semif_qwen35_4b,Qwen/Qwen3.5-4B@851bf6e806efd8d0a36b00ddf55e13ccb7b8cd0a,sequential_bayes__seed_000053__repr_prose,sequential_bayes__seed_000053,sequential_bayes,6,prose,"[0.01,0.10]","{'parameters': {'conditional_independence': 'Evidence items are conditionally independent given H or not_H.', 'evidence_sequence': [{'E_given_H': 0.925288, 'E_given_not_H': 0.660119}, {'E_given_H': 0.031742, 'E_given_not_H': 0.822326}, {'E_given_H': 0.24875, 'E_given_not_H': 0.954675}], 'observed_prefix_length': 3, 'posterior_trajectory': [0.619861, 0.6956446852040687, 0.08107327708820022, 0.02247158859218456], 'prior_H': 0.619861}, 'posterior_trajectory': [0.619861, 0.6956446852040687, 0.08107327708820022, 0.02247158859218456]}","{'H': 0.02247158859218456, 'not_H': 0.9775284114078154}","{'H': 0.9525741268224334, 'not_H': 0.04742587317756679}","{'tv': 0.9301025382302488, 'mae_binary': 0.9301025382302488, 'rmse_binary': 0.9301025382302488, 'brier_regret': 1.7301814632447026, 'kl': 2.8736644030644576}",H,not_H,False,174.4970018044114,mean,mean,1,"{'std_H': 0.0, 'std_not_H': 0.0}",,{},"{'repeat_aggregation': 'mean', 'n_repeats': 1}"
semif_qwen35_4b,Qwen/Qwen3.5-4B@851bf6e806efd8d0a36b00ddf55e13ccb7b8cd0a,sequential_bayes__seed_000053__repr_table,sequential_bayes__seed_000053,sequential_bayes,6,table,"[0.01,0.10]","{'parameters': {'conditional_independence': 'Evidence items are conditionally independent given H or not_H.', 'evidence_sequence': [{'E_given_H': 0.925288, 'E_given_not_H': 0.660119}, {'E_given_H': 0.031742, 'E_given_not_H': 0.822326}, {'E_given_H': 0.24875, 'E_given_not_H': 0.954675}], 'observed_prefix_length': 3, 'posterior_trajectory': [0.619861, 0.6956446852040687, 0.08107327708820022, 0.02247158859218456], 'prior_H': 0.619861}, 'posterior_trajectory': [0.619861, 0.6956446852040687, 0.08107327708820022, 0.02247158859218456]}","{'H': 0.02247158859218456, 'not_H': 0.9775284114078154}","{'H': 0.5926665999540697, 'not_H': 0.4073334000459302}","{'tv': 0.5701950113618852, 'mae_binary': 0.5701950113618851, 'rmse_binary': 0.5701950113618851, 'brier_regret': 0.6502447019639607, 'kl': 0.7821882356850408}",H,not_H,False,189.95693419128656,mean,mean,1,"{'std_H': 0.0, 'std_not_H': 0.0}",,{},"{'repeat_aggregation': 'mean', 'n_repeats': 1}"
semif_qwen35_4b,Qwen/Qwen3.5-4B@851bf6e806efd8d0a36b00ddf55e13ccb7b8cd0a,sequential_bayes__seed_000054__repr_direct,sequential_bayes__seed_000054,sequential_bayes,6,direct,"(0.55,0.70]","{'parameters': {'conditional_independence': 'Evidence items are conditionally independent given H or not_H.', 'evidence_sequence': [{'E_given_H': 0.093764, 'E_given_not_H': 0.771322}, {'E_given_H': 0.243778, 'E_given_not_H': 0.924411}, {'E_given_H': 0.325247, 'E_given_not_H': 0.026323}], 'observed_prefix_length': 3, 'posterior_trajectory': [0.808057, 0.33852129492020233, 0.1189103435331514, 0.6251234123859295], 'prior_H': 0.808057}, 'posterior_trajectory': [0.808057, 0.33852129492020233, 0.1189103435331514, 0.6251234123859295]}","{'H': 0.6251234123859295, 'not_H': 0.3748765876140705}","{'H': 0.6224593312018546, 'not_H': 0.37754066879814546}","{'tv': 0.0026640811840749345, 'mae_binary': 0.002664081184074907, 'rmse_binary': 0.002664081184074907, 'brier_regret': 1.4194657110684211e-05, 'kl': 1.5114531591848331e-05}",H,H,True,159.5260789617896,mean,mean,1,"{'std_H': 0.0, 'std_not_H': 0.0}",,{},"{'repeat_aggregation': 'mean', 'n_repeats': 1}"
semif_qwen35_4b,Qwen/Qwen3.5-4B@851bf6e806efd8d0a36b00ddf55e13ccb7b8cd0a,sequential_bayes__seed_000054__repr_prose,sequential_bayes__seed_000054,sequential_bayes,6,prose,"(0.55,0.70]","{'parameters': {'conditional_independence': 'Evidence items are conditionally independent given H or not_H.', 'evidence_sequence': [{'E_given_H': 0.093764, 'E_given_not_H': 0.771322}, {'E_given_H': 0.243778, 'E_given_not_H': 0.924411}, {'E_given_H': 0.325247, 'E_given_not_H': 0.026323}], 'observed_prefix_length': 3, 'posterior_trajectory': [0.808057, 0.33852129492020233, 0.1189103435331514, 0.6251234123859295], 'prior_H': 0.808057}, 'posterior_trajectory': [0.808057, 0.33852129492020233, 0.1189103435331514, 0.6251234123859295]}","{'H': 0.6251234123859295, 'not_H': 0.3748765876140705}","{'H': 0.9626731126558706, 'not_H': 0.037326887344129464}","{'tv': 0.3375497002699411, 'mae_binary': 0.33754970026994113, 'rmse_binary': 0.33754970026994113, 'brier_regret': 0.22787960030465412, 'kl': 0.594890117977962}",H,H,True,173.30200783908367,mean,mean,1,"{'std_H': 0.0, 'std_not_H': 0.0}",,{},"{'repeat_aggregation': 'mean', 'n_repeats': 1}"
semif_qwen35_4b,Qwen/Qwen3.5-4B@851bf6e806efd8d0a36b00ddf55e13ccb7b8cd0a,sequential_bayes__seed_000054__repr_table,sequential_bayes__seed_000054,sequential_bayes,6,table,"(0.55,0.70]","{'parameters': {'conditional_independence': 'Evidence items are conditionally independent given H or not_H.', 'evidence_sequence': [{'E_given_H': 0.093764, 'E_given_not_H': 0.771322}, {'E_given_H': 0.243778, 'E_given_not_H': 0.924411}, {'E_given_H': 0.325247, 'E_given_not_H': 0.026323}], 'observed_prefix_length': 3, 'posterior_trajectory': [0.808057, 0.33852129492020233, 0.1189103435331514, 0.6251234123859295], 'prior_H': 0.808057}, 'posterior_trajectory': [0.808057, 0.33852129492020233, 0.1189103435331514, 0.6251234123859295]}","{'H': 0.6251234123859295, 'not_H': 0.3748765876140705}","{'H': 0.5, 'not_H': 0.5}","{'tv': 0.1251234123859295, 'mae_binary': 0.1251234123859295, 'rmse_binary': 0.1251234123859295, 'brier_regret': 0.03131173665419875, 'kl': 0.03164701710439527}",not_H,H,False,191.4146961644292,mean,mean,1,"{'std_H': 0.0, 'std_not_H': 0.0}",,{},"{'repeat_aggregation': 'mean', 'n_repeats': 1}"
semif_qwen35_4b,Qwen/Qwen3.5-4B@851bf6e806efd8d0a36b00ddf55e13ccb7b8cd0a,sequential_bayes__seed_000055__repr_direct,sequential_bayes__seed_000055,sequential_bayes,6,direct,"(0.99,1)","{'parameters': {'conditional_independence': 'Evidence items are conditionally independent given H or not_H.', 'evidence_sequence': [{'E_given_H': 0.218221, 'E_given_not_H': 0.987522}, {'E_given_H': 0.403645, 'E_given_not_H': 0.018042}, {'E_given_H': 0.467266, 'E_given_not_H': 0.150138}], 'observed_prefix_length': 3, 'posterior_trajectory': [0.92575, 0.7336998524751613, 0.9840357343380087, 0.9948143100686025], 'prior_H': 0.92575}, 'posterior_trajectory': [0.92575, 0.7336998524751613, 0.9840357343380087, 0.9948143100686025]}","{'H': 0.9948143100686025, 'not_H': 0.0051856899313974525}","{'H': 0.8807970779778823, 'not_H': 0.11920292202211755}","{'tv': 0.11401723209072016, 'mae_binary': 0.11401723209072023, 'rmse_binary': 0.11401723209072023, 'brier_regret': 0.025999858427258295, 'kl': 0.10484083504250678}",H,H,True,157.58479526266456,mean,mean,1,"{'std_H': 0.0, 'std_not_H': 0.0}",,{},"{'repeat_aggregation': 'mean', 'n_repeats': 1}"
semif_qwen35_4b,Qwen/Qwen3.5-4B@851bf6e806efd8d0a36b00ddf55e13ccb7b8cd0a,sequential_bayes__seed_000055__repr_prose,sequential_bayes__seed_000055,sequential_bayes,6,prose,"(0.99,1)","{'parameters': {'conditional_independence': 'Evidence items are conditionally independent given H or not_H.', 'evidence_sequence': [{'E_given_H': 0.218221, 'E_given_not_H': 0.987522}, {'E_given_H': 0.403645, 'E_given_not_H': 0.018042}, {'E_given_H': 0.467266, 'E_given_not_H': 0.150138}], 'observed_prefix_length': 3, 'posterior_trajectory': [0.92575, 0.7336998524751613, 0.9840357343380087, 0.9948143100686025], 'prior_H': 0.92575}, 'posterior_trajectory': [0.92575, 0.7336998524751613, 0.9840357343380087, 0.9948143100686025]}","{'H': 0.9948143100686025, 'not_H': 0.0051856899313974525}","{'H': 0.9902915235185259, 'not_H': 0.009708476481474066}","{'tv': 0.004522786550076633, 'mae_binary': 0.004522786550076652, 'rmse_binary': 0.004522786550076652, 'brier_regret': 4.091119635510818e-05, 'kl': 0.0012811710696738173}",H,H,True,173.37147938087583,mean,mean,1,"{'std_H': 0.0, 'std_not_H': 0.0}",,{},"{'repeat_aggregation': 'mean', 'n_repeats': 1}"
semif_qwen35_4b,Qwen/Qwen3.5-4B@851bf6e806efd8d0a36b00ddf55e13ccb7b8cd0a,sequential_bayes__seed_000055__repr_table,sequential_bayes__seed_000055,sequential_bayes,6,table,"(0.99,1)","{'parameters': {'conditional_independence': 'Evidence items are conditionally independent given H or not_H.', 'evidence_sequence': [{'E_given_H': 0.218221, 'E_given_not_H': 0.987522}, {'E_given_H': 0.403645, 'E_given_not_H': 0.018042}, {'E_given_H': 0.467266, 'E_given_not_H': 0.150138}], 'observed_prefix_length': 3, 'posterior_trajectory': [0.92575, 0.7336998524751613, 0.9840357343380087, 0.9948143100686025], 'prior_H': 0.92575}, 'posterior_trajectory': [0.92575, 0.7336998524751613, 0.9840357343380087, 0.9948143100686025]}","{'H': 0.9948143100686025, 'not_H': 0.0051856899313974525}","{'H': 0.7057850278370112, 'not_H': 0.29421497216298875}","{'tv': 0.2890292822315913, 'mae_binary': 0.2890292822315913, 'rmse_binary': 0.2890292822315913, 'brier_regret': 0.16707585197461772, 'kl': 0.32052350383176764}",H,H,True,190.29470905661583,mean,mean,1,"{'std_H': 0.0, 'std_not_H': 0.0}",,{},"{'repeat_aggregation': 'mean', 'n_repeats': 1}"
semif_qwen35_4b,Qwen/Qwen3.5-4B@851bf6e806efd8d0a36b00ddf55e13ccb7b8cd0a,sequential_bayes__seed_000056__repr_direct,sequential_bayes__seed_000056,sequential_bayes,6,direct,"(0.55,0.70]","{'parameters': {'conditional_independence': 'Evidence items are conditionally independent given H or not_H.', 'evidence_sequence': [{'E_given_H': 0.396464, 'E_given_not_H': 0.059517}, {'E_given_H': 0.532697, 'E_given_not_H': 0.217707}, {'E_given_H': 0.581599, 'E_given_not_H': 0.387297}, {'E_given_H': 0.845928, 'E_given_not_H': 0.547247}], 'observed_prefix_length': 4, 'posterior_trajectory': [0.052477, 0.2695015483073548, 0.474434734683435, 0.5754784594058879, 0.6769462255144328], 'prior_H': 0.052477}, 'posterior_trajectory': [0.052477, 0.2695015483073548, 0.474434734683435, 0.5754784594058879, 0.6769462255144328]}","{'H': 0.6769462255144328, 'not_H': 0.32305377448556716}","{'H': 0.8933094060543487, 'not_H': 0.10669059394565118}","{'tv': 0.21636318053991593, 'mae_binary': 0.21636318053991588, 'rmse_binary': 0.21636318053991588, 'brier_regret': 0.0936260517866965, 'kl': 0.17016163520724653}",H,H,True,174.360073171556,mean,mean,1,"{'std_H': 0.0, 'std_not_H': 0.0}",,{},"{'repeat_aggregation': 'mean', 'n_repeats': 1}"
semif_qwen35_4b,Qwen/Qwen3.5-4B@851bf6e806efd8d0a36b00ddf55e13ccb7b8cd0a,sequential_bayes__seed_000056__repr_prose,sequential_bayes__seed_000056,sequential_bayes,6,prose,"(0.55,0.70]","{'parameters': {'conditional_independence': 'Evidence items are conditionally independent given H or not_H.', 'evidence_sequence': [{'E_given_H': 0.396464, 'E_given_not_H': 0.059517}, {'E_given_H': 0.532697, 'E_given_not_H': 0.217707}, {'E_given_H': 0.581599, 'E_given_not_H': 0.387297}, {'E_given_H': 0.845928, 'E_given_not_H': 0.547247}], 'observed_prefix_length': 4, 'posterior_trajectory': [0.052477, 0.2695015483073548, 0.474434734683435, 0.5754784594058879, 0.6769462255144328], 'prior_H': 0.052477}, 'posterior_trajectory': [0.052477, 0.2695015483073548, 0.474434734683435, 0.5754784594058879, 0.6769462255144328]}","{'H': 0.6769462255144328, 'not_H': 0.32305377448556716}","{'H': 0.9859363729567544, 'not_H': 0.014063627043245474}","{'tv': 0.3089901474423216, 'mae_binary': 0.30899014744232156, 'rmse_binary': 0.30899014744232156, 'brier_regret': 0.1909498224328553, 'kl': 0.7579920841490124}",H,H,True,189.36222791671753,mean,mean,1,"{'std_H': 0.0, 'std_not_H': 0.0}",,{},"{'repeat_aggregation': 'mean', 'n_repeats': 1}"
semif_qwen35_4b,Qwen/Qwen3.5-4B@851bf6e806efd8d0a36b00ddf55e13ccb7b8cd0a,sequential_bayes__seed_000056__repr_table,sequential_bayes__seed_000056,sequential_bayes,6,table,"(0.55,0.70]","{'parameters': {'conditional_independence': 'Evidence items are conditionally independent given H or not_H.', 'evidence_sequence': [{'E_given_H': 0.396464, 'E_given_not_H': 0.059517}, {'E_given_H': 0.532697, 'E_given_not_H': 0.217707}, {'E_given_H': 0.581599, 'E_given_not_H': 0.387297}, {'E_given_H': 0.845928, 'E_given_not_H': 0.547247}], 'observed_prefix_length': 4, 'posterior_trajectory': [0.052477, 0.2695015483073548, 0.474434734683435, 0.5754784594058879, 0.6769462255144328], 'prior_H': 0.052477}, 'posterior_trajectory': [0.052477, 0.2695015483073548, 0.474434734683435, 0.5754784594058879, 0.6769462255144328]}","{'H': 0.6769462255144328, 'not_H': 0.32305377448556716}","{'H': 0.7981867777396212, 'not_H': 0.20181322226037882}","{'tv': 0.12124055222518836, 'mae_binary': 0.12124055222518837, 'rmse_binary': 0.12124055222518837, 'brier_regret': 0.02939854300773725, 'kl': 0.040461677173149704}",H,H,True,227.5360249914229,mean,mean,1,"{'std_H': 0.0, 'std_not_H': 0.0}",,{},"{'repeat_aggregation': 'mean', 'n_repeats': 1}"
semif_qwen35_4b,Qwen/Qwen3.5-4B@851bf6e806efd8d0a36b00ddf55e13ccb7b8cd0a,sequential_bayes__seed_000057__repr_direct,sequential_bayes__seed_000057,sequential_bayes,6,direct,"(0.55,0.70]","{'parameters': {'conditional_independence': 'Evidence items are conditionally independent given H or not_H.', 'evidence_sequence': [{'E_given_H': 0.461393, 'E_given_not_H': 0.20014}, {'E_given_H': 0.559031, 'E_given_not_H': 0.358382}, {'E_given_H': 0.85315, 'E_given_not_H': 0.467545}], 'observed_prefix_length': 3, 'posterior_trajectory': [0.226962, 0.4036420626372667, 0.5135698968067423, 0.6583011485114412], 'prior_H': 0.226962}, 'posterior_trajectory': [0.226962, 0.4036420626372667, 0.5135698968067423, 0.6583011485114412]}","{'H': 0.6583011485114412, 'not_H': 0.34169885148855883}","{'H': 0.8933094060543487, 'not_H': 0.10669059394565118}","{'tv': 0.2350082575429076, 'mae_binary': 0.23500825754290755, 'rmse_binary': 0.23500825754290755, 'brier_regret': 0.11045776222670718, 'kl': 0.1967764474580502}",H,H,True,156.44583199173212,mean,mean,1,"{'std_H': 0.0, 'std_not_H': 0.0}",,{},"{'repeat_aggregation': 'mean', 'n_repeats': 1}"
semif_qwen35_4b,Qwen/Qwen3.5-4B@851bf6e806efd8d0a36b00ddf55e13ccb7b8cd0a,sequential_bayes__seed_000057__repr_prose,sequential_bayes__seed_000057,sequential_bayes,6,prose,"(0.55,0.70]","{'parameters': {'conditional_independence': 'Evidence items are conditionally independent given H or not_H.', 'evidence_sequence': [{'E_given_H': 0.461393, 'E_given_not_H': 0.20014}, {'E_given_H': 0.559031, 'E_given_not_H': 0.358382}, {'E_given_H': 0.85315, 'E_given_not_H': 0.467545}], 'observed_prefix_length': 3, 'posterior_trajectory': [0.226962, 0.4036420626372667, 0.5135698968067423, 0.6583011485114412], 'prior_H': 0.226962}, 'posterior_trajectory': [0.226962, 0.4036420626372667, 0.5135698968067423, 0.6583011485114412]}","{'H': 0.6583011485114412, 'not_H': 0.34169885148855883}","{'H': 0.9890130573694068, 'not_H': 0.01098694263059318}","{'tv': 0.33071190885796564, 'mae_binary': 0.33071190885796564, 'rmse_binary': 0.33071190885796564, 'brier_regret': 0.21874073332095875, 'kl': 0.9065366858204019}",H,H,True,172.27418022230268,mean,mean,1,"{'std_H': 0.0, 'std_not_H': 0.0}",,{},"{'repeat_aggregation': 'mean', 'n_repeats': 1}"
semif_qwen35_4b,Qwen/Qwen3.5-4B@851bf6e806efd8d0a36b00ddf55e13ccb7b8cd0a,sequential_bayes__seed_000057__repr_table,sequential_bayes__seed_000057,sequential_bayes,6,table,"(0.55,0.70]","{'parameters': {'conditional_independence': 'Evidence items are conditionally independent given H or not_H.', 'evidence_sequence': [{'E_given_H': 0.461393, 'E_given_not_H': 0.20014}, {'E_given_H': 0.559031, 'E_given_not_H': 0.358382}, {'E_given_H': 0.85315, 'E_given_not_H': 0.467545}], 'observed_prefix_length': 3, 'posterior_trajectory': [0.226962, 0.4036420626372667, 0.5135698968067423, 0.6583011485114412], 'prior_H': 0.226962}, 'posterior_trajectory': [0.226962, 0.4036420626372667, 0.5135698968067423, 0.6583011485114412]}","{'H': 0.6583011485114412, 'not_H': 0.34169885148855883}","{'H': 0.7772998611746911, 'not_H': 0.22270013882530884}","{'tv': 0.11899871266324995, 'mae_binary': 0.1189987126632499, 'rmse_binary': 0.1189987126632499, 'brier_regret': 0.02832138723102145, 'kl': 0.03689675497936479}",H,H,True,190.59706199914217,mean,mean,1,"{'std_H': 0.0, 'std_not_H': 0.0}",,{},"{'repeat_aggregation': 'mean', 'n_repeats': 1}"
semif_qwen35_4b,Qwen/Qwen3.5-4B@851bf6e806efd8d0a36b00ddf55e13ccb7b8cd0a,sequential_bayes__seed_000058__repr_direct,sequential_bayes__seed_000058,sequential_bayes,6,direct,"(0,0.01)","{'parameters': {'conditional_independence': 'Evidence items are conditionally independent given H or not_H.', 'evidence_sequence': [{'E_given_H': 0.563625, 'E_given_not_H': 0.328919}, {'E_given_H': 0.816449, 'E_given_not_H': 0.498419}, {'E_given_H': 0.940724, 'E_given_not_H': 0.681408}, {'E_given_H': 0.013363, 'E_given_not_H': 0.757399}, {'E_given_H': 0.145011, 'E_given_not_H': 0.927249}], 'observed_prefix_length': 5, 'posterior_trajectory': [0.448231, 0.5819435213764701, 0.6951441561018219, 0.7589202242149086, 0.05261861763270556, 0.008611190063057283], 'prior_H': 0.448231}, 'posterior_trajectory': [0.448231, 0.5819435213764701, 0.6951441561018219, 0.7589202242149086, 0.05261861763270556, 0.008611190063057283]}","{'H': 0.008611190063057283, 'not_H': 0.9913888099369427}","{'H': 0.5312093733737563, 'not_H': 0.46879062662624377}","{'tv': 0.522598183310699, 'mae_binary': 0.522598183310699, 'rmse_binary': 0.522598183310699, 'brier_regret': 0.5462177223992858, 'kl': 0.7070050667040169}",H,not_H,False,188.00761690363288,mean,mean,1,"{'std_H': 0.0, 'std_not_H': 0.0}",,{},"{'repeat_aggregation': 'mean', 'n_repeats': 1}"
semif_qwen35_4b,Qwen/Qwen3.5-4B@851bf6e806efd8d0a36b00ddf55e13ccb7b8cd0a,sequential_bayes__seed_000058__repr_prose,sequential_bayes__seed_000058,sequential_bayes,6,prose,"(0,0.01)","{'parameters': {'conditional_independence': 'Evidence items are conditionally independent given H or not_H.', 'evidence_sequence': [{'E_given_H': 0.563625, 'E_given_not_H': 0.328919}, {'E_given_H': 0.816449, 'E_given_not_H': 0.498419}, {'E_given_H': 0.940724, 'E_given_not_H': 0.681408}, {'E_given_H': 0.013363, 'E_given_not_H': 0.757399}, {'E_given_H': 0.145011, 'E_given_not_H': 0.927249}], 'observed_prefix_length': 5, 'posterior_trajectory': [0.448231, 0.5819435213764701, 0.6951441561018219, 0.7589202242149086, 0.05261861763270556, 0.008611190063057283], 'prior_H': 0.448231}, 'posterior_trajectory': [0.448231, 0.5819435213764701, 0.6951441561018219, 0.7589202242149086, 0.05261861763270556, 0.008611190063057283]}","{'H': 0.008611190063057283, 'not_H': 0.9913888099369427}","{'H': 0.8354835371034369, 'not_H': 0.1645164628965632}","{'tv': 0.8268723470403796, 'mae_binary': 0.8268723470403796, 'rmse_binary': 0.8268723470403796, 'brier_regret': 1.3674357566001318, 'kl': 1.741233881677921}",H,not_H,False,208.16494803875685,mean,mean,1,"{'std_H': 0.0, 'std_not_H': 0.0}",,{},"{'repeat_aggregation': 'mean', 'n_repeats': 1}"
semif_qwen35_4b,Qwen/Qwen3.5-4B@851bf6e806efd8d0a36b00ddf55e13ccb7b8cd0a,sequential_bayes__seed_000058__repr_table,sequential_bayes__seed_000058,sequential_bayes,6,table,"(0,0.01)","{'parameters': {'conditional_independence': 'Evidence items are conditionally independent given H or not_H.', 'evidence_sequence': [{'E_given_H': 0.563625, 'E_given_not_H': 0.328919}, {'E_given_H': 0.816449, 'E_given_not_H': 0.498419}, {'E_given_H': 0.940724, 'E_given_not_H': 0.681408}, {'E_given_H': 0.013363, 'E_given_not_H': 0.757399}, {'E_given_H': 0.145011, 'E_given_not_H': 0.927249}], 'observed_prefix_length': 5, 'posterior_trajectory': [0.448231, 0.5819435213764701, 0.6951441561018219, 0.7589202242149086, 0.05261861763270556, 0.008611190063057283], 'prior_H': 0.448231}, 'posterior_trajectory': [0.448231, 0.5819435213764701, 0.6951441561018219, 0.7589202242149086, 0.05261861763270556, 0.008611190063057283]}","{'H': 0.008611190063057283, 'not_H': 0.9913888099369427}","{'H': 0.5, 'not_H': 0.5}","{'tv': 0.49138880993694267, 'mae_binary': 0.4913888099369427, 'rmse_binary': 0.4913888099369427, 'brier_regret': 0.4829259250624896, 'kl': 0.6436296107046753}",not_H,not_H,True,254.17183199897408,mean,mean,1,"{'std_H': 0.0, 'std_not_H': 0.0}",,{},"{'repeat_aggregation': 'mean', 'n_repeats': 1}"
semif_qwen35_4b,Qwen/Qwen3.5-4B@851bf6e806efd8d0a36b00ddf55e13ccb7b8cd0a,sequential_bayes__seed_000059__repr_direct,sequential_bayes__seed_000059,sequential_bayes,6,direct,"[0.01,0.10]","{'parameters': {'conditional_independence': 'Evidence items are conditionally independent given H or not_H.', 'evidence_sequence': [{'E_given_H': 0.837044, 'E_given_not_H': 0.496548}, {'E_given_H': 0.931117, 'E_given_not_H': 0.572808}, {'E_given_H': 0.053668, 'E_given_not_H': 0.816594}, {'E_given_H': 0.231918, 'E_given_not_H': 0.961978}], 'observed_prefix_length': 4, 'posterior_trajectory': [0.479732, 0.6085163509914692, 0.7164488634677464, 0.1424106338677888, 0.03849325907238422], 'prior_H': 0.479732}, 'posterior_trajectory': [0.479732, 0.6085163509914692, 0.7164488634677464, 0.1424106338677888, 0.03849325907238422]}","{'H': 0.03849325907238422, 'not_H': 0.9615067409276158}","{'H': 0.679178699175393, 'not_H': 0.32082130082460697}","{'tv': 0.6406854401030089, 'mae_binary': 0.6406854401030088, 'rmse_binary': 0.6406854401030088, 'brier_regret': 0.8209556663199722, 'kl': 0.9448753412090414}",H,not_H,False,177.94615821912885,mean,mean,1,"{'std_H': 0.0, 'std_not_H': 0.0}",,{},"{'repeat_aggregation': 'mean', 'n_repeats': 1}"
semif_qwen35_4b,Qwen/Qwen3.5-4B@851bf6e806efd8d0a36b00ddf55e13ccb7b8cd0a,sequential_bayes__seed_000059__repr_prose,sequential_bayes__seed_000059,sequential_bayes,6,prose,"[0.01,0.10]","{'parameters': {'conditional_independence': 'Evidence items are conditionally independent given H or not_H.', 'evidence_sequence': [{'E_given_H': 0.837044, 'E_given_not_H': 0.496548}, {'E_given_H': 0.931117, 'E_given_not_H': 0.572808}, {'E_given_H': 0.053668, 'E_given_not_H': 0.816594}, {'E_given_H': 0.231918, 'E_given_not_H': 0.961978}], 'observed_prefix_length': 4, 'posterior_trajectory': [0.479732, 0.6085163509914692, 0.7164488634677464, 0.1424106338677888, 0.03849325907238422], 'prior_H': 0.479732}, 'posterior_trajectory': [0.479732, 0.6085163509914692, 0.7164488634677464, 0.1424106338677888, 0.03849325907238422]}","{'H': 0.03849325907238422, 'not_H': 0.9615067409276158}","{'H': 0.9796676466573412, 'not_H': 0.020332353342658753}","{'tv': 0.941174387584957, 'mae_binary': 0.941174387584957, 'rmse_binary': 0.941174387584957, 'brier_regret': 1.7716184556918377, 'kl': 3.5832548013940375}",H,not_H,False,188.08076810091734,mean,mean,1,"{'std_H': 0.0, 'std_not_H': 0.0}",,{},"{'repeat_aggregation': 'mean', 'n_repeats': 1}"
semif_qwen35_4b,Qwen/Qwen3.5-4B@851bf6e806efd8d0a36b00ddf55e13ccb7b8cd0a,sequential_bayes__seed_000059__repr_table,sequential_bayes__seed_000059,sequential_bayes,6,table,"[0.01,0.10]","{'parameters': {'conditional_independence': 'Evidence items are conditionally independent given H or not_H.', 'evidence_sequence': [{'E_given_H': 0.837044, 'E_given_not_H': 0.496548}, {'E_given_H': 0.931117, 'E_given_not_H': 0.572808}, {'E_given_H': 0.053668, 'E_given_not_H': 0.816594}, {'E_given_H': 0.231918, 'E_given_not_H': 0.961978}], 'observed_prefix_length': 4, 'posterior_trajectory': [0.479732, 0.6085163509914692, 0.7164488634677464, 0.1424106338677888, 0.03849325907238422], 'prior_H': 0.479732}, 'posterior_trajectory': [0.479732, 0.6085163509914692, 0.7164488634677464, 0.1424106338677888, 0.03849325907238422]}","{'H': 0.03849325907238422, 'not_H': 0.9615067409276158}","{'H': 0.5926665999540697, 'not_H': 0.4073334000459302}","{'tv': 0.5541733408816856, 'mae_binary': 0.5541733408816855, 'rmse_binary': 0.5541733408816855, 'brier_regret': 0.6142161834879376, 'kl': 0.7205625713861254}",H,not_H,False,229.83746696263552,mean,mean,1,"{'std_H': 0.0, 'std_not_H': 0.0}",,{},"{'repeat_aggregation': 'mean', 'n_repeats': 1}"
semif_qwen35_4b,Qwen/Qwen3.5-4B@851bf6e806efd8d0a36b00ddf55e13ccb7b8cd0a,sequential_bayes__seed_000060__repr_direct,sequential_bayes__seed_000060,sequential_bayes,6,direct,"(0.10,0.30]","{'parameters': {'conditional_independence': 'Evidence items are conditionally independent given H or not_H.', 'evidence_sequence': [{'E_given_H': 0.939675, 'E_given_not_H': 0.667868}, {'E_given_H': 0.01395, 'E_given_not_H': 0.793417}, {'E_given_H': 0.196268, 'E_given_not_H': 0.914188}, {'E_given_H': 0.328341, 'E_given_not_H': 0.022257}], 'observed_prefix_length': 4, 'posterior_trajectory': [0.59555, 0.6744542302135247, 0.035145908606276956, 0.007759683052744734, 0.10343497142093172], 'prior_H': 0.59555}, 'posterior_trajectory': [0.59555, 0.6744542302135247, 0.035145908606276956, 0.007759683052744734, 0.10343497142093172]}","{'H': 0.10343497142093172, 'not_H': 0.8965650285790683}","{'H': 0.6224593312018546, 'not_H': 0.37754066879814546}","{'tv': 0.5190243597809228, 'mae_binary': 0.5190243597809229, 'rmse_binary': 0.5190243597809229, 'brier_regret': 0.5387725720919936, 'kl': 0.5897940158431222}",H,not_H,False,174.57954492419958,mean,mean,1,"{'std_H': 0.0, 'std_not_H': 0.0}",,{},"{'repeat_aggregation': 'mean', 'n_repeats': 1}"
semif_qwen35_4b,Qwen/Qwen3.5-4B@851bf6e806efd8d0a36b00ddf55e13ccb7b8cd0a,sequential_bayes__seed_000060__repr_prose,sequential_bayes__seed_000060,sequential_bayes,6,prose,"(0.10,0.30]","{'parameters': {'conditional_independence': 'Evidence items are conditionally independent given H or not_H.', 'evidence_sequence': [{'E_given_H': 0.939675, 'E_given_not_H': 0.667868}, {'E_given_H': 0.01395, 'E_given_not_H': 0.793417}, {'E_given_H': 0.196268, 'E_given_not_H': 0.914188}, {'E_given_H': 0.328341, 'E_given_not_H': 0.022257}], 'observed_prefix_length': 4, 'posterior_trajectory': [0.59555, 0.6744542302135247, 0.035145908606276956, 0.007759683052744734, 0.10343497142093172], 'prior_H': 0.59555}, 'posterior_trajectory': [0.59555, 0.6744542302135247, 0.035145908606276956, 0.007759683052744734, 0.10343497142093172]}","{'H': 0.10343497142093172, 'not_H': 0.8965650285790683}","{'H': 0.9706877692486436, 'not_H': 0.029312230751356316}","{'tv': 0.8672527978277119, 'mae_binary': 0.8672527978277119, 'rmse_binary': 0.8672527978277119, 'brier_regret': 1.5042548306799883, 'kl': 2.8351625356728407}",H,not_H,False,186.65874935686588,mean,mean,1,"{'std_H': 0.0, 'std_not_H': 0.0}",,{},"{'repeat_aggregation': 'mean', 'n_repeats': 1}"
semif_qwen35_4b,Qwen/Qwen3.5-4B@851bf6e806efd8d0a36b00ddf55e13ccb7b8cd0a,sequential_bayes__seed_000060__repr_table,sequential_bayes__seed_000060,sequential_bayes,6,table,"(0.10,0.30]","{'parameters': {'conditional_independence': 'Evidence items are conditionally independent given H or not_H.', 'evidence_sequence': [{'E_given_H': 0.939675, 'E_given_not_H': 0.667868}, {'E_given_H': 0.01395, 'E_given_not_H': 0.793417}, {'E_given_H': 0.196268, 'E_given_not_H': 0.914188}, {'E_given_H': 0.328341, 'E_given_not_H': 0.022257}], 'observed_prefix_length': 4, 'posterior_trajectory': [0.59555, 0.6744542302135247, 0.035145908606276956, 0.007759683052744734, 0.10343497142093172], 'prior_H': 0.59555}, 'posterior_trajectory': [0.59555, 0.6744542302135247, 0.035145908606276956, 0.007759683052744734, 0.10343497142093172]}","{'H': 0.10343497142093172, 'not_H': 0.8965650285790683}","{'H': 0.5621765008857981, 'not_H': 0.4378234991142019}","{'tv': 0.45874152946486635, 'mae_binary': 0.45874152946486635, 'rmse_binary': 0.45874152946486635, 'brier_regret': 0.42088758171152973, 'kl': 0.4675151943970922}",H,not_H,False,231.2983158044517,mean,mean,1,"{'std_H': 0.0, 'std_not_H': 0.0}",,{},"{'repeat_aggregation': 'mean', 'n_repeats': 1}"
semif_qwen35_4b,Qwen/Qwen3.5-4B@851bf6e806efd8d0a36b00ddf55e13ccb7b8cd0a,sequential_bayes__seed_000061__repr_direct,sequential_bayes__seed_000061,sequential_bayes,6,direct,"(0.55,0.70]","{'parameters': {'conditional_independence': 'Evidence items are conditionally independent given H or not_H.', 'evidence_sequence': [{'E_given_H': 0.088961, 'E_given_not_H': 0.893826}, {'E_given_H': 0.12922, 'E_given_not_H': 0.986114}, {'E_given_H': 0.36327, 'E_given_not_H': 0.085042}, {'E_given_H': 0.527252, 'E_given_not_H': 0.126874}, {'E_given_H': 0.554853, 'E_given_not_H': 0.334595}, {'E_given_H': 0.748268, 'E_given_not_H': 0.515369}], 'observed_prefix_length': 6, 'posterior_trajectory': [0.772461, 0.2525509401362523, 0.04239890454210647, 0.159050792052575, 0.4400834170144869, 0.5658548933841624, 0.6542643257081491], 'prior_H': 0.772461}, 'posterior_trajectory': [0.772461, 0.2525509401362523, 0.04239890454210647, 0.159050792052575, 0.4400834170144869, 0.5658548933841624, 0.6542643257081491]}","{'H': 0.6542643257081491, 'not_H': 0.3457356742918509}","{'H': 0.7549149868676283, 'not_H': 0.24508501313237172}","{'tv': 0.1006506611594792, 'mae_binary': 0.10065066115947918, 'rmse_binary': 0.10065066115947918, 'brier_regret': 0.02026111118368059, 'kl': 0.02533595713972618}",H,H,True,212.74250699207187,mean,mean,1,"{'std_H': 0.0, 'std_not_H': 0.0}",,{},"{'repeat_aggregation': 'mean', 'n_repeats': 1}"
semif_qwen35_4b,Qwen/Qwen3.5-4B@851bf6e806efd8d0a36b00ddf55e13ccb7b8cd0a,sequential_bayes__seed_000061__repr_prose,sequential_bayes__seed_000061,sequential_bayes,6,prose,"(0.55,0.70]","{'parameters': {'conditional_independence': 'Evidence items are conditionally independent given H or not_H.', 'evidence_sequence': [{'E_given_H': 0.088961, 'E_given_not_H': 0.893826}, {'E_given_H': 0.12922, 'E_given_not_H': 0.986114}, {'E_given_H': 0.36327, 'E_given_not_H': 0.085042}, {'E_given_H': 0.527252, 'E_given_not_H': 0.126874}, {'E_given_H': 0.554853, 'E_given_not_H': 0.334595}, {'E_given_H': 0.748268, 'E_given_not_H': 0.515369}], 'observed_prefix_length': 6, 'posterior_trajectory': [0.772461, 0.2525509401362523, 0.04239890454210647, 0.159050792052575, 0.4400834170144869, 0.5658548933841624, 0.6542643257081491], 'prior_H': 0.772461}, 'posterior_trajectory': [0.772461, 0.2525509401362523, 0.04239890454210647, 0.159050792052575, 0.4400834170144869, 0.5658548933841624, 0.6542643257081491]}","{'H': 0.6542643257081491, 'not_H': 0.3457356742918509}","{'H': 0.9820137900379085, 'not_H': 0.017986209962091555}","{'tv': 0.3277494643297594, 'mae_binary': 0.3277494643297594, 'rmse_binary': 0.3277494643297594, 'brier_regret': 0.21483942273688844, 'kl': 0.7563258123982926}",H,H,True,218.58179802075028,mean,mean,1,"{'std_H': 0.0, 'std_not_H': 0.0}",,{},"{'repeat_aggregation': 'mean', 'n_repeats': 1}"
semif_qwen35_4b,Qwen/Qwen3.5-4B@851bf6e806efd8d0a36b00ddf55e13ccb7b8cd0a,sequential_bayes__seed_000061__repr_table,sequential_bayes__seed_000061,sequential_bayes,6,table,"(0.55,0.70]","{'parameters': {'conditional_independence': 'Evidence items are conditionally independent given H or not_H.', 'evidence_sequence': [{'E_given_H': 0.088961, 'E_given_not_H': 0.893826}, {'E_given_H': 0.12922, 'E_given_not_H': 0.986114}, {'E_given_H': 0.36327, 'E_given_not_H': 0.085042}, {'E_given_H': 0.527252, 'E_given_not_H': 0.126874}, {'E_given_H': 0.554853, 'E_given_not_H': 0.334595}, {'E_given_H': 0.748268, 'E_given_not_H': 0.515369}], 'observed_prefix_length': 6, 'posterior_trajectory': [0.772461, 0.2525509401362523, 0.04239890454210647, 0.159050792052575, 0.4400834170144869, 0.5658548933841624, 0.6542643257081491], 'prior_H': 0.772461}, 'posterior_trajectory': [0.772461, 0.2525509401362523, 0.04239890454210647, 0.159050792052575, 0.4400834170144869, 0.5658548933841624, 0.6542643257081491]}","{'H': 0.6542643257081491, 'not_H': 0.3457356742918509}","{'H': 0.5926665999540697, 'not_H': 0.4073334000459302}","{'tv': 0.06159772575407935, 'mae_binary': 0.0615977257540794, 'rmse_binary': 0.0615977257540794, 'brier_regret': 0.00758855963614954, 'kl': 0.008007329312363295}",H,H,True,278.01721589639783,mean,mean,1,"{'std_H': 0.0, 'std_not_H': 0.0}",,{},"{'repeat_aggregation': 'mean', 'n_repeats': 1}"
semif_qwen35_4b,Qwen/Qwen3.5-4B@851bf6e806efd8d0a36b00ddf55e13ccb7b8cd0a,bayes__seed_000042__repr_counts,bayes__seed_000042,bayes,5,counts,"[0.01,0.10]","{'parameters': {'likelihood_event': {'H': 0.439104, 'not_H': 0.774864}, 'observed_event': True, 'priors': {'H': 0.07458, 'not_H': 0.92542}}}","{'H': 0.04367480789658851, 'not_H': 0.9563251921034115}","{'H': 0.5312093733737563, 'not_H': 0.46879062662624377}","{'tv': 0.4875345654771678, 'mae_binary': 0.4875345654771678, 'rmse_binary': 0.4875345654771678, 'brier_regret': 0.47537990507002154, 'kl': 0.5726877001888789}",H,not_H,False,115.5375512316823,median,median,1,"{'std_H': 0.0, 'std_not_H': 0.0}",,{},"{'repeat_aggregation': 'median', 'n_repeats': 1}"
semif_qwen35_4b,Qwen/Qwen3.5-4B@851bf6e806efd8d0a36b00ddf55e13ccb7b8cd0a,bayes__seed_000042__repr_direct,bayes__seed_000042,bayes,5,direct,"[0.01,0.10]","{'parameters': {'likelihood_event': {'H': 0.439104, 'not_H': 0.774864}, 'observed_event': True, 'priors': {'H': 0.07458, 'not_H': 0.92542}}}","{'H': 0.04367480789658851, 'not_H': 0.9563251921034115}","{'H': 0.7981867777396212, 'not_H': 0.20181322226037882}","{'tv': 0.7545119698430327, 'mae_binary': 0.7545119698430327, 'rmse_binary': 0.7545119698430327, 'brier_regret': 1.1385766252728269, 'kl': 1.3609078066026226}",H,not_H,False,117.83974291756749,median,median,1,"{'std_H': 0.0, 'std_not_H': 0.0}",,{},"{'repeat_aggregation': 'median', 'n_repeats': 1}"
semif_qwen35_4b,Qwen/Qwen3.5-4B@851bf6e806efd8d0a36b00ddf55e13ccb7b8cd0a,bayes__seed_000042__repr_distractor,bayes__seed_000042,bayes,5,distractor,"[0.01,0.10]","{'parameters': {'likelihood_event': {'H': 0.439104, 'not_H': 0.774864}, 'observed_event': True, 'priors': {'H': 0.07458, 'not_H': 0.92542}}}","{'H': 0.04367480789658851, 'not_H': 0.9563251921034115}","{'H': 0.7981867777396212, 'not_H': 0.20181322226037882}","{'tv': 0.7545119698430327, 'mae_binary': 0.7545119698430327, 'rmse_binary': 0.7545119698430327, 'brier_regret': 1.1385766252728269, 'kl': 1.3609078066026226}",H,not_H,False,130.33653888851404,median,median,1,"{'std_H': 0.0, 'std_not_H': 0.0}",,{},"{'repeat_aggregation': 'median', 'n_repeats': 1}"
semif_qwen35_4b,Qwen/Qwen3.5-4B@851bf6e806efd8d0a36b00ddf55e13ccb7b8cd0a,bayes__seed_000042__repr_prose,bayes__seed_000042,bayes,5,prose,"[0.01,0.10]","{'parameters': {'likelihood_event': {'H': 0.439104, 'not_H': 0.774864}, 'observed_event': True, 'priors': {'H': 0.07458, 'not_H': 0.92542}}}","{'H': 0.04367480789658851, 'not_H': 0.9563251921034115}","{'H': 0.8933094060543487, 'not_H': 0.10669059394565118}","{'tv': 0.8496345981577602, 'mae_binary': 0.8496345981577602, 'rmse_binary': 0.8496345981577602, 'brier_regret': 1.4437579007733976, 'kl': 1.965561327850102}",H,not_H,False,129.34553110972047,median,median,1,"{'std_H': 0.0, 'std_not_H': 0.0}",,{},"{'repeat_aggregation': 'median', 'n_repeats': 1}"
semif_qwen35_4b,Qwen/Qwen3.5-4B@851bf6e806efd8d0a36b00ddf55e13ccb7b8cd0a,bayes__seed_000042__repr_table,bayes__seed_000042,bayes,5,table,"[0.01,0.10]","{'parameters': {'likelihood_event': {'H': 0.439104, 'not_H': 0.774864}, 'observed_event': True, 'priors': {'H': 0.07458, 'not_H': 0.92542}}}","{'H': 0.04367480789658851, 'not_H': 0.9563251921034115}","{'H': 0.7057850278370112, 'not_H': 0.29421497216298875}","{'tv': 0.6621102199404227, 'mae_binary': 0.6621102199404227, 'rmse_binary': 0.6621102199404227, 'brier_regret': 0.87677988669911, 'kl': 1.0057771399543243}",H,not_H,False,134.08465078100562,median,median,1,"{'std_H': 0.0, 'std_not_H': 0.0}",,{},"{'repeat_aggregation': 'median', 'n_repeats': 1}"
semif_qwen35_4b,Qwen/Qwen3.5-4B@851bf6e806efd8d0a36b00ddf55e13ccb7b8cd0a,bayes__seed_000045__repr_counts,bayes__seed_000045,bayes,5,counts,"(0.70,0.90]","{'parameters': {'likelihood_event': {'H': 0.780272, 'not_H': 0.101396}, 'observed_event': True, 'priors': {'H': 0.480479, 'not_H': 0.519521}}}","{'H': 0.8768016590833436, 'not_H': 0.12319834091665638}","{'H': 0.9525741268224334, 'not_H': 0.04742587317756679}","{'tv': 0.07577246773908966, 'mae_binary': 0.07577246773908974, 'rmse_binary': 0.07577246773908974, 'brier_regret': 0.011482933734542768, 'kl': 0.0449329800695098}",H,H,True,113.08784084394574,median,median,1,"{'std_H': 0.0, 'std_not_H': 0.0}",,{},"{'repeat_aggregation': 'median', 'n_repeats': 1}"
semif_qwen35_4b,Qwen/Qwen3.5-4B@851bf6e806efd8d0a36b00ddf55e13ccb7b8cd0a,bayes__seed_000045__repr_direct,bayes__seed_000045,bayes,5,direct,"(0.70,0.90]","{'parameters': {'likelihood_event': {'H': 0.780272, 'not_H': 0.101396}, 'observed_event': True, 'priors': {'H': 0.480479, 'not_H': 0.519521}}}","{'H': 0.8768016590833436, 'not_H': 0.12319834091665638}","{'H': 0.9241418199787566, 'not_H': 0.07585818002124356}","{'tv': 0.047340160895412875, 'mae_binary': 0.04734016089541293, 'rmse_binary': 0.04734016089541293, 'brier_regret': 0.004482181667207157, 'kl': 0.013636192329989201}",H,H,True,116.68111942708492,median,median,1,"{'std_H': 0.0, 'std_not_H': 0.0}",,{},"{'repeat_aggregation': 'median', 'n_repeats': 1}"
semif_qwen35_4b,Qwen/Qwen3.5-4B@851bf6e806efd8d0a36b00ddf55e13ccb7b8cd0a,bayes__seed_000045__repr_distractor,bayes__seed_000045,bayes,5,distractor,"(0.70,0.90]","{'parameters': {'likelihood_event': {'H': 0.780272, 'not_H': 0.101396}, 'observed_event': True, 'priors': {'H': 0.480479, 'not_H': 0.519521}}}","{'H': 0.8768016590833436, 'not_H': 0.12319834091665638}","{'H': 0.9579122720843811, 'not_H': 0.04208772791561884}","{'tv': 0.08111061300103752, 'mae_binary': 0.0811106130010375, 'rmse_binary': 0.0811106130010375, 'brier_regret': 0.013157863082808152, 'kl': 0.05474450033943777}",H,H,True,129.6919477172196,median,median,1,"{'std_H': 0.0, 'std_not_H': 0.0}",,{},"{'repeat_aggregation': 'median', 'n_repeats': 1}"
semif_qwen35_4b,Qwen/Qwen3.5-4B@851bf6e806efd8d0a36b00ddf55e13ccb7b8cd0a,bayes__seed_000045__repr_prose,bayes__seed_000045,bayes,5,prose,"(0.70,0.90]","{'parameters': {'likelihood_event': {'H': 0.780272, 'not_H': 0.101396}, 'observed_event': True, 'priors': {'H': 0.480479, 'not_H': 0.519521}}}","{'H': 0.8768016590833436, 'not_H': 0.12319834091665638}","{'H': 0.9525741268224334, 'not_H': 0.04742587317756679}","{'tv': 0.07577246773908966, 'mae_binary': 0.07577246773908974, 'rmse_binary': 0.07577246773908974, 'brier_regret': 0.011482933734542768, 'kl': 0.0449329800695098}",H,H,True,128.72265093028545,median,median,1,"{'std_H': 0.0, 'std_not_H': 0.0}",,{},"{'repeat_aggregation': 'median', 'n_repeats': 1}"
semif_qwen35_4b,Qwen/Qwen3.5-4B@851bf6e806efd8d0a36b00ddf55e13ccb7b8cd0a,bayes__seed_000045__repr_table,bayes__seed_000045,bayes,5,table,"(0.70,0.90]","{'parameters': {'likelihood_event': {'H': 0.780272, 'not_H': 0.101396}, 'observed_event': True, 'priors': {'H': 0.480479, 'not_H': 0.519521}}}","{'H': 0.8768016590833436, 'not_H': 0.12319834091665638}","{'H': 0.9046505351008906, 'not_H': 0.0953494648991095}","{'tv': 0.027848876017546903, 'mae_binary': 0.02784887601754693, 'rmse_binary': 0.02784887601754693, 'brier_regret': 0.0015511197908813982, 'kl': 0.00415343172502269}",H,H,True,134.38290590420365,median,median,1,"{'std_H': 0.0, 'std_not_H': 0.0}",,{},"{'repeat_aggregation': 'median', 'n_repeats': 1}"
semif_qwen35_4b,Qwen/Qwen3.5-4B@851bf6e806efd8d0a36b00ddf55e13ccb7b8cd0a,bayes__seed_000048__repr_counts,bayes__seed_000048,bayes,5,counts,"(0.70,0.90]","{'parameters': {'likelihood_event': {'H': 0.23861, 'not_H': 0.681894}, 'observed_event': True, 'priors': {'H': 0.933733, 'not_H': 0.06626699999999996}}}","{'H': 0.8313821568498233, 'not_H': 0.1686178431501767}","{'H': 0.9525741268224334, 'not_H': 0.04742587317756679}","{'tv': 0.12119196997260998, 'mae_binary': 0.12119196997261006, 'rmse_binary': 0.12119196997261006, 'brier_regret': 0.029374987171684, 'kl': 0.10075303774850006}",H,H,True,115.61396671459079,median,median,1,"{'std_H': 0.0, 'std_not_H': 0.0}",,{},"{'repeat_aggregation': 'median', 'n_repeats': 1}"
semif_qwen35_4b,Qwen/Qwen3.5-4B@851bf6e806efd8d0a36b00ddf55e13ccb7b8cd0a,bayes__seed_000048__repr_direct,bayes__seed_000048,bayes,5,direct,"(0.70,0.90]","{'parameters': {'likelihood_event': {'H': 0.23861, 'not_H': 0.681894}, 'observed_event': True, 'priors': {'H': 0.933733, 'not_H': 0.06626699999999996}}}","{'H': 0.8313821568498233, 'not_H': 0.1686178431501767}","{'H': 0.8670357598021706, 'not_H': 0.13296424019782924}","{'tv': 0.03565360295234739, 'mae_binary': 0.03565360295234732, 'rmse_binary': 0.03565360295234732, 'brier_regret': 0.002542358806967269, 'kl': 0.0051456702364110485}",H,H,True,120.47668593004346,median,median,1,"{'std_H': 0.0, 'std_not_H': 0.0}",,{},"{'repeat_aggregation': 'median', 'n_repeats': 1}"
semif_qwen35_4b,Qwen/Qwen3.5-4B@851bf6e806efd8d0a36b00ddf55e13ccb7b8cd0a,bayes__seed_000048__repr_distractor,bayes__seed_000048,bayes,5,distractor,"(0.70,0.90]","{'parameters': {'likelihood_event': {'H': 0.23861, 'not_H': 0.681894}, 'observed_event': True, 'priors': {'H': 0.933733, 'not_H': 0.06626699999999996}}}","{'H': 0.8313821568498233, 'not_H': 0.1686178431501767}","{'H': 0.9241418199787566, 'not_H': 0.07585818002124356}","{'tv': 0.09275966312893319, 'mae_binary': 0.09275966312893325, 'rmse_binary': 0.09275966312893325, 'brier_regret': 0.017208710207586336, 'kl': 0.04674649889221938}",H,H,True,132.03268311917782,median,median,1,"{'std_H': 0.0, 'std_not_H': 0.0}",,{},"{'repeat_aggregation': 'median', 'n_repeats': 1}"
semif_qwen35_4b,Qwen/Qwen3.5-4B@851bf6e806efd8d0a36b00ddf55e13ccb7b8cd0a,bayes__seed_000048__repr_prose,bayes__seed_000048,bayes,5,prose,"(0.70,0.90]","{'parameters': {'likelihood_event': {'H': 0.23861, 'not_H': 0.681894}, 'observed_event': True, 'priors': {'H': 0.933733, 'not_H': 0.06626699999999996}}}","{'H': 0.8313821568498233, 'not_H': 0.1686178431501767}","{'H': 0.9149009549929797, 'not_H': 0.08509904500702024}","{'tv': 0.08351879814315644, 'mae_binary': 0.08351879814315644, 'rmse_binary': 0.08351879814315644, 'brier_regret': 0.013950779286554624, 'kl': 0.03571899968083651}",H,H,True,128.7073865532875,median,median,1,"{'std_H': 0.0, 'std_not_H': 0.0}",,{},"{'repeat_aggregation': 'median', 'n_repeats': 1}"
semif_qwen35_4b,Qwen/Qwen3.5-4B@851bf6e806efd8d0a36b00ddf55e13ccb7b8cd0a,bayes__seed_000048__repr_table,bayes__seed_000048,bayes,5,table,"(0.70,0.90]","{'parameters': {'likelihood_event': {'H': 0.23861, 'not_H': 0.681894}, 'observed_event': True, 'priors': {'H': 0.933733, 'not_H': 0.06626699999999996}}}","{'H': 0.8313821568498233, 'not_H': 0.1686178431501767}","{'H': 0.7772998611746911, 'not_H': 0.22270013882530884}","{'tv': 0.05408229567513219, 'mae_binary': 0.05408229567513223, 'rmse_binary': 0.05408229567513223, 'brier_regret': 0.0058497894109848445, 'kl': 0.009013542007321858}",H,H,True,139.59829695522785,median,median,1,"{'std_H': 0.0, 'std_not_H': 0.0}",,{},"{'repeat_aggregation': 'median', 'n_repeats': 1}"
semif_qwen35_4b,Qwen/Qwen3.5-4B@851bf6e806efd8d0a36b00ddf55e13ccb7b8cd0a,bayes__seed_000051__repr_counts,bayes__seed_000051,bayes,5,counts,"(0.90,0.99]","{'parameters': {'likelihood_event': {'H': 0.64129, 'not_H': 0.013968}, 'observed_event': True, 'priors': {'H': 0.410511, 'not_H': 0.5894889999999999}}}","{'H': 0.9696712044107276, 'not_H': 0.030328795589272373}","{'H': 0.9579122720843811, 'not_H': 0.04208772791561884}","{'tv': 0.011758932326346488, 'mae_binary': 0.011758932326346505, 'rmse_binary': 0.011758932326346505, 'brier_regret': 0.00027654497891119287, 'kl': 0.0018933223091172468}",H,H,True,112.52880096435547,median,median,1,"{'std_H': 0.0, 'std_not_H': 0.0}",,{},"{'repeat_aggregation': 'median', 'n_repeats': 1}"
semif_qwen35_4b,Qwen/Qwen3.5-4B@851bf6e806efd8d0a36b00ddf55e13ccb7b8cd0a,bayes__seed_000051__repr_direct,bayes__seed_000051,bayes,5,direct,"(0.90,0.99]","{'parameters': {'likelihood_event': {'H': 0.64129, 'not_H': 0.013968}, 'observed_event': True, 'priors': {'H': 0.410511, 'not_H': 0.5894889999999999}}}","{'H': 0.9696712044107276, 'not_H': 0.030328795589272373}","{'H': 0.9149009549929797, 'not_H': 0.08509904500702024}","{'tv': 0.05477024941774788, 'mae_binary': 0.054770249417747885, 'rmse_binary': 0.054770249417747885, 'brier_regret': 0.005999560442564623, 'kl': 0.02508711186301394}",H,H,True,120.08439796045423,median,median,1,"{'std_H': 0.0, 'std_not_H': 0.0}",,{},"{'repeat_aggregation': 'median', 'n_repeats': 1}"
semif_qwen35_4b,Qwen/Qwen3.5-4B@851bf6e806efd8d0a36b00ddf55e13ccb7b8cd0a,bayes__seed_000051__repr_distractor,bayes__seed_000051,bayes,5,distractor,"(0.90,0.99]","{'parameters': {'likelihood_event': {'H': 0.64129, 'not_H': 0.013968}, 'observed_event': True, 'priors': {'H': 0.410511, 'not_H': 0.5894889999999999}}}","{'H': 0.9696712044107276, 'not_H': 0.030328795589272373}","{'H': 0.9626731126558706, 'not_H': 0.037326887344129464}","{'tv': 0.006998091754857043, 'mae_binary': 0.006998091754856994, 'rmse_binary': 0.006998091754856994, 'brier_regret': 9.794657641879625e-05, 'kl': 0.0007267142164713901}",H,H,True,132.2311949916184,median,median,1,"{'std_H': 0.0, 'std_not_H': 0.0}",,{},"{'repeat_aggregation': 'median', 'n_repeats': 1}"
semif_qwen35_4b,Qwen/Qwen3.5-4B@851bf6e806efd8d0a36b00ddf55e13ccb7b8cd0a,bayes__seed_000051__repr_prose,bayes__seed_000051,bayes,5,prose,"(0.90,0.99]","{'parameters': {'likelihood_event': {'H': 0.64129, 'not_H': 0.013968}, 'observed_event': True, 'priors': {'H': 0.410511, 'not_H': 0.5894889999999999}}}","{'H': 0.9696712044107276, 'not_H': 0.030328795589272373}","{'H': 0.9706877692486436, 'not_H': 0.029312230751356316}","{'tv': 0.0010165648379160345, 'mae_binary': 0.001016564837916012, 'rmse_binary': 0.001016564837916012, 'brier_regret': 2.0668081393745066e-06, 'kl': 1.7959698627137812e-05}",H,H,True,129.46261931210756,median,median,1,"{'std_H': 0.0, 'std_not_H': 0.0}",,{},"{'repeat_aggregation': 'median', 'n_repeats': 1}"
semif_qwen35_4b,Qwen/Qwen3.5-4B@851bf6e806efd8d0a36b00ddf55e13ccb7b8cd0a,bayes__seed_000051__repr_table,bayes__seed_000051,bayes,5,table,"(0.90,0.99]","{'parameters': {'likelihood_event': {'H': 0.64129, 'not_H': 0.013968}, 'observed_event': True, 'priors': {'H': 0.410511, 'not_H': 0.5894889999999999}}}","{'H': 0.9696712044107276, 'not_H': 0.030328795589272373}","{'H': 0.9149009549929797, 'not_H': 0.08509904500702024}","{'tv': 0.05477024941774788, 'mae_binary': 0.054770249417747885, 'rmse_binary': 0.054770249417747885, 'brier_regret': 0.005999560442564623, 'kl': 0.02508711186301394}",H,H,True,138.29776924103498,median,median,1,"{'std_H': 0.0, 'std_not_H': 0.0}",,{},"{'repeat_aggregation': 'median', 'n_repeats': 1}"
semif_qwen35_4b,Qwen/Qwen3.5-4B@851bf6e806efd8d0a36b00ddf55e13ccb7b8cd0a,bayes__seed_000054__repr_counts,bayes__seed_000054,bayes,5,counts,"(0.30,0.45]","{'parameters': {'likelihood_event': {'H': 0.0912, 'not_H': 0.543916}, 'observed_event': True, 'priors': {'H': 0.808057, 'not_H': 0.19194299999999997}}}","{'H': 0.4137933255962194, 'not_H': 0.5862066744037806}","{'H': 0.7772998611746911, 'not_H': 0.22270013882530884}","{'tv': 0.36350653557847173, 'mae_binary': 0.3635065355784717, 'rmse_binary': 0.3635065355784717, 'brier_regret': 0.26427400281652547, 'kl': 0.30647795307127185}",H,not_H,False,114.15991885587573,median,median,1,"{'std_H': 0.0, 'std_not_H': 0.0}",,{},"{'repeat_aggregation': 'median', 'n_repeats': 1}"
semif_qwen35_4b,Qwen/Qwen3.5-4B@851bf6e806efd8d0a36b00ddf55e13ccb7b8cd0a,bayes__seed_000054__repr_direct,bayes__seed_000054,bayes,5,direct,"(0.30,0.45]","{'parameters': {'likelihood_event': {'H': 0.0912, 'not_H': 0.543916}, 'observed_event': True, 'priors': {'H': 0.808057, 'not_H': 0.19194299999999997}}}","{'H': 0.4137933255962194, 'not_H': 0.5862066744037806}","{'H': 0.8807970779778823, 'not_H': 0.11920292202211755}","{'tv': 0.467003752381663, 'mae_binary': 0.4670037523816629, 'rmse_binary': 0.4670037523816629, 'brier_regret': 0.43618500947710714, 'kl': 0.621131888571707}",H,not_H,False,121.09382171183825,median,median,1,"{'std_H': 0.0, 'std_not_H': 0.0}",,{},"{'repeat_aggregation': 'median', 'n_repeats': 1}"
semif_qwen35_4b,Qwen/Qwen3.5-4B@851bf6e806efd8d0a36b00ddf55e13ccb7b8cd0a,bayes__seed_000054__repr_distractor,bayes__seed_000054,bayes,5,distractor,"(0.30,0.45]","{'parameters': {'likelihood_event': {'H': 0.0912, 'not_H': 0.543916}, 'observed_event': True, 'priors': {'H': 0.808057, 'not_H': 0.19194299999999997}}}","{'H': 0.4137933255962194, 'not_H': 0.5862066744037806}","{'H': 0.9399133498259924, 'not_H': 0.06008665017400762}","{'tv': 0.526120024229773, 'mae_binary': 0.526120024229773, 'rmse_binary': 0.526120024229773, 'brier_regret': 0.5536045597910738, 'kl': 0.9958264723347686}",H,not_H,False,132.28377094492316,median,median,1,"{'std_H': 0.0, 'std_not_H': 0.0}",,{},"{'repeat_aggregation': 'median', 'n_repeats': 1}"
semif_qwen35_4b,Qwen/Qwen3.5-4B@851bf6e806efd8d0a36b00ddf55e13ccb7b8cd0a,bayes__seed_000054__repr_prose,bayes__seed_000054,bayes,5,prose,"(0.30,0.45]","{'parameters': {'likelihood_event': {'H': 0.0912, 'not_H': 0.543916}, 'observed_event': True, 'priors': {'H': 0.808057, 'not_H': 0.19194299999999997}}}","{'H': 0.4137933255962194, 'not_H': 0.5862066744037806}","{'H': 0.8175744761936437, 'not_H': 0.18242552380635632}","{'tv': 0.40378115059742425, 'mae_binary': 0.40378115059742425, 'rmse_binary': 0.40378115059742425, 'brier_regret': 0.3260784351555596, 'kl': 0.40251381830959654}",H,not_H,False,129.34650713577867,median,median,1,"{'std_H': 0.0, 'std_not_H': 0.0}",,{},"{'repeat_aggregation': 'median', 'n_repeats': 1}"
semif_qwen35_4b,Qwen/Qwen3.5-4B@851bf6e806efd8d0a36b00ddf55e13ccb7b8cd0a,bayes__seed_000054__repr_table,bayes__seed_000054,bayes,5,table,"(0.30,0.45]","{'parameters': {'likelihood_event': {'H': 0.0912, 'not_H': 0.543916}, 'observed_event': True, 'priors': {'H': 0.808057, 'not_H': 0.19194299999999997}}}","{'H': 0.4137933255962194, 'not_H': 0.5862066744037806}","{'H': 0.8354835371034369, 'not_H': 0.1645164628965632}","{'tv': 0.42169021150721747, 'mae_binary': 0.4216902115072175, 'rmse_binary': 0.4216902115072175, 'brier_regret': 0.35564526896200366, 'kl': 0.45412101001297545}",H,not_H,False,136.28928968682885,median,median,1,"{'std_H': 0.0, 'std_not_H': 0.0}",,{},"{'repeat_aggregation': 'median', 'n_repeats': 1}"
semif_qwen35_4b,Qwen/Qwen3.5-4B@851bf6e806efd8d0a36b00ddf55e13ccb7b8cd0a,bayes__seed_000057__repr_counts,bayes__seed_000057,bayes,5,counts,"(0.10,0.30]","{'parameters': {'likelihood_event': {'H': 0.457145, 'not_H': 0.937508}, 'observed_event': True, 'priors': {'H': 0.226962, 'not_H': 0.773038}}}","{'H': 0.12523423738446504, 'not_H': 0.874765762615535}","{'H': 0.5926665999540697, 'not_H': 0.4073334000459302}","{'tv': 0.4674323625696047, 'mae_binary': 0.46743236256960463, 'rmse_binary': 0.46743236256960463, 'brier_regret': 0.4369860271548047, 'kl': 0.47393470964761675}",H,not_H,False,113.69321588426828,median,median,1,"{'std_H': 0.0, 'std_not_H': 0.0}",,{},"{'repeat_aggregation': 'median', 'n_repeats': 1}"
semif_qwen35_4b,Qwen/Qwen3.5-4B@851bf6e806efd8d0a36b00ddf55e13ccb7b8cd0a,bayes__seed_000057__repr_direct,bayes__seed_000057,bayes,5,direct,"(0.10,0.30]","{'parameters': {'likelihood_event': {'H': 0.457145, 'not_H': 0.937508}, 'observed_event': True, 'priors': {'H': 0.226962, 'not_H': 0.773038}}}","{'H': 0.12523423738446504, 'not_H': 0.874765762615535}","{'H': 0.8519528019683106, 'not_H': 0.1480471980316895}","{'tv': 0.7267185645838454, 'mae_binary': 0.7267185645838455, 'rmse_binary': 0.7267185645838455, 'brier_regret': 1.0562397442216096, 'kl': 1.3138385195422242}",H,not_H,False,117.04492708668113,median,median,1,"{'std_H': 0.0, 'std_not_H': 0.0}",,{},"{'repeat_aggregation': 'median', 'n_repeats': 1}"
semif_qwen35_4b,Qwen/Qwen3.5-4B@851bf6e806efd8d0a36b00ddf55e13ccb7b8cd0a,bayes__seed_000057__repr_distractor,bayes__seed_000057,bayes,5,distractor,"(0.10,0.30]","{'parameters': {'likelihood_event': {'H': 0.457145, 'not_H': 0.937508}, 'observed_event': True, 'priors': {'H': 0.226962, 'not_H': 0.773038}}}","{'H': 0.12523423738446504, 'not_H': 0.874765762615535}","{'H': 0.8519528019683106, 'not_H': 0.1480471980316895}","{'tv': 0.7267185645838454, 'mae_binary': 0.7267185645838455, 'rmse_binary': 0.7267185645838455, 'brier_regret': 1.0562397442216096, 'kl': 1.3138385195422242}",H,not_H,False,130.41101908311248,median,median,1,"{'std_H': 0.0, 'std_not_H': 0.0}",,{},"{'repeat_aggregation': 'median', 'n_repeats': 1}"
semif_qwen35_4b,Qwen/Qwen3.5-4B@851bf6e806efd8d0a36b00ddf55e13ccb7b8cd0a,bayes__seed_000057__repr_prose,bayes__seed_000057,bayes,5,prose,"(0.10,0.30]","{'parameters': {'likelihood_event': {'H': 0.457145, 'not_H': 0.937508}, 'observed_event': True, 'priors': {'H': 0.226962, 'not_H': 0.773038}}}","{'H': 0.12523423738446504, 'not_H': 0.874765762615535}","{'H': 0.8354835371034369, 'not_H': 0.1645164628965632}","{'tv': 0.7102492997189718, 'mae_binary': 0.7102492997189719, 'rmse_binary': 0.7102492997189719, 'brier_regret': 1.0089081355025797, 'kl': 1.2240132841628544}",H,not_H,False,128.84586676955223,median,median,1,"{'std_H': 0.0, 'std_not_H': 0.0}",,{},"{'repeat_aggregation': 'median', 'n_repeats': 1}"
semif_qwen35_4b,Qwen/Qwen3.5-4B@851bf6e806efd8d0a36b00ddf55e13ccb7b8cd0a,bayes__seed_000057__repr_table,bayes__seed_000057,bayes,5,table,"(0.10,0.30]","{'parameters': {'likelihood_event': {'H': 0.457145, 'not_H': 0.937508}, 'observed_event': True, 'priors': {'H': 0.226962, 'not_H': 0.773038}}}","{'H': 0.12523423738446504, 'not_H': 0.874765762615535}","{'H': 0.7772998611746911, 'not_H': 0.22270013882530884}","{'tv': 0.652065623790226, 'mae_binary': 0.652065623790226, 'rmse_binary': 0.652065623790226, 'brier_regret': 0.8503791554578733, 'kl': 0.9681605691417428}",H,not_H,False,132.6795951463282,median,median,1,"{'std_H': 0.0, 'std_not_H': 0.0}",,{},"{'repeat_aggregation': 'median', 'n_repeats': 1}"
semif_qwen35_4b,Qwen/Qwen3.5-4B@851bf6e806efd8d0a36b00ddf55e13ccb7b8cd0a,bayes__seed_000060__repr_counts,bayes__seed_000060,bayes,5,counts,"(0.70,0.90]","{'parameters': {'likelihood_event': {'H': 0.915819, 'not_H': 0.310132}, 'observed_event': True, 'priors': {'H': 0.59555, 'not_H': 0.40445}}}","{'H': 0.8130236350735895, 'not_H': 0.18697636492641045}","{'H': 0.9525741268224334, 'not_H': 0.04742587317756679}","{'tv': 0.13955049174884374, 'mae_binary': 0.13955049174884382, 'rmse_binary': 0.13955049174884382, 'brier_regret': 0.03894867949468821, 'kl': 0.12770760725801752}",H,H,True,116.93332716822624,median,median,1,"{'std_H': 0.0, 'std_not_H': 0.0}",,{},"{'repeat_aggregation': 'median', 'n_repeats': 1}"
semif_qwen35_4b,Qwen/Qwen3.5-4B@851bf6e806efd8d0a36b00ddf55e13ccb7b8cd0a,bayes__seed_000060__repr_direct,bayes__seed_000060,bayes,5,direct,"(0.70,0.90]","{'parameters': {'likelihood_event': {'H': 0.915819, 'not_H': 0.310132}, 'observed_event': True, 'priors': {'H': 0.59555, 'not_H': 0.40445}}}","{'H': 0.8130236350735895, 'not_H': 0.18697636492641045}","{'H': 0.9046505351008906, 'not_H': 0.0953494648991095}","{'tv': 0.09162690002730098, 'mae_binary': 0.091626900027301, 'rmse_binary': 0.091626900027301, 'brier_regret': 0.016790977617226015, 'kl': 0.039094540906214836}",H,H,True,116.13728012889624,median,median,1,"{'std_H': 0.0, 'std_not_H': 0.0}",,{},"{'repeat_aggregation': 'median', 'n_repeats': 1}"
semif_qwen35_4b,Qwen/Qwen3.5-4B@851bf6e806efd8d0a36b00ddf55e13ccb7b8cd0a,bayes__seed_000060__repr_distractor,bayes__seed_000060,bayes,5,distractor,"(0.70,0.90]","{'parameters': {'likelihood_event': {'H': 0.915819, 'not_H': 0.310132}, 'observed_event': True, 'priors': {'H': 0.59555, 'not_H': 0.40445}}}","{'H': 0.8130236350735895, 'not_H': 0.18697636492641045}","{'H': 0.9465966702001757, 'not_H': 0.053403329799824234}","{'tv': 0.1335730351265862, 'mae_binary': 0.13357303512658614, 'rmse_binary': 0.13357303512658614, 'brier_regret': 0.03568351142585645, 'kl': 0.1106303892265524}",H,H,True,130.05927531048656,median,median,1,"{'std_H': 0.0, 'std_not_H': 0.0}",,{},"{'repeat_aggregation': 'median', 'n_repeats': 1}"
semif_qwen35_4b,Qwen/Qwen3.5-4B@851bf6e806efd8d0a36b00ddf55e13ccb7b8cd0a,bayes__seed_000060__repr_prose,bayes__seed_000060,bayes,5,prose,"(0.70,0.90]","{'parameters': {'likelihood_event': {'H': 0.915819, 'not_H': 0.310132}, 'observed_event': True, 'priors': {'H': 0.59555, 'not_H': 0.40445}}}","{'H': 0.8130236350735895, 'not_H': 0.18697636492641045}","{'H': 0.9740426428022031, 'not_H': 0.02595735719779685}","{'tv': 0.16101900772861358, 'mae_binary': 0.16101900772861355, 'rmse_binary': 0.16101900772861355, 'brier_regret': 0.05185424169981463, 'kl': 0.22228067895015743}",H,H,True,129.75279614329338,median,median,1,"{'std_H': 0.0, 'std_not_H': 0.0}",,{},"{'repeat_aggregation': 'median', 'n_repeats': 1}"
semif_qwen35_4b,Qwen/Qwen3.5-4B@851bf6e806efd8d0a36b00ddf55e13ccb7b8cd0a,bayes__seed_000060__repr_table,bayes__seed_000060,bayes,5,table,"(0.70,0.90]","{'parameters': {'likelihood_event': {'H': 0.915819, 'not_H': 0.310132}, 'observed_event': True, 'priors': {'H': 0.59555, 'not_H': 0.40445}}}","{'H': 0.8130236350735895, 'not_H': 0.18697636492641045}","{'H': 0.9046505351008906, 'not_H': 0.0953494648991095}","{'tv': 0.09162690002730098, 'mae_binary': 0.091626900027301, 'rmse_binary': 0.091626900027301, 'brier_regret': 0.016790977617226015, 'kl': 0.039094540906214836}",H,H,True,132.46911438181996,median,median,1,"{'std_H': 0.0, 'std_not_H': 0.0}",,{},"{'repeat_aggregation': 'median', 'n_repeats': 1}"
semif_qwen35_4b,Qwen/Qwen3.5-4B@851bf6e806efd8d0a36b00ddf55e13ccb7b8cd0a,compound__seed_000042__repr_direct,compound__seed_000042,compound,3,direct,"(0.90,0.99]","{'parameters': {'p_A': 0.07458, 'query': 'not_A', 'subtask': 'complement'}}","{'not_target': 0.07457999999999998, 'target': 0.92542}","{'not_target': 0.679178699175393, 'target': 0.32082130082460697}","{'tv': 0.6045986991753931, 'mae_binary': 0.604598699175393, 'rmse_binary': 0.604598699175393, 'brier_regret': 0.7310791740891549, 'kl': 0.81560798474734}",not_target,target,False,106.33736196905375,median,median,1,"{'std_not_target': 0.0, 'std_target': 0.0}",,{},"{'repeat_aggregation': 'median', 'n_repeats': 1}"
semif_qwen35_4b,Qwen/Qwen3.5-4B@851bf6e806efd8d0a36b00ddf55e13ccb7b8cd0a,compound__seed_000042__repr_prose,compound__seed_000042,compound,3,prose,"(0.90,0.99]","{'parameters': {'p_A': 0.07458, 'query': 'not_A', 'subtask': 'complement'}}","{'not_target': 0.07457999999999998, 'target': 0.92542}","{'not_target': 0.5926665999540697, 'target': 0.4073334000459302}","{'tv': 0.5180865999540698, 'mae_binary': 0.5180865999540697, 'rmse_binary': 0.5180865999540697, 'brier_regret': 0.5368274501039366, 'kl': 0.6048277427722801}",not_target,target,False,117.12070275098085,median,median,1,"{'std_not_target': 0.0, 'std_target': 0.0}",,{},"{'repeat_aggregation': 'median', 'n_repeats': 1}"
semif_qwen35_4b,Qwen/Qwen3.5-4B@851bf6e806efd8d0a36b00ddf55e13ccb7b8cd0a,compound__seed_000042__repr_table,compound__seed_000042,compound,3,table,"(0.90,0.99]","{'parameters': {'p_A': 0.07458, 'query': 'not_A', 'subtask': 'complement'}}","{'not_target': 0.07457999999999998, 'target': 0.92542}","{'not_target': 0.8175744761936437, 'target': 0.18242552380635632}","{'tv': 0.7429944761936437, 'mae_binary': 0.7429944761936437, 'rmse_binary': 0.7429944761936437, 'brier_regret': 1.1040815833085338, 'kl': 1.3242152566151923}",not_target,target,False,115.86550436913967,median,median,1,"{'std_not_target': 0.0, 'std_target': 0.0}",,{},"{'repeat_aggregation': 'median', 'n_repeats': 1}"
semif_qwen35_4b,Qwen/Qwen3.5-4B@851bf6e806efd8d0a36b00ddf55e13ccb7b8cd0a,compound__seed_000043__repr_direct,compound__seed_000043,compound,3,direct,"(0.10,0.30]","{'parameters': {'independent': True, 'p_A': 0.200973, 'p_B': 0.665751, 'query': 'A_and_B', 'subtask': 'intersection'}}","{'not_target': 0.866202024277, 'target': 0.133797975723}","{'not_target': 0.08509904500702024, 'target': 0.9149009549929797}","{'tv': 0.7811029792699797, 'mae_binary': 0.7811029792699797, 'rmse_binary': 0.7811029792699797, 'brier_regret': 1.2202437284488767, 'kl': 1.7526260205027278}",target,not_target,False,105.98251363262534,median,median,1,"{'std_not_target': 0.0, 'std_target': 0.0}",,{},"{'repeat_aggregation': 'median', 'n_repeats': 1}"
semif_qwen35_4b,Qwen/Qwen3.5-4B@851bf6e806efd8d0a36b00ddf55e13ccb7b8cd0a,compound__seed_000043__repr_prose,compound__seed_000043,compound,3,prose,"(0.10,0.30]","{'parameters': {'independent': True, 'p_A': 0.200973, 'p_B': 0.665751, 'query': 'A_and_B', 'subtask': 'intersection'}}","{'not_target': 0.866202024277, 'target': 0.133797975723}","{'not_target': 0.37754066879814546, 'target': 0.6224593312018546}","{'tv': 0.4886613554788546, 'mae_binary': 0.48866135547885453, 'rmse_binary': 0.48866135547885453, 'brier_regret': 0.47757984067686293, 'kl': 0.5136347436885206}",target,not_target,False,120.67345529794693,median,median,1,"{'std_not_target': 0.0, 'std_target': 0.0}",,{},"{'repeat_aggregation': 'median', 'n_repeats': 1}"
semif_qwen35_4b,Qwen/Qwen3.5-4B@851bf6e806efd8d0a36b00ddf55e13ccb7b8cd0a,compound__seed_000043__repr_table,compound__seed_000043,compound,3,table,"(0.10,0.30]","{'parameters': {'independent': True, 'p_A': 0.200973, 'p_B': 0.665751, 'query': 'A_and_B', 'subtask': 'intersection'}}","{'not_target': 0.866202024277, 'target': 0.133797975723}","{'not_target': 0.02297736991002561, 'target': 0.9770226300899744}","{'tv': 0.8432246543669744, 'mae_binary': 0.8432246543669744, 'rmse_binary': 0.8432246543669744, 'brier_regret': 1.4220556354646068, 'kl': 2.8779598027810893}",target,not_target,False,130.7864747941494,median,median,1,"{'std_not_target': 0.0, 'std_target': 0.0}",,{},"{'repeat_aggregation': 'median', 'n_repeats': 1}"
semif_qwen35_4b,Qwen/Qwen3.5-4B@851bf6e806efd8d0a36b00ddf55e13ccb7b8cd0a,compound__seed_000044__repr_direct,compound__seed_000044,compound,3,direct,"(0.99,1)","{'parameters': {'independent': True, 'p_A': 0.387226, 'p_B': 0.989146, 'query': 'A_or_B', 'subtask': 'union'}}","{'not_target': 0.0066510489960001085, 'target': 0.9933489510039999}","{'not_target': 0.07585818002124356, 'target': 0.9241418199787566}","{'tv': 0.0692071310252434, 'mae_binary': 0.06920713102524345, 'rmse_binary': 0.06920713102524345, 'brier_regret': 0.009579253969490414, 'kl': 0.055546895008004374}",target,target,True,115.39255920797586,median,median,1,"{'std_not_target': 0.0, 'std_target': 0.0}",,{},"{'repeat_aggregation': 'median', 'n_repeats': 1}"
semif_qwen35_4b,Qwen/Qwen3.5-4B@851bf6e806efd8d0a36b00ddf55e13ccb7b8cd0a,compound__seed_000044__repr_prose,compound__seed_000044,compound,3,prose,"(0.99,1)","{'parameters': {'independent': True, 'p_A': 0.387226, 'p_B': 0.989146, 'query': 'A_or_B', 'subtask': 'union'}}","{'not_target': 0.0066510489960001085, 'target': 0.9933489510039999}","{'not_target': 0.13296424019782924, 'target': 0.8670357598021706}","{'tv': 0.1263131912018292, 'mae_binary': 0.12631319120182913, 'rmse_binary': 0.12631319120182913, 'brier_regret': 0.03191004454317972, 'kl': 0.11517531269855648}",target,target,True,118.57947101816535,median,median,1,"{'std_not_target': 0.0, 'std_target': 0.0}",,{},"{'repeat_aggregation': 'median', 'n_repeats': 1}"
semif_qwen35_4b,Qwen/Qwen3.5-4B@851bf6e806efd8d0a36b00ddf55e13ccb7b8cd0a,compound__seed_000044__repr_table,compound__seed_000044,compound,3,table,"(0.99,1)","{'parameters': {'independent': True, 'p_A': 0.387226, 'p_B': 0.989146, 'query': 'A_or_B', 'subtask': 'union'}}","{'not_target': 0.0066510489960001085, 'target': 0.9933489510039999}","{'not_target': 0.04742587317756679, 'target': 0.9525741268224334}","{'tv': 0.0407748241815666, 'mae_binary': 0.04077482418156668, 'rmse_binary': 0.04077482418156668, 'brier_regret': 0.003325172574075337, 'kl': 0.028570036787196915}",target,target,True,129.08116402104497,median,median,1,"{'std_not_target': 0.0, 'std_target': 0.0}",,{},"{'repeat_aggregation': 'median', 'n_repeats': 1}"
semif_qwen35_4b,Qwen/Qwen3.5-4B@851bf6e806efd8d0a36b00ddf55e13ccb7b8cd0a,compound__seed_000045__repr_direct,compound__seed_000045,compound,3,direct,"(0.10,0.30]","{'parameters': {'k': 3, 'n': 7, 'query': 'exactly_k_successes', 'subtask': 'repeated_exact', 'success_probability': 0.490136}}","{'not_target': 0.7214935573757005, 'target': 0.27850644262429947}","{'not_target': 0.0953494648991095, 'target': 0.9046505351008906}","{'tv': 0.6261440924765911, 'mae_binary': 0.6261440924765911, 'rmse_binary': 0.6261440924765911, 'brier_regret': 0.7841128490866677, 'kl': 1.1320298917220495}",target,not_target,False,113.61409584060311,median,median,1,"{'std_not_target': 0.0, 'std_target': 0.0}",,{},"{'repeat_aggregation': 'median', 'n_repeats': 1}"
semif_qwen35_4b,Qwen/Qwen3.5-4B@851bf6e806efd8d0a36b00ddf55e13ccb7b8cd0a,compound__seed_000045__repr_prose,compound__seed_000045,compound,3,prose,"(0.10,0.30]","{'parameters': {'k': 3, 'n': 7, 'query': 'exactly_k_successes', 'subtask': 'repeated_exact', 'success_probability': 0.490136}}","{'not_target': 0.7214935573757005, 'target': 0.27850644262429947}","{'not_target': 0.4073334000459302, 'target': 0.5926665999540697}","{'tv': 0.31416015732977026, 'mae_binary': 0.3141601573297703, 'rmse_binary': 0.3141601573297703, 'brier_regret': 0.19739320890693202, 'kl': 0.20214617686570402}",target,not_target,False,120.650973636657,median,median,1,"{'std_not_target': 0.0, 'std_target': 0.0}",,{},"{'repeat_aggregation': 'median', 'n_repeats': 1}"
semif_qwen35_4b,Qwen/Qwen3.5-4B@851bf6e806efd8d0a36b00ddf55e13ccb7b8cd0a,compound__seed_000045__repr_table,compound__seed_000045,compound,3,table,"(0.10,0.30]","{'parameters': {'k': 3, 'n': 7, 'query': 'exactly_k_successes', 'subtask': 'repeated_exact', 'success_probability': 0.490136}}","{'not_target': 0.7214935573757005, 'target': 0.27850644262429947}","{'not_target': 0.04208772791561884, 'target': 0.9579122720843811}","{'tv': 0.6794058294600817, 'mae_binary': 0.6794058294600817, 'rmse_binary': 0.6794058294600817, 'brier_regret': 0.9231845622086832, 'kl': 1.7061292747381283}",target,not_target,False,132.4765388853848,median,median,1,"{'std_not_target': 0.0, 'std_target': 0.0}",,{},"{'repeat_aggregation': 'median', 'n_repeats': 1}"
semif_qwen35_4b,Qwen/Qwen3.5-4B@851bf6e806efd8d0a36b00ddf55e13ccb7b8cd0a,compound__seed_000046__repr_direct,compound__seed_000046,compound,3,direct,"(0.10,0.30]","{'parameters': {'bad': 14, 'draws_without_replacement': 4, 'good': 6, 'k_good': 2, 'subtask': 'hypergeometric'}}","{'not_target': 0.7182662538699691, 'target': 0.28173374613003094}","{'not_target': 0.11920292202211755, 'target': 0.8807970779778823}","{'tv': 0.5990633318478514, 'mae_binary': 0.5990633318478515, 'rmse_binary': 0.5990633318478515, 'brier_regret': 0.717753751129298, 'kl': 0.968877190357831}",target,not_target,False,105.95280211418867,median,median,1,"{'std_not_target': 0.0, 'std_target': 0.0}",,{},"{'repeat_aggregation': 'median', 'n_repeats': 1}"
semif_qwen35_4b,Qwen/Qwen3.5-4B@851bf6e806efd8d0a36b00ddf55e13ccb7b8cd0a,compound__seed_000046__repr_prose,compound__seed_000046,compound,3,prose,"(0.10,0.30]","{'parameters': {'bad': 14, 'draws_without_replacement': 4, 'good': 6, 'k_good': 2, 'subtask': 'hypergeometric'}}","{'not_target': 0.7182662538699691, 'target': 0.28173374613003094}","{'not_target': 0.11920292202211755, 'target': 0.8807970779778823}","{'tv': 0.5990633318478514, 'mae_binary': 0.5990633318478515, 'rmse_binary': 0.5990633318478515, 'brier_regret': 0.717753751129298, 'kl': 0.968877190357831}",target,not_target,False,118.51921491324902,median,median,1,"{'std_not_target': 0.0, 'std_target': 0.0}",,{},"{'repeat_aggregation': 'median', 'n_repeats': 1}"
semif_qwen35_4b,Qwen/Qwen3.5-4B@851bf6e806efd8d0a36b00ddf55e13ccb7b8cd0a,compound__seed_000046__repr_table,compound__seed_000046,compound,3,table,"(0.10,0.30]","{'parameters': {'bad': 14, 'draws_without_replacement': 4, 'good': 6, 'k_good': 2, 'subtask': 'hypergeometric'}}","{'not_target': 0.7182662538699691, 'target': 0.28173374613003094}","{'not_target': 0.053403329799824234, 'target': 0.9465966702001757}","{'tv': 0.6648629240701448, 'mae_binary': 0.6648629240701449, 'rmse_binary': 0.6648629240701449, 'brier_regret': 0.8840854156062063, 'kl': 1.5253143306091597}",target,not_target,False,129.4043641537428,median,median,1,"{'std_not_target': 0.0, 'std_target': 0.0}",,{},"{'repeat_aggregation': 'median', 'n_repeats': 1}"
semif_qwen35_4b,Qwen/Qwen3.5-4B@851bf6e806efd8d0a36b00ddf55e13ccb7b8cd0a,compound__seed_000047__repr_direct,compound__seed_000047,compound,3,direct,"(0.10,0.30]","{'parameters': {'p_A': 0.84647, 'query': 'not_A', 'subtask': 'complement'}}","{'not_target': 0.84647, 'target': 0.15353000000000006}","{'not_target': 0.7057850278370112, 'target': 0.29421497216298875}","{'tv': 0.1406849721629887, 'mae_binary': 0.1406849721629887, 'rmse_binary': 0.1406849721629887, 'brier_regret': 0.03958452278500181, 'kl': 0.05399965586728278}",not_target,not_target,True,104.84529891982675,median,median,1,"{'std_not_target': 0.0, 'std_target': 0.0}",,{},"{'repeat_aggregation': 'median', 'n_repeats': 1}"
semif_qwen35_4b,Qwen/Qwen3.5-4B@851bf6e806efd8d0a36b00ddf55e13ccb7b8cd0a,compound__seed_000047__repr_prose,compound__seed_000047,compound,3,prose,"(0.10,0.30]","{'parameters': {'p_A': 0.84647, 'query': 'not_A', 'subtask': 'complement'}}","{'not_target': 0.84647, 'target': 0.15353000000000006}","{'not_target': 0.5926665999540697, 'target': 0.4073334000459302}","{'tv': 0.2538034000459302, 'mae_binary': 0.25380340004593027, 'rmse_binary': 0.25380340004593027, 'brier_regret': 0.12883233174974898, 'kl': 0.15191333900206722}",not_target,not_target,True,114.75332779809833,median,median,1,"{'std_not_target': 0.0, 'std_target': 0.0}",,{},"{'repeat_aggregation': 'median', 'n_repeats': 1}"
semif_qwen35_4b,Qwen/Qwen3.5-4B@851bf6e806efd8d0a36b00ddf55e13ccb7b8cd0a,compound__seed_000047__repr_table,compound__seed_000047,compound,3,table,"(0.10,0.30]","{'parameters': {'p_A': 0.84647, 'query': 'not_A', 'subtask': 'complement'}}","{'not_target': 0.84647, 'target': 0.15353000000000006}","{'not_target': 0.8670357598021706, 'target': 0.13296424019782924}","{'tv': 0.02056575980217075, 'mae_binary': 0.02056575980217068, 'rmse_binary': 0.02056575980217068, 'brier_regret': 0.0008459009524811646, 'kl': 0.0017601324678288566}",not_target,not_target,True,117.15180706232786,median,median,1,"{'std_not_target': 0.0, 'std_target': 0.0}",,{},"{'repeat_aggregation': 'median', 'n_repeats': 1}"
semif_qwen35_4b,Qwen/Qwen3.5-4B@851bf6e806efd8d0a36b00ddf55e13ccb7b8cd0a,compound__seed_000048__repr_direct,compound__seed_000048,compound,3,direct,"(0.30,0.45]","{'parameters': {'independent': True, 'p_A': 0.933733, 'p_B': 0.403957, 'query': 'A_and_B', 'subtask': 'intersection'}}","{'not_target': 0.622812018519, 'target': 0.377187981481}","{'not_target': 0.07585818002124356, 'target': 0.9241418199787566}","{'tv': 0.5469538384977566, 'mae_binary': 0.5469538384977565, 'rmse_binary': 0.5469538384977565, 'brier_regret': 0.5983170028948599, 'kl': 0.973249070353768}",target,not_target,False,107.95484902337193,median,median,1,"{'std_not_target': 0.0, 'std_target': 0.0}",,{},"{'repeat_aggregation': 'median', 'n_repeats': 1}"
semif_qwen35_4b,Qwen/Qwen3.5-4B@851bf6e806efd8d0a36b00ddf55e13ccb7b8cd0a,compound__seed_000048__repr_prose,compound__seed_000048,compound,3,prose,"(0.30,0.45]","{'parameters': {'independent': True, 'p_A': 0.933733, 'p_B': 0.403957, 'query': 'A_and_B', 'subtask': 'intersection'}}","{'not_target': 0.622812018519, 'target': 0.377187981481}","{'not_target': 0.22270013882530884, 'target': 0.7772998611746911}","{'tv': 0.4001118796936911, 'mae_binary': 0.4001118796936912, 'rmse_binary': 0.4001118796936912, 'brier_regret': 0.32017903254403757, 'kl': 0.3677733942578412}",target,not_target,False,117.76943923905492,median,median,1,"{'std_not_target': 0.0, 'std_target': 0.0}",,{},"{'repeat_aggregation': 'median', 'n_repeats': 1}"
semif_qwen35_4b,Qwen/Qwen3.5-4B@851bf6e806efd8d0a36b00ddf55e13ccb7b8cd0a,compound__seed_000048__repr_table,compound__seed_000048,compound,3,table,"(0.30,0.45]","{'parameters': {'independent': True, 'p_A': 0.933733, 'p_B': 0.403957, 'query': 'A_and_B', 'subtask': 'intersection'}}","{'not_target': 0.622812018519, 'target': 0.377187981481}","{'not_target': 0.02595735719779685, 'target': 0.9740426428022031}","{'tv': 0.5968546613212031, 'mae_binary': 0.5968546613212031, 'rmse_binary': 0.5968546613212031, 'brier_regret': 0.7124709734816962, 'kl': 1.6213230520819688}",target,not_target,False,129.48957970365882,median,median,1,"{'std_not_target': 0.0, 'std_target': 0.0}",,{},"{'repeat_aggregation': 'median', 'n_repeats': 1}"
semif_qwen35_4b,Qwen/Qwen3.5-4B@851bf6e806efd8d0a36b00ddf55e13ccb7b8cd0a,compound__seed_000049__repr_direct,compound__seed_000049,compound,3,direct,"(0.55,0.70]","{'parameters': {'independent': True, 'p_A': 0.031994, 'p_B': 0.588463, 'query': 'A_or_B', 'subtask': 'union'}}","{'not_target': 0.39837028522200013, 'target': 0.6016297147779999}","{'not_target': 0.0953494648991095, 'target': 0.9046505351008906}","{'tv': 0.3030208203228907, 'mae_binary': 0.3030208203228906, 'rmse_binary': 0.3030208203228906, 'brier_regret': 0.18364323509831515, 'kl': 0.324194361923837}",target,target,True,114.56204811111093,median,median,1,"{'std_not_target': 0.0, 'std_target': 0.0}",,{},"{'repeat_aggregation': 'median', 'n_repeats': 1}"
semif_qwen35_4b,Qwen/Qwen3.5-4B@851bf6e806efd8d0a36b00ddf55e13ccb7b8cd0a,compound__seed_000049__repr_prose,compound__seed_000049,compound,3,prose,"(0.55,0.70]","{'parameters': {'independent': True, 'p_A': 0.031994, 'p_B': 0.588463, 'query': 'A_or_B', 'subtask': 'union'}}","{'not_target': 0.39837028522200013, 'target': 0.6016297147779999}","{'not_target': 0.07585818002124356, 'target': 0.9241418199787566}","{'tv': 0.3225121052007566, 'mae_binary': 0.32251210520075657, 'rmse_binary': 0.32251210520075657, 'brier_regret': 0.20802811600204782, 'kl': 0.4024701086051393}",target,target,True,121.64481310173869,median,median,1,"{'std_not_target': 0.0, 'std_target': 0.0}",,{},"{'repeat_aggregation': 'median', 'n_repeats': 1}"
semif_qwen35_4b,Qwen/Qwen3.5-4B@851bf6e806efd8d0a36b00ddf55e13ccb7b8cd0a,compound__seed_000049__repr_table,compound__seed_000049,compound,3,table,"(0.55,0.70]","{'parameters': {'independent': True, 'p_A': 0.031994, 'p_B': 0.588463, 'query': 'A_or_B', 'subtask': 'union'}}","{'not_target': 0.39837028522200013, 'target': 0.6016297147779999}","{'not_target': 0.033085978388704126, 'target': 0.9669140216112958}","{'tv': 0.36528430683329594, 'mae_binary': 0.365284306833296, 'rmse_binary': 0.365284306833296, 'brier_regret': 0.266865249637363, 'kl': 0.7058000738648789}",target,target,True,129.68818796798587,median,median,1,"{'std_not_target': 0.0, 'std_target': 0.0}",,{},"{'repeat_aggregation': 'median', 'n_repeats': 1}"
semif_qwen35_4b,Qwen/Qwen3.5-4B@851bf6e806efd8d0a36b00ddf55e13ccb7b8cd0a,compound__seed_000050__repr_direct,compound__seed_000050,compound,3,direct,"[0.01,0.10]","{'parameters': {'k': 4, 'n': 9, 'query': 'exactly_k_successes', 'subtask': 'repeated_exact', 'success_probability': 0.2224}}","{'not_target': 0.912362307039702, 'target': 0.08763769296029794}","{'not_target': 0.10669059394565118, 'target': 0.8933094060543487}","{'tv': 0.8056717130940507, 'mae_binary': 0.8056717130940508, 'rmse_binary': 0.8056717130940508, 'brier_regret': 1.2982138185598049, 'kl': 1.7545542153862832}",target,not_target,False,113.28500881791115,median,median,1,"{'std_not_target': 0.0, 'std_target': 0.0}",,{},"{'repeat_aggregation': 'median', 'n_repeats': 1}"
semif_qwen35_4b,Qwen/Qwen3.5-4B@851bf6e806efd8d0a36b00ddf55e13ccb7b8cd0a,compound__seed_000050__repr_prose,compound__seed_000050,compound,3,prose,"[0.01,0.10]","{'parameters': {'k': 4, 'n': 9, 'query': 'exactly_k_successes', 'subtask': 'repeated_exact', 'success_probability': 0.2224}}","{'not_target': 0.912362307039702, 'target': 0.08763769296029794}","{'not_target': 0.4378234991142019, 'target': 0.5621765008857981}","{'tv': 0.47453880792550013, 'mae_binary': 0.47453880792550013, 'rmse_binary': 0.47453880792550013, 'brier_regret': 0.4503741604547094, 'kl': 0.5069920307941163}",target,not_target,False,120.5419497564435,median,median,1,"{'std_not_target': 0.0, 'std_target': 0.0}",,{},"{'repeat_aggregation': 'median', 'n_repeats': 1}"
semif_qwen35_4b,Qwen/Qwen3.5-4B@851bf6e806efd8d0a36b00ddf55e13ccb7b8cd0a,compound__seed_000050__repr_table,compound__seed_000050,compound,3,table,"[0.01,0.10]","{'parameters': {'k': 4, 'n': 9, 'query': 'exactly_k_successes', 'subtask': 'repeated_exact', 'success_probability': 0.2224}}","{'not_target': 0.912362307039702, 'target': 0.08763769296029794}","{'not_target': 0.04208772791561884, 'target': 0.9579122720843811}","{'tv': 0.8702745791240831, 'mae_binary': 0.8702745791240831, 'rmse_binary': 0.8702745791240831, 'brier_regret': 1.5147556861392, 'kl': 2.5970933228835036}",target,not_target,False,130.2909548394382,median,median,1,"{'std_not_target': 0.0, 'std_target': 0.0}",,{},"{'repeat_aggregation': 'median', 'n_repeats': 1}"
semif_qwen35_4b,Qwen/Qwen3.5-4B@851bf6e806efd8d0a36b00ddf55e13ccb7b8cd0a,compound__seed_000051__repr_direct,compound__seed_000051,compound,3,direct,"(0.55,0.70]","{'parameters': {'bad': 14, 'draws_without_replacement': 1, 'good': 19, 'k_good': 1, 'subtask': 'hypergeometric'}}","{'not_target': 0.4242424242424242, 'target': 0.5757575757575758}","{'not_target': 0.13296424019782924, 'target': 0.8670357598021706}","{'tv': 0.2912781840445949, 'mae_binary': 0.29127818404459493, 'rmse_binary': 0.29127818404459493, 'brier_regret': 0.16968596100063377, 'kl': 0.2565051694353634}",target,target,True,107.74222575128078,median,median,1,"{'std_not_target': 0.0, 'std_target': 0.0}",,{},"{'repeat_aggregation': 'median', 'n_repeats': 1}"
semif_qwen35_4b,Qwen/Qwen3.5-4B@851bf6e806efd8d0a36b00ddf55e13ccb7b8cd0a,compound__seed_000051__repr_prose,compound__seed_000051,compound,3,prose,"(0.55,0.70]","{'parameters': {'bad': 14, 'draws_without_replacement': 1, 'good': 19, 'k_good': 1, 'subtask': 'hypergeometric'}}","{'not_target': 0.4242424242424242, 'target': 0.5757575757575758}","{'not_target': 0.1480471980316895, 'target': 0.8519528019683106}","{'tv': 0.2761952262107347, 'mae_binary': 0.27619522621073467, 'rmse_binary': 0.27619522621073467, 'brier_regret': 0.15256760596319785, 'kl': 0.22102395923754584}",target,target,True,116.3976639509201,median,median,1,"{'std_not_target': 0.0, 'std_target': 0.0}",,{},"{'repeat_aggregation': 'median', 'n_repeats': 1}"
semif_qwen35_4b,Qwen/Qwen3.5-4B@851bf6e806efd8d0a36b00ddf55e13ccb7b8cd0a,compound__seed_000051__repr_table,compound__seed_000051,compound,3,table,"(0.55,0.70]","{'parameters': {'bad': 14, 'draws_without_replacement': 1, 'good': 19, 'k_good': 1, 'subtask': 'hypergeometric'}}","{'not_target': 0.4242424242424242, 'target': 0.5757575757575758}","{'not_target': 0.08509904500702024, 'target': 0.9149009549929797}","{'tv': 0.33914337923540394, 'mae_binary': 0.33914337923540394, 'rmse_binary': 0.33914337923540394, 'brier_regret': 0.23003646335841804, 'kl': 0.4148907894259126}",target,target,True,127.87660397589207,median,median,1,"{'std_not_target': 0.0, 'std_target': 0.0}",,{},"{'repeat_aggregation': 'median', 'n_repeats': 1}"
semif_qwen35_4b,Qwen/Qwen3.5-4B@851bf6e806efd8d0a36b00ddf55e13ccb7b8cd0a,compound__seed_000052__repr_direct,compound__seed_000052,compound,3,direct,"(0.45,0.55]","{'parameters': {'p_A': 0.453999, 'query': 'not_A', 'subtask': 'complement'}}","{'not_target': 0.45399900000000004, 'target': 0.546001}","{'not_target': 0.6513548646660542, 'target': 0.34864513533394575}","{'tv': 0.19735586466605418, 'mae_binary': 0.19735586466605415, 'rmse_binary': 0.19735586466605415, 'brier_regret': 0.07789867463617178, 'kl': 0.08104229748566652}",not_target,target,False,105.78011395409703,median,median,1,"{'std_not_target': 0.0, 'std_target': 0.0}",,{},"{'repeat_aggregation': 'median', 'n_repeats': 1}"
semif_qwen35_4b,Qwen/Qwen3.5-4B@851bf6e806efd8d0a36b00ddf55e13ccb7b8cd0a,compound__seed_000052__repr_prose,compound__seed_000052,compound,3,prose,"(0.45,0.55]","{'parameters': {'p_A': 0.453999, 'query': 'not_A', 'subtask': 'complement'}}","{'not_target': 0.45399900000000004, 'target': 0.546001}","{'not_target': 0.4378234991142019, 'target': 0.5621765008857981}","{'tv': 0.01617550088579814, 'mae_binary': 0.016175500885798166, 'rmse_binary': 0.016175500885798166, 'brier_regret': 0.0005232936578129127, 'kl': 0.0005301640879914783}",target,target,True,117.59131075814366,median,median,1,"{'std_not_target': 0.0, 'std_target': 0.0}",,{},"{'repeat_aggregation': 'median', 'n_repeats': 1}"
semif_qwen35_4b,Qwen/Qwen3.5-4B@851bf6e806efd8d0a36b00ddf55e13ccb7b8cd0a,compound__seed_000052__repr_table,compound__seed_000052,compound,3,table,"(0.45,0.55]","{'parameters': {'p_A': 0.453999, 'query': 'not_A', 'subtask': 'complement'}}","{'not_target': 0.45399900000000004, 'target': 0.546001}","{'not_target': 0.8354835371034369, 'target': 0.1645164628965632}","{'tv': 0.3814845371034368, 'mae_binary': 0.3814845371034369, 'rmse_binary': 0.3814845371034369, 'brier_regret': 0.29106090409804697, 'kl': 0.3780872545948068}",not_target,target,False,121.52663804590702,median,median,1,"{'std_not_target': 0.0, 'std_target': 0.0}",,{},"{'repeat_aggregation': 'median', 'n_repeats': 1}"
semif_qwen35_4b,Qwen/Qwen3.5-4B@851bf6e806efd8d0a36b00ddf55e13ccb7b8cd0a,compound__seed_000053__repr_direct,compound__seed_000053,compound,3,direct,"(0,0.01)","{'parameters': {'independent': True, 'p_A': 0.619861, 'p_B': 0.0114, 'query': 'A_and_B', 'subtask': 'intersection'}}","{'not_target': 0.9929335846, 'target': 0.0070664154000000005}","{'not_target': 0.10669059394565118, 'target': 0.8933094060543487}","{'tv': 0.8862429906543488, 'mae_binary': 0.8862429906543489, 'rmse_binary': 0.8862429906543489, 'brier_regret': 1.5708532769679284, 'kl': 2.180769027419398}",target,not_target,False,107.4438258074224,median,median,1,"{'std_not_target': 0.0, 'std_target': 0.0}",,{},"{'repeat_aggregation': 'median', 'n_repeats': 1}"
semif_qwen35_4b,Qwen/Qwen3.5-4B@851bf6e806efd8d0a36b00ddf55e13ccb7b8cd0a,compound__seed_000053__repr_prose,compound__seed_000053,compound,3,prose,"(0,0.01)","{'parameters': {'independent': True, 'p_A': 0.619861, 'p_B': 0.0114, 'query': 'A_and_B', 'subtask': 'intersection'}}","{'not_target': 0.9929335846, 'target': 0.0070664154000000005}","{'not_target': 0.29421497216298875, 'target': 0.7057850278370112}","{'tv': 0.6987186124370113, 'mae_binary': 0.6987186124370113, 'rmse_binary': 0.6987186124370113, 'brier_regret': 0.9764153987318047, 'kl': 1.1752243489028842}",target,not_target,False,119.47574187070131,median,median,1,"{'std_not_target': 0.0, 'std_target': 0.0}",,{},"{'repeat_aggregation': 'median', 'n_repeats': 1}"
semif_qwen35_4b,Qwen/Qwen3.5-4B@851bf6e806efd8d0a36b00ddf55e13ccb7b8cd0a,compound__seed_000053__repr_table,compound__seed_000053,compound,3,table,"(0,0.01)","{'parameters': {'independent': True, 'p_A': 0.619861, 'p_B': 0.0114, 'query': 'A_and_B', 'subtask': 'intersection'}}","{'not_target': 0.9929335846, 'target': 0.0070664154000000005}","{'not_target': 0.02297736991002561, 'target': 0.9770226300899744}","{'tv': 0.9699562146899744, 'mae_binary': 0.9699562146899744, 'rmse_binary': 0.9699562146899744, 'brier_regret': 1.8816301168314074, 'kl': 3.7047092879952537}",target,not_target,False,128.70745221152902,median,median,1,"{'std_not_target': 0.0, 'std_target': 0.0}",,{},"{'repeat_aggregation': 'median', 'n_repeats': 1}"
semif_qwen35_4b,Qwen/Qwen3.5-4B@851bf6e806efd8d0a36b00ddf55e13ccb7b8cd0a,compound__seed_000054__repr_direct,compound__seed_000054,compound,3,direct,"(0.70,0.90]","{'parameters': {'independent': True, 'p_A': 0.808057, 'p_B': 0.435333, 'query': 'A_or_B', 'subtask': 'union'}}","{'not_target': 0.10838387798100002, 'target': 0.891616122019}","{'not_target': 0.053403329799824234, 'target': 0.9465966702001757}","{'tv': 0.054980548181175745, 'mae_binary': 0.05498054818117579, 'rmse_binary': 0.05498054818117579, 'brier_regret': 0.006045721356605175, 'kl': 0.023362781221427938}",target,target,True,114.82767993584275,median,median,1,"{'std_not_target': 0.0, 'std_target': 0.0}",,{},"{'repeat_aggregation': 'median', 'n_repeats': 1}"
semif_qwen35_4b,Qwen/Qwen3.5-4B@851bf6e806efd8d0a36b00ddf55e13ccb7b8cd0a,compound__seed_000054__repr_prose,compound__seed_000054,compound,3,prose,"(0.70,0.90]","{'parameters': {'independent': True, 'p_A': 0.808057, 'p_B': 0.435333, 'query': 'A_or_B', 'subtask': 'union'}}","{'not_target': 0.10838387798100002, 'target': 0.891616122019}","{'not_target': 0.20181322226037882, 'target': 0.7981867777396212}","{'tv': 0.09342934427937878, 'mae_binary': 0.0934293442793788, 'rmse_binary': 0.0934293442793788, 'brier_regret': 0.01745808474494938, 'kl': 0.0313174366934976}",target,target,True,120.08097395300865,median,median,1,"{'std_not_target': 0.0, 'std_target': 0.0}",,{},"{'repeat_aggregation': 'median', 'n_repeats': 1}"
semif_qwen35_4b,Qwen/Qwen3.5-4B@851bf6e806efd8d0a36b00ddf55e13ccb7b8cd0a,compound__seed_000054__repr_table,compound__seed_000054,compound,3,table,"(0.70,0.90]","{'parameters': {'independent': True, 'p_A': 0.808057, 'p_B': 0.435333, 'query': 'A_or_B', 'subtask': 'union'}}","{'not_target': 0.10838387798100002, 'target': 0.891616122019}","{'not_target': 0.037326887344129464, 'target': 0.9626731126558706}","{'tv': 0.0710569906368706, 'mae_binary': 0.07105699063687056, 'rmse_binary': 0.07105699063687056, 'brier_regret': 0.010098191836736634, 'kl': 0.04716592799400775}",target,target,True,130.51762804389,median,median,1,"{'std_not_target': 0.0, 'std_target': 0.0}",,{},"{'repeat_aggregation': 'median', 'n_repeats': 1}"
semif_qwen35_4b,Qwen/Qwen3.5-4B@851bf6e806efd8d0a36b00ddf55e13ccb7b8cd0a,compound__seed_000055__repr_direct,compound__seed_000055,compound,3,direct,"(0,0.01)","{'parameters': {'k': 3, 'n': 7, 'query': 'exactly_k_successes', 'subtask': 'repeated_exact', 'success_probability': 0.963857}}","{'not_target': 0.9999465186141359, 'target': 5.348138586410087e-05}","{'not_target': 0.07585818002124356, 'target': 0.9241418199787566}","{'tv': 0.9240883385928924, 'mae_binary': 0.9240883385928923, 'rmse_binary': 0.9240883385928923, 'brier_regret': 1.7078785150467442, 'kl': 2.578176498500371}",target,not_target,False,114.80734404176474,median,median,1,"{'std_not_target': 0.0, 'std_target': 0.0}",,{},"{'repeat_aggregation': 'median', 'n_repeats': 1}"
semif_qwen35_4b,Qwen/Qwen3.5-4B@851bf6e806efd8d0a36b00ddf55e13ccb7b8cd0a,compound__seed_000055__repr_prose,compound__seed_000055,compound,3,prose,"(0,0.01)","{'parameters': {'k': 3, 'n': 7, 'query': 'exactly_k_successes', 'subtask': 'repeated_exact', 'success_probability': 0.963857}}","{'not_target': 0.9999465186141359, 'target': 5.348138586410087e-05}","{'not_target': 0.32082130082460697, 'target': 0.679178699175393}","{'tv': 0.6791252177895288, 'mae_binary': 0.6791252177895288, 'rmse_binary': 0.6791252177895288, 'brier_regret': 0.92242212287535, 'kl': 1.1362513627479842}",target,not_target,False,120.51575817167759,median,median,1,"{'std_not_target': 0.0, 'std_target': 0.0}",,{},"{'repeat_aggregation': 'median', 'n_repeats': 1}"
semif_qwen35_4b,Qwen/Qwen3.5-4B@851bf6e806efd8d0a36b00ddf55e13ccb7b8cd0a,compound__seed_000055__repr_table,compound__seed_000055,compound,3,table,"(0,0.01)","{'parameters': {'k': 3, 'n': 7, 'query': 'exactly_k_successes', 'subtask': 'repeated_exact', 'success_probability': 0.963857}}","{'not_target': 0.9999465186141359, 'target': 5.348138586410087e-05}","{'not_target': 0.037326887344129464, 'target': 0.9626731126558706}","{'tv': 0.9626196312700064, 'mae_binary': 0.9626196312700064, 'rmse_binary': 0.9626196312700064, 'brier_regret': 1.8532731090128063, 'kl': 3.287288024856206}",target,not_target,False,131.30645919591188,median,median,1,"{'std_not_target': 0.0, 'std_target': 0.0}",,{},"{'repeat_aggregation': 'median', 'n_repeats': 1}"
semif_qwen35_4b,Qwen/Qwen3.5-4B@851bf6e806efd8d0a36b00ddf55e13ccb7b8cd0a,compound__seed_000056__repr_direct,compound__seed_000056,compound,3,direct,"(0.10,0.30]","{'parameters': {'bad': 20, 'draws_without_replacement': 2, 'good': 17, 'k_good': 2, 'subtask': 'hypergeometric'}}","{'not_target': 0.7957957957957957, 'target': 0.2042042042042042}","{'not_target': 0.10669059394565118, 'target': 0.8933094060543487}","{'tv': 0.6891052018501445, 'mae_binary': 0.6891052018501446, 'rmse_binary': 0.6891052018501446, 'brier_regret': 0.9497319584338568, 'kl': 1.297712605122429}",target,not_target,False,107.94302588328719,median,median,1,"{'std_not_target': 0.0, 'std_target': 0.0}",,{},"{'repeat_aggregation': 'median', 'n_repeats': 1}"
semif_qwen35_4b,Qwen/Qwen3.5-4B@851bf6e806efd8d0a36b00ddf55e13ccb7b8cd0a,compound__seed_000056__repr_prose,compound__seed_000056,compound,3,prose,"(0.10,0.30]","{'parameters': {'bad': 20, 'draws_without_replacement': 2, 'good': 17, 'k_good': 2, 'subtask': 'hypergeometric'}}","{'not_target': 0.7957957957957957, 'target': 0.2042042042042042}","{'not_target': 0.18242552380635632, 'target': 0.8175744761936437}","{'tv': 0.6133702719894394, 'mae_binary': 0.6133702719894394, 'rmse_binary': 0.6133702719894394, 'brier_regret': 0.7524461811207978, 'kl': 0.8889312319612397}",target,not_target,False,117.181486915797,median,median,1,"{'std_not_target': 0.0, 'std_target': 0.0}",,{},"{'repeat_aggregation': 'median', 'n_repeats': 1}"
semif_qwen35_4b,Qwen/Qwen3.5-4B@851bf6e806efd8d0a36b00ddf55e13ccb7b8cd0a,compound__seed_000056__repr_table,compound__seed_000056,compound,3,table,"(0.10,0.30]","{'parameters': {'bad': 20, 'draws_without_replacement': 2, 'good': 17, 'k_good': 2, 'subtask': 'hypergeometric'}}","{'not_target': 0.7957957957957957, 'target': 0.2042042042042042}","{'not_target': 0.04208772791561884, 'target': 0.9579122720843811}","{'tv': 0.7537080678801769, 'mae_binary': 0.7537080678801769, 'rmse_binary': 0.7537080678801769, 'brier_regret': 1.1361517031753385, 'kl': 2.023685201375743}",target,not_target,False,128.05166002362967,median,median,1,"{'std_not_target': 0.0, 'std_target': 0.0}",,{},"{'repeat_aggregation': 'median', 'n_repeats': 1}"
semif_qwen35_4b,Qwen/Qwen3.5-4B@851bf6e806efd8d0a36b00ddf55e13ccb7b8cd0a,compound__seed_000057__repr_direct,compound__seed_000057,compound,3,direct,"(0.70,0.90]","{'parameters': {'p_A': 0.226962, 'query': 'not_A', 'subtask': 'complement'}}","{'not_target': 0.226962, 'target': 0.773038}","{'not_target': 0.7057850278370112, 'target': 0.29421497216298875}","{'tv': 0.47882302783701125, 'mae_binary': 0.47882302783701125, 'rmse_binary': 0.47882302783701125, 'brier_regret': 0.4585429839740065, 'kl': 0.4892734771672586}",not_target,target,False,106.76347417756915,median,median,1,"{'std_not_target': 0.0, 'std_target': 0.0}",,{},"{'repeat_aggregation': 'median', 'n_repeats': 1}"
semif_qwen35_4b,Qwen/Qwen3.5-4B@851bf6e806efd8d0a36b00ddf55e13ccb7b8cd0a,compound__seed_000057__repr_prose,compound__seed_000057,compound,3,prose,"(0.70,0.90]","{'parameters': {'p_A': 0.226962, 'query': 'not_A', 'subtask': 'complement'}}","{'not_target': 0.226962, 'target': 0.773038}","{'not_target': 0.5621765008857981, 'target': 0.4378234991142019}","{'tv': 0.3352145008857981, 'mae_binary': 0.3352145008857981, 'rmse_binary': 0.3352145008857981, 'brier_regret': 0.22473752320822948, 'kl': 0.23361956604104633}",not_target,target,False,115.85680022835732,median,median,1,"{'std_not_target': 0.0, 'std_target': 0.0}",,{},"{'repeat_aggregation': 'median', 'n_repeats': 1}"
semif_qwen35_4b,Qwen/Qwen3.5-4B@851bf6e806efd8d0a36b00ddf55e13ccb7b8cd0a,compound__seed_000057__repr_table,compound__seed_000057,compound,3,table,"(0.70,0.90]","{'parameters': {'p_A': 0.226962, 'query': 'not_A', 'subtask': 'complement'}}","{'not_target': 0.226962, 'target': 0.773038}","{'not_target': 0.8354835371034369, 'target': 0.1645164628965632}","{'tv': 0.6085215371034369, 'mae_binary': 0.6085215371034369, 'rmse_binary': 0.6085215371034369, 'brier_regret': 0.740596922237459, 'kl': 0.9003520315478618}",not_target,target,False,119.78958174586296,median,median,1,"{'std_not_target': 0.0, 'std_target': 0.0}",,{},"{'repeat_aggregation': 'median', 'n_repeats': 1}"
semif_qwen35_4b,Qwen/Qwen3.5-4B@851bf6e806efd8d0a36b00ddf55e13ccb7b8cd0a,compound__seed_000058__repr_direct,compound__seed_000058,compound,3,direct,"(0.30,0.45]","{'parameters': {'independent': True, 'p_A': 0.448231, 'p_B': 0.751995, 'query': 'A_and_B', 'subtask': 'intersection'}}","{'not_target': 0.662932529155, 'target': 0.337067470845}","{'not_target': 0.07585818002124356, 'target': 0.9241418199787566}","{'tv': 0.5870743491337564, 'mae_binary': 0.5870743491337564, 'rmse_binary': 0.5870743491337564, 'brier_regret': 0.6893125828216476, 'kl': 1.0971498974217642}",target,not_target,False,105.34769808873534,median,median,1,"{'std_not_target': 0.0, 'std_target': 0.0}",,{},"{'repeat_aggregation': 'median', 'n_repeats': 1}"
semif_qwen35_4b,Qwen/Qwen3.5-4B@851bf6e806efd8d0a36b00ddf55e13ccb7b8cd0a,compound__seed_000058__repr_prose,compound__seed_000058,compound,3,prose,"(0.30,0.45]","{'parameters': {'independent': True, 'p_A': 0.448231, 'p_B': 0.751995, 'query': 'A_and_B', 'subtask': 'intersection'}}","{'not_target': 0.662932529155, 'target': 0.337067470845}","{'not_target': 0.32082130082460697, 'target': 0.679178699175393}","{'tv': 0.342111228330393, 'mae_binary': 0.34211122833039304, 'rmse_binary': 0.34211122833039304, 'brier_regret': 0.2340801850994606, 'kl': 0.24499924322286457}",target,not_target,False,118.01819084212184,median,median,1,"{'std_not_target': 0.0, 'std_target': 0.0}",,{},"{'repeat_aggregation': 'median', 'n_repeats': 1}"
semif_qwen35_4b,Qwen/Qwen3.5-4B@851bf6e806efd8d0a36b00ddf55e13ccb7b8cd0a,compound__seed_000058__repr_table,compound__seed_000058,compound,3,table,"(0.30,0.45]","{'parameters': {'independent': True, 'p_A': 0.448231, 'p_B': 0.751995, 'query': 'A_and_B', 'subtask': 'intersection'}}","{'not_target': 0.662932529155, 'target': 0.337067470845}","{'not_target': 0.029312230751356316, 'target': 0.9706877692486436}","{'tv': 0.6336202984036436, 'mae_binary': 0.6336202984036436, 'rmse_binary': 0.6336202984036436, 'brier_regret': 0.8029493650982449, 'kl': 1.710943110556835}",target,not_target,False,127.89700413122773,median,median,1,"{'std_not_target': 0.0, 'std_target': 0.0}",,{},"{'repeat_aggregation': 'median', 'n_repeats': 1}"
semif_qwen35_4b,Qwen/Qwen3.5-4B@851bf6e806efd8d0a36b00ddf55e13ccb7b8cd0a,compound__seed_000059__repr_direct,compound__seed_000059,compound,3,direct,"(0.45,0.55]","{'parameters': {'independent': True, 'p_A': 0.479732, 'p_B': 0.030902, 'query': 'A_or_B', 'subtask': 'union'}}","{'not_target': 0.504190678264, 'target': 0.495809321736}","{'not_target': 0.08509904500702024, 'target': 0.9149009549929797}","{'tv': 0.41909163325697973, 'mae_binary': 0.41909163325697973, 'rmse_binary': 0.41909163325697973, 'brier_regret': 0.3512755941320056, 'kl': 0.5932802697718513}",target,not_target,False,113.43769682571292,median,median,1,"{'std_not_target': 0.0, 'std_target': 0.0}",,{},"{'repeat_aggregation': 'median', 'n_repeats': 1}"
semif_qwen35_4b,Qwen/Qwen3.5-4B@851bf6e806efd8d0a36b00ddf55e13ccb7b8cd0a,compound__seed_000059__repr_prose,compound__seed_000059,compound,3,prose,"(0.45,0.55]","{'parameters': {'independent': True, 'p_A': 0.479732, 'p_B': 0.030902, 'query': 'A_or_B', 'subtask': 'union'}}","{'not_target': 0.504190678264, 'target': 0.495809321736}","{'not_target': 0.11920292202211755, 'target': 0.8807970779778823}","{'tv': 0.38498775624188236, 'mae_binary': 0.3849877562418824, 'rmse_binary': 0.3849877562418824, 'brier_regret': 0.29643114491231803, 'kl': 0.44219731099088533}",target,not_target,False,121.699885930866,median,median,1,"{'std_not_target': 0.0, 'std_target': 0.0}",,{},"{'repeat_aggregation': 'median', 'n_repeats': 1}"
semif_qwen35_4b,Qwen/Qwen3.5-4B@851bf6e806efd8d0a36b00ddf55e13ccb7b8cd0a,compound__seed_000059__repr_table,compound__seed_000059,compound,3,table,"(0.45,0.55]","{'parameters': {'independent': True, 'p_A': 0.479732, 'p_B': 0.030902, 'query': 'A_or_B', 'subtask': 'union'}}","{'not_target': 0.504190678264, 'target': 0.495809321736}","{'not_target': 0.029312230751356316, 'target': 0.9706877692486436}","{'tv': 0.47487844751264363, 'mae_binary': 0.4748784475126437, 'rmse_binary': 0.4748784475126437, 'brier_regret': 0.45101907982403733, 'kl': 1.1013057356165332}",target,not_target,False,131.49801082909107,median,median,1,"{'std_not_target': 0.0, 'std_target': 0.0}",,{},"{'repeat_aggregation': 'median', 'n_repeats': 1}"
semif_qwen35_4b,Qwen/Qwen3.5-4B@851bf6e806efd8d0a36b00ddf55e13ccb7b8cd0a,compound__seed_000060__repr_direct,compound__seed_000060,compound,3,direct,"[0.01,0.10]","{'parameters': {'k': 1, 'n': 7, 'query': 'exactly_k_successes', 'subtask': 'repeated_exact', 'success_probability': 0.576366}}","{'not_target': 0.9766793181437634, 'target': 0.023320681856236536}","{'not_target': 0.0953494648991095, 'target': 0.9046505351008906}","{'tv': 0.881329853244654, 'mae_binary': 0.8813298532446538, 'rmse_binary': 0.8813298532446538, 'brier_regret': 1.5534846204404866, 'kl': 2.1870396158170418}",target,not_target,False,116.08694307506084,median,median,1,"{'std_not_target': 0.0, 'std_target': 0.0}",,{},"{'repeat_aggregation': 'median', 'n_repeats': 1}"
semif_qwen35_4b,Qwen/Qwen3.5-4B@851bf6e806efd8d0a36b00ddf55e13ccb7b8cd0a,compound__seed_000060__repr_prose,compound__seed_000060,compound,3,prose,"[0.01,0.10]","{'parameters': {'k': 1, 'n': 7, 'query': 'exactly_k_successes', 'subtask': 'repeated_exact', 'success_probability': 0.576366}}","{'not_target': 0.9766793181437634, 'target': 0.023320681856236536}","{'not_target': 0.4073334000459302, 'target': 0.5926665999540697}","{'tv': 0.5693459180978331, 'mae_binary': 0.5693459180978332, 'rmse_binary': 0.5693459180978332, 'brier_regret': 0.648309548909329, 'kl': 0.7786825995205783}",target,not_target,False,120.57324592024088,median,median,1,"{'std_not_target': 0.0, 'std_target': 0.0}",,{},"{'repeat_aggregation': 'median', 'n_repeats': 1}"
semif_qwen35_4b,Qwen/Qwen3.5-4B@851bf6e806efd8d0a36b00ddf55e13ccb7b8cd0a,compound__seed_000060__repr_table,compound__seed_000060,compound,3,table,"[0.01,0.10]","{'parameters': {'k': 1, 'n': 7, 'query': 'exactly_k_successes', 'subtask': 'repeated_exact', 'success_probability': 0.576366}}","{'not_target': 0.9766793181437634, 'target': 0.023320681856236536}","{'not_target': 0.06008665017400762, 'target': 0.9399133498259924}","{'tv': 0.9165926679697558, 'mae_binary': 0.9165926679697558, 'rmse_binary': 0.9165926679697558, 'brier_regret': 1.68028423795183, 'kl': 2.637140304975375}",target,not_target,False,130.9223473072052,median,median,1,"{'std_not_target': 0.0, 'std_target': 0.0}",,{},"{'repeat_aggregation': 'median', 'n_repeats': 1}"
semif_qwen35_4b,Qwen/Qwen3.5-4B@851bf6e806efd8d0a36b00ddf55e13ccb7b8cd0a,compound__seed_000061__repr_direct,compound__seed_000061,compound,3,direct,"[0.01,0.10]","{'parameters': {'bad': 13, 'draws_without_replacement': 4, 'good': 13, 'k_good': 4, 'subtask': 'hypergeometric'}}","{'not_target': 0.9521739130434783, 'target': 0.04782608695652174}","{'not_target': 0.11920292202211755, 'target': 0.8807970779778823}","{'tv': 0.8329709910213606, 'mae_binary': 0.8329709910213607, 'rmse_binary': 0.8329709910213607, 'brier_regret': 1.3876813437662152, 'kl': 1.839211992687585}",target,not_target,False,108.07131417095661,median,median,1,"{'std_not_target': 0.0, 'std_target': 0.0}",,{},"{'repeat_aggregation': 'median', 'n_repeats': 1}"
semif_qwen35_4b,Qwen/Qwen3.5-4B@851bf6e806efd8d0a36b00ddf55e13ccb7b8cd0a,compound__seed_000061__repr_prose,compound__seed_000061,compound,3,prose,"[0.01,0.10]","{'parameters': {'bad': 13, 'draws_without_replacement': 4, 'good': 13, 'k_good': 4, 'subtask': 'hypergeometric'}}","{'not_target': 0.9521739130434783, 'target': 0.04782608695652174}","{'not_target': 0.11920292202211755, 'target': 0.8807970779778823}","{'tv': 0.8329709910213606, 'mae_binary': 0.8329709910213607, 'rmse_binary': 0.8329709910213607, 'brier_regret': 1.3876813437662152, 'kl': 1.839211992687585}",target,not_target,False,119.92871854454279,median,median,1,"{'std_not_target': 0.0, 'std_target': 0.0}",,{},"{'repeat_aggregation': 'median', 'n_repeats': 1}"
semif_qwen35_4b,Qwen/Qwen3.5-4B@851bf6e806efd8d0a36b00ddf55e13ccb7b8cd0a,compound__seed_000061__repr_table,compound__seed_000061,compound,3,table,"[0.01,0.10]","{'parameters': {'bad': 13, 'draws_without_replacement': 4, 'good': 13, 'k_good': 4, 'subtask': 'hypergeometric'}}","{'not_target': 0.9521739130434783, 'target': 0.04782608695652174}","{'not_target': 0.06008665017400762, 'target': 0.9399133498259924}","{'tv': 0.8920872628694707, 'mae_binary': 0.8920872628694707, 'rmse_binary': 0.8920872628694707, 'brier_regret': 1.5916393691478883, 'kl': 2.4883820054304198}",target,not_target,False,127.93727638199925,median,median,1,"{'std_not_target': 0.0, 'std_target': 0.0}",,{},"{'repeat_aggregation': 'median', 'n_repeats': 1}"
semif_qwen35_4b,Qwen/Qwen3.5-4B@851bf6e806efd8d0a36b00ddf55e13ccb7b8cd0a,conditional__seed_000042__repr_direct,conditional__seed_000042,conditional,4,direct,"(0.45,0.55]","{'parameters': {'boundary_rule': 'include records exactly at cutoff T', 'contingency': {'A': {'B': 74, 'not_B': 48}, 'not_A': {'B': 79, 'not_B': 55}}, 'query': 'P(A|B)', 'sampling': 'uniform among records satisfying B', 'temporal_filter': 'all records observed before cutoff T'}}","{'A': 0.48366013071895425, 'not_A': 0.5163398692810457}","{'A': 0.8175744761936437, 'not_A': 0.18242552380635632}","{'tv': 0.33391434547468934, 'mae_binary': 0.3339143454746894, 'rmse_binary': 0.3339143454746894, 'brier_regret': 0.22299758022758043, 'kl': 0.28330997908707023}",A,not_A,False,120.94062240794301,median,median,1,"{'std_A': 0.0, 'std_not_A': 0.0}",,{},"{'repeat_aggregation': 'median', 'n_repeats': 1}"
semif_qwen35_4b,Qwen/Qwen3.5-4B@851bf6e806efd8d0a36b00ddf55e13ccb7b8cd0a,conditional__seed_000042__repr_distractor,conditional__seed_000042,conditional,4,distractor,"(0.45,0.55]","{'parameters': {'boundary_rule': 'include records exactly at cutoff T', 'contingency': {'A': {'B': 74, 'not_B': 48}, 'not_A': {'B': 79, 'not_B': 55}}, 'query': 'P(A|B)', 'sampling': 'uniform among records satisfying B', 'temporal_filter': 'all records observed before cutoff T'}}","{'A': 0.48366013071895425, 'not_A': 0.5163398692810457}","{'A': 0.8807970779778823, 'not_A': 0.11920292202211755}","{'tv': 0.3971369472589281, 'mae_binary': 0.39713694725892806, 'rmse_binary': 0.39713694725892806, 'brier_regret': 0.31543550975628126, 'kl': 0.46699464678781316}",A,not_A,False,131.63151498883963,median,median,1,"{'std_A': 0.0, 'std_not_A': 0.0}",,{},"{'repeat_aggregation': 'median', 'n_repeats': 1}"
semif_qwen35_4b,Qwen/Qwen3.5-4B@851bf6e806efd8d0a36b00ddf55e13ccb7b8cd0a,conditional__seed_000042__repr_nested,conditional__seed_000042,conditional,4,nested,"(0.45,0.55]","{'parameters': {'boundary_rule': 'include records exactly at cutoff T', 'contingency': {'A': {'B': 74, 'not_B': 48}, 'not_A': {'B': 79, 'not_B': 55}}, 'query': 'P(A|B)', 'sampling': 'uniform among records satisfying B', 'temporal_filter': 'all records observed before cutoff T'}}","{'A': 0.48366013071895425, 'not_A': 0.5163398692810457}","{'A': 0.7981867777396212, 'not_A': 0.20181322226037882}","{'tv': 0.3145266470206669, 'mae_binary': 0.31452664702066696, 'rmse_binary': 0.31452664702066696, 'brier_regret': 0.19785402337212643, 'kl': 0.24276686904583497}",A,not_A,False,119.16548712179065,median,median,1,"{'std_A': 0.0, 'std_not_A': 0.0}",,{},"{'repeat_aggregation': 'median', 'n_repeats': 1}"
semif_qwen35_4b,Qwen/Qwen3.5-4B@851bf6e806efd8d0a36b00ddf55e13ccb7b8cd0a,conditional__seed_000042__repr_prose,conditional__seed_000042,conditional,4,prose,"(0.45,0.55]","{'parameters': {'boundary_rule': 'include records exactly at cutoff T', 'contingency': {'A': {'B': 74, 'not_B': 48}, 'not_A': {'B': 79, 'not_B': 55}}, 'query': 'P(A|B)', 'sampling': 'uniform among records satisfying B', 'temporal_filter': 'all records observed before cutoff T'}}","{'A': 0.48366013071895425, 'not_A': 0.5163398692810457}","{'A': 0.8354835371034369, 'not_A': 0.1645164628965632}","{'tv': 0.3518234063844826, 'mae_binary': 0.3518234063844827, 'rmse_binary': 0.3518234063844827, 'brier_regret': 0.24755941855996155, 'kl': 0.32618382015010744}",A,not_A,False,129.9314508214593,median,median,1,"{'std_A': 0.0, 'std_not_A': 0.0}",,{},"{'repeat_aggregation': 'median', 'n_repeats': 1}"
semif_qwen35_4b,Qwen/Qwen3.5-4B@851bf6e806efd8d0a36b00ddf55e13ccb7b8cd0a,conditional__seed_000042__repr_table,conditional__seed_000042,conditional,4,table,"(0.45,0.55]","{'parameters': {'boundary_rule': 'include records exactly at cutoff T', 'contingency': {'A': {'B': 74, 'not_B': 48}, 'not_A': {'B': 79, 'not_B': 55}}, 'query': 'P(A|B)', 'sampling': 'uniform among records satisfying B', 'temporal_filter': 'all records observed before cutoff T'}}","{'A': 0.48366013071895425, 'not_A': 0.5163398692810457}","{'A': 0.8519528019683106, 'not_A': 0.1480471980316895}","{'tv': 0.3682926712493563, 'mae_binary': 0.36829267124935633, 'rmse_binary': 0.36829267124935633, 'brier_regret': 0.27127898339197276, 'kl': 0.3712058188626663}",A,not_A,False,133.4158987738192,median,median,1,"{'std_A': 0.0, 'std_not_A': 0.0}",,{},"{'repeat_aggregation': 'median', 'n_repeats': 1}"
semif_qwen35_4b,Qwen/Qwen3.5-4B@851bf6e806efd8d0a36b00ddf55e13ccb7b8cd0a,conditional__seed_000043__repr_direct,conditional__seed_000043,conditional,4,direct,"(0.55,0.70]","{'parameters': {'boundary_rule': 'include records exactly at cutoff T', 'contingency': {'A': {'B': 65, 'not_B': 81}, 'not_A': {'B': 48, 'not_B': 34}}, 'query': 'P(A|B)', 'sampling': 'uniform among records satisfying B', 'temporal_filter': 'all records observed before cutoff T'}}","{'A': 0.5752212389380531, 'not_A': 0.4247787610619469}","{'A': 0.7981867777396212, 'not_A': 0.20181322226037882}","{'tv': 0.2229655388015681, 'mae_binary': 0.2229655388015681, 'rmse_binary': 0.2229655388015681, 'brier_regret': 0.09942726298614714, 'kl': 0.1276958157813001}",A,A,True,119.77066984400153,median,median,1,"{'std_A': 0.0, 'std_not_A': 0.0}",,{},"{'repeat_aggregation': 'median', 'n_repeats': 1}"
semif_qwen35_4b,Qwen/Qwen3.5-4B@851bf6e806efd8d0a36b00ddf55e13ccb7b8cd0a,conditional__seed_000043__repr_distractor,conditional__seed_000043,conditional,4,distractor,"(0.55,0.70]","{'parameters': {'boundary_rule': 'include records exactly at cutoff T', 'contingency': {'A': {'B': 65, 'not_B': 81}, 'not_A': {'B': 48, 'not_B': 34}}, 'query': 'P(A|B)', 'sampling': 'uniform among records satisfying B', 'temporal_filter': 'all records observed before cutoff T'}}","{'A': 0.5752212389380531, 'not_A': 0.4247787610619469}","{'A': 0.8933094060543487, 'not_A': 0.10669059394565118}","{'tv': 0.3180881671162957, 'mae_binary': 0.3180881671162956, 'rmse_binary': 0.3180881671162956, 'brier_regret': 0.2023601641188089, 'kl': 0.33368951374768174}",A,A,True,133.0951303243637,median,median,1,"{'std_A': 0.0, 'std_not_A': 0.0}",,{},"{'repeat_aggregation': 'median', 'n_repeats': 1}"
semif_qwen35_4b,Qwen/Qwen3.5-4B@851bf6e806efd8d0a36b00ddf55e13ccb7b8cd0a,conditional__seed_000043__repr_nested,conditional__seed_000043,conditional,4,nested,"(0.55,0.70]","{'parameters': {'boundary_rule': 'include records exactly at cutoff T', 'contingency': {'A': {'B': 65, 'not_B': 81}, 'not_A': {'B': 48, 'not_B': 34}}, 'query': 'P(A|B)', 'sampling': 'uniform among records satisfying B', 'temporal_filter': 'all records observed before cutoff T'}}","{'A': 0.5752212389380531, 'not_A': 0.4247787610619469}","{'A': 0.7981867777396212, 'not_A': 0.20181322226037882}","{'tv': 0.2229655388015681, 'mae_binary': 0.2229655388015681, 'rmse_binary': 0.2229655388015681, 'brier_regret': 0.09942726298614714, 'kl': 0.1276958157813001}",A,A,True,120.17348688095808,median,median,1,"{'std_A': 0.0, 'std_not_A': 0.0}",,{},"{'repeat_aggregation': 'median', 'n_repeats': 1}"
semif_qwen35_4b,Qwen/Qwen3.5-4B@851bf6e806efd8d0a36b00ddf55e13ccb7b8cd0a,conditional__seed_000043__repr_prose,conditional__seed_000043,conditional,4,prose,"(0.55,0.70]","{'parameters': {'boundary_rule': 'include records exactly at cutoff T', 'contingency': {'A': {'B': 65, 'not_B': 81}, 'not_A': {'B': 48, 'not_B': 34}}, 'query': 'P(A|B)', 'sampling': 'uniform among records satisfying B', 'temporal_filter': 'all records observed before cutoff T'}}","{'A': 0.5752212389380531, 'not_A': 0.4247787610619469}","{'A': 0.8354835371034369, 'not_A': 0.1645164628965632}","{'tv': 0.26026229816538377, 'mae_binary': 0.2602622981653838, 'rmse_binary': 0.2602622981653838, 'brier_regret': 0.13547292769265423, 'kl': 0.1882224898307977}",A,A,True,129.09730803221464,median,median,1,"{'std_A': 0.0, 'std_not_A': 0.0}",,{},"{'repeat_aggregation': 'median', 'n_repeats': 1}"
semif_qwen35_4b,Qwen/Qwen3.5-4B@851bf6e806efd8d0a36b00ddf55e13ccb7b8cd0a,conditional__seed_000043__repr_table,conditional__seed_000043,conditional,4,table,"(0.55,0.70]","{'parameters': {'boundary_rule': 'include records exactly at cutoff T', 'contingency': {'A': {'B': 65, 'not_B': 81}, 'not_A': {'B': 48, 'not_B': 34}}, 'query': 'P(A|B)', 'sampling': 'uniform among records satisfying B', 'temporal_filter': 'all records observed before cutoff T'}}","{'A': 0.5752212389380531, 'not_A': 0.4247787610619469}","{'A': 0.8519528019683106, 'not_A': 0.1480471980316895}","{'tv': 0.2767315630302574, 'mae_binary': 0.2767315630302575, 'rmse_binary': 0.2767315630302575, 'brier_regret': 0.15316071595433867, 'kl': 0.22179935001596934}",A,A,True,131.25469908118248,median,median,1,"{'std_A': 0.0, 'std_not_A': 0.0}",,{},"{'repeat_aggregation': 'median', 'n_repeats': 1}"
semif_qwen35_4b,Qwen/Qwen3.5-4B@851bf6e806efd8d0a36b00ddf55e13ccb7b8cd0a,conditional__seed_000044__repr_direct,conditional__seed_000044,conditional,4,direct,"(0.45,0.55]","{'parameters': {'boundary_rule': 'include records exactly at cutoff T', 'contingency': {'A': {'B': 75, 'not_B': 6}, 'not_A': {'B': 81, 'not_B': 24}}, 'query': 'P(A|B)', 'sampling': 'uniform among records satisfying B', 'temporal_filter': 'all records observed before cutoff T'}}","{'A': 0.4807692307692308, 'not_A': 0.5192307692307692}","{'A': 0.8519528019683106, 'not_A': 0.1480471980316895}","{'tv': 0.37118357119907974, 'mae_binary': 0.3711835711990798, 'rmse_binary': 0.3711835711990798, 'brier_regret': 0.27555448705620456, 'kl': 0.3764706434686193}",A,not_A,False,122.12642887607217,median,median,1,"{'std_A': 0.0, 'std_not_A': 0.0}",,{},"{'repeat_aggregation': 'median', 'n_repeats': 1}"
semif_qwen35_4b,Qwen/Qwen3.5-4B@851bf6e806efd8d0a36b00ddf55e13ccb7b8cd0a,conditional__seed_000044__repr_distractor,conditional__seed_000044,conditional,4,distractor,"(0.45,0.55]","{'parameters': {'boundary_rule': 'include records exactly at cutoff T', 'contingency': {'A': {'B': 75, 'not_B': 6}, 'not_A': {'B': 81, 'not_B': 24}}, 'query': 'P(A|B)', 'sampling': 'uniform among records satisfying B', 'temporal_filter': 'all records observed before cutoff T'}}","{'A': 0.4807692307692308, 'not_A': 0.5192307692307692}","{'A': 0.9046505351008906, 'not_A': 0.0953494648991095}","{'tv': 0.4238813043316597, 'mae_binary': 0.42388130433165977, 'rmse_binary': 0.42388130433165977, 'brier_regret': 0.3593507203238182, 'kl': 0.5760684365626638}",A,not_A,False,133.07810574769974,median,median,1,"{'std_A': 0.0, 'std_not_A': 0.0}",,{},"{'repeat_aggregation': 'median', 'n_repeats': 1}"
semif_qwen35_4b,Qwen/Qwen3.5-4B@851bf6e806efd8d0a36b00ddf55e13ccb7b8cd0a,conditional__seed_000044__repr_nested,conditional__seed_000044,conditional,4,nested,"(0.45,0.55]","{'parameters': {'boundary_rule': 'include records exactly at cutoff T', 'contingency': {'A': {'B': 75, 'not_B': 6}, 'not_A': {'B': 81, 'not_B': 24}}, 'query': 'P(A|B)', 'sampling': 'uniform among records satisfying B', 'temporal_filter': 'all records observed before cutoff T'}}","{'A': 0.4807692307692308, 'not_A': 0.5192307692307692}","{'A': 0.8354835371034369, 'not_A': 0.1645164628965632}","{'tv': 0.3547143063342061, 'mae_binary': 0.35471430633420614, 'rmse_binary': 0.35471430633420614, 'brier_regret': 0.251644478236314, 'kl': 0.331087282262345}",A,not_A,False,120.23438233882189,median,median,1,"{'std_A': 0.0, 'std_not_A': 0.0}",,{},"{'repeat_aggregation': 'median', 'n_repeats': 1}"
semif_qwen35_4b,Qwen/Qwen3.5-4B@851bf6e806efd8d0a36b00ddf55e13ccb7b8cd0a,conditional__seed_000044__repr_prose,conditional__seed_000044,conditional,4,prose,"(0.45,0.55]","{'parameters': {'boundary_rule': 'include records exactly at cutoff T', 'contingency': {'A': {'B': 75, 'not_B': 6}, 'not_A': {'B': 81, 'not_B': 24}}, 'query': 'P(A|B)', 'sampling': 'uniform among records satisfying B', 'temporal_filter': 'all records observed before cutoff T'}}","{'A': 0.4807692307692308, 'not_A': 0.5192307692307692}","{'A': 0.7772998611746911, 'not_A': 0.22270013882530884}","{'tv': 0.29653063040546035, 'mae_binary': 0.2965306304054603, 'rmse_binary': 0.2965306304054603, 'brier_regret': 0.1758608295373194, 'kl': 0.20856018976052065}",A,not_A,False,130.55420387536287,median,median,1,"{'std_A': 0.0, 'std_not_A': 0.0}",,{},"{'repeat_aggregation': 'median', 'n_repeats': 1}"
semif_qwen35_4b,Qwen/Qwen3.5-4B@851bf6e806efd8d0a36b00ddf55e13ccb7b8cd0a,conditional__seed_000044__repr_table,conditional__seed_000044,conditional,4,table,"(0.45,0.55]","{'parameters': {'boundary_rule': 'include records exactly at cutoff T', 'contingency': {'A': {'B': 75, 'not_B': 6}, 'not_A': {'B': 81, 'not_B': 24}}, 'query': 'P(A|B)', 'sampling': 'uniform among records satisfying B', 'temporal_filter': 'all records observed before cutoff T'}}","{'A': 0.4807692307692308, 'not_A': 0.5192307692307692}","{'A': 0.9046505351008906, 'not_A': 0.0953494648991095}","{'tv': 0.4238813043316597, 'mae_binary': 0.42388130433165977, 'rmse_binary': 0.42388130433165977, 'brier_regret': 0.3593507203238182, 'kl': 0.5760684365626638}",A,not_A,False,131.0449717566371,median,median,1,"{'std_A': 0.0, 'std_not_A': 0.0}",,{},"{'repeat_aggregation': 'median', 'n_repeats': 1}"
semif_qwen35_4b,Qwen/Qwen3.5-4B@851bf6e806efd8d0a36b00ddf55e13ccb7b8cd0a,conditional__seed_000045__repr_direct,conditional__seed_000045,conditional,4,direct,"(0.30,0.45]","{'parameters': {'boundary_rule': 'include records exactly at cutoff T', 'contingency': {'A': {'B': 40, 'not_B': 42}, 'not_A': {'B': 52, 'not_B': 79}}, 'query': 'P(A|B)', 'sampling': 'uniform among records satisfying B', 'temporal_filter': 'all records observed before cutoff T'}}","{'A': 0.43478260869565216, 'not_A': 0.5652173913043479}","{'A': 0.7981867777396212, 'not_A': 0.20181322226037882}","{'tv': 0.3634041690439691, 'mae_binary': 0.36340416904396905, 'rmse_binary': 0.36340416904396905, 'brier_regret': 0.2641251801570753, 'kl': 0.3179702868438216}",A,not_A,False,120.12722995132208,median,median,1,"{'std_A': 0.0, 'std_not_A': 0.0}",,{},"{'repeat_aggregation': 'median', 'n_repeats': 1}"
semif_qwen35_4b,Qwen/Qwen3.5-4B@851bf6e806efd8d0a36b00ddf55e13ccb7b8cd0a,conditional__seed_000045__repr_distractor,conditional__seed_000045,conditional,4,distractor,"(0.30,0.45]","{'parameters': {'boundary_rule': 'include records exactly at cutoff T', 'contingency': {'A': {'B': 40, 'not_B': 42}, 'not_A': {'B': 52, 'not_B': 79}}, 'query': 'P(A|B)', 'sampling': 'uniform among records satisfying B', 'temporal_filter': 'all records observed before cutoff T'}}","{'A': 0.43478260869565216, 'not_A': 0.5652173913043479}","{'A': 0.8519528019683106, 'not_A': 0.1480471980316895}","{'tv': 0.41717019327265836, 'mae_binary': 0.4171701932726584, 'rmse_binary': 0.4171701932726584, 'brier_regret': 0.3480619403102943, 'kl': 0.46473830741939115}",A,not_A,False,131.74540316686034,median,median,1,"{'std_A': 0.0, 'std_not_A': 0.0}",,{},"{'repeat_aggregation': 'median', 'n_repeats': 1}"
semif_qwen35_4b,Qwen/Qwen3.5-4B@851bf6e806efd8d0a36b00ddf55e13ccb7b8cd0a,conditional__seed_000045__repr_nested,conditional__seed_000045,conditional,4,nested,"(0.30,0.45]","{'parameters': {'boundary_rule': 'include records exactly at cutoff T', 'contingency': {'A': {'B': 40, 'not_B': 42}, 'not_A': {'B': 52, 'not_B': 79}}, 'query': 'P(A|B)', 'sampling': 'uniform among records satisfying B', 'temporal_filter': 'all records observed before cutoff T'}}","{'A': 0.43478260869565216, 'not_A': 0.5652173913043479}","{'A': 0.7549149868676283, 'not_A': 0.24508501313237172}","{'tv': 0.32013237817197615, 'mae_binary': 0.3201323781719761, 'rmse_binary': 0.3201323781719761, 'brier_regret': 0.20496947910809027, 'kl': 0.2324034236644016}",A,not_A,False,120.8003661595285,median,median,1,"{'std_A': 0.0, 'std_not_A': 0.0}",,{},"{'repeat_aggregation': 'median', 'n_repeats': 1}"
semif_qwen35_4b,Qwen/Qwen3.5-4B@851bf6e806efd8d0a36b00ddf55e13ccb7b8cd0a,conditional__seed_000045__repr_prose,conditional__seed_000045,conditional,4,prose,"(0.30,0.45]","{'parameters': {'boundary_rule': 'include records exactly at cutoff T', 'contingency': {'A': {'B': 40, 'not_B': 42}, 'not_A': {'B': 52, 'not_B': 79}}, 'query': 'P(A|B)', 'sampling': 'uniform among records satisfying B', 'temporal_filter': 'all records observed before cutoff T'}}","{'A': 0.43478260869565216, 'not_A': 0.5652173913043479}","{'A': 0.7549149868676283, 'not_A': 0.24508501313237172}","{'tv': 0.32013237817197615, 'mae_binary': 0.3201323781719761, 'rmse_binary': 0.3201323781719761, 'brier_regret': 0.20496947910809027, 'kl': 0.2324034236644016}",A,not_A,False,127.93945241719484,median,median,1,"{'std_A': 0.0, 'std_not_A': 0.0}",,{},"{'repeat_aggregation': 'median', 'n_repeats': 1}"
semif_qwen35_4b,Qwen/Qwen3.5-4B@851bf6e806efd8d0a36b00ddf55e13ccb7b8cd0a,conditional__seed_000045__repr_table,conditional__seed_000045,conditional,4,table,"(0.30,0.45]","{'parameters': {'boundary_rule': 'include records exactly at cutoff T', 'contingency': {'A': {'B': 40, 'not_B': 42}, 'not_A': {'B': 52, 'not_B': 79}}, 'query': 'P(A|B)', 'sampling': 'uniform among records satisfying B', 'temporal_filter': 'all records observed before cutoff T'}}","{'A': 0.43478260869565216, 'not_A': 0.5652173913043479}","{'A': 0.8175744761936437, 'not_A': 0.18242552380635632}","{'tv': 0.38279186749799154, 'mae_binary': 0.3827918674979915, 'rmse_binary': 0.3827918674979915, 'brier_regret': 0.29305922764519976, 'kl': 0.36462308713796965}",A,not_A,False,130.65135618671775,median,median,1,"{'std_A': 0.0, 'std_not_A': 0.0}",,{},"{'repeat_aggregation': 'median', 'n_repeats': 1}"
semif_qwen35_4b,Qwen/Qwen3.5-4B@851bf6e806efd8d0a36b00ddf55e13ccb7b8cd0a,conditional__seed_000046__repr_direct,conditional__seed_000046,conditional,4,direct,"(0.55,0.70]","{'parameters': {'boundary_rule': 'include records exactly at cutoff T', 'contingency': {'A': {'B': 79, 'not_B': 17}, 'not_A': {'B': 50, 'not_B': 54}}, 'query': 'P(A|B)', 'sampling': 'uniform among records satisfying B', 'temporal_filter': 'all records observed before cutoff T'}}","{'A': 0.6124031007751938, 'not_A': 0.3875968992248062}","{'A': 0.8354835371034369, 'not_A': 0.1645164628965632}","{'tv': 0.2230804363282431, 'mae_binary': 0.22308043632824315, 'rmse_binary': 0.22308043632824315, 'brier_regret': 0.09952976214479864, 'kl': 0.14192859239066893}",A,A,True,120.23236695677042,median,median,1,"{'std_A': 0.0, 'std_not_A': 0.0}",,{},"{'repeat_aggregation': 'median', 'n_repeats': 1}"
semif_qwen35_4b,Qwen/Qwen3.5-4B@851bf6e806efd8d0a36b00ddf55e13ccb7b8cd0a,conditional__seed_000046__repr_distractor,conditional__seed_000046,conditional,4,distractor,"(0.55,0.70]","{'parameters': {'boundary_rule': 'include records exactly at cutoff T', 'contingency': {'A': {'B': 79, 'not_B': 17}, 'not_A': {'B': 50, 'not_B': 54}}, 'query': 'P(A|B)', 'sampling': 'uniform among records satisfying B', 'temporal_filter': 'all records observed before cutoff T'}}","{'A': 0.6124031007751938, 'not_A': 0.3875968992248062}","{'A': 0.9046505351008906, 'not_A': 0.0953494648991095}","{'tv': 0.2922474343256968, 'mae_binary': 0.2922474343256968, 'rmse_binary': 0.2922474343256968, 'brier_regret': 0.17081712573990487, 'kl': 0.3046385779372612}",A,A,True,133.16834717988968,median,median,1,"{'std_A': 0.0, 'std_not_A': 0.0}",,{},"{'repeat_aggregation': 'median', 'n_repeats': 1}"
semif_qwen35_4b,Qwen/Qwen3.5-4B@851bf6e806efd8d0a36b00ddf55e13ccb7b8cd0a,conditional__seed_000046__repr_nested,conditional__seed_000046,conditional,4,nested,"(0.55,0.70]","{'parameters': {'boundary_rule': 'include records exactly at cutoff T', 'contingency': {'A': {'B': 79, 'not_B': 17}, 'not_A': {'B': 50, 'not_B': 54}}, 'query': 'P(A|B)', 'sampling': 'uniform among records satisfying B', 'temporal_filter': 'all records observed before cutoff T'}}","{'A': 0.6124031007751938, 'not_A': 0.3875968992248062}","{'A': 0.8175744761936437, 'not_A': 0.18242552380635632}","{'tv': 0.20517137541844988, 'mae_binary': 0.20517137541844988, 'rmse_binary': 0.20517137541844988, 'brier_regret': 0.08419058658219701, 'kl': 0.11514762258466177}",A,A,True,116.36779084801674,median,median,1,"{'std_A': 0.0, 'std_not_A': 0.0}",,{},"{'repeat_aggregation': 'median', 'n_repeats': 1}"
semif_qwen35_4b,Qwen/Qwen3.5-4B@851bf6e806efd8d0a36b00ddf55e13ccb7b8cd0a,conditional__seed_000046__repr_prose,conditional__seed_000046,conditional,4,prose,"(0.55,0.70]","{'parameters': {'boundary_rule': 'include records exactly at cutoff T', 'contingency': {'A': {'B': 79, 'not_B': 17}, 'not_A': {'B': 50, 'not_B': 54}}, 'query': 'P(A|B)', 'sampling': 'uniform among records satisfying B', 'temporal_filter': 'all records observed before cutoff T'}}","{'A': 0.6124031007751938, 'not_A': 0.3875968992248062}","{'A': 0.8519528019683106, 'not_A': 0.1480471980316895}","{'tv': 0.23954970119311675, 'mae_binary': 0.2395497011931168, 'rmse_binary': 0.2395497011931168, 'brier_regret': 0.11476811868342306, 'kl': 0.17085771984619805}",A,A,True,130.37122692912817,median,median,1,"{'std_A': 0.0, 'std_not_A': 0.0}",,{},"{'repeat_aggregation': 'median', 'n_repeats': 1}"
semif_qwen35_4b,Qwen/Qwen3.5-4B@851bf6e806efd8d0a36b00ddf55e13ccb7b8cd0a,conditional__seed_000046__repr_table,conditional__seed_000046,conditional,4,table,"(0.55,0.70]","{'parameters': {'boundary_rule': 'include records exactly at cutoff T', 'contingency': {'A': {'B': 79, 'not_B': 17}, 'not_A': {'B': 50, 'not_B': 54}}, 'query': 'P(A|B)', 'sampling': 'uniform among records satisfying B', 'temporal_filter': 'all records observed before cutoff T'}}","{'A': 0.6124031007751938, 'not_A': 0.3875968992248062}","{'A': 0.8933094060543487, 'not_A': 0.10669059394565118}","{'tv': 0.280906305279155, 'mae_binary': 0.28090630527915494, 'rmse_binary': 0.28090630527915494, 'brier_regret': 0.15781670469117165, 'kl': 0.2688046853889826}",A,A,True,131.9213709793985,median,median,1,"{'std_A': 0.0, 'std_not_A': 0.0}",,{},"{'repeat_aggregation': 'median', 'n_repeats': 1}"
semif_qwen35_4b,Qwen/Qwen3.5-4B@851bf6e806efd8d0a36b00ddf55e13ccb7b8cd0a,conditional__seed_000047__repr_direct,conditional__seed_000047,conditional,4,direct,"(0.10,0.30]","{'parameters': {'boundary_rule': 'include records exactly at cutoff T', 'contingency': {'A': {'B': 9, 'not_B': 61}, 'not_A': {'B': 25, 'not_B': 7}}, 'query': 'P(A|B)', 'sampling': 'uniform among records satisfying B', 'temporal_filter': 'all records observed before cutoff T'}}","{'A': 0.2647058823529412, 'not_A': 0.7352941176470589}","{'A': 0.8175744761936437, 'not_A': 0.18242552380635632}","{'tv': 0.5528685938407025, 'mae_binary': 0.5528685938407025, 'rmse_binary': 0.5528685938407025, 'brier_regret': 0.6113273641107914, 'kl': 0.7264326597704438}",A,not_A,False,119.81809372082353,median,median,1,"{'std_A': 0.0, 'std_not_A': 0.0}",,{},"{'repeat_aggregation': 'median', 'n_repeats': 1}"
semif_qwen35_4b,Qwen/Qwen3.5-4B@851bf6e806efd8d0a36b00ddf55e13ccb7b8cd0a,conditional__seed_000047__repr_distractor,conditional__seed_000047,conditional,4,distractor,"(0.10,0.30]","{'parameters': {'boundary_rule': 'include records exactly at cutoff T', 'contingency': {'A': {'B': 9, 'not_B': 61}, 'not_A': {'B': 25, 'not_B': 7}}, 'query': 'P(A|B)', 'sampling': 'uniform among records satisfying B', 'temporal_filter': 'all records observed before cutoff T'}}","{'A': 0.2647058823529412, 'not_A': 0.7352941176470589}","{'A': 0.8670357598021706, 'not_A': 0.13296424019782924}","{'tv': 0.6023298774492295, 'mae_binary': 0.6023298774492294, 'rmse_binary': 0.6023298774492294, 'brier_regret': 0.7256025625360076, 'kl': 0.9434297335109403}",A,not_A,False,132.80849112197757,median,median,1,"{'std_A': 0.0, 'std_not_A': 0.0}",,{},"{'repeat_aggregation': 'median', 'n_repeats': 1}"
semif_qwen35_4b,Qwen/Qwen3.5-4B@851bf6e806efd8d0a36b00ddf55e13ccb7b8cd0a,conditional__seed_000047__repr_nested,conditional__seed_000047,conditional,4,nested,"(0.10,0.30]","{'parameters': {'boundary_rule': 'include records exactly at cutoff T', 'contingency': {'A': {'B': 9, 'not_B': 61}, 'not_A': {'B': 25, 'not_B': 7}}, 'query': 'P(A|B)', 'sampling': 'uniform among records satisfying B', 'temporal_filter': 'all records observed before cutoff T'}}","{'A': 0.2647058823529412, 'not_A': 0.7352941176470589}","{'A': 0.8175744761936437, 'not_A': 0.18242552380635632}","{'tv': 0.5528685938407025, 'mae_binary': 0.5528685938407025, 'rmse_binary': 0.5528685938407025, 'brier_regret': 0.6113273641107914, 'kl': 0.7264326597704438}",A,not_A,False,120.57532602921128,median,median,1,"{'std_A': 0.0, 'std_not_A': 0.0}",,{},"{'repeat_aggregation': 'median', 'n_repeats': 1}"
semif_qwen35_4b,Qwen/Qwen3.5-4B@851bf6e806efd8d0a36b00ddf55e13ccb7b8cd0a,conditional__seed_000047__repr_prose,conditional__seed_000047,conditional,4,prose,"(0.10,0.30]","{'parameters': {'boundary_rule': 'include records exactly at cutoff T', 'contingency': {'A': {'B': 9, 'not_B': 61}, 'not_A': {'B': 25, 'not_B': 7}}, 'query': 'P(A|B)', 'sampling': 'uniform among records satisfying B', 'temporal_filter': 'all records observed before cutoff T'}}","{'A': 0.2647058823529412, 'not_A': 0.7352941176470589}","{'A': 0.7772998611746911, 'not_A': 0.22270013882530884}","{'tv': 0.51259397882175, 'mae_binary': 0.51259397882175, 'rmse_binary': 0.51259397882175, 'brier_regret': 0.5255051742486254, 'kl': 0.5931249337212998}",A,not_A,False,131.24532299116254,median,median,1,"{'std_A': 0.0, 'std_not_A': 0.0}",,{},"{'repeat_aggregation': 'median', 'n_repeats': 1}"
semif_qwen35_4b,Qwen/Qwen3.5-4B@851bf6e806efd8d0a36b00ddf55e13ccb7b8cd0a,conditional__seed_000047__repr_table,conditional__seed_000047,conditional,4,table,"(0.10,0.30]","{'parameters': {'boundary_rule': 'include records exactly at cutoff T', 'contingency': {'A': {'B': 9, 'not_B': 61}, 'not_A': {'B': 25, 'not_B': 7}}, 'query': 'P(A|B)', 'sampling': 'uniform among records satisfying B', 'temporal_filter': 'all records observed before cutoff T'}}","{'A': 0.2647058823529412, 'not_A': 0.7352941176470589}","{'A': 0.8670357598021706, 'not_A': 0.13296424019782924}","{'tv': 0.6023298774492295, 'mae_binary': 0.6023298774492294, 'rmse_binary': 0.6023298774492294, 'brier_regret': 0.7256025625360076, 'kl': 0.9434297335109403}",A,not_A,False,130.55023504421115,median,median,1,"{'std_A': 0.0, 'std_not_A': 0.0}",,{},"{'repeat_aggregation': 'median', 'n_repeats': 1}"
semif_qwen35_4b,Qwen/Qwen3.5-4B@851bf6e806efd8d0a36b00ddf55e13ccb7b8cd0a,conditional__seed_000048__repr_direct,conditional__seed_000048,conditional,4,direct,"(0.30,0.45]","{'parameters': {'boundary_rule': 'include records exactly at cutoff T', 'contingency': {'A': {'B': 48, 'not_B': 44}, 'not_A': {'B': 89, 'not_B': 16}}, 'query': 'P(A|B)', 'sampling': 'uniform among records satisfying B', 'temporal_filter': 'all records observed before cutoff T'}}","{'A': 0.35036496350364965, 'not_A': 0.6496350364963503}","{'A': 0.8354835371034369, 'not_A': 0.1645164628965632}","{'tv': 0.4851185735997872, 'mae_binary': 0.4851185735997873, 'rmse_binary': 0.4851185735997873, 'brier_regret': 0.4706800609029843, 'kl': 0.5877292966359223}",A,not_A,False,121.34122988209128,median,median,1,"{'std_A': 0.0, 'std_not_A': 0.0}",,{},"{'repeat_aggregation': 'median', 'n_repeats': 1}"
semif_qwen35_4b,Qwen/Qwen3.5-4B@851bf6e806efd8d0a36b00ddf55e13ccb7b8cd0a,conditional__seed_000048__repr_distractor,conditional__seed_000048,conditional,4,distractor,"(0.30,0.45]","{'parameters': {'boundary_rule': 'include records exactly at cutoff T', 'contingency': {'A': {'B': 48, 'not_B': 44}, 'not_A': {'B': 89, 'not_B': 16}}, 'query': 'P(A|B)', 'sampling': 'uniform among records satisfying B', 'temporal_filter': 'all records observed before cutoff T'}}","{'A': 0.35036496350364965, 'not_A': 0.6496350364963503}","{'A': 0.8933094060543487, 'not_A': 0.10669059394565118}","{'tv': 0.5429444425506991, 'mae_binary': 0.5429444425506991, 'rmse_binary': 0.5429444425506991, 'brier_regret': 0.5895773353933789, 'kl': 0.845624458270008}",A,not_A,False,130.71047607809305,median,median,1,"{'std_A': 0.0, 'std_not_A': 0.0}",,{},"{'repeat_aggregation': 'median', 'n_repeats': 1}"
semif_qwen35_4b,Qwen/Qwen3.5-4B@851bf6e806efd8d0a36b00ddf55e13ccb7b8cd0a,conditional__seed_000048__repr_nested,conditional__seed_000048,conditional,4,nested,"(0.30,0.45]","{'parameters': {'boundary_rule': 'include records exactly at cutoff T', 'contingency': {'A': {'B': 48, 'not_B': 44}, 'not_A': {'B': 89, 'not_B': 16}}, 'query': 'P(A|B)', 'sampling': 'uniform among records satisfying B', 'temporal_filter': 'all records observed before cutoff T'}}","{'A': 0.35036496350364965, 'not_A': 0.6496350364963503}","{'A': 0.8354835371034369, 'not_A': 0.1645164628965632}","{'tv': 0.4851185735997872, 'mae_binary': 0.4851185735997873, 'rmse_binary': 0.4851185735997873, 'brier_regret': 0.4706800609029843, 'kl': 0.5877292966359223}",A,not_A,False,120.67908607423306,median,median,1,"{'std_A': 0.0, 'std_not_A': 0.0}",,{},"{'repeat_aggregation': 'median', 'n_repeats': 1}"
semif_qwen35_4b,Qwen/Qwen3.5-4B@851bf6e806efd8d0a36b00ddf55e13ccb7b8cd0a,conditional__seed_000048__repr_prose,conditional__seed_000048,conditional,4,prose,"(0.30,0.45]","{'parameters': {'boundary_rule': 'include records exactly at cutoff T', 'contingency': {'A': {'B': 48, 'not_B': 44}, 'not_A': {'B': 89, 'not_B': 16}}, 'query': 'P(A|B)', 'sampling': 'uniform among records satisfying B', 'temporal_filter': 'all records observed before cutoff T'}}","{'A': 0.35036496350364965, 'not_A': 0.6496350364963503}","{'A': 0.7772998611746911, 'not_A': 0.22270013882530884}","{'tv': 0.4269348976710415, 'mae_binary': 0.4269348976710414, 'rmse_binary': 0.4269348976710414, 'brier_regret': 0.3645468136987653, 'kl': 0.4163006039095049}",A,not_A,False,129.72263479605317,median,median,1,"{'std_A': 0.0, 'std_not_A': 0.0}",,{},"{'repeat_aggregation': 'median', 'n_repeats': 1}"
semif_qwen35_4b,Qwen/Qwen3.5-4B@851bf6e806efd8d0a36b00ddf55e13ccb7b8cd0a,conditional__seed_000048__repr_table,conditional__seed_000048,conditional,4,table,"(0.30,0.45]","{'parameters': {'boundary_rule': 'include records exactly at cutoff T', 'contingency': {'A': {'B': 48, 'not_B': 44}, 'not_A': {'B': 89, 'not_B': 16}}, 'query': 'P(A|B)', 'sampling': 'uniform among records satisfying B', 'temporal_filter': 'all records observed before cutoff T'}}","{'A': 0.35036496350364965, 'not_A': 0.6496350364963503}","{'A': 0.8670357598021706, 'not_A': 0.13296424019782924}","{'tv': 0.5166707962985211, 'mae_binary': 0.516670796298521, 'rmse_binary': 0.516670796298521, 'brier_regret': 0.5338974234954956, 'kl': 0.7130684779799528}",A,not_A,False,132.2876112535596,median,median,1,"{'std_A': 0.0, 'std_not_A': 0.0}",,{},"{'repeat_aggregation': 'median', 'n_repeats': 1}"
semif_qwen35_4b,Qwen/Qwen3.5-4B@851bf6e806efd8d0a36b00ddf55e13ccb7b8cd0a,conditional__seed_000049__repr_direct,conditional__seed_000049,conditional,4,direct,"(0.45,0.55]","{'parameters': {'boundary_rule': 'include records exactly at cutoff T', 'contingency': {'A': {'B': 32, 'not_B': 39}, 'not_A': {'B': 33, 'not_B': 40}}, 'query': 'P(A|B)', 'sampling': 'uniform among records satisfying B', 'temporal_filter': 'all records observed before cutoff T'}}","{'A': 0.49230769230769234, 'not_A': 0.5076923076923077}","{'A': 0.8175744761936437, 'not_A': 0.18242552380635632}","{'tv': 0.3252667838859513, 'mae_binary': 0.3252667838859513, 'rmse_binary': 0.3252667838859513, 'brier_regret': 0.21159696139902032, 'kl': 0.2699229068253476}",A,not_A,False,121.11702188849449,median,median,1,"{'std_A': 0.0, 'std_not_A': 0.0}",,{},"{'repeat_aggregation': 'median', 'n_repeats': 1}"
semif_qwen35_4b,Qwen/Qwen3.5-4B@851bf6e806efd8d0a36b00ddf55e13ccb7b8cd0a,conditional__seed_000049__repr_distractor,conditional__seed_000049,conditional,4,distractor,"(0.45,0.55]","{'parameters': {'boundary_rule': 'include records exactly at cutoff T', 'contingency': {'A': {'B': 32, 'not_B': 39}, 'not_A': {'B': 33, 'not_B': 40}}, 'query': 'P(A|B)', 'sampling': 'uniform among records satisfying B', 'temporal_filter': 'all records observed before cutoff T'}}","{'A': 0.49230769230769234, 'not_A': 0.5076923076923077}","{'A': 0.9149009549929797, 'not_A': 0.08509904500702024}","{'tv': 0.4225932626852874, 'mae_binary': 0.4225932626852874, 'rmse_binary': 0.4225932626852874, 'brier_regret': 0.35717013133399267, 'kl': 0.601679863548303}",A,not_A,False,132.32855405658484,median,median,1,"{'std_A': 0.0, 'std_not_A': 0.0}",,{},"{'repeat_aggregation': 'median', 'n_repeats': 1}"
semif_qwen35_4b,Qwen/Qwen3.5-4B@851bf6e806efd8d0a36b00ddf55e13ccb7b8cd0a,conditional__seed_000049__repr_nested,conditional__seed_000049,conditional,4,nested,"(0.45,0.55]","{'parameters': {'boundary_rule': 'include records exactly at cutoff T', 'contingency': {'A': {'B': 32, 'not_B': 39}, 'not_A': {'B': 33, 'not_B': 40}}, 'query': 'P(A|B)', 'sampling': 'uniform among records satisfying B', 'temporal_filter': 'all records observed before cutoff T'}}","{'A': 0.49230769230769234, 'not_A': 0.5076923076923077}","{'A': 0.7772998611746911, 'not_A': 0.22270013882530884}","{'tv': 0.2849921688669988, 'mae_binary': 0.28499216886699874, 'rmse_binary': 0.28499216886699874, 'brier_regret': 0.1624410726310319, 'kl': 0.1935156332648911}",A,not_A,False,120.5850220285356,median,median,1,"{'std_A': 0.0, 'std_not_A': 0.0}",,{},"{'repeat_aggregation': 'median', 'n_repeats': 1}"
semif_qwen35_4b,Qwen/Qwen3.5-4B@851bf6e806efd8d0a36b00ddf55e13ccb7b8cd0a,conditional__seed_000049__repr_prose,conditional__seed_000049,conditional,4,prose,"(0.45,0.55]","{'parameters': {'boundary_rule': 'include records exactly at cutoff T', 'contingency': {'A': {'B': 32, 'not_B': 39}, 'not_A': {'B': 33, 'not_B': 40}}, 'query': 'P(A|B)', 'sampling': 'uniform among records satisfying B', 'temporal_filter': 'all records observed before cutoff T'}}","{'A': 0.49230769230769234, 'not_A': 0.5076923076923077}","{'A': 0.7981867777396212, 'not_A': 0.20181322226037882}","{'tv': 0.3058790854319289, 'mae_binary': 0.3058790854319289, 'rmse_binary': 0.3058790854319289, 'brier_regret': 0.18712402980934648, 'kl': 0.2304607419827046}",A,not_A,False,128.54165956377983,median,median,1,"{'std_A': 0.0, 'std_not_A': 0.0}",,{},"{'repeat_aggregation': 'median', 'n_repeats': 1}"
semif_qwen35_4b,Qwen/Qwen3.5-4B@851bf6e806efd8d0a36b00ddf55e13ccb7b8cd0a,conditional__seed_000049__repr_table,conditional__seed_000049,conditional,4,table,"(0.45,0.55]","{'parameters': {'boundary_rule': 'include records exactly at cutoff T', 'contingency': {'A': {'B': 32, 'not_B': 39}, 'not_A': {'B': 33, 'not_B': 40}}, 'query': 'P(A|B)', 'sampling': 'uniform among records satisfying B', 'temporal_filter': 'all records observed before cutoff T'}}","{'A': 0.49230769230769234, 'not_A': 0.5076923076923077}","{'A': 0.8354835371034369, 'not_A': 0.1645164628965632}","{'tv': 0.34317584479574453, 'mae_binary': 0.3431758447957446, 'rmse_binary': 0.3431758447957446, 'brier_regret': 0.23553932090254587, 'kl': 0.31171580268979254}",A,not_A,False,131.97799492627382,median,median,1,"{'std_A': 0.0, 'std_not_A': 0.0}",,{},"{'repeat_aggregation': 'median', 'n_repeats': 1}"
semif_qwen35_4b,Qwen/Qwen3.5-4B@851bf6e806efd8d0a36b00ddf55e13ccb7b8cd0a,conditional__seed_000050__repr_direct,conditional__seed_000050,conditional,4,direct,"(0.55,0.70]","{'parameters': {'boundary_rule': 'include records exactly at cutoff T', 'contingency': {'A': {'B': 67, 'not_B': 52}, 'not_A': {'B': 29, 'not_B': 79}}, 'query': 'P(A|B)', 'sampling': 'uniform among records satisfying B', 'temporal_filter': 'all records observed before cutoff T'}}","{'A': 0.6979166666666666, 'not_A': 0.30208333333333337}","{'A': 0.7549149868676283, 'not_A': 0.24508501313237172}","{'tv': 0.05699832020096164, 'mae_binary': 0.05699832020096163, 'rmse_binary': 0.05699832020096163, 'brier_regret': 0.006497617011462704, 'kl': 0.008374700705504307}",A,A,True,117.654446978122,median,median,1,"{'std_A': 0.0, 'std_not_A': 0.0}",,{},"{'repeat_aggregation': 'median', 'n_repeats': 1}"
semif_qwen35_4b,Qwen/Qwen3.5-4B@851bf6e806efd8d0a36b00ddf55e13ccb7b8cd0a,conditional__seed_000050__repr_distractor,conditional__seed_000050,conditional,4,distractor,"(0.55,0.70]","{'parameters': {'boundary_rule': 'include records exactly at cutoff T', 'contingency': {'A': {'B': 67, 'not_B': 52}, 'not_A': {'B': 29, 'not_B': 79}}, 'query': 'P(A|B)', 'sampling': 'uniform among records satisfying B', 'temporal_filter': 'all records observed before cutoff T'}}","{'A': 0.6979166666666666, 'not_A': 0.30208333333333337}","{'A': 0.8807970779778823, 'not_A': 0.11920292202211755}","{'tv': 0.18288041131121574, 'mae_binary': 0.18288041131121568, 'rmse_binary': 0.18288041131121568, 'brier_regret': 0.0668904896827189, 'kl': 0.11847549216682887}",A,A,True,132.95629899948835,median,median,1,"{'std_A': 0.0, 'std_not_A': 0.0}",,{},"{'repeat_aggregation': 'median', 'n_repeats': 1}"
semif_qwen35_4b,Qwen/Qwen3.5-4B@851bf6e806efd8d0a36b00ddf55e13ccb7b8cd0a,conditional__seed_000050__repr_nested,conditional__seed_000050,conditional,4,nested,"(0.55,0.70]","{'parameters': {'boundary_rule': 'include records exactly at cutoff T', 'contingency': {'A': {'B': 67, 'not_B': 52}, 'not_A': {'B': 29, 'not_B': 79}}, 'query': 'P(A|B)', 'sampling': 'uniform among records satisfying B', 'temporal_filter': 'all records observed before cutoff T'}}","{'A': 0.6979166666666666, 'not_A': 0.30208333333333337}","{'A': 0.7549149868676283, 'not_A': 0.24508501313237172}","{'tv': 0.05699832020096164, 'mae_binary': 0.05699832020096163, 'rmse_binary': 0.05699832020096163, 'brier_regret': 0.006497617011462704, 'kl': 0.008374700705504307}",A,A,True,118.26743884012103,median,median,1,"{'std_A': 0.0, 'std_not_A': 0.0}",,{},"{'repeat_aggregation': 'median', 'n_repeats': 1}"
semif_qwen35_4b,Qwen/Qwen3.5-4B@851bf6e806efd8d0a36b00ddf55e13ccb7b8cd0a,conditional__seed_000050__repr_prose,conditional__seed_000050,conditional,4,prose,"(0.55,0.70]","{'parameters': {'boundary_rule': 'include records exactly at cutoff T', 'contingency': {'A': {'B': 67, 'not_B': 52}, 'not_A': {'B': 29, 'not_B': 79}}, 'query': 'P(A|B)', 'sampling': 'uniform among records satisfying B', 'temporal_filter': 'all records observed before cutoff T'}}","{'A': 0.6979166666666666, 'not_A': 0.30208333333333337}","{'A': 0.7981867777396212, 'not_A': 0.20181322226037882}","{'tv': 0.10027011107295457, 'mae_binary': 0.10027011107295458, 'rmse_binary': 0.10027011107295458, 'brier_regret': 0.020108190349165292, 'kl': 0.028158049392170773}",A,A,True,131.70561101287603,median,median,1,"{'std_A': 0.0, 'std_not_A': 0.0}",,{},"{'repeat_aggregation': 'median', 'n_repeats': 1}"
semif_qwen35_4b,Qwen/Qwen3.5-4B@851bf6e806efd8d0a36b00ddf55e13ccb7b8cd0a,conditional__seed_000050__repr_table,conditional__seed_000050,conditional,4,table,"(0.55,0.70]","{'parameters': {'boundary_rule': 'include records exactly at cutoff T', 'contingency': {'A': {'B': 67, 'not_B': 52}, 'not_A': {'B': 29, 'not_B': 79}}, 'query': 'P(A|B)', 'sampling': 'uniform among records satisfying B', 'temporal_filter': 'all records observed before cutoff T'}}","{'A': 0.6979166666666666, 'not_A': 0.30208333333333337}","{'A': 0.8670357598021706, 'not_A': 0.13296424019782924}","{'tv': 0.16911909313550405, 'mae_binary': 0.169119093135504, 'rmse_binary': 0.169119093135504, 'brier_regret': 0.0572025353259506, 'kl': 0.09646212206279123}",A,A,True,131.907322909683,median,median,1,"{'std_A': 0.0, 'std_not_A': 0.0}",,{},"{'repeat_aggregation': 'median', 'n_repeats': 1}"
semif_qwen35_4b,Qwen/Qwen3.5-4B@851bf6e806efd8d0a36b00ddf55e13ccb7b8cd0a,conditional__seed_000051__repr_direct,conditional__seed_000051,conditional,4,direct,"(0.55,0.70]","{'parameters': {'boundary_rule': 'include records exactly at cutoff T', 'contingency': {'A': {'B': 72, 'not_B': 78}, 'not_A': {'B': 51, 'not_B': 6}}, 'query': 'P(A|B)', 'sampling': 'uniform among records satisfying B', 'temporal_filter': 'all records observed before cutoff T'}}","{'A': 0.5853658536585366, 'not_A': 0.41463414634146345}","{'A': 0.7981867777396212, 'not_A': 0.20181322226037882}","{'tv': 0.21282092408108466, 'mae_binary': 0.21282092408108466, 'rmse_binary': 0.21282092408108466, 'brier_regret': 0.0905854914534536, 'kl': 0.11703372580725149}",A,A,True,119.08100685104728,median,median,1,"{'std_A': 0.0, 'std_not_A': 0.0}",,{},"{'repeat_aggregation': 'median', 'n_repeats': 1}"
semif_qwen35_4b,Qwen/Qwen3.5-4B@851bf6e806efd8d0a36b00ddf55e13ccb7b8cd0a,conditional__seed_000051__repr_distractor,conditional__seed_000051,conditional,4,distractor,"(0.55,0.70]","{'parameters': {'boundary_rule': 'include records exactly at cutoff T', 'contingency': {'A': {'B': 72, 'not_B': 78}, 'not_A': {'B': 51, 'not_B': 6}}, 'query': 'P(A|B)', 'sampling': 'uniform among records satisfying B', 'temporal_filter': 'all records observed before cutoff T'}}","{'A': 0.5853658536585366, 'not_A': 0.41463414634146345}","{'A': 0.8807970779778823, 'not_A': 0.11920292202211755}","{'tv': 0.2954312243193458, 'mae_binary': 0.29543122431934576, 'rmse_binary': 0.29543122431934576, 'brier_regret': 0.17455921660565527, 'kl': 0.2776954267119909}",A,A,True,133.29913094639778,median,median,1,"{'std_A': 0.0, 'std_not_A': 0.0}",,{},"{'repeat_aggregation': 'median', 'n_repeats': 1}"
semif_qwen35_4b,Qwen/Qwen3.5-4B@851bf6e806efd8d0a36b00ddf55e13ccb7b8cd0a,conditional__seed_000051__repr_nested,conditional__seed_000051,conditional,4,nested,"(0.55,0.70]","{'parameters': {'boundary_rule': 'include records exactly at cutoff T', 'contingency': {'A': {'B': 72, 'not_B': 78}, 'not_A': {'B': 51, 'not_B': 6}}, 'query': 'P(A|B)', 'sampling': 'uniform among records satisfying B', 'temporal_filter': 'all records observed before cutoff T'}}","{'A': 0.5853658536585366, 'not_A': 0.41463414634146345}","{'A': 0.8354835371034369, 'not_A': 0.1645164628965632}","{'tv': 0.2501176834449003, 'mae_binary': 0.2501176834449004, 'rmse_binary': 0.2501176834449004, 'brier_regret': 0.12511771114368672, 'kl': 0.17502424617662843}",A,A,True,118.20907006040215,median,median,1,"{'std_A': 0.0, 'std_not_A': 0.0}",,{},"{'repeat_aggregation': 'median', 'n_repeats': 1}"
semif_qwen35_4b,Qwen/Qwen3.5-4B@851bf6e806efd8d0a36b00ddf55e13ccb7b8cd0a,conditional__seed_000051__repr_prose,conditional__seed_000051,conditional,4,prose,"(0.55,0.70]","{'parameters': {'boundary_rule': 'include records exactly at cutoff T', 'contingency': {'A': {'B': 72, 'not_B': 78}, 'not_A': {'B': 51, 'not_B': 6}}, 'query': 'P(A|B)', 'sampling': 'uniform among records satisfying B', 'temporal_filter': 'all records observed before cutoff T'}}","{'A': 0.5853658536585366, 'not_A': 0.41463414634146345}","{'A': 0.8807970779778823, 'not_A': 0.11920292202211755}","{'tv': 0.2954312243193458, 'mae_binary': 0.29543122431934576, 'rmse_binary': 0.29543122431934576, 'brier_regret': 0.17455921660565527, 'kl': 0.2776954267119909}",A,A,True,130.4652108810842,median,median,1,"{'std_A': 0.0, 'std_not_A': 0.0}",,{},"{'repeat_aggregation': 'median', 'n_repeats': 1}"
semif_qwen35_4b,Qwen/Qwen3.5-4B@851bf6e806efd8d0a36b00ddf55e13ccb7b8cd0a,conditional__seed_000051__repr_table,conditional__seed_000051,conditional,4,table,"(0.55,0.70]","{'parameters': {'boundary_rule': 'include records exactly at cutoff T', 'contingency': {'A': {'B': 72, 'not_B': 78}, 'not_A': {'B': 51, 'not_B': 6}}, 'query': 'P(A|B)', 'sampling': 'uniform among records satisfying B', 'temporal_filter': 'all records observed before cutoff T'}}","{'A': 0.5853658536585366, 'not_A': 0.41463414634146345}","{'A': 0.8933094060543487, 'not_A': 0.10669059394565118}","{'tv': 0.3079435523958122, 'mae_binary': 0.30794355239581217, 'rmse_binary': 0.30794355239581217, 'brier_regret': 0.18965846292430472, 'kl': 0.31541896273327064}",A,A,True,130.87589899078012,median,median,1,"{'std_A': 0.0, 'std_not_A': 0.0}",,{},"{'repeat_aggregation': 'median', 'n_repeats': 1}"
semif_qwen35_4b,Qwen/Qwen3.5-4B@851bf6e806efd8d0a36b00ddf55e13ccb7b8cd0a,conditional__seed_000052__repr_direct,conditional__seed_000052,conditional,4,direct,"(0.10,0.30]","{'parameters': {'boundary_rule': 'include records exactly at cutoff T', 'contingency': {'A': {'B': 6, 'not_B': 27}, 'not_A': {'B': 15, 'not_B': 59}}, 'query': 'P(A|B)', 'sampling': 'uniform among records satisfying B', 'temporal_filter': 'all records observed before cutoff T'}}","{'A': 0.2857142857142857, 'not_A': 0.7142857142857143}","{'A': 0.8354835371034369, 'not_A': 0.1645164628965632}","{'tv': 0.5497692513891512, 'mae_binary': 0.5497692513891512, 'rmse_binary': 0.5497692513891512, 'brier_regret': 0.6044924595459754, 'kl': 0.7421893325146875}",A,not_A,False,120.822349563241,median,median,1,"{'std_A': 0.0, 'std_not_A': 0.0}",,{},"{'repeat_aggregation': 'median', 'n_repeats': 1}"
semif_qwen35_4b,Qwen/Qwen3.5-4B@851bf6e806efd8d0a36b00ddf55e13ccb7b8cd0a,conditional__seed_000052__repr_distractor,conditional__seed_000052,conditional,4,distractor,"(0.10,0.30]","{'parameters': {'boundary_rule': 'include records exactly at cutoff T', 'contingency': {'A': {'B': 6, 'not_B': 27}, 'not_A': {'B': 15, 'not_B': 59}}, 'query': 'P(A|B)', 'sampling': 'uniform among records satisfying B', 'temporal_filter': 'all records observed before cutoff T'}}","{'A': 0.2857142857142857, 'not_A': 0.7142857142857143}","{'A': 0.8670357598021706, 'not_A': 0.13296424019782924}","{'tv': 0.5813214740878849, 'mae_binary': 0.5813214740878849, 'rmse_binary': 0.5813214740878849, 'brier_regret': 0.675869312471423, 'kl': 0.8836911833060588}",A,not_A,False,132.05812266096473,median,median,1,"{'std_A': 0.0, 'std_not_A': 0.0}",,{},"{'repeat_aggregation': 'median', 'n_repeats': 1}"
semif_qwen35_4b,Qwen/Qwen3.5-4B@851bf6e806efd8d0a36b00ddf55e13ccb7b8cd0a,conditional__seed_000052__repr_nested,conditional__seed_000052,conditional,4,nested,"(0.10,0.30]","{'parameters': {'boundary_rule': 'include records exactly at cutoff T', 'contingency': {'A': {'B': 6, 'not_B': 27}, 'not_A': {'B': 15, 'not_B': 59}}, 'query': 'P(A|B)', 'sampling': 'uniform among records satisfying B', 'temporal_filter': 'all records observed before cutoff T'}}","{'A': 0.2857142857142857, 'not_A': 0.7142857142857143}","{'A': 0.7981867777396212, 'not_A': 0.20181322226037882}","{'tv': 0.5124724920253355, 'mae_binary': 0.5124724920253355, 'rmse_binary': 0.5124724920253355, 'brier_regret': 0.5252561101653151, 'kl': 0.6092859201592478}",A,not_A,False,120.02362962812185,median,median,1,"{'std_A': 0.0, 'std_not_A': 0.0}",,{},"{'repeat_aggregation': 'median', 'n_repeats': 1}"
semif_qwen35_4b,Qwen/Qwen3.5-4B@851bf6e806efd8d0a36b00ddf55e13ccb7b8cd0a,conditional__seed_000052__repr_prose,conditional__seed_000052,conditional,4,prose,"(0.10,0.30]","{'parameters': {'boundary_rule': 'include records exactly at cutoff T', 'contingency': {'A': {'B': 6, 'not_B': 27}, 'not_A': {'B': 15, 'not_B': 59}}, 'query': 'P(A|B)', 'sampling': 'uniform among records satisfying B', 'temporal_filter': 'all records observed before cutoff T'}}","{'A': 0.2857142857142857, 'not_A': 0.7142857142857143}","{'A': 0.8175744761936437, 'not_A': 0.18242552380635632}","{'tv': 0.531860190479358, 'mae_binary': 0.531860190479358, 'rmse_binary': 0.531860190479358, 'brier_regret': 0.5657505244334778, 'kl': 0.6745722608260667}",A,not_A,False,130.21641178056598,median,median,1,"{'std_A': 0.0, 'std_not_A': 0.0}",,{},"{'repeat_aggregation': 'median', 'n_repeats': 1}"
semif_qwen35_4b,Qwen/Qwen3.5-4B@851bf6e806efd8d0a36b00ddf55e13ccb7b8cd0a,conditional__seed_000052__repr_table,conditional__seed_000052,conditional,4,table,"(0.10,0.30]","{'parameters': {'boundary_rule': 'include records exactly at cutoff T', 'contingency': {'A': {'B': 6, 'not_B': 27}, 'not_A': {'B': 15, 'not_B': 59}}, 'query': 'P(A|B)', 'sampling': 'uniform among records satisfying B', 'temporal_filter': 'all records observed before cutoff T'}}","{'A': 0.2857142857142857, 'not_A': 0.7142857142857143}","{'A': 0.8354835371034369, 'not_A': 0.1645164628965632}","{'tv': 0.5497692513891512, 'mae_binary': 0.5497692513891512, 'rmse_binary': 0.5497692513891512, 'brier_regret': 0.6044924595459754, 'kl': 0.7421893325146875}",A,not_A,False,130.20809087902308,median,median,1,"{'std_A': 0.0, 'std_not_A': 0.0}",,{},"{'repeat_aggregation': 'median', 'n_repeats': 1}"
semif_qwen35_4b,Qwen/Qwen3.5-4B@851bf6e806efd8d0a36b00ddf55e13ccb7b8cd0a,conditional__seed_000053__repr_direct,conditional__seed_000053,conditional,4,direct,"(0.90,0.99]","{'parameters': {'boundary_rule': 'include records exactly at cutoff T', 'contingency': {'A': {'B': 60, 'not_B': 90}, 'not_A': {'B': 2, 'not_B': 36}}, 'query': 'P(A|B)', 'sampling': 'uniform among records satisfying B', 'temporal_filter': 'all records observed before cutoff T'}}","{'A': 0.967741935483871, 'not_A': 0.032258064516129004}","{'A': 0.8354835371034369, 'not_A': 0.1645164628965632}","{'tv': 0.13225839838043413, 'mae_binary': 0.13225839838043407, 'rmse_binary': 0.13225839838043407, 'brier_regret': 0.03498456788431524, 'kl': 0.08965812283163083}",A,A,True,119.98855881392956,median,median,1,"{'std_A': 0.0, 'std_not_A': 0.0}",,{},"{'repeat_aggregation': 'median', 'n_repeats': 1}"
semif_qwen35_4b,Qwen/Qwen3.5-4B@851bf6e806efd8d0a36b00ddf55e13ccb7b8cd0a,conditional__seed_000053__repr_distractor,conditional__seed_000053,conditional,4,distractor,"(0.90,0.99]","{'parameters': {'boundary_rule': 'include records exactly at cutoff T', 'contingency': {'A': {'B': 60, 'not_B': 90}, 'not_A': {'B': 2, 'not_B': 36}}, 'query': 'P(A|B)', 'sampling': 'uniform among records satisfying B', 'temporal_filter': 'all records observed before cutoff T'}}","{'A': 0.967741935483871, 'not_A': 0.032258064516129004}","{'A': 0.8670357598021706, 'not_A': 0.13296424019782924}","{'tv': 0.1007061756817003, 'mae_binary': 0.10070617568170037, 'rmse_binary': 0.10070617568170037, 'brier_regret': 0.02028346764086697, 'kl': 0.060653061180605816}",A,A,True,132.7591952867806,median,median,1,"{'std_A': 0.0, 'std_not_A': 0.0}",,{},"{'repeat_aggregation': 'median', 'n_repeats': 1}"
semif_qwen35_4b,Qwen/Qwen3.5-4B@851bf6e806efd8d0a36b00ddf55e13ccb7b8cd0a,conditional__seed_000053__repr_nested,conditional__seed_000053,conditional,4,nested,"(0.90,0.99]","{'parameters': {'boundary_rule': 'include records exactly at cutoff T', 'contingency': {'A': {'B': 60, 'not_B': 90}, 'not_A': {'B': 2, 'not_B': 36}}, 'query': 'P(A|B)', 'sampling': 'uniform among records satisfying B', 'temporal_filter': 'all records observed before cutoff T'}}","{'A': 0.967741935483871, 'not_A': 0.032258064516129004}","{'A': 0.7981867777396212, 'not_A': 0.20181322226037882}","{'tv': 0.16955515774424978, 'mae_binary': 0.16955515774424978, 'rmse_binary': 0.16955515774424978, 'brier_regret': 0.05749790303535486, 'kl': 0.1272616229185875}",A,A,True,120.69063866510987,median,median,1,"{'std_A': 0.0, 'std_not_A': 0.0}",,{},"{'repeat_aggregation': 'median', 'n_repeats': 1}"
semif_qwen35_4b,Qwen/Qwen3.5-4B@851bf6e806efd8d0a36b00ddf55e13ccb7b8cd0a,conditional__seed_000053__repr_prose,conditional__seed_000053,conditional,4,prose,"(0.90,0.99]","{'parameters': {'boundary_rule': 'include records exactly at cutoff T', 'contingency': {'A': {'B': 60, 'not_B': 90}, 'not_A': {'B': 2, 'not_B': 36}}, 'query': 'P(A|B)', 'sampling': 'uniform among records satisfying B', 'temporal_filter': 'all records observed before cutoff T'}}","{'A': 0.967741935483871, 'not_A': 0.032258064516129004}","{'A': 0.7310585786300049, 'not_A': 0.2689414213699951}","{'tv': 0.2366833568538661, 'mae_binary': 0.2366833568538661, 'rmse_binary': 0.2366833568538661, 'brier_regret': 0.11203802282322906, 'kl': 0.20301388464161407}",A,A,True,130.12767489999533,median,median,1,"{'std_A': 0.0, 'std_not_A': 0.0}",,{},"{'repeat_aggregation': 'median', 'n_repeats': 1}"
semif_qwen35_4b,Qwen/Qwen3.5-4B@851bf6e806efd8d0a36b00ddf55e13ccb7b8cd0a,conditional__seed_000053__repr_table,conditional__seed_000053,conditional,4,table,"(0.90,0.99]","{'parameters': {'boundary_rule': 'include records exactly at cutoff T', 'contingency': {'A': {'B': 60, 'not_B': 90}, 'not_A': {'B': 2, 'not_B': 36}}, 'query': 'P(A|B)', 'sampling': 'uniform among records satisfying B', 'temporal_filter': 'all records observed before cutoff T'}}","{'A': 0.967741935483871, 'not_A': 0.032258064516129004}","{'A': 0.8354835371034369, 'not_A': 0.1645164628965632}","{'tv': 0.13225839838043413, 'mae_binary': 0.13225839838043407, 'rmse_binary': 0.13225839838043407, 'brier_regret': 0.03498456788431524, 'kl': 0.08965812283163083}",A,A,True,132.09493784233928,median,median,1,"{'std_A': 0.0, 'std_not_A': 0.0}",,{},"{'repeat_aggregation': 'median', 'n_repeats': 1}"
semif_qwen35_4b,Qwen/Qwen3.5-4B@851bf6e806efd8d0a36b00ddf55e13ccb7b8cd0a,conditional__seed_000054__repr_direct,conditional__seed_000054,conditional,4,direct,"(0.70,0.90]","{'parameters': {'boundary_rule': 'include records exactly at cutoff T', 'contingency': {'A': {'B': 70, 'not_B': 25}, 'not_A': {'B': 14, 'not_B': 46}}, 'query': 'P(A|B)', 'sampling': 'uniform among records satisfying B', 'temporal_filter': 'all records observed before cutoff T'}}","{'A': 0.8333333333333334, 'not_A': 0.16666666666666663}","{'A': 0.8175744761936437, 'not_A': 0.18242552380635632}","{'tv': 0.015758857139689705, 'mae_binary': 0.01575885713968972, 'rmse_binary': 0.01575885713968972, 'brier_regret': 0.0004966831566982984, 'kl': 0.0008520691164477564}",A,A,True,119.65500609949231,median,median,1,"{'std_A': 0.0, 'std_not_A': 0.0}",,{},"{'repeat_aggregation': 'median', 'n_repeats': 1}"
semif_qwen35_4b,Qwen/Qwen3.5-4B@851bf6e806efd8d0a36b00ddf55e13ccb7b8cd0a,conditional__seed_000054__repr_distractor,conditional__seed_000054,conditional,4,distractor,"(0.70,0.90]","{'parameters': {'boundary_rule': 'include records exactly at cutoff T', 'contingency': {'A': {'B': 70, 'not_B': 25}, 'not_A': {'B': 14, 'not_B': 46}}, 'query': 'P(A|B)', 'sampling': 'uniform among records satisfying B', 'temporal_filter': 'all records observed before cutoff T'}}","{'A': 0.8333333333333334, 'not_A': 0.16666666666666663}","{'A': 0.8670357598021706, 'not_A': 0.13296424019782924}","{'tv': 0.033702426468837324, 'mae_binary': 0.033702426468837254, 'rmse_binary': 0.033702426468837254, 'brier_regret': 0.002271707099774773, 'kl': 0.004613848739296961}",A,A,True,129.83013922348619,median,median,1,"{'std_A': 0.0, 'std_not_A': 0.0}",,{},"{'repeat_aggregation': 'median', 'n_repeats': 1}"
semif_qwen35_4b,Qwen/Qwen3.5-4B@851bf6e806efd8d0a36b00ddf55e13ccb7b8cd0a,conditional__seed_000054__repr_nested,conditional__seed_000054,conditional,4,nested,"(0.70,0.90]","{'parameters': {'boundary_rule': 'include records exactly at cutoff T', 'contingency': {'A': {'B': 70, 'not_B': 25}, 'not_A': {'B': 14, 'not_B': 46}}, 'query': 'P(A|B)', 'sampling': 'uniform among records satisfying B', 'temporal_filter': 'all records observed before cutoff T'}}","{'A': 0.8333333333333334, 'not_A': 0.16666666666666663}","{'A': 0.8175744761936437, 'not_A': 0.18242552380635632}","{'tv': 0.015758857139689705, 'mae_binary': 0.01575885713968972, 'rmse_binary': 0.01575885713968972, 'brier_regret': 0.0004966831566982984, 'kl': 0.0008520691164477564}",A,A,True,121.32188584655523,median,median,1,"{'std_A': 0.0, 'std_not_A': 0.0}",,{},"{'repeat_aggregation': 'median', 'n_repeats': 1}"
semif_qwen35_4b,Qwen/Qwen3.5-4B@851bf6e806efd8d0a36b00ddf55e13ccb7b8cd0a,conditional__seed_000054__repr_prose,conditional__seed_000054,conditional,4,prose,"(0.70,0.90]","{'parameters': {'boundary_rule': 'include records exactly at cutoff T', 'contingency': {'A': {'B': 70, 'not_B': 25}, 'not_A': {'B': 14, 'not_B': 46}}, 'query': 'P(A|B)', 'sampling': 'uniform among records satisfying B', 'temporal_filter': 'all records observed before cutoff T'}}","{'A': 0.8333333333333334, 'not_A': 0.16666666666666663}","{'A': 0.7549149868676283, 'not_A': 0.24508501313237172}","{'tv': 0.0784183464657051, 'mae_binary': 0.07841834646570511, 'rmse_binary': 0.07841834646570511, 'brier_regret': 0.012298874124830727, 'kl': 0.018088927382010137}",A,A,True,128.66909988224506,median,median,1,"{'std_A': 0.0, 'std_not_A': 0.0}",,{},"{'repeat_aggregation': 'median', 'n_repeats': 1}"
semif_qwen35_4b,Qwen/Qwen3.5-4B@851bf6e806efd8d0a36b00ddf55e13ccb7b8cd0a,conditional__seed_000054__repr_table,conditional__seed_000054,conditional,4,table,"(0.70,0.90]","{'parameters': {'boundary_rule': 'include records exactly at cutoff T', 'contingency': {'A': {'B': 70, 'not_B': 25}, 'not_A': {'B': 14, 'not_B': 46}}, 'query': 'P(A|B)', 'sampling': 'uniform among records satisfying B', 'temporal_filter': 'all records observed before cutoff T'}}","{'A': 0.8333333333333334, 'not_A': 0.16666666666666663}","{'A': 0.8807970779778823, 'not_A': 0.11920292202211755}","{'tv': 0.047463744644549014, 'mae_binary': 0.047463744644548944, 'rmse_binary': 0.047463744644548944, 'brier_regret': 0.00450561411136591, 'kl': 0.009700135510001241}",A,A,True,131.09220331534743,median,median,1,"{'std_A': 0.0, 'std_not_A': 0.0}",,{},"{'repeat_aggregation': 'median', 'n_repeats': 1}"
semif_qwen35_4b,Qwen/Qwen3.5-4B@851bf6e806efd8d0a36b00ddf55e13ccb7b8cd0a,conditional__seed_000055__repr_direct,conditional__seed_000055,conditional,4,direct,"(0.70,0.90]","{'parameters': {'boundary_rule': 'include records exactly at cutoff T', 'contingency': {'A': {'B': 37, 'not_B': 40}, 'not_A': {'B': 12, 'not_B': 76}}, 'query': 'P(A|B)', 'sampling': 'uniform among records satisfying B', 'temporal_filter': 'all records observed before cutoff T'}}","{'A': 0.7551020408163265, 'not_A': 0.24489795918367352}","{'A': 0.7549149868676283, 'not_A': 0.24508501313237172}","{'tv': 0.0001870539486982098, 'mae_binary': 0.00018705394869822367, 'rmse_binary': 0.00018705394869822367, 'brier_regret': 6.997835944718501e-08, 'kl': 9.457222506376321e-08}",A,A,True,120.50099018961191,median,median,1,"{'std_A': 0.0, 'std_not_A': 0.0}",,{},"{'repeat_aggregation': 'median', 'n_repeats': 1}"
semif_qwen35_4b,Qwen/Qwen3.5-4B@851bf6e806efd8d0a36b00ddf55e13ccb7b8cd0a,conditional__seed_000055__repr_distractor,conditional__seed_000055,conditional,4,distractor,"(0.70,0.90]","{'parameters': {'boundary_rule': 'include records exactly at cutoff T', 'contingency': {'A': {'B': 37, 'not_B': 40}, 'not_A': {'B': 12, 'not_B': 76}}, 'query': 'P(A|B)', 'sampling': 'uniform among records satisfying B', 'temporal_filter': 'all records observed before cutoff T'}}","{'A': 0.7551020408163265, 'not_A': 0.24489795918367352}","{'A': 0.8670357598021706, 'not_A': 0.13296424019782924}","{'tv': 0.11193371898584421, 'mae_binary': 0.11193371898584414, 'rmse_binary': 0.11193371898584414, 'brier_regret': 0.025058314892003882, 'kl': 0.04519848531726711}",A,A,True,132.73679511621594,median,median,1,"{'std_A': 0.0, 'std_not_A': 0.0}",,{},"{'repeat_aggregation': 'median', 'n_repeats': 1}"
semif_qwen35_4b,Qwen/Qwen3.5-4B@851bf6e806efd8d0a36b00ddf55e13ccb7b8cd0a,conditional__seed_000055__repr_nested,conditional__seed_000055,conditional,4,nested,"(0.70,0.90]","{'parameters': {'boundary_rule': 'include records exactly at cutoff T', 'contingency': {'A': {'B': 37, 'not_B': 40}, 'not_A': {'B': 12, 'not_B': 76}}, 'query': 'P(A|B)', 'sampling': 'uniform among records satisfying B', 'temporal_filter': 'all records observed before cutoff T'}}","{'A': 0.7551020408163265, 'not_A': 0.24489795918367352}","{'A': 0.7057850278370112, 'not_A': 0.29421497216298875}","{'tv': 0.04931701297931523, 'mae_binary': 0.04931701297931523, 'rmse_binary': 0.04931701297931523, 'brier_regret': 0.004864335538403894, 'kl': 0.006070049533047579}",A,A,True,119.26295887678862,median,median,1,"{'std_A': 0.0, 'std_not_A': 0.0}",,{},"{'repeat_aggregation': 'median', 'n_repeats': 1}"
semif_qwen35_4b,Qwen/Qwen3.5-4B@851bf6e806efd8d0a36b00ddf55e13ccb7b8cd0a,conditional__seed_000055__repr_prose,conditional__seed_000055,conditional,4,prose,"(0.70,0.90]","{'parameters': {'boundary_rule': 'include records exactly at cutoff T', 'contingency': {'A': {'B': 37, 'not_B': 40}, 'not_A': {'B': 12, 'not_B': 76}}, 'query': 'P(A|B)', 'sampling': 'uniform among records satisfying B', 'temporal_filter': 'all records observed before cutoff T'}}","{'A': 0.7551020408163265, 'not_A': 0.24489795918367352}","{'A': 0.7549149868676283, 'not_A': 0.24508501313237172}","{'tv': 0.0001870539486982098, 'mae_binary': 0.00018705394869822367, 'rmse_binary': 0.00018705394869822367, 'brier_regret': 6.997835944718501e-08, 'kl': 9.457222506376321e-08}",A,A,True,130.2065714262426,median,median,1,"{'std_A': 0.0, 'std_not_A': 0.0}",,{},"{'repeat_aggregation': 'median', 'n_repeats': 1}"
semif_qwen35_4b,Qwen/Qwen3.5-4B@851bf6e806efd8d0a36b00ddf55e13ccb7b8cd0a,conditional__seed_000055__repr_table,conditional__seed_000055,conditional,4,table,"(0.70,0.90]","{'parameters': {'boundary_rule': 'include records exactly at cutoff T', 'contingency': {'A': {'B': 37, 'not_B': 40}, 'not_A': {'B': 12, 'not_B': 76}}, 'query': 'P(A|B)', 'sampling': 'uniform among records satisfying B', 'temporal_filter': 'all records observed before cutoff T'}}","{'A': 0.7551020408163265, 'not_A': 0.24489795918367352}","{'A': 0.7549149868676283, 'not_A': 0.24508501313237172}","{'tv': 0.0001870539486982098, 'mae_binary': 0.00018705394869822367, 'rmse_binary': 0.00018705394869822367, 'brier_regret': 6.997835944718501e-08, 'kl': 9.457222506376321e-08}",A,A,True,131.38028280809522,median,median,1,"{'std_A': 0.0, 'std_not_A': 0.0}",,{},"{'repeat_aggregation': 'median', 'n_repeats': 1}"
semif_qwen35_4b,Qwen/Qwen3.5-4B@851bf6e806efd8d0a36b00ddf55e13ccb7b8cd0a,conditional__seed_000056__repr_direct,conditional__seed_000056,conditional,4,direct,"(0.55,0.70]","{'parameters': {'boundary_rule': 'include records exactly at cutoff T', 'contingency': {'A': {'B': 61, 'not_B': 73}, 'not_A': {'B': 28, 'not_B': 83}}, 'query': 'P(A|B)', 'sampling': 'uniform among records satisfying B', 'temporal_filter': 'all records observed before cutoff T'}}","{'A': 0.6853932584269663, 'not_A': 0.3146067415730337}","{'A': 0.7772998611746911, 'not_A': 0.22270013882530884}","{'tv': 0.09190660274772482, 'mae_binary': 0.09190660274772477, 'rmse_binary': 0.09190660274772477, 'brier_regret': 0.0168936472572562, 'kl': 0.022450374528712805}",A,A,True,121.95758102461696,median,median,1,"{'std_A': 0.0, 'std_not_A': 0.0}",,{},"{'repeat_aggregation': 'median', 'n_repeats': 1}"
semif_qwen35_4b,Qwen/Qwen3.5-4B@851bf6e806efd8d0a36b00ddf55e13ccb7b8cd0a,conditional__seed_000056__repr_distractor,conditional__seed_000056,conditional,4,distractor,"(0.55,0.70]","{'parameters': {'boundary_rule': 'include records exactly at cutoff T', 'contingency': {'A': {'B': 61, 'not_B': 73}, 'not_A': {'B': 28, 'not_B': 83}}, 'query': 'P(A|B)', 'sampling': 'uniform among records satisfying B', 'temporal_filter': 'all records observed before cutoff T'}}","{'A': 0.6853932584269663, 'not_A': 0.3146067415730337}","{'A': 0.8670357598021706, 'not_A': 0.13296424019782924}","{'tv': 0.18164250137520438, 'mae_binary': 0.18164250137520432, 'rmse_binary': 0.18164250137520432, 'brier_regret': 0.06598799661168225, 'kl': 0.10982556427208759}",A,A,True,133.43831384554505,median,median,1,"{'std_A': 0.0, 'std_not_A': 0.0}",,{},"{'repeat_aggregation': 'median', 'n_repeats': 1}"
semif_qwen35_4b,Qwen/Qwen3.5-4B@851bf6e806efd8d0a36b00ddf55e13ccb7b8cd0a,conditional__seed_000056__repr_nested,conditional__seed_000056,conditional,4,nested,"(0.55,0.70]","{'parameters': {'boundary_rule': 'include records exactly at cutoff T', 'contingency': {'A': {'B': 61, 'not_B': 73}, 'not_A': {'B': 28, 'not_B': 83}}, 'query': 'P(A|B)', 'sampling': 'uniform among records satisfying B', 'temporal_filter': 'all records observed before cutoff T'}}","{'A': 0.6853932584269663, 'not_A': 0.3146067415730337}","{'A': 0.7310585786300049, 'not_A': 0.2689414213699951}","{'tv': 0.045665320203038595, 'mae_binary': 0.045665320203038595, 'rmse_binary': 0.045665320203038595, 'brier_regret': 0.00417064293849209, 'kl': 0.0051312953083043275}",A,A,True,118.56475099921227,median,median,1,"{'std_A': 0.0, 'std_not_A': 0.0}",,{},"{'repeat_aggregation': 'median', 'n_repeats': 1}"
semif_qwen35_4b,Qwen/Qwen3.5-4B@851bf6e806efd8d0a36b00ddf55e13ccb7b8cd0a,conditional__seed_000056__repr_prose,conditional__seed_000056,conditional,4,prose,"(0.55,0.70]","{'parameters': {'boundary_rule': 'include records exactly at cutoff T', 'contingency': {'A': {'B': 61, 'not_B': 73}, 'not_A': {'B': 28, 'not_B': 83}}, 'query': 'P(A|B)', 'sampling': 'uniform among records satisfying B', 'temporal_filter': 'all records observed before cutoff T'}}","{'A': 0.6853932584269663, 'not_A': 0.3146067415730337}","{'A': 0.7549149868676283, 'not_A': 0.24508501313237172}","{'tv': 0.06952172844066197, 'mae_binary': 0.06952172844066196, 'rmse_binary': 0.06952172844066196, 'brier_regret': 0.009666541450754296, 'kl': 0.012345586735025463}",A,A,True,130.29463589191437,median,median,1,"{'std_A': 0.0, 'std_not_A': 0.0}",,{},"{'repeat_aggregation': 'median', 'n_repeats': 1}"
semif_qwen35_4b,Qwen/Qwen3.5-4B@851bf6e806efd8d0a36b00ddf55e13ccb7b8cd0a,conditional__seed_000056__repr_table,conditional__seed_000056,conditional,4,table,"(0.55,0.70]","{'parameters': {'boundary_rule': 'include records exactly at cutoff T', 'contingency': {'A': {'B': 61, 'not_B': 73}, 'not_A': {'B': 28, 'not_B': 83}}, 'query': 'P(A|B)', 'sampling': 'uniform among records satisfying B', 'temporal_filter': 'all records observed before cutoff T'}}","{'A': 0.6853932584269663, 'not_A': 0.3146067415730337}","{'A': 0.8354835371034369, 'not_A': 0.1645164628965632}","{'tv': 0.15009027867647057, 'mae_binary': 0.15009027867647062, 'rmse_binary': 0.15009027867647062, 'brier_regret': 0.04505418350636119, 'kl': 0.06824345665888651}",A,A,True,130.33831492066383,median,median,1,"{'std_A': 0.0, 'std_not_A': 0.0}",,{},"{'repeat_aggregation': 'median', 'n_repeats': 1}"
semif_qwen35_4b,Qwen/Qwen3.5-4B@851bf6e806efd8d0a36b00ddf55e13ccb7b8cd0a,conditional__seed_000057__repr_direct,conditional__seed_000057,conditional,4,direct,"(0.70,0.90]","{'parameters': {'boundary_rule': 'include records exactly at cutoff T', 'contingency': {'A': {'B': 82, 'not_B': 10}, 'not_A': {'B': 15, 'not_B': 54}}, 'query': 'P(A|B)', 'sampling': 'uniform among records satisfying B', 'temporal_filter': 'all records observed before cutoff T'}}","{'A': 0.845360824742268, 'not_A': 0.15463917525773196}","{'A': 0.8670357598021706, 'not_A': 0.13296424019782924}","{'tv': 0.02167493505990266, 'mae_binary': 0.02167493505990259, 'rmse_binary': 0.02167493505990259, 'brier_regret': 0.0009396056197019948, 'kl': 0.0019509996403827834}",A,A,True,120.42686203494668,median,median,1,"{'std_A': 0.0, 'std_not_A': 0.0}",,{},"{'repeat_aggregation': 'median', 'n_repeats': 1}"
semif_qwen35_4b,Qwen/Qwen3.5-4B@851bf6e806efd8d0a36b00ddf55e13ccb7b8cd0a,conditional__seed_000057__repr_distractor,conditional__seed_000057,conditional,4,distractor,"(0.70,0.90]","{'parameters': {'boundary_rule': 'include records exactly at cutoff T', 'contingency': {'A': {'B': 82, 'not_B': 10}, 'not_A': {'B': 15, 'not_B': 54}}, 'query': 'P(A|B)', 'sampling': 'uniform among records satisfying B', 'temporal_filter': 'all records observed before cutoff T'}}","{'A': 0.845360824742268, 'not_A': 0.15463917525773196}","{'A': 0.9046505351008906, 'not_A': 0.0953494648991095}","{'tv': 0.05928971035862249, 'mae_binary': 0.059289710358622516, 'rmse_binary': 0.059289710358622516, 'brier_regret': 0.007030539508818694, 'kl': 0.01747219167317783}",A,A,True,134.46076214313507,median,median,1,"{'std_A': 0.0, 'std_not_A': 0.0}",,{},"{'repeat_aggregation': 'median', 'n_repeats': 1}"
semif_qwen35_4b,Qwen/Qwen3.5-4B@851bf6e806efd8d0a36b00ddf55e13ccb7b8cd0a,conditional__seed_000057__repr_nested,conditional__seed_000057,conditional,4,nested,"(0.70,0.90]","{'parameters': {'boundary_rule': 'include records exactly at cutoff T', 'contingency': {'A': {'B': 82, 'not_B': 10}, 'not_A': {'B': 15, 'not_B': 54}}, 'query': 'P(A|B)', 'sampling': 'uniform among records satisfying B', 'temporal_filter': 'all records observed before cutoff T'}}","{'A': 0.845360824742268, 'not_A': 0.15463917525773196}","{'A': 0.8175744761936437, 'not_A': 0.18242552380635632}","{'tv': 0.02778634854862437, 'mae_binary': 0.027786348548624384, 'rmse_binary': 0.027786348548624384, 'brier_regret': 0.0015441623313312792, 'kl': 0.0026995292958841947}",A,A,True,120.02775771543384,median,median,1,"{'std_A': 0.0, 'std_not_A': 0.0}",,{},"{'repeat_aggregation': 'median', 'n_repeats': 1}"
semif_qwen35_4b,Qwen/Qwen3.5-4B@851bf6e806efd8d0a36b00ddf55e13ccb7b8cd0a,conditional__seed_000057__repr_prose,conditional__seed_000057,conditional,4,prose,"(0.70,0.90]","{'parameters': {'boundary_rule': 'include records exactly at cutoff T', 'contingency': {'A': {'B': 82, 'not_B': 10}, 'not_A': {'B': 15, 'not_B': 54}}, 'query': 'P(A|B)', 'sampling': 'uniform among records satisfying B', 'temporal_filter': 'all records observed before cutoff T'}}","{'A': 0.845360824742268, 'not_A': 0.15463917525773196}","{'A': 0.7772998611746911, 'not_A': 0.22270013882530884}","{'tv': 0.06806096356757692, 'mae_binary': 0.06806096356757696, 'rmse_binary': 0.06806096356757696, 'brier_regret': 0.009264589523494064, 'kl': 0.014555538844071701}",A,A,True,131.3950028270483,median,median,1,"{'std_A': 0.0, 'std_not_A': 0.0}",,{},"{'repeat_aggregation': 'median', 'n_repeats': 1}"
semif_qwen35_4b,Qwen/Qwen3.5-4B@851bf6e806efd8d0a36b00ddf55e13ccb7b8cd0a,conditional__seed_000057__repr_table,conditional__seed_000057,conditional,4,table,"(0.70,0.90]","{'parameters': {'boundary_rule': 'include records exactly at cutoff T', 'contingency': {'A': {'B': 82, 'not_B': 10}, 'not_A': {'B': 15, 'not_B': 54}}, 'query': 'P(A|B)', 'sampling': 'uniform among records satisfying B', 'temporal_filter': 'all records observed before cutoff T'}}","{'A': 0.845360824742268, 'not_A': 0.15463917525773196}","{'A': 0.8670357598021706, 'not_A': 0.13296424019782924}","{'tv': 0.02167493505990266, 'mae_binary': 0.02167493505990259, 'rmse_binary': 0.02167493505990259, 'brier_regret': 0.0009396056197019948, 'kl': 0.0019509996403827834}",A,A,True,132.68343498930335,median,median,1,"{'std_A': 0.0, 'std_not_A': 0.0}",,{},"{'repeat_aggregation': 'median', 'n_repeats': 1}"
semif_qwen35_4b,Qwen/Qwen3.5-4B@851bf6e806efd8d0a36b00ddf55e13ccb7b8cd0a,conditional__seed_000058__repr_direct,conditional__seed_000058,conditional,4,direct,"(0.70,0.90]","{'parameters': {'boundary_rule': 'include records exactly at cutoff T', 'contingency': {'A': {'B': 69, 'not_B': 34}, 'not_A': {'B': 12, 'not_B': 42}}, 'query': 'P(A|B)', 'sampling': 'uniform among records satisfying B', 'temporal_filter': 'all records observed before cutoff T'}}","{'A': 0.8518518518518519, 'not_A': 0.14814814814814814}","{'A': 0.8354835371034369, 'not_A': 0.1645164628965632}","{'tv': 0.01636831474841499, 'mae_binary': 0.016368314748414936, 'rmse_binary': 0.016368314748414936, 'brier_regret': 0.0005358434554063594, 'kl': 0.0010020068202189706}",A,A,True,119.42519899457693,median,median,1,"{'std_A': 0.0, 'std_not_A': 0.0}",,{},"{'repeat_aggregation': 'median', 'n_repeats': 1}"
semif_qwen35_4b,Qwen/Qwen3.5-4B@851bf6e806efd8d0a36b00ddf55e13ccb7b8cd0a,conditional__seed_000058__repr_distractor,conditional__seed_000058,conditional,4,distractor,"(0.70,0.90]","{'parameters': {'boundary_rule': 'include records exactly at cutoff T', 'contingency': {'A': {'B': 69, 'not_B': 34}, 'not_A': {'B': 12, 'not_B': 42}}, 'query': 'P(A|B)', 'sampling': 'uniform among records satisfying B', 'temporal_filter': 'all records observed before cutoff T'}}","{'A': 0.8518518518518519, 'not_A': 0.14814814814814814}","{'A': 0.9046505351008906, 'not_A': 0.0953494648991095}","{'tv': 0.052798683249038664, 'mae_binary': 0.05279868324903869, 'rmse_binary': 0.05279868324903869, 'brier_regret': 0.0055754019056646325, 'kl': 0.014056522943899821}",A,A,True,132.43231503292918,median,median,1,"{'std_A': 0.0, 'std_not_A': 0.0}",,{},"{'repeat_aggregation': 'median', 'n_repeats': 1}"
semif_qwen35_4b,Qwen/Qwen3.5-4B@851bf6e806efd8d0a36b00ddf55e13ccb7b8cd0a,conditional__seed_000058__repr_nested,conditional__seed_000058,conditional,4,nested,"(0.70,0.90]","{'parameters': {'boundary_rule': 'include records exactly at cutoff T', 'contingency': {'A': {'B': 69, 'not_B': 34}, 'not_A': {'B': 12, 'not_B': 42}}, 'query': 'P(A|B)', 'sampling': 'uniform among records satisfying B', 'temporal_filter': 'all records observed before cutoff T'}}","{'A': 0.8518518518518519, 'not_A': 0.14814814814814814}","{'A': 0.8519528019683106, 'not_A': 0.1480471980316895}","{'tv': 0.00010095011645867846, 'mae_binary': 0.0001009501164587201, 'rmse_binary': 0.0001009501164587201, 'brier_regret': 2.0381852026041488e-08, 'kl': 4.0391165703553716e-08}",A,A,True,121.0337900556624,median,median,1,"{'std_A': 0.0, 'std_not_A': 0.0}",,{},"{'repeat_aggregation': 'median', 'n_repeats': 1}"
semif_qwen35_4b,Qwen/Qwen3.5-4B@851bf6e806efd8d0a36b00ddf55e13ccb7b8cd0a,conditional__seed_000058__repr_prose,conditional__seed_000058,conditional,4,prose,"(0.70,0.90]","{'parameters': {'boundary_rule': 'include records exactly at cutoff T', 'contingency': {'A': {'B': 69, 'not_B': 34}, 'not_A': {'B': 12, 'not_B': 42}}, 'query': 'P(A|B)', 'sampling': 'uniform among records satisfying B', 'temporal_filter': 'all records observed before cutoff T'}}","{'A': 0.8518518518518519, 'not_A': 0.14814814814814814}","{'A': 0.8175744761936437, 'not_A': 0.18242552380635632}","{'tv': 0.034277375658208195, 'mae_binary': 0.03427737565820821, 'rmse_binary': 0.03427737565820821, 'brier_regret': 0.002349876964027847, 'kl': 0.004152130898793838}",A,A,True,130.01607498154044,median,median,1,"{'std_A': 0.0, 'std_not_A': 0.0}",,{},"{'repeat_aggregation': 'median', 'n_repeats': 1}"
semif_qwen35_4b,Qwen/Qwen3.5-4B@851bf6e806efd8d0a36b00ddf55e13ccb7b8cd0a,conditional__seed_000058__repr_table,conditional__seed_000058,conditional,4,table,"(0.70,0.90]","{'parameters': {'boundary_rule': 'include records exactly at cutoff T', 'contingency': {'A': {'B': 69, 'not_B': 34}, 'not_A': {'B': 12, 'not_B': 42}}, 'query': 'P(A|B)', 'sampling': 'uniform among records satisfying B', 'temporal_filter': 'all records observed before cutoff T'}}","{'A': 0.8518518518518519, 'not_A': 0.14814814814814814}","{'A': 0.8933094060543487, 'not_A': 0.10669059394565118}","{'tv': 0.04145755420249691, 'mae_binary': 0.04145755420249686, 'rmse_binary': 0.04145755420249686, 'brier_regret': 0.0034374576009059384, 'kl': 0.008153724280203403}",A,A,True,130.48981921747327,median,median,1,"{'std_A': 0.0, 'std_not_A': 0.0}",,{},"{'repeat_aggregation': 'median', 'n_repeats': 1}"
semif_qwen35_4b,Qwen/Qwen3.5-4B@851bf6e806efd8d0a36b00ddf55e13ccb7b8cd0a,conditional__seed_000059__repr_direct,conditional__seed_000059,conditional,4,direct,"(0.55,0.70]","{'parameters': {'boundary_rule': 'include records exactly at cutoff T', 'contingency': {'A': {'B': 39, 'not_B': 17}, 'not_A': {'B': 30, 'not_B': 88}}, 'query': 'P(A|B)', 'sampling': 'uniform among records satisfying B', 'temporal_filter': 'all records observed before cutoff T'}}","{'A': 0.5652173913043478, 'not_A': 0.4347826086956522}","{'A': 0.8354835371034369, 'not_A': 0.1645164628965632}","{'tv': 0.2702661457990891, 'mae_binary': 0.27026614579908914, 'rmse_binary': 0.27026614579908914, 'brier_regret': 0.14608757913018897, 'kl': 0.20165009671478906}",A,A,True,119.81919780373573,median,median,1,"{'std_A': 0.0, 'std_not_A': 0.0}",,{},"{'repeat_aggregation': 'median', 'n_repeats': 1}"
semif_qwen35_4b,Qwen/Qwen3.5-4B@851bf6e806efd8d0a36b00ddf55e13ccb7b8cd0a,conditional__seed_000059__repr_distractor,conditional__seed_000059,conditional,4,distractor,"(0.55,0.70]","{'parameters': {'boundary_rule': 'include records exactly at cutoff T', 'contingency': {'A': {'B': 39, 'not_B': 17}, 'not_A': {'B': 30, 'not_B': 88}}, 'query': 'P(A|B)', 'sampling': 'uniform among records satisfying B', 'temporal_filter': 'all records observed before cutoff T'}}","{'A': 0.5652173913043478, 'not_A': 0.4347826086956522}","{'A': 0.8933094060543487, 'not_A': 0.10669059394565118}","{'tv': 0.328092014750001, 'mae_binary': 0.32809201475000094, 'rmse_binary': 0.32809201475000094, 'brier_regret': 0.21528874028542974, 'kl': 0.3521190444485256}",A,A,True,131.46847486495972,median,median,1,"{'std_A': 0.0, 'std_not_A': 0.0}",,{},"{'repeat_aggregation': 'median', 'n_repeats': 1}"
semif_qwen35_4b,Qwen/Qwen3.5-4B@851bf6e806efd8d0a36b00ddf55e13ccb7b8cd0a,conditional__seed_000059__repr_nested,conditional__seed_000059,conditional,4,nested,"(0.55,0.70]","{'parameters': {'boundary_rule': 'include records exactly at cutoff T', 'contingency': {'A': {'B': 39, 'not_B': 17}, 'not_A': {'B': 30, 'not_B': 88}}, 'query': 'P(A|B)', 'sampling': 'uniform among records satisfying B', 'temporal_filter': 'all records observed before cutoff T'}}","{'A': 0.5652173913043478, 'not_A': 0.4347826086956522}","{'A': 0.7981867777396212, 'not_A': 0.20181322226037882}","{'tv': 0.23296938643527343, 'mae_binary': 0.23296938643527343, 'rmse_binary': 0.23296938643527343, 'brier_regret': 0.1085494700320555, 'kl': 0.13862246075686502}",A,A,True,119.32188598439097,median,median,1,"{'std_A': 0.0, 'std_not_A': 0.0}",,{},"{'repeat_aggregation': 'median', 'n_repeats': 1}"
semif_qwen35_4b,Qwen/Qwen3.5-4B@851bf6e806efd8d0a36b00ddf55e13ccb7b8cd0a,conditional__seed_000059__repr_prose,conditional__seed_000059,conditional,4,prose,"(0.55,0.70]","{'parameters': {'boundary_rule': 'include records exactly at cutoff T', 'contingency': {'A': {'B': 39, 'not_B': 17}, 'not_A': {'B': 30, 'not_B': 88}}, 'query': 'P(A|B)', 'sampling': 'uniform among records satisfying B', 'temporal_filter': 'all records observed before cutoff T'}}","{'A': 0.5652173913043478, 'not_A': 0.4347826086956522}","{'A': 0.7549149868676283, 'not_A': 0.24508501313237172}","{'tv': 0.18969759556328047, 'mae_binary': 0.18969759556328047, 'rmse_binary': 0.18969759556328047, 'brier_regret': 0.07197035552497986, 'kl': 0.0856642932296188}",A,A,True,130.53586799651384,median,median,1,"{'std_A': 0.0, 'std_not_A': 0.0}",,{},"{'repeat_aggregation': 'median', 'n_repeats': 1}"
semif_qwen35_4b,Qwen/Qwen3.5-4B@851bf6e806efd8d0a36b00ddf55e13ccb7b8cd0a,conditional__seed_000059__repr_table,conditional__seed_000059,conditional,4,table,"(0.55,0.70]","{'parameters': {'boundary_rule': 'include records exactly at cutoff T', 'contingency': {'A': {'B': 39, 'not_B': 17}, 'not_A': {'B': 30, 'not_B': 88}}, 'query': 'P(A|B)', 'sampling': 'uniform among records satisfying B', 'temporal_filter': 'all records observed before cutoff T'}}","{'A': 0.5652173913043478, 'not_A': 0.4347826086956522}","{'A': 0.8807970779778823, 'not_A': 0.11920292202211755}","{'tv': 0.3155796866735346, 'mae_binary': 0.31557968667353453, 'rmse_binary': 0.31557968667353453, 'brier_regret': 0.19918107728193252, 'kl': 0.3118769506329724}",A,A,True,131.50205882266164,median,median,1,"{'std_A': 0.0, 'std_not_A': 0.0}",,{},"{'repeat_aggregation': 'median', 'n_repeats': 1}"
semif_qwen35_4b,Qwen/Qwen3.5-4B@851bf6e806efd8d0a36b00ddf55e13ccb7b8cd0a,conditional__seed_000060__repr_direct,conditional__seed_000060,conditional,4,direct,"(0.55,0.70]","{'parameters': {'boundary_rule': 'include records exactly at cutoff T', 'contingency': {'A': {'B': 39, 'not_B': 14}, 'not_A': {'B': 23, 'not_B': 57}}, 'query': 'P(A|B)', 'sampling': 'uniform among records satisfying B', 'temporal_filter': 'all records observed before cutoff T'}}","{'A': 0.6290322580645161, 'not_A': 0.3709677419354839}","{'A': 0.8175744761936437, 'not_A': 0.18242552380635632}","{'tv': 0.18854221812912753, 'mae_binary': 0.18854221812912753, 'rmse_binary': 0.18854221812912753, 'brier_regret': 0.07109633603410302, 'kl': 0.09839616979938104}",A,A,True,120.74883002787828,median,median,1,"{'std_A': 0.0, 'std_not_A': 0.0}",,{},"{'repeat_aggregation': 'median', 'n_repeats': 1}"
semif_qwen35_4b,Qwen/Qwen3.5-4B@851bf6e806efd8d0a36b00ddf55e13ccb7b8cd0a,conditional__seed_000060__repr_distractor,conditional__seed_000060,conditional,4,distractor,"(0.55,0.70]","{'parameters': {'boundary_rule': 'include records exactly at cutoff T', 'contingency': {'A': {'B': 39, 'not_B': 14}, 'not_A': {'B': 23, 'not_B': 57}}, 'query': 'P(A|B)', 'sampling': 'uniform among records satisfying B', 'temporal_filter': 'all records observed before cutoff T'}}","{'A': 0.6290322580645161, 'not_A': 0.3709677419354839}","{'A': 0.9046505351008906, 'not_A': 0.0953494648991095}","{'tv': 0.2756182770363744, 'mae_binary': 0.2756182770363744, 'rmse_binary': 0.2756182770363744, 'brier_regret': 0.15193086927299926, 'kl': 0.2754152571849887}",A,A,True,134.26209008321166,median,median,1,"{'std_A': 0.0, 'std_not_A': 0.0}",,{},"{'repeat_aggregation': 'median', 'n_repeats': 1}"
semif_qwen35_4b,Qwen/Qwen3.5-4B@851bf6e806efd8d0a36b00ddf55e13ccb7b8cd0a,conditional__seed_000060__repr_nested,conditional__seed_000060,conditional,4,nested,"(0.55,0.70]","{'parameters': {'boundary_rule': 'include records exactly at cutoff T', 'contingency': {'A': {'B': 39, 'not_B': 14}, 'not_A': {'B': 23, 'not_B': 57}}, 'query': 'P(A|B)', 'sampling': 'uniform among records satisfying B', 'temporal_filter': 'all records observed before cutoff T'}}","{'A': 0.6290322580645161, 'not_A': 0.3709677419354839}","{'A': 0.8175744761936437, 'not_A': 0.18242552380635632}","{'tv': 0.18854221812912753, 'mae_binary': 0.18854221812912753, 'rmse_binary': 0.18854221812912753, 'brier_regret': 0.07109633603410302, 'kl': 0.09839616979938104}",A,A,True,119.28641377016902,median,median,1,"{'std_A': 0.0, 'std_not_A': 0.0}",,{},"{'repeat_aggregation': 'median', 'n_repeats': 1}"
semif_qwen35_4b,Qwen/Qwen3.5-4B@851bf6e806efd8d0a36b00ddf55e13ccb7b8cd0a,conditional__seed_000060__repr_prose,conditional__seed_000060,conditional,4,prose,"(0.55,0.70]","{'parameters': {'boundary_rule': 'include records exactly at cutoff T', 'contingency': {'A': {'B': 39, 'not_B': 14}, 'not_A': {'B': 23, 'not_B': 57}}, 'query': 'P(A|B)', 'sampling': 'uniform among records satisfying B', 'temporal_filter': 'all records observed before cutoff T'}}","{'A': 0.6290322580645161, 'not_A': 0.3709677419354839}","{'A': 0.7772998611746911, 'not_A': 0.22270013882530884}","{'tv': 0.148267603110175, 'mae_binary': 0.14826760311017495, 'rmse_binary': 0.14826760311017495, 'brier_regret': 0.04396656426407275, 'kl': 0.05617003767813064}",A,A,True,130.4910508915782,median,median,1,"{'std_A': 0.0, 'std_not_A': 0.0}",,{},"{'repeat_aggregation': 'median', 'n_repeats': 1}"
semif_qwen35_4b,Qwen/Qwen3.5-4B@851bf6e806efd8d0a36b00ddf55e13ccb7b8cd0a,conditional__seed_000060__repr_table,conditional__seed_000060,conditional,4,table,"(0.55,0.70]","{'parameters': {'boundary_rule': 'include records exactly at cutoff T', 'contingency': {'A': {'B': 39, 'not_B': 14}, 'not_A': {'B': 23, 'not_B': 57}}, 'query': 'P(A|B)', 'sampling': 'uniform among records satisfying B', 'temporal_filter': 'all records observed before cutoff T'}}","{'A': 0.6290322580645161, 'not_A': 0.3709677419354839}","{'A': 0.8670357598021706, 'not_A': 0.13296424019782924}","{'tv': 0.23800350173765455, 'mae_binary': 0.2380035017376545, 'rmse_binary': 0.2380035017376545, 'brier_regret': 0.11329133367877148, 'kl': 0.17877085264803672}",A,A,True,130.7756113819778,median,median,1,"{'std_A': 0.0, 'std_not_A': 0.0}",,{},"{'repeat_aggregation': 'median', 'n_repeats': 1}"
semif_qwen35_4b,Qwen/Qwen3.5-4B@851bf6e806efd8d0a36b00ddf55e13ccb7b8cd0a,conditional__seed_000061__repr_direct,conditional__seed_000061,conditional,4,direct,"(0.45,0.55]","{'parameters': {'boundary_rule': 'include records exactly at cutoff T', 'contingency': {'A': {'B': 47, 'not_B': 48}, 'not_A': {'B': 55, 'not_B': 80}}, 'query': 'P(A|B)', 'sampling': 'uniform among records satisfying B', 'temporal_filter': 'all records observed before cutoff T'}}","{'A': 0.46078431372549017, 'not_A': 0.5392156862745099}","{'A': 0.7772998611746911, 'not_A': 0.22270013882530884}","{'tv': 0.31651554744920096, 'mae_binary': 0.3165155474492009, 'rmse_binary': 0.3165155474492009, 'brier_regret': 0.20036418355413482, 'kl': 0.23588040990579465}",A,not_A,False,119.3038858473301,median,median,1,"{'std_A': 0.0, 'std_not_A': 0.0}",,{},"{'repeat_aggregation': 'median', 'n_repeats': 1}"
semif_qwen35_4b,Qwen/Qwen3.5-4B@851bf6e806efd8d0a36b00ddf55e13ccb7b8cd0a,conditional__seed_000061__repr_distractor,conditional__seed_000061,conditional,4,distractor,"(0.45,0.55]","{'parameters': {'boundary_rule': 'include records exactly at cutoff T', 'contingency': {'A': {'B': 47, 'not_B': 48}, 'not_A': {'B': 55, 'not_B': 80}}, 'query': 'P(A|B)', 'sampling': 'uniform among records satisfying B', 'temporal_filter': 'all records observed before cutoff T'}}","{'A': 0.46078431372549017, 'not_A': 0.5392156862745099}","{'A': 0.8670357598021706, 'not_A': 0.13296424019782924}","{'tv': 0.4062514460766805, 'mae_binary': 0.40625144607668046, 'rmse_binary': 0.40625144607668046, 'brier_regret': 0.3300804748787881, 'kl': 0.46363619008759205}",A,not_A,False,132.32289114966989,median,median,1,"{'std_A': 0.0, 'std_not_A': 0.0}",,{},"{'repeat_aggregation': 'median', 'n_repeats': 1}"
semif_qwen35_4b,Qwen/Qwen3.5-4B@851bf6e806efd8d0a36b00ddf55e13ccb7b8cd0a,conditional__seed_000061__repr_nested,conditional__seed_000061,conditional,4,nested,"(0.45,0.55]","{'parameters': {'boundary_rule': 'include records exactly at cutoff T', 'contingency': {'A': {'B': 47, 'not_B': 48}, 'not_A': {'B': 55, 'not_B': 80}}, 'query': 'P(A|B)', 'sampling': 'uniform among records satisfying B', 'temporal_filter': 'all records observed before cutoff T'}}","{'A': 0.46078431372549017, 'not_A': 0.5392156862745099}","{'A': 0.7549149868676283, 'not_A': 0.24508501313237172}","{'tv': 0.29413067314213814, 'mae_binary': 0.2941306731421381, 'rmse_binary': 0.2941306731421381, 'brier_regret': 0.17302570576609458, 'kl': 0.19769950402442277}",A,not_A,False,117.83923069015145,median,median,1,"{'std_A': 0.0, 'std_not_A': 0.0}",,{},"{'repeat_aggregation': 'median', 'n_repeats': 1}"
semif_qwen35_4b,Qwen/Qwen3.5-4B@851bf6e806efd8d0a36b00ddf55e13ccb7b8cd0a,conditional__seed_000061__repr_prose,conditional__seed_000061,conditional,4,prose,"(0.45,0.55]","{'parameters': {'boundary_rule': 'include records exactly at cutoff T', 'contingency': {'A': {'B': 47, 'not_B': 48}, 'not_A': {'B': 55, 'not_B': 80}}, 'query': 'P(A|B)', 'sampling': 'uniform among records satisfying B', 'temporal_filter': 'all records observed before cutoff T'}}","{'A': 0.46078431372549017, 'not_A': 0.5392156862745099}","{'A': 0.7772998611746911, 'not_A': 0.22270013882530884}","{'tv': 0.31651554744920096, 'mae_binary': 0.3165155474492009, 'rmse_binary': 0.3165155474492009, 'brier_regret': 0.20036418355413482, 'kl': 0.23588040990579465}",A,not_A,False,131.09402731060982,median,median,1,"{'std_A': 0.0, 'std_not_A': 0.0}",,{},"{'repeat_aggregation': 'median', 'n_repeats': 1}"
semif_qwen35_4b,Qwen/Qwen3.5-4B@851bf6e806efd8d0a36b00ddf55e13ccb7b8cd0a,conditional__seed_000061__repr_table,conditional__seed_000061,conditional,4,table,"(0.45,0.55]","{'parameters': {'boundary_rule': 'include records exactly at cutoff T', 'contingency': {'A': {'B': 47, 'not_B': 48}, 'not_A': {'B': 55, 'not_B': 80}}, 'query': 'P(A|B)', 'sampling': 'uniform among records satisfying B', 'temporal_filter': 'all records observed before cutoff T'}}","{'A': 0.46078431372549017, 'not_A': 0.5392156862745099}","{'A': 0.8519528019683106, 'not_A': 0.1480471980316895}","{'tv': 0.39116848824282036, 'mae_binary': 0.3911684882428204, 'rmse_binary': 0.3911684882428204, 'brier_regret': 0.30602557238834704, 'kl': 0.41378332213576385}",A,not_A,False,132.13367527350783,median,median,1,"{'std_A': 0.0, 'std_not_A': 0.0}",,{},"{'repeat_aggregation': 'median', 'n_repeats': 1}"
semif_qwen35_4b,Qwen/Qwen3.5-4B@851bf6e806efd8d0a36b00ddf55e13ccb7b8cd0a,explicit_probability__seed_000042__repr_direct,explicit_probability__seed_000042,explicit_probability,1,direct,0,"{'parameters': {'p_A': 0.0, 'p_not_A': 1.0}}","{'A': 0.0, 'not_A': 1.0}","{'A': 0.7549149868676283, 'not_A': 0.24508501313237172}","{'tv': 0.7549149868676283, 'mae_binary': 0.7549149868676283, 'rmse_binary': 0.7549149868676283, 'brier_regret': 1.1397932747947026, 'kl': 1.4061501362483146}",A,not_A,False,887.6508236862719,median,median,1,"{'std_A': 0.0, 'std_not_A': 0.0}",,{},"{'repeat_aggregation': 'median', 'n_repeats': 1}"
semif_qwen35_4b,Qwen/Qwen3.5-4B@851bf6e806efd8d0a36b00ddf55e13ccb7b8cd0a,explicit_probability__seed_000042__repr_distractor,explicit_probability__seed_000042,explicit_probability,1,distractor,0,"{'parameters': {'p_A': 0.0, 'p_not_A': 1.0}}","{'A': 0.0, 'not_A': 1.0}","{'A': 0.24508501313237172, 'not_A': 0.7549149868676283}","{'tv': 0.24508501313237174, 'mae_binary': 0.24508501313237172, 'rmse_binary': 0.24508501313237172, 'brier_regret': 0.12013332732418965, 'kl': 0.2811501362483148}",not_A,not_A,True,119.19631902128458,median,median,1,"{'std_A': 0.0, 'std_not_A': 0.0}",,{},"{'repeat_aggregation': 'median', 'n_repeats': 1}"
semif_qwen35_4b,Qwen/Qwen3.5-4B@851bf6e806efd8d0a36b00ddf55e13ccb7b8cd0a,explicit_probability__seed_000042__repr_prose,explicit_probability__seed_000042,explicit_probability,1,prose,0,"{'parameters': {'p_A': 0.0, 'p_not_A': 1.0}}","{'A': 0.0, 'not_A': 1.0}","{'A': 0.5926665999540697, 'not_A': 0.4073334000459302}","{'tv': 0.5926665999540697, 'mae_binary': 0.5926665999540697, 'rmse_binary': 0.5926665999540697, 'brier_regret': 0.7025073974022347, 'kl': 0.8981232641398402}",A,not_A,False,106.33025784045458,median,median,1,"{'std_A': 0.0, 'std_not_A': 0.0}",,{},"{'repeat_aggregation': 'median', 'n_repeats': 1}"
semif_qwen35_4b,Qwen/Qwen3.5-4B@851bf6e806efd8d0a36b00ddf55e13ccb7b8cd0a,explicit_probability__seed_000042__repr_ratio,explicit_probability__seed_000042,explicit_probability,1,ratio,0,"{'parameters': {'p_A': 0.0, 'p_not_A': 1.0}}","{'A': 0.0, 'not_A': 1.0}","{'A': 0.4378234991142019, 'not_A': 0.5621765008857981}","{'tv': 0.43782349911420193, 'mae_binary': 0.4378234991142019, 'rmse_binary': 0.4378234991142019, 'brier_regret': 0.3833788327532071, 'kl': 0.5759394198788437}",not_A,not_A,True,105.06009915843606,median,median,1,"{'std_A': 0.0, 'std_not_A': 0.0}",,{},"{'repeat_aggregation': 'median', 'n_repeats': 1}"
semif_qwen35_4b,Qwen/Qwen3.5-4B@851bf6e806efd8d0a36b00ddf55e13ccb7b8cd0a,explicit_probability__seed_000043__repr_direct,explicit_probability__seed_000043,explicit_probability,1,direct,"[0.01,0.10]","{'parameters': {'p_A': 0.052631578947, 'p_not_A': 0.947368421053}}","{'A': 0.052631578947, 'not_A': 0.947368421053}","{'A': 0.9669140216112958, 'not_A': 0.033085978388704126}","{'tv': 0.9142824426642959, 'mae_binary': 0.9142824426642958, 'rmse_binary': 0.9142824426642958, 'brier_regret': 1.6718247699283828, 'kl': 3.024822070404747}",A,not_A,False,105.82085093483329,median,median,1,"{'std_A': 0.0, 'std_not_A': 0.0}",,{},"{'repeat_aggregation': 'median', 'n_repeats': 1}"
semif_qwen35_4b,Qwen/Qwen3.5-4B@851bf6e806efd8d0a36b00ddf55e13ccb7b8cd0a,explicit_probability__seed_000043__repr_distractor,explicit_probability__seed_000043,explicit_probability,1,distractor,"[0.01,0.10]","{'parameters': {'p_A': 0.052631578947, 'p_not_A': 0.947368421053}}","{'A': 0.052631578947, 'not_A': 0.947368421053}","{'A': 0.8354835371034369, 'not_A': 0.1645164628965632}","{'tv': 0.7828519581564368, 'mae_binary': 0.7828519581564369, 'rmse_binary': 0.7828519581564369, 'brier_regret': 1.2257143767787353, 'kl': 1.513026268964617}",A,not_A,False,120.51449529826641,median,median,1,"{'std_A': 0.0, 'std_not_A': 0.0}",,{},"{'repeat_aggregation': 'median', 'n_repeats': 1}"
semif_qwen35_4b,Qwen/Qwen3.5-4B@851bf6e806efd8d0a36b00ddf55e13ccb7b8cd0a,explicit_probability__seed_000043__repr_prose,explicit_probability__seed_000043,explicit_probability,1,prose,"[0.01,0.10]","{'parameters': {'p_A': 0.052631578947, 'p_not_A': 0.947368421053}}","{'A': 0.052631578947, 'not_A': 0.947368421053}","{'A': 0.9669140216112958, 'not_A': 0.033085978388704126}","{'tv': 0.9142824426642959, 'mae_binary': 0.9142824426642958, 'rmse_binary': 0.9142824426642958, 'brier_regret': 1.6718247699283828, 'kl': 3.024822070404747}",A,not_A,False,117.44855903089046,median,median,1,"{'std_A': 0.0, 'std_not_A': 0.0}",,{},"{'repeat_aggregation': 'median', 'n_repeats': 1}"
semif_qwen35_4b,Qwen/Qwen3.5-4B@851bf6e806efd8d0a36b00ddf55e13ccb7b8cd0a,explicit_probability__seed_000043__repr_ratio,explicit_probability__seed_000043,explicit_probability,1,ratio,"[0.01,0.10]","{'parameters': {'p_A': 0.052631578947, 'p_not_A': 0.947368421053}}","{'A': 0.052631578947, 'not_A': 0.947368421053}","{'A': 0.7549149868676283, 'not_A': 0.24508501313237172}","{'tv': 0.7022834079206283, 'mae_binary': 0.7022834079206283, 'rmse_binary': 0.7022834079206283, 'brier_regret': 0.9864039700812232, 'kl': 1.1407475593007728}",A,not_A,False,102.83733112737536,median,median,1,"{'std_A': 0.0, 'std_not_A': 0.0}",,{},"{'repeat_aggregation': 'median', 'n_repeats': 1}"
semif_qwen35_4b,Qwen/Qwen3.5-4B@851bf6e806efd8d0a36b00ddf55e13ccb7b8cd0a,explicit_probability__seed_000044__repr_direct,explicit_probability__seed_000044,explicit_probability,1,direct,"(0.10,0.30]","{'parameters': {'p_A': 0.105263157895, 'p_not_A': 0.894736842105}}","{'A': 0.105263157895, 'not_A': 0.894736842105}","{'A': 0.9706877692486436, 'not_A': 0.029312230751356316}","{'tv': 0.8654246113536437, 'mae_binary': 0.8654246113536437, 'rmse_binary': 0.8654246113536437, 'brier_regret': 1.4979195158732104, 'kl': 2.824833608056042}",A,not_A,False,105.68400286138058,median,median,1,"{'std_A': 0.0, 'std_not_A': 0.0}",,{},"{'repeat_aggregation': 'median', 'n_repeats': 1}"
semif_qwen35_4b,Qwen/Qwen3.5-4B@851bf6e806efd8d0a36b00ddf55e13ccb7b8cd0a,explicit_probability__seed_000044__repr_distractor,explicit_probability__seed_000044,explicit_probability,1,distractor,"(0.10,0.30]","{'parameters': {'p_A': 0.105263157895, 'p_not_A': 0.894736842105}}","{'A': 0.105263157895, 'not_A': 0.894736842105}","{'A': 0.8807970779778823, 'not_A': 0.11920292202211755}","{'tv': 0.7755339200828824, 'mae_binary': 0.7755339200828824, 'rmse_binary': 0.7755339200828824, 'brier_regret': 1.2029057223982453, 'kl': 1.5799059376688935}",A,not_A,False,121.49212695658207,median,median,1,"{'std_A': 0.0, 'std_not_A': 0.0}",,{},"{'repeat_aggregation': 'median', 'n_repeats': 1}"
semif_qwen35_4b,Qwen/Qwen3.5-4B@851bf6e806efd8d0a36b00ddf55e13ccb7b8cd0a,explicit_probability__seed_000044__repr_prose,explicit_probability__seed_000044,explicit_probability,1,prose,"(0.10,0.30]","{'parameters': {'p_A': 0.105263157895, 'p_not_A': 0.894736842105}}","{'A': 0.105263157895, 'not_A': 0.894736842105}","{'A': 0.9669140216112958, 'not_A': 0.033085978388704126}","{'tv': 0.8616508637162958, 'mae_binary': 0.8616508637162958, 'rmse_binary': 0.8616508637162958, 'brier_regret': 1.4848844218860775, 'kl': 2.716886784503335}",A,not_A,False,117.60297464206815,median,median,1,"{'std_A': 0.0, 'std_not_A': 0.0}",,{},"{'repeat_aggregation': 'median', 'n_repeats': 1}"
semif_qwen35_4b,Qwen/Qwen3.5-4B@851bf6e806efd8d0a36b00ddf55e13ccb7b8cd0a,explicit_probability__seed_000044__repr_ratio,explicit_probability__seed_000044,explicit_probability,1,ratio,"(0.10,0.30]","{'parameters': {'p_A': 0.105263157895, 'p_not_A': 0.894736842105}}","{'A': 0.105263157895, 'not_A': 0.894736842105}","{'A': 0.7310585786300049, 'not_A': 0.2689414213699951}","{'tv': 0.6257954207350049, 'mae_binary': 0.6257954207350049, 'rmse_binary': 0.6257954207350049, 'brier_regret': 0.7832398172258037, 'kl': 0.8715027720391437}",A,not_A,False,103.22555480524898,median,median,1,"{'std_A': 0.0, 'std_not_A': 0.0}",,{},"{'repeat_aggregation': 'median', 'n_repeats': 1}"
semif_qwen35_4b,Qwen/Qwen3.5-4B@851bf6e806efd8d0a36b00ddf55e13ccb7b8cd0a,explicit_probability__seed_000045__repr_direct,explicit_probability__seed_000045,explicit_probability,1,direct,"(0.10,0.30]","{'parameters': {'p_A': 0.157894736842, 'p_not_A': 0.8421052631579999}}","{'A': 0.157894736842, 'not_A': 0.8421052631579999}","{'A': 0.9669140216112958, 'not_A': 0.033085978388704126}","{'tv': 0.8090192847692959, 'mae_binary': 0.8090192847692959, 'rmse_binary': 0.8090192847692959, 'brier_regret': 1.309024406257246, 'kl': 2.4395886377561204}",A,not_A,False,107.01518598943949,median,median,1,"{'std_A': 0.0, 'std_not_A': 0.0}",,{},"{'repeat_aggregation': 'median', 'n_repeats': 1}"
semif_qwen35_4b,Qwen/Qwen3.5-4B@851bf6e806efd8d0a36b00ddf55e13ccb7b8cd0a,explicit_probability__seed_000045__repr_distractor,explicit_probability__seed_000045,explicit_probability,1,distractor,"(0.10,0.30]","{'parameters': {'p_A': 0.157894736842, 'p_not_A': 0.8421052631579999}}","{'A': 0.157894736842, 'not_A': 0.8421052631579999}","{'A': 0.9149009549929797, 'not_A': 0.08509904500702024}","{'tv': 0.7570062181509798, 'mae_binary': 0.7570062181509798, 'rmse_binary': 0.7570062181509798, 'brier_regret': 1.1461168286384975, 'kl': 1.6527771400900206}",A,not_A,False,118.36919886991382,median,median,1,"{'std_A': 0.0, 'std_not_A': 0.0}",,{},"{'repeat_aggregation': 'median', 'n_repeats': 1}"
semif_qwen35_4b,Qwen/Qwen3.5-4B@851bf6e806efd8d0a36b00ddf55e13ccb7b8cd0a,explicit_probability__seed_000045__repr_prose,explicit_probability__seed_000045,explicit_probability,1,prose,"(0.10,0.30]","{'parameters': {'p_A': 0.157894736842, 'p_not_A': 0.8421052631579999}}","{'A': 0.157894736842, 'not_A': 0.8421052631579999}","{'A': 0.9626731126558706, 'not_A': 0.037326887344129464}","{'tv': 0.8047783758138706, 'mae_binary': 0.8047783758138707, 'rmse_binary': 0.8047783758138707, 'brier_regret': 1.2953364683552229, 'kl': 2.338721151566115}",A,not_A,False,120.49428606405854,median,median,1,"{'std_A': 0.0, 'std_not_A': 0.0}",,{},"{'repeat_aggregation': 'median', 'n_repeats': 1}"
semif_qwen35_4b,Qwen/Qwen3.5-4B@851bf6e806efd8d0a36b00ddf55e13ccb7b8cd0a,explicit_probability__seed_000045__repr_ratio,explicit_probability__seed_000045,explicit_probability,1,ratio,"(0.10,0.30]","{'parameters': {'p_A': 0.157894736842, 'p_not_A': 0.8421052631579999}}","{'A': 0.157894736842, 'not_A': 0.8421052631579999}","{'A': 0.7772998611746911, 'not_A': 0.22270013882530884}","{'tv': 0.619405124332691, 'mae_binary': 0.619405124332691, 'rmse_binary': 0.619405124332691, 'brier_regret': 0.7673254160991929, 'kl': 0.8683983349077048}",A,not_A,False,102.83373109996319,median,median,1,"{'std_A': 0.0, 'std_not_A': 0.0}",,{},"{'repeat_aggregation': 'median', 'n_repeats': 1}"
semif_qwen35_4b,Qwen/Qwen3.5-4B@851bf6e806efd8d0a36b00ddf55e13ccb7b8cd0a,explicit_probability__seed_000046__repr_direct,explicit_probability__seed_000046,explicit_probability,1,direct,"(0.10,0.30]","{'parameters': {'p_A': 0.210526315789, 'p_not_A': 0.789473684211}}","{'A': 0.210526315789, 'not_A': 0.789473684211}","{'A': 0.9706877692486436, 'not_A': 0.029312230751356316}","{'tv': 0.7601614534596437, 'mae_binary': 0.7601614534596437, 'rmse_binary': 0.7601614534596437, 'brier_regret': 1.155690870651756, 'kl': 2.2782551475828177}",A,not_A,False,107.26772993803024,median,median,1,"{'std_A': 0.0, 'std_not_A': 0.0}",,{},"{'repeat_aggregation': 'median', 'n_repeats': 1}"
semif_qwen35_4b,Qwen/Qwen3.5-4B@851bf6e806efd8d0a36b00ddf55e13ccb7b8cd0a,explicit_probability__seed_000046__repr_distractor,explicit_probability__seed_000046,explicit_probability,1,distractor,"(0.10,0.30]","{'parameters': {'p_A': 0.210526315789, 'p_not_A': 0.789473684211}}","{'A': 0.210526315789, 'not_A': 0.789473684211}","{'A': 0.9046505351008906, 'not_A': 0.0953494648991095}","{'tv': 0.6941242193118905, 'mae_binary': 0.6941242193118906, 'rmse_binary': 0.6941242193118906, 'brier_regret': 0.963616863670683, 'kl': 1.3618691829631941}",A,not_A,False,121.30443006753922,median,median,1,"{'std_A': 0.0, 'std_not_A': 0.0}",,{},"{'repeat_aggregation': 'median', 'n_repeats': 1}"
semif_qwen35_4b,Qwen/Qwen3.5-4B@851bf6e806efd8d0a36b00ddf55e13ccb7b8cd0a,explicit_probability__seed_000046__repr_prose,explicit_probability__seed_000046,explicit_probability,1,prose,"(0.10,0.30]","{'parameters': {'p_A': 0.210526315789, 'p_not_A': 0.789473684211}}","{'A': 0.210526315789, 'not_A': 0.789473684211}","{'A': 0.9669140216112958, 'not_A': 0.033085978388704126}","{'tv': 0.7563877058222959, 'mae_binary': 0.7563877058222959, 'rmse_binary': 0.7563877058222959, 'brier_regret': 1.144244723038232, 'kl': 2.1834662187668608}",A,not_A,False,117.35407868400216,median,median,1,"{'std_A': 0.0, 'std_not_A': 0.0}",,{},"{'repeat_aggregation': 'median', 'n_repeats': 1}"
semif_qwen35_4b,Qwen/Qwen3.5-4B@851bf6e806efd8d0a36b00ddf55e13ccb7b8cd0a,explicit_probability__seed_000046__repr_ratio,explicit_probability__seed_000046,explicit_probability,1,ratio,"(0.10,0.30]","{'parameters': {'p_A': 0.210526315789, 'p_not_A': 0.789473684211}}","{'A': 0.210526315789, 'not_A': 0.789473684211}","{'A': 0.7981867777396212, 'not_A': 0.20181322226037882}","{'tv': 0.5876604619506212, 'mae_binary': 0.5876604619506212, 'rmse_binary': 0.5876604619506212, 'brier_regret': 0.690689637080035, 'kl': 0.7962858019634698}",A,not_A,False,102.67502814531326,median,median,1,"{'std_A': 0.0, 'std_not_A': 0.0}",,{},"{'repeat_aggregation': 'median', 'n_repeats': 1}"
semif_qwen35_4b,Qwen/Qwen3.5-4B@851bf6e806efd8d0a36b00ddf55e13ccb7b8cd0a,explicit_probability__seed_000047__repr_direct,explicit_probability__seed_000047,explicit_probability,1,direct,"(0.10,0.30]","{'parameters': {'p_A': 0.263157894737, 'p_not_A': 0.736842105263}}","{'A': 0.263157894737, 'not_A': 0.736842105263}","{'A': 0.9669140216112958, 'not_A': 0.033085978388704126}","{'tv': 0.7037561268742958, 'mae_binary': 0.7037561268742958, 'rmse_binary': 0.7037561268742958, 'brier_regret': 0.99054537222622, 'kl': 1.9441536774887516}",A,not_A,False,106.42405087128282,median,median,1,"{'std_A': 0.0, 'std_not_A': 0.0}",,{},"{'repeat_aggregation': 'median', 'n_repeats': 1}"
semif_qwen35_4b,Qwen/Qwen3.5-4B@851bf6e806efd8d0a36b00ddf55e13ccb7b8cd0a,explicit_probability__seed_000047__repr_distractor,explicit_probability__seed_000047,explicit_probability,1,distractor,"(0.10,0.30]","{'parameters': {'p_A': 0.263157894737, 'p_not_A': 0.736842105263}}","{'A': 0.263157894737, 'not_A': 0.736842105263}","{'A': 0.8670357598021706, 'not_A': 0.13296424019782924}","{'tv': 0.6038778650651706, 'mae_binary': 0.6038778650651706, 'rmse_binary': 0.6038778650651706, 'brier_regret': 0.729336951831337, 'kl': 0.9479198772168141}",A,not_A,False,118.1834228336811,median,median,1,"{'std_A': 0.0, 'std_not_A': 0.0}",,{},"{'repeat_aggregation': 'median', 'n_repeats': 1}"
semif_qwen35_4b,Qwen/Qwen3.5-4B@851bf6e806efd8d0a36b00ddf55e13ccb7b8cd0a,explicit_probability__seed_000047__repr_prose,explicit_probability__seed_000047,explicit_probability,1,prose,"(0.10,0.30]","{'parameters': {'p_A': 0.263157894737, 'p_not_A': 0.736842105263}}","{'A': 0.263157894737, 'not_A': 0.736842105263}","{'A': 0.9626731126558706, 'not_A': 0.037326887344129464}","{'tv': 0.6995152179188706, 'mae_binary': 0.6995152179188706, 'rmse_binary': 0.6995152179188706, 'brier_regret': 0.97864308020017, 'kl': 1.8564440860356206}",A,not_A,False,116.24491168186069,median,median,1,"{'std_A': 0.0, 'std_not_A': 0.0}",,{},"{'repeat_aggregation': 'median', 'n_repeats': 1}"
semif_qwen35_4b,Qwen/Qwen3.5-4B@851bf6e806efd8d0a36b00ddf55e13ccb7b8cd0a,explicit_probability__seed_000047__repr_ratio,explicit_probability__seed_000047,explicit_probability,1,ratio,"(0.10,0.30]","{'parameters': {'p_A': 0.263157894737, 'p_not_A': 0.736842105263}}","{'A': 0.263157894737, 'not_A': 0.736842105263}","{'A': 0.8175744761936437, 'not_A': 0.18242552380635632}","{'tv': 0.5544165814566436, 'mae_binary': 0.5544165814566436, 'rmse_binary': 0.5544165814566436, 'brier_regret': 0.6147554915881424, 'kl': 0.7303423081203402}",A,not_A,False,102.03043464571238,median,median,1,"{'std_A': 0.0, 'std_not_A': 0.0}",,{},"{'repeat_aggregation': 'median', 'n_repeats': 1}"
semif_qwen35_4b,Qwen/Qwen3.5-4B@851bf6e806efd8d0a36b00ddf55e13ccb7b8cd0a,explicit_probability__seed_000048__repr_direct,explicit_probability__seed_000048,explicit_probability,1,direct,"(0.30,0.45]","{'parameters': {'p_A': 0.315789473684, 'p_not_A': 0.684210526316}}","{'A': 0.315789473684, 'not_A': 0.684210526316}","{'A': 0.9706877692486436, 'not_A': 0.029312230751356316}","{'tv': 0.6548982955646436, 'mae_binary': 0.6548982955646436, 'rmse_binary': 0.6548982955646436, 'brier_regret': 0.8577835550669507, 'kl': 1.8008324108106748}",A,not_A,False,107.989601790905,median,median,1,"{'std_A': 0.0, 'std_not_A': 0.0}",,{},"{'repeat_aggregation': 'median', 'n_repeats': 1}"
semif_qwen35_4b,Qwen/Qwen3.5-4B@851bf6e806efd8d0a36b00ddf55e13ccb7b8cd0a,explicit_probability__seed_000048__repr_distractor,explicit_probability__seed_000048,explicit_probability,1,distractor,"(0.30,0.45]","{'parameters': {'p_A': 0.315789473684, 'p_not_A': 0.684210526316}}","{'A': 0.315789473684, 'not_A': 0.684210526316}","{'A': 0.9046505351008906, 'not_A': 0.0953494648991095}","{'tv': 0.5888610614168905, 'mae_binary': 0.5888610614168905, 'rmse_binary': 0.5888610614168905, 'brier_regret': 0.6935146993060539, 'kl': 1.0160253935598014}",A,not_A,False,119.3385268561542,median,median,1,"{'std_A': 0.0, 'std_not_A': 0.0}",,{},"{'repeat_aggregation': 'median', 'n_repeats': 1}"
semif_qwen35_4b,Qwen/Qwen3.5-4B@851bf6e806efd8d0a36b00ddf55e13ccb7b8cd0a,explicit_probability__seed_000048__repr_prose,explicit_probability__seed_000048,explicit_probability,1,prose,"(0.30,0.45]","{'parameters': {'p_A': 0.315789473684, 'p_not_A': 0.684210526316}}","{'A': 0.315789473684, 'not_A': 0.684210526316}","{'A': 0.9740426428022031, 'not_A': 0.02595735719779685}","{'tv': 0.6582531691182032, 'mae_binary': 0.6582531691182031, 'rmse_binary': 0.6582531691182031, 'brier_regret': 0.8665944693083154, 'kl': 1.8829085035144297}",A,not_A,False,117.11014294996858,median,median,1,"{'std_A': 0.0, 'std_not_A': 0.0}",,{},"{'repeat_aggregation': 'median', 'n_repeats': 1}"
semif_qwen35_4b,Qwen/Qwen3.5-4B@851bf6e806efd8d0a36b00ddf55e13ccb7b8cd0a,explicit_probability__seed_000048__repr_ratio,explicit_probability__seed_000048,explicit_probability,1,ratio,"(0.30,0.45]","{'parameters': {'p_A': 0.315789473684, 'p_not_A': 0.684210526316}}","{'A': 0.315789473684, 'not_A': 0.684210526316}","{'A': 0.8175744761936437, 'not_A': 0.18242552380635632}","{'tv': 0.5017850025096436, 'mae_binary': 0.5017850025096436, 'rmse_binary': 0.5017850025096436, 'brier_regret': 0.5035763774872062, 'kl': 0.6040742178888068}",A,not_A,False,101.8742430023849,median,median,1,"{'std_A': 0.0, 'std_not_A': 0.0}",,{},"{'repeat_aggregation': 'median', 'n_repeats': 1}"
semif_qwen35_4b,Qwen/Qwen3.5-4B@851bf6e806efd8d0a36b00ddf55e13ccb7b8cd0a,explicit_probability__seed_000049__repr_direct,explicit_probability__seed_000049,explicit_probability,1,direct,"(0.30,0.45]","{'parameters': {'p_A': 0.368421052632, 'p_not_A': 0.631578947368}}","{'A': 0.368421052632, 'not_A': 0.631578947368}","{'A': 0.9706877692486436, 'not_A': 0.029312230751356316}","{'tv': 0.6022667166166437, 'mae_binary': 0.6022667166166437, 'rmse_binary': 0.6022667166166437, 'brier_regret': 0.7254503958883851, 'kl': 1.5821667465172795}",A,not_A,False,104.86123524606228,median,median,1,"{'std_A': 0.0, 'std_not_A': 0.0}",,{},"{'repeat_aggregation': 'median', 'n_repeats': 1}"
semif_qwen35_4b,Qwen/Qwen3.5-4B@851bf6e806efd8d0a36b00ddf55e13ccb7b8cd0a,explicit_probability__seed_000049__repr_distractor,explicit_probability__seed_000049,explicit_probability,1,distractor,"(0.30,0.45]","{'parameters': {'p_A': 0.368421052632, 'p_not_A': 0.631578947368}}","{'A': 0.368421052632, 'not_A': 0.631578947368}","{'A': 0.9046505351008906, 'not_A': 0.0953494648991095}","{'tv': 0.5362294824688905, 'mae_binary': 0.5362294824688906, 'rmse_binary': 0.5362294824688906, 'brier_regret': 0.5750841157377083, 'kl': 0.863149202951406}",A,not_A,False,118.9507832750678,median,median,1,"{'std_A': 0.0, 'std_not_A': 0.0}",,{},"{'repeat_aggregation': 'median', 'n_repeats': 1}"
semif_qwen35_4b,Qwen/Qwen3.5-4B@851bf6e806efd8d0a36b00ddf55e13ccb7b8cd0a,explicit_probability__seed_000049__repr_prose,explicit_probability__seed_000049,explicit_probability,1,prose,"(0.30,0.45]","{'parameters': {'p_A': 0.368421052632, 'p_not_A': 0.631578947368}}","{'A': 0.368421052632, 'not_A': 0.631578947368}","{'A': 0.9706877692486436, 'not_A': 0.029312230751356316}","{'tv': 0.6022667166166437, 'mae_binary': 0.6022667166166437, 'rmse_binary': 0.6022667166166437, 'brier_regret': 0.7254503958883851, 'kl': 1.5821667465172795}",A,not_A,False,116.47095903754234,median,median,1,"{'std_A': 0.0, 'std_not_A': 0.0}",,{},"{'repeat_aggregation': 'median', 'n_repeats': 1}"
semif_qwen35_4b,Qwen/Qwen3.5-4B@851bf6e806efd8d0a36b00ddf55e13ccb7b8cd0a,explicit_probability__seed_000049__repr_ratio,explicit_probability__seed_000049,explicit_probability,1,ratio,"(0.30,0.45]","{'parameters': {'p_A': 0.368421052632, 'p_not_A': 0.631578947368}}","{'A': 0.368421052632, 'not_A': 0.631578947368}","{'A': 0.8807970779778823, 'not_A': 0.11920292202211755}","{'tv': 0.5123760253458824, 'mae_binary': 0.5123760253458823, 'rmse_binary': 0.5123760253458823, 'brier_regret': 0.5250583826984886, 'kl': 0.7319759182356315}",A,not_A,False,101.20867611840367,median,median,1,"{'std_A': 0.0, 'std_not_A': 0.0}",,{},"{'repeat_aggregation': 'median', 'n_repeats': 1}"
semif_qwen35_4b,Qwen/Qwen3.5-4B@851bf6e806efd8d0a36b00ddf55e13ccb7b8cd0a,explicit_probability__seed_000050__repr_direct,explicit_probability__seed_000050,explicit_probability,1,direct,"(0.30,0.45]","{'parameters': {'p_A': 0.421052631579, 'p_not_A': 0.578947368421}}","{'A': 0.421052631579, 'not_A': 0.578947368421}","{'A': 0.9669140216112958, 'not_A': 0.033085978388704126}","{'tv': 0.5458613900322958, 'mae_binary': 0.5458613900322957, 'rmse_binary': 0.5458613900322957, 'brier_regret': 0.5959293142559804, 'kl': 1.3069635805122337}",A,not_A,False,107.31057776138186,median,median,1,"{'std_A': 0.0, 'std_not_A': 0.0}",,{},"{'repeat_aggregation': 'median', 'n_repeats': 1}"
semif_qwen35_4b,Qwen/Qwen3.5-4B@851bf6e806efd8d0a36b00ddf55e13ccb7b8cd0a,explicit_probability__seed_000050__repr_distractor,explicit_probability__seed_000050,explicit_probability,1,distractor,"(0.30,0.45]","{'parameters': {'p_A': 0.421052631579, 'p_not_A': 0.578947368421}}","{'A': 0.421052631579, 'not_A': 0.578947368421}","{'A': 0.9149009549929797, 'not_A': 0.08509904500702024}","{'tv': 0.4938483234139798, 'mae_binary': 0.4938483234139797, 'rmse_binary': 0.4938483234139797, 'brier_regret': 0.4877723330775975, 'kl': 0.7833099775831336}",A,not_A,False,118.14803071320057,median,median,1,"{'std_A': 0.0, 'std_not_A': 0.0}",,{},"{'repeat_aggregation': 'median', 'n_repeats': 1}"
semif_qwen35_4b,Qwen/Qwen3.5-4B@851bf6e806efd8d0a36b00ddf55e13ccb7b8cd0a,explicit_probability__seed_000050__repr_prose,explicit_probability__seed_000050,explicit_probability,1,prose,"(0.30,0.45]","{'parameters': {'p_A': 0.421052631579, 'p_not_A': 0.578947368421}}","{'A': 0.421052631579, 'not_A': 0.578947368421}","{'A': 0.9669140216112958, 'not_A': 0.033085978388704126}","{'tv': 0.5458613900322958, 'mae_binary': 0.5458613900322957, 'rmse_binary': 0.5458613900322957, 'brier_regret': 0.5959293142559804, 'kl': 1.3069635805122337}",A,not_A,False,116.8145602568984,median,median,1,"{'std_A': 0.0, 'std_not_A': 0.0}",,{},"{'repeat_aggregation': 'median', 'n_repeats': 1}"
semif_qwen35_4b,Qwen/Qwen3.5-4B@851bf6e806efd8d0a36b00ddf55e13ccb7b8cd0a,explicit_probability__seed_000050__repr_ratio,explicit_probability__seed_000050,explicit_probability,1,ratio,"(0.30,0.45]","{'parameters': {'p_A': 0.421052631579, 'p_not_A': 0.578947368421}}","{'A': 0.421052631579, 'not_A': 0.578947368421}","{'A': 0.7310585786300049, 'not_A': 0.2689414213699951}","{'tv': 0.3100059470510049, 'mae_binary': 0.31000594705100487, 'rmse_binary': 0.31000594705100487, 'brier_regret': 0.1922073744139809, 'kl': 0.21157956804754266}",A,not_A,False,101.8792032264173,median,median,1,"{'std_A': 0.0, 'std_not_A': 0.0}",,{},"{'repeat_aggregation': 'median', 'n_repeats': 1}"
semif_qwen35_4b,Qwen/Qwen3.5-4B@851bf6e806efd8d0a36b00ddf55e13ccb7b8cd0a,explicit_probability__seed_000051__repr_direct,explicit_probability__seed_000051,explicit_probability,1,direct,"(0.45,0.55]","{'parameters': {'p_A': 0.473684210526, 'p_not_A': 0.526315789474}}","{'A': 0.473684210526, 'not_A': 0.526315789474}","{'A': 0.9579122720843811, 'not_A': 0.04208772791561884}","{'tv': 0.48422806155838116, 'mae_binary': 0.4842280615583811, 'rmse_binary': 0.4842280615583811, 'brier_regret': 0.4689536312011747, 'kl': 0.9959744224829534}",A,not_A,False,106.31179390475154,median,median,1,"{'std_A': 0.0, 'std_not_A': 0.0}",,{},"{'repeat_aggregation': 'median', 'n_repeats': 1}"
semif_qwen35_4b,Qwen/Qwen3.5-4B@851bf6e806efd8d0a36b00ddf55e13ccb7b8cd0a,explicit_probability__seed_000051__repr_distractor,explicit_probability__seed_000051,explicit_probability,1,distractor,"(0.45,0.55]","{'parameters': {'p_A': 0.473684210526, 'p_not_A': 0.526315789474}}","{'A': 0.473684210526, 'not_A': 0.526315789474}","{'A': 0.8670357598021706, 'not_A': 0.13296424019782924}","{'tv': 0.39335154927617066, 'mae_binary': 0.3933515492761706, 'rmse_binary': 0.3933515492761706, 'brier_regret': 0.30945088263592746, 'kl': 0.4377556640169672}",A,not_A,False,118.8210709951818,median,median,1,"{'std_A': 0.0, 'std_not_A': 0.0}",,{},"{'repeat_aggregation': 'median', 'n_repeats': 1}"
semif_qwen35_4b,Qwen/Qwen3.5-4B@851bf6e806efd8d0a36b00ddf55e13ccb7b8cd0a,explicit_probability__seed_000051__repr_prose,explicit_probability__seed_000051,explicit_probability,1,prose,"(0.45,0.55]","{'parameters': {'p_A': 0.473684210526, 'p_not_A': 0.526315789474}}","{'A': 0.473684210526, 'not_A': 0.526315789474}","{'A': 0.9399133498259924, 'not_A': 0.06008665017400762}","{'tv': 0.46622913929999243, 'mae_binary': 0.4662291392999924, 'rmse_binary': 0.4662291392999924, 'brier_regret': 0.43473922066482346, 'kl': 0.8175745112043142}",A,not_A,False,117.34331073239446,median,median,1,"{'std_A': 0.0, 'std_not_A': 0.0}",,{},"{'repeat_aggregation': 'median', 'n_repeats': 1}"
semif_qwen35_4b,Qwen/Qwen3.5-4B@851bf6e806efd8d0a36b00ddf55e13ccb7b8cd0a,explicit_probability__seed_000051__repr_ratio,explicit_probability__seed_000051,explicit_probability,1,ratio,"(0.45,0.55]","{'parameters': {'p_A': 0.473684210526, 'p_not_A': 0.526315789474}}","{'A': 0.473684210526, 'not_A': 0.526315789474}","{'A': 0.9149009549929797, 'not_A': 0.08509904500702024}","{'tv': 0.4412167444669798, 'mae_binary': 0.4412167444669797, 'rmse_binary': 0.4412167444669797, 'brier_regret': 0.3893444311960802, 'kl': 0.6471779666233042}",A,not_A,False,100.90701235458255,median,median,1,"{'std_A': 0.0, 'std_not_A': 0.0}",,{},"{'repeat_aggregation': 'median', 'n_repeats': 1}"
semif_qwen35_4b,Qwen/Qwen3.5-4B@851bf6e806efd8d0a36b00ddf55e13ccb7b8cd0a,explicit_probability__seed_000052__repr_direct,explicit_probability__seed_000052,explicit_probability,1,direct,"(0.45,0.55]","{'parameters': {'p_A': 0.526315789474, 'p_not_A': 0.47368421052599996}}","{'A': 0.526315789474, 'not_A': 0.47368421052599996}","{'A': 0.9740426428022031, 'not_A': 0.02595735719779685}","{'tv': 0.44772685332820306, 'mae_binary': 0.44772685332820306, 'rmse_binary': 0.44772685332820306, 'brier_regret': 0.4009186703823486, 'kl': 1.0516439594912406}",A,A,True,107.7952180057764,median,median,1,"{'std_A': 0.0, 'std_not_A': 0.0}",,{},"{'repeat_aggregation': 'median', 'n_repeats': 1}"
semif_qwen35_4b,Qwen/Qwen3.5-4B@851bf6e806efd8d0a36b00ddf55e13ccb7b8cd0a,explicit_probability__seed_000052__repr_distractor,explicit_probability__seed_000052,explicit_probability,1,distractor,"(0.45,0.55]","{'parameters': {'p_A': 0.526315789474, 'p_not_A': 0.47368421052599996}}","{'A': 0.526315789474, 'not_A': 0.47368421052599996}","{'A': 0.9579122720843811, 'not_A': 0.04208772791561884}","{'tv': 0.4315964826103811, 'mae_binary': 0.4315964826103811, 'rmse_binary': 0.4315964826103811, 'brier_regret': 0.37255104760330604, 'kl': 0.8315007382704531}",A,A,True,118.46523080021143,median,median,1,"{'std_A': 0.0, 'std_not_A': 0.0}",,{},"{'repeat_aggregation': 'median', 'n_repeats': 1}"
semif_qwen35_4b,Qwen/Qwen3.5-4B@851bf6e806efd8d0a36b00ddf55e13ccb7b8cd0a,explicit_probability__seed_000052__repr_prose,explicit_probability__seed_000052,explicit_probability,1,prose,"(0.45,0.55]","{'parameters': {'p_A': 0.526315789474, 'p_not_A': 0.47368421052599996}}","{'A': 0.526315789474, 'not_A': 0.47368421052599996}","{'A': 0.9706877692486436, 'not_A': 0.029312230751356316}","{'tv': 0.4443719797746436, 'mae_binary': 0.4443719797746436, 'rmse_binary': 0.4443719797746436, 'brier_regret': 0.39493291281767257, 'kl': 0.9958836562612359}",A,A,True,118.10931097716093,median,median,1,"{'std_A': 0.0, 'std_not_A': 0.0}",,{},"{'repeat_aggregation': 'median', 'n_repeats': 1}"
semif_qwen35_4b,Qwen/Qwen3.5-4B@851bf6e806efd8d0a36b00ddf55e13ccb7b8cd0a,explicit_probability__seed_000052__repr_ratio,explicit_probability__seed_000052,explicit_probability,1,ratio,"(0.45,0.55]","{'parameters': {'p_A': 0.526315789474, 'p_not_A': 0.47368421052599996}}","{'A': 0.526315789474, 'not_A': 0.47368421052599996}","{'A': 0.9579122720843811, 'not_A': 0.04208772791561884}","{'tv': 0.4315964826103811, 'mae_binary': 0.4315964826103811, 'rmse_binary': 0.4315964826103811, 'brier_regret': 0.37255104760330604, 'kl': 0.8315007382704531}",A,A,True,100.7347721606493,median,median,1,"{'std_A': 0.0, 'std_not_A': 0.0}",,{},"{'repeat_aggregation': 'median', 'n_repeats': 1}"
semif_qwen35_4b,Qwen/Qwen3.5-4B@851bf6e806efd8d0a36b00ddf55e13ccb7b8cd0a,explicit_probability__seed_000053__repr_direct,explicit_probability__seed_000053,explicit_probability,1,direct,"(0.55,0.70]","{'parameters': {'p_A': 0.578947368421, 'p_not_A': 0.42105263157899997}}","{'A': 0.578947368421, 'not_A': 0.42105263157899997}","{'A': 0.9740426428022031, 'not_A': 0.02595735719779685}","{'tv': 0.39509527438120307, 'mae_binary': 0.39509527438120307, 'rmse_binary': 0.39509527438120307, 'brier_regret': 0.31220055167671634, 'kl': 0.87198649676907}",A,A,True,107.41600207984447,median,median,1,"{'std_A': 0.0, 'std_not_A': 0.0}",,{},"{'repeat_aggregation': 'median', 'n_repeats': 1}"
semif_qwen35_4b,Qwen/Qwen3.5-4B@851bf6e806efd8d0a36b00ddf55e13ccb7b8cd0a,explicit_probability__seed_000053__repr_distractor,explicit_probability__seed_000053,explicit_probability,1,distractor,"(0.55,0.70]","{'parameters': {'p_A': 0.578947368421, 'p_not_A': 0.42105263157899997}}","{'A': 0.578947368421, 'not_A': 0.42105263157899997}","{'A': 0.9465966702001757, 'not_A': 0.053403329799824234}","{'tv': 0.3676493017791757, 'mae_binary': 0.36764930177917565, 'rmse_binary': 0.36764930177917565, 'brier_regret': 0.2703320181974308, 'kl': 0.5847790070560228}",A,A,True,121.24300608411431,median,median,1,"{'std_A': 0.0, 'std_not_A': 0.0}",,{},"{'repeat_aggregation': 'median', 'n_repeats': 1}"
semif_qwen35_4b,Qwen/Qwen3.5-4B@851bf6e806efd8d0a36b00ddf55e13ccb7b8cd0a,explicit_probability__seed_000053__repr_prose,explicit_probability__seed_000053,explicit_probability,1,prose,"(0.55,0.70]","{'parameters': {'p_A': 0.578947368421, 'p_not_A': 0.42105263157899997}}","{'A': 0.578947368421, 'not_A': 0.42105263157899997}","{'A': 0.9740426428022031, 'not_A': 0.02595735719779685}","{'tv': 0.39509527438120307, 'mae_binary': 0.39509527438120307, 'rmse_binary': 0.39509527438120307, 'brier_regret': 0.31220055167671634, 'kl': 0.87198649676907}",A,A,True,118.12065495178103,median,median,1,"{'std_A': 0.0, 'std_not_A': 0.0}",,{},"{'repeat_aggregation': 'median', 'n_repeats': 1}"
semif_qwen35_4b,Qwen/Qwen3.5-4B@851bf6e806efd8d0a36b00ddf55e13ccb7b8cd0a,explicit_probability__seed_000053__repr_ratio,explicit_probability__seed_000053,explicit_probability,1,ratio,"(0.55,0.70]","{'parameters': {'p_A': 0.578947368421, 'p_not_A': 0.42105263157899997}}","{'A': 0.578947368421, 'not_A': 0.42105263157899997}","{'A': 0.9324533088603709, 'not_A': 0.0675466911396291}","{'tv': 0.3535059404393709, 'mae_binary': 0.3535059404393709, 'rmse_binary': 0.3535059404393709, 'brier_regret': 0.24993289985184808, 'kl': 0.4945698696481681}",A,A,True,103.1335387378931,median,median,1,"{'std_A': 0.0, 'std_not_A': 0.0}",,{},"{'repeat_aggregation': 'median', 'n_repeats': 1}"
semif_qwen35_4b,Qwen/Qwen3.5-4B@851bf6e806efd8d0a36b00ddf55e13ccb7b8cd0a,explicit_probability__seed_000054__repr_direct,explicit_probability__seed_000054,explicit_probability,1,direct,"(0.55,0.70]","{'parameters': {'p_A': 0.631578947368, 'p_not_A': 0.368421052632}}","{'A': 0.631578947368, 'not_A': 0.368421052632}","{'A': 0.9770226300899744, 'not_A': 0.02297736991002561}","{'tv': 0.34544368272197434, 'mae_binary': 0.34544368272197434, 'rmse_binary': 0.34544368272197434, 'brier_regret': 0.23866267586504014, 'kl': 0.746714424199084}",A,A,True,106.39571398496628,median,median,1,"{'std_A': 0.0, 'std_not_A': 0.0}",,{},"{'repeat_aggregation': 'median', 'n_repeats': 1}"
semif_qwen35_4b,Qwen/Qwen3.5-4B@851bf6e806efd8d0a36b00ddf55e13ccb7b8cd0a,explicit_probability__seed_000054__repr_distractor,explicit_probability__seed_000054,explicit_probability,1,distractor,"(0.55,0.70]","{'parameters': {'p_A': 0.631578947368, 'p_not_A': 0.368421052632}}","{'A': 0.631578947368, 'not_A': 0.368421052632}","{'A': 0.9525741268224334, 'not_A': 0.04742587317756679}","{'tv': 0.32099517945443323, 'mae_binary': 0.32099517945443334, 'rmse_binary': 0.32099517945443334, 'brier_regret': 0.20607581046596762, 'kl': 0.4957405219264005}",A,A,True,118.89679916203022,median,median,1,"{'std_A': 0.0, 'std_not_A': 0.0}",,{},"{'repeat_aggregation': 'median', 'n_repeats': 1}"
semif_qwen35_4b,Qwen/Qwen3.5-4B@851bf6e806efd8d0a36b00ddf55e13ccb7b8cd0a,explicit_probability__seed_000054__repr_prose,explicit_probability__seed_000054,explicit_probability,1,prose,"(0.55,0.70]","{'parameters': {'p_A': 0.631578947368, 'p_not_A': 0.368421052632}}","{'A': 0.631578947368, 'not_A': 0.368421052632}","{'A': 0.9796676466573412, 'not_A': 0.020332353342658753}","{'tv': 0.34808869928934116, 'mae_binary': 0.34808869928934116, 'rmse_binary': 0.34808869928934116, 'brier_regret': 0.2423314851458908, 'kl': 0.7900634923067558}",A,A,True,117.62150283902884,median,median,1,"{'std_A': 0.0, 'std_not_A': 0.0}",,{},"{'repeat_aggregation': 'median', 'n_repeats': 1}"
semif_qwen35_4b,Qwen/Qwen3.5-4B@851bf6e806efd8d0a36b00ddf55e13ccb7b8cd0a,explicit_probability__seed_000054__repr_ratio,explicit_probability__seed_000054,explicit_probability,1,ratio,"(0.55,0.70]","{'parameters': {'p_A': 0.631578947368, 'p_not_A': 0.368421052632}}","{'A': 0.631578947368, 'not_A': 0.368421052632}","{'A': 0.9669140216112958, 'not_A': 0.033085978388704126}","{'tv': 0.3353350742432958, 'mae_binary': 0.3353350742432958, 'rmse_binary': 0.3353350742432958, 'brier_regret': 0.22489922403551343, 'kl': 0.6189567650726974}",A,A,True,103.16723585128784,median,median,1,"{'std_A': 0.0, 'std_not_A': 0.0}",,{},"{'repeat_aggregation': 'median', 'n_repeats': 1}"
semif_qwen35_4b,Qwen/Qwen3.5-4B@851bf6e806efd8d0a36b00ddf55e13ccb7b8cd0a,explicit_probability__seed_000055__repr_direct,explicit_probability__seed_000055,explicit_probability,1,direct,"(0.55,0.70]","{'parameters': {'p_A': 0.684210526316, 'p_not_A': 0.315789473684}}","{'A': 0.684210526316, 'not_A': 0.315789473684}","{'A': 0.9770226300899744, 'not_A': 0.02297736991002561}","{'tv': 0.2928121037739744, 'mae_binary': 0.2928121037739744, 'rmse_binary': 0.2928121037739744, 'brier_regret': 0.17147785623308148, 'kl': 0.5838011411194796}",A,A,True,107.35833831131458,median,median,1,"{'std_A': 0.0, 'std_not_A': 0.0}",,{},"{'repeat_aggregation': 'median', 'n_repeats': 1}"
semif_qwen35_4b,Qwen/Qwen3.5-4B@851bf6e806efd8d0a36b00ddf55e13ccb7b8cd0a,explicit_probability__seed_000055__repr_distractor,explicit_probability__seed_000055,explicit_probability,1,distractor,"(0.55,0.70]","{'parameters': {'p_A': 0.684210526316, 'p_not_A': 0.315789473684}}","{'A': 0.684210526316, 'not_A': 0.315789473684}","{'A': 0.9706877692486436, 'not_A': 0.029312230751356316}","{'tv': 0.28647724293264365, 'mae_binary': 0.28647724293264365, 'rmse_binary': 0.28647724293264365, 'brier_regret': 0.1641384214365779, 'kl': 0.511358726598675}",A,A,True,117.90625611320138,median,median,1,"{'std_A': 0.0, 'std_not_A': 0.0}",,{},"{'repeat_aggregation': 'median', 'n_repeats': 1}"
semif_qwen35_4b,Qwen/Qwen3.5-4B@851bf6e806efd8d0a36b00ddf55e13ccb7b8cd0a,explicit_probability__seed_000055__repr_prose,explicit_probability__seed_000055,explicit_probability,1,prose,"(0.55,0.70]","{'parameters': {'p_A': 0.684210526316, 'p_not_A': 0.315789473684}}","{'A': 0.684210526316, 'not_A': 0.315789473684}","{'A': 0.9820137900379085, 'not_A': 0.017986209962091555}","{'tv': 0.29780326372190846, 'mae_binary': 0.29780326372190846, 'rmse_binary': 0.29780326372190846, 'brier_regret': 0.17737356776684113, 'kl': 0.6576529730858641}",A,A,True,117.5513593479991,median,median,1,"{'std_A': 0.0, 'std_not_A': 0.0}",,{},"{'repeat_aggregation': 'median', 'n_repeats': 1}"
semif_qwen35_4b,Qwen/Qwen3.5-4B@851bf6e806efd8d0a36b00ddf55e13ccb7b8cd0a,explicit_probability__seed_000055__repr_ratio,explicit_probability__seed_000055,explicit_probability,1,ratio,"(0.55,0.70]","{'parameters': {'p_A': 0.684210526316, 'p_not_A': 0.315789473684}}","{'A': 0.684210526316, 'not_A': 0.315789473684}","{'A': 0.9525741268224334, 'not_A': 0.04742587317756679}","{'tv': 0.26836360050643326, 'mae_binary': 0.2683636005064334, 'rmse_binary': 0.2683636005064334, 'brier_regret': 0.14403804415355304, 'kl': 0.3723009230577963}",A,A,True,101.27585893496871,median,median,1,"{'std_A': 0.0, 'std_not_A': 0.0}",,{},"{'repeat_aggregation': 'median', 'n_repeats': 1}"
semif_qwen35_4b,Qwen/Qwen3.5-4B@851bf6e806efd8d0a36b00ddf55e13ccb7b8cd0a,explicit_probability__seed_000056__repr_direct,explicit_probability__seed_000056,explicit_probability,1,direct,"(0.70,0.90]","{'parameters': {'p_A': 0.736842105263, 'p_not_A': 0.263157894737}}","{'A': 0.736842105263, 'not_A': 0.263157894737}","{'A': 0.9820137900379085, 'not_A': 0.017986209962091555}","{'tv': 0.24517168477490847, 'mae_binary': 0.24517168477490847, 'rmse_binary': 0.24517168477490847, 'brier_regret': 0.12021831003073417, 'kl': 0.49444737910889736}",A,A,True,105.21656181663275,median,median,1,"{'std_A': 0.0, 'std_not_A': 0.0}",,{},"{'repeat_aggregation': 'median', 'n_repeats': 1}"
semif_qwen35_4b,Qwen/Qwen3.5-4B@851bf6e806efd8d0a36b00ddf55e13ccb7b8cd0a,explicit_probability__seed_000056__repr_distractor,explicit_probability__seed_000056,explicit_probability,1,distractor,"(0.70,0.90]","{'parameters': {'p_A': 0.736842105263, 'p_not_A': 0.263157894737}}","{'A': 0.736842105263, 'not_A': 0.263157894737}","{'A': 0.9669140216112958, 'not_A': 0.033085978388704126}","{'tv': 0.23007191634829585, 'mae_binary': 0.23007191634829582, 'rmse_binary': 0.23007191634829582, 'brier_regret': 0.10586617338435449, 'kl': 0.34546946696350145}",A,A,True,120.07791781798005,median,median,1,"{'std_A': 0.0, 'std_not_A': 0.0}",,{},"{'repeat_aggregation': 'median', 'n_repeats': 1}"
semif_qwen35_4b,Qwen/Qwen3.5-4B@851bf6e806efd8d0a36b00ddf55e13ccb7b8cd0a,explicit_probability__seed_000056__repr_prose,explicit_probability__seed_000056,explicit_probability,1,prose,"(0.70,0.90]","{'parameters': {'p_A': 0.736842105263, 'p_not_A': 0.263157894737}}","{'A': 0.736842105263, 'not_A': 0.263157894737}","{'A': 0.9770226300899744, 'not_A': 0.02297736991002561}","{'tv': 0.24018052482697438, 'mae_binary': 0.24018052482697438, 'rmse_binary': 0.24018052482697438, 'brier_regret': 0.11537336901232173, 'kl': 0.4337534418792626}",A,A,True,118.56027087196708,median,median,1,"{'std_A': 0.0, 'std_not_A': 0.0}",,{},"{'repeat_aggregation': 'median', 'n_repeats': 1}"
semif_qwen35_4b,Qwen/Qwen3.5-4B@851bf6e806efd8d0a36b00ddf55e13ccb7b8cd0a,explicit_probability__seed_000056__repr_ratio,explicit_probability__seed_000056,explicit_probability,1,ratio,"(0.70,0.90]","{'parameters': {'p_A': 0.736842105263, 'p_not_A': 0.263157894737}}","{'A': 0.736842105263, 'not_A': 0.263157894737}","{'A': 0.9626731126558706, 'not_A': 0.037326887344129464}","{'tv': 0.2258310073928706, 'mae_binary': 0.22583100739287065, 'rmse_binary': 0.22583100739287065, 'brier_regret': 0.10199928780015755, 'kl': 0.3169704018261206}",A,A,True,101.6440843231976,median,median,1,"{'std_A': 0.0, 'std_not_A': 0.0}",,{},"{'repeat_aggregation': 'median', 'n_repeats': 1}"
semif_qwen35_4b,Qwen/Qwen3.5-4B@851bf6e806efd8d0a36b00ddf55e13ccb7b8cd0a,explicit_probability__seed_000057__repr_direct,explicit_probability__seed_000057,explicit_probability,1,direct,"(0.70,0.90]","{'parameters': {'p_A': 0.789473684211, 'p_not_A': 0.21052631578900005}}","{'A': 0.789473684211, 'not_A': 0.21052631578900005}","{'A': 0.9796676466573412, 'not_A': 0.020332353342658753}","{'tv': 0.19019396244634126, 'mae_binary': 0.19019396244634124, 'rmse_binary': 0.19019396244634124, 'brier_regret': 0.07234748670208055, 'kl': 0.3216782091551689}",A,A,True,106.88107367604971,median,median,1,"{'std_A': 0.0, 'std_not_A': 0.0}",,{},"{'repeat_aggregation': 'median', 'n_repeats': 1}"
semif_qwen35_4b,Qwen/Qwen3.5-4B@851bf6e806efd8d0a36b00ddf55e13ccb7b8cd0a,explicit_probability__seed_000057__repr_distractor,explicit_probability__seed_000057,explicit_probability,1,distractor,"(0.70,0.90]","{'parameters': {'p_A': 0.789473684211, 'p_not_A': 0.21052631578900005}}","{'A': 0.789473684211, 'not_A': 0.21052631578900005}","{'A': 0.9706877692486436, 'not_A': 0.029312230751356316}","{'tv': 0.18121408503764372, 'mae_binary': 0.1812140850376437, 'rmse_binary': 0.1812140850376437, 'brier_regret': 0.06567708923206073, 'kl': 0.2519393581058176}",A,A,True,122.87324480712414,median,median,1,"{'std_A': 0.0, 'std_not_A': 0.0}",,{},"{'repeat_aggregation': 'median', 'n_repeats': 1}"
semif_qwen35_4b,Qwen/Qwen3.5-4B@851bf6e806efd8d0a36b00ddf55e13ccb7b8cd0a,explicit_probability__seed_000057__repr_prose,explicit_probability__seed_000057,explicit_probability,1,prose,"(0.70,0.90]","{'parameters': {'p_A': 0.789473684211, 'p_not_A': 0.21052631578900005}}","{'A': 0.789473684211, 'not_A': 0.21052631578900005}","{'A': 0.9840936082881853, 'not_A': 0.01590639171181471}","{'tv': 0.1946199240771853, 'mae_binary': 0.1946199240771853, 'rmse_binary': 0.1946199240771853, 'brier_regret': 0.07575382969561877, 'kl': 0.3698021432816406}",A,A,True,120.441775303334,median,median,1,"{'std_A': 0.0, 'std_not_A': 0.0}",,{},"{'repeat_aggregation': 'median', 'n_repeats': 1}"
semif_qwen35_4b,Qwen/Qwen3.5-4B@851bf6e806efd8d0a36b00ddf55e13ccb7b8cd0a,explicit_probability__seed_000057__repr_ratio,explicit_probability__seed_000057,explicit_probability,1,ratio,"(0.70,0.90]","{'parameters': {'p_A': 0.789473684211, 'p_not_A': 0.21052631578900005}}","{'A': 0.789473684211, 'not_A': 0.21052631578900005}","{'A': 0.9706877692486436, 'not_A': 0.029312230751356316}","{'tv': 0.18121408503764372, 'mae_binary': 0.1812140850376437, 'rmse_binary': 0.1812140850376437, 'brier_regret': 0.06567708923206073, 'kl': 0.2519393581058176}",A,A,True,103.4579873085022,median,median,1,"{'std_A': 0.0, 'std_not_A': 0.0}",,{},"{'repeat_aggregation': 'median', 'n_repeats': 1}"
semif_qwen35_4b,Qwen/Qwen3.5-4B@851bf6e806efd8d0a36b00ddf55e13ccb7b8cd0a,explicit_probability__seed_000058__repr_direct,explicit_probability__seed_000058,explicit_probability,1,direct,"(0.70,0.90]","{'parameters': {'p_A': 0.842105263158, 'p_not_A': 0.15789473684199995}}","{'A': 0.842105263158, 'not_A': 0.15789473684199995}","{'A': 0.9740426428022031, 'not_A': 0.02595735719779685}","{'tv': 0.13193737964420307, 'mae_binary': 0.13193737964420305, 'rmse_binary': 0.13193737964420305, 'brier_regret': 0.03481494429475714, 'kl': 0.16250629085395735}",A,A,True,107.554130256176,median,median,1,"{'std_A': 0.0, 'std_not_A': 0.0}",,{},"{'repeat_aggregation': 'median', 'n_repeats': 1}"
semif_qwen35_4b,Qwen/Qwen3.5-4B@851bf6e806efd8d0a36b00ddf55e13ccb7b8cd0a,explicit_probability__seed_000058__repr_distractor,explicit_probability__seed_000058,explicit_probability,1,distractor,"(0.70,0.90]","{'parameters': {'p_A': 0.842105263158, 'p_not_A': 0.15789473684199995}}","{'A': 0.842105263158, 'not_A': 0.15789473684199995}","{'A': 0.9626731126558706, 'not_A': 0.037326887344129464}","{'tv': 0.12056784949787053, 'mae_binary': 0.12056784949787058, 'rmse_binary': 0.12056784949787058, 'brier_regret': 0.02907321266508232, 'kl': 0.11503694103911496}",A,A,True,118.97785495966673,median,median,1,"{'std_A': 0.0, 'std_not_A': 0.0}",,{},"{'repeat_aggregation': 'median', 'n_repeats': 1}"
semif_qwen35_4b,Qwen/Qwen3.5-4B@851bf6e806efd8d0a36b00ddf55e13ccb7b8cd0a,explicit_probability__seed_000058__repr_prose,explicit_probability__seed_000058,explicit_probability,1,prose,"(0.70,0.90]","{'parameters': {'p_A': 0.842105263158, 'p_not_A': 0.15789473684199995}}","{'A': 0.842105263158, 'not_A': 0.15789473684199995}","{'A': 0.9820137900379085, 'not_A': 0.017986209962091555}","{'tv': 0.1399085268799084, 'mae_binary': 0.1399085268799084, 'rmse_binary': 0.1399085268799084, 'brier_regret': 0.0391487917874121, 'kl': 0.2135665499006417}",A,A,True,120.06635079160333,median,median,1,"{'std_A': 0.0, 'std_not_A': 0.0}",,{},"{'repeat_aggregation': 'median', 'n_repeats': 1}"
semif_qwen35_4b,Qwen/Qwen3.5-4B@851bf6e806efd8d0a36b00ddf55e13ccb7b8cd0a,explicit_probability__seed_000058__repr_ratio,explicit_probability__seed_000058,explicit_probability,1,ratio,"(0.70,0.90]","{'parameters': {'p_A': 0.842105263158, 'p_not_A': 0.15789473684199995}}","{'A': 0.842105263158, 'not_A': 0.15789473684199995}","{'A': 0.9579122720843811, 'not_A': 0.04208772791561884}","{'tv': 0.11580700892638109, 'mae_binary': 0.11580700892638107, 'rmse_binary': 0.11580700892638107, 'brier_regret': 0.026822526632949817, 'kl': 0.10025780647516984}",A,A,True,102.8991392813623,median,median,1,"{'std_A': 0.0, 'std_not_A': 0.0}",,{},"{'repeat_aggregation': 'median', 'n_repeats': 1}"
semif_qwen35_4b,Qwen/Qwen3.5-4B@851bf6e806efd8d0a36b00ddf55e13ccb7b8cd0a,explicit_probability__seed_000059__repr_direct,explicit_probability__seed_000059,explicit_probability,1,direct,"(0.70,0.90]","{'parameters': {'p_A': 0.894736842105, 'p_not_A': 0.10526315789499996}}","{'A': 0.894736842105, 'not_A': 0.10526315789499996}","{'A': 0.9770226300899744, 'not_A': 0.02297736991002561}","{'tv': 0.08228578798497434, 'mae_binary': 0.08228578798497432, 'rmse_binary': 0.08228578798497432, 'brier_regret': 0.013541901808616294, 'kl': 0.08148654889459575}",A,A,True,104.51501002535224,median,median,1,"{'std_A': 0.0, 'std_not_A': 0.0}",,{},"{'repeat_aggregation': 'median', 'n_repeats': 1}"
semif_qwen35_4b,Qwen/Qwen3.5-4B@851bf6e806efd8d0a36b00ddf55e13ccb7b8cd0a,explicit_probability__seed_000059__repr_distractor,explicit_probability__seed_000059,explicit_probability,1,distractor,"(0.70,0.90]","{'parameters': {'p_A': 0.894736842105, 'p_not_A': 0.10526315789499996}}","{'A': 0.894736842105, 'not_A': 0.10526315789499996}","{'A': 0.9669140216112958, 'not_A': 0.033085978388704126}","{'tv': 0.07217717950629579, 'mae_binary': 0.07217717950629576, 'rmse_binary': 0.07217717950629576, 'brier_regret': 0.010419090482968092, 'kl': 0.05241310029458446}",A,A,True,121.75418995320797,median,median,1,"{'std_A': 0.0, 'std_not_A': 0.0}",,{},"{'repeat_aggregation': 'median', 'n_repeats': 1}"
semif_qwen35_4b,Qwen/Qwen3.5-4B@851bf6e806efd8d0a36b00ddf55e13ccb7b8cd0a,explicit_probability__seed_000059__repr_prose,explicit_probability__seed_000059,explicit_probability,1,prose,"(0.70,0.90]","{'parameters': {'p_A': 0.894736842105, 'p_not_A': 0.10526315789499996}}","{'A': 0.894736842105, 'not_A': 0.10526315789499996}","{'A': 0.9820137900379085, 'not_A': 0.017986209962091555}","{'tv': 0.08727694793290841, 'mae_binary': 0.08727694793290841, 'rmse_binary': 0.08727694793290841, 'brier_regret': 0.015234531280967212, 'kl': 0.10270680191373044}",A,A,True,118.00022283568978,median,median,1,"{'std_A': 0.0, 'std_not_A': 0.0}",,{},"{'repeat_aggregation': 'median', 'n_repeats': 1}"
semif_qwen35_4b,Qwen/Qwen3.5-4B@851bf6e806efd8d0a36b00ddf55e13ccb7b8cd0a,explicit_probability__seed_000059__repr_ratio,explicit_probability__seed_000059,explicit_probability,1,ratio,"(0.70,0.90]","{'parameters': {'p_A': 0.894736842105, 'p_not_A': 0.10526315789499996}}","{'A': 0.894736842105, 'not_A': 0.10526315789499996}","{'A': 0.9770226300899744, 'not_A': 0.02297736991002561}","{'tv': 0.08228578798497434, 'mae_binary': 0.08228578798497432, 'rmse_binary': 0.08228578798497432, 'brier_regret': 0.013541901808616294, 'kl': 0.08148654889459575}",A,A,True,102.62491600587964,median,median,1,"{'std_A': 0.0, 'std_not_A': 0.0}",,{},"{'repeat_aggregation': 'median', 'n_repeats': 1}"
semif_qwen35_4b,Qwen/Qwen3.5-4B@851bf6e806efd8d0a36b00ddf55e13ccb7b8cd0a,explicit_probability__seed_000060__repr_direct,explicit_probability__seed_000060,explicit_probability,1,direct,"(0.90,0.99]","{'parameters': {'p_A': 0.947368421053, 'p_not_A': 0.05263157894699999}}","{'A': 0.947368421053, 'not_A': 0.05263157894699999}","{'A': 0.9770226300899744, 'not_A': 0.02297736991002561}","{'tv': 0.02965420903697437, 'mae_binary': 0.029654209036974355, 'rmse_binary': 0.029654209036974355, 'brier_regret': 0.0017587442272171444, 'kl': 0.014421834791508142}",A,A,True,107.46590606868267,median,median,1,"{'std_A': 0.0, 'std_not_A': 0.0}",,{},"{'repeat_aggregation': 'median', 'n_repeats': 1}"
semif_qwen35_4b,Qwen/Qwen3.5-4B@851bf6e806efd8d0a36b00ddf55e13ccb7b8cd0a,explicit_probability__seed_000060__repr_distractor,explicit_probability__seed_000060,explicit_probability,1,distractor,"(0.90,0.99]","{'parameters': {'p_A': 0.947368421053, 'p_not_A': 0.05263157894699999}}","{'A': 0.947368421053, 'not_A': 0.05263157894699999}","{'A': 0.9465966702001757, 'not_A': 0.053403329799824234}","{'tv': 0.000771750852824285, 'mae_binary': 0.0007717508528243266, 'rmse_binary': 0.0007717508528243266, 'brier_regret': 1.1911987576700225e-06, 'kl': 5.917998536295347e-06}",A,A,True,122.1796297468245,median,median,1,"{'std_A': 0.0, 'std_not_A': 0.0}",,{},"{'repeat_aggregation': 'median', 'n_repeats': 1}"
semif_qwen35_4b,Qwen/Qwen3.5-4B@851bf6e806efd8d0a36b00ddf55e13ccb7b8cd0a,explicit_probability__seed_000060__repr_prose,explicit_probability__seed_000060,explicit_probability,1,prose,"(0.90,0.99]","{'parameters': {'p_A': 0.947368421053, 'p_not_A': 0.05263157894699999}}","{'A': 0.947368421053, 'not_A': 0.05263157894699999}","{'A': 0.9820137900379085, 'not_A': 0.017986209962091555}","{'tv': 0.03464536898490844, 'mae_binary': 0.03464536898490844, 'rmse_binary': 0.03464536898490844, 'brier_regret': 0.0024006031842009113, 'kl': 0.022484193073642807}",A,A,True,119.06977370381355,median,median,1,"{'std_A': 0.0, 'std_not_A': 0.0}",,{},"{'repeat_aggregation': 'median', 'n_repeats': 1}"
semif_qwen35_4b,Qwen/Qwen3.5-4B@851bf6e806efd8d0a36b00ddf55e13ccb7b8cd0a,explicit_probability__seed_000060__repr_ratio,explicit_probability__seed_000060,explicit_probability,1,ratio,"(0.90,0.99]","{'parameters': {'p_A': 0.947368421053, 'p_not_A': 0.05263157894699999}}","{'A': 0.947368421053, 'not_A': 0.05263157894699999}","{'A': 0.9525741268224334, 'not_A': 0.04742587317756679}","{'tv': 0.005205705769433279, 'mae_binary': 0.005205705769433355, 'rmse_binary': 0.005205705769433355, 'brier_regret': 5.419874511582185e-05, 'kl': 0.0002900377825749865}",A,A,True,103.18883508443832,median,median,1,"{'std_A': 0.0, 'std_not_A': 0.0}",,{},"{'repeat_aggregation': 'median', 'n_repeats': 1}"
semif_qwen35_4b,Qwen/Qwen3.5-4B@851bf6e806efd8d0a36b00ddf55e13ccb7b8cd0a,explicit_probability__seed_000061__repr_direct,explicit_probability__seed_000061,explicit_probability,1,direct,1,"{'parameters': {'p_A': 1.0, 'p_not_A': 0.0}}","{'A': 1.0, 'not_A': 0.0}","{'A': 0.9820137900379085, 'not_A': 0.017986209962091555}","{'tv': 0.017986209962091552, 'mae_binary': 0.01798620996209155, 'rmse_binary': 0.01798620996209155, 'brier_regret': 0.0006470074976008828, 'kl': 0.01814992791780978}",A,A,True,103.34614710882306,median,median,1,"{'std_A': 0.0, 'std_not_A': 0.0}",,{},"{'repeat_aggregation': 'median', 'n_repeats': 1}"
semif_qwen35_4b,Qwen/Qwen3.5-4B@851bf6e806efd8d0a36b00ddf55e13ccb7b8cd0a,explicit_probability__seed_000061__repr_distractor,explicit_probability__seed_000061,explicit_probability,1,distractor,1,"{'parameters': {'p_A': 1.0, 'p_not_A': 0.0}}","{'A': 1.0, 'not_A': 0.0}","{'A': 0.9525741268224334, 'not_A': 0.04742587317756679}","{'tv': 0.04742587317756671, 'mae_binary': 0.047425873177566635, 'rmse_binary': 0.047425873177566635, 'brier_regret': 0.004498426893309284, 'kl': 0.04858735157374196}",A,A,True,114.98883180320263,median,median,1,"{'std_A': 0.0, 'std_not_A': 0.0}",,{},"{'repeat_aggregation': 'median', 'n_repeats': 1}"
semif_qwen35_4b,Qwen/Qwen3.5-4B@851bf6e806efd8d0a36b00ddf55e13ccb7b8cd0a,explicit_probability__seed_000061__repr_prose,explicit_probability__seed_000061,explicit_probability,1,prose,1,"{'parameters': {'p_A': 1.0, 'p_not_A': 0.0}}","{'A': 1.0, 'not_A': 0.0}","{'A': 0.9902915235185259, 'not_A': 0.009708476481474066}","{'tv': 0.009708476481474085, 'mae_binary': 0.009708476481474104, 'rmse_binary': 0.009708476481474104, 'brier_regret': 0.00018850903118267087, 'kl': 0.00975591100022136}",A,A,True,106.17328202351928,median,median,1,"{'std_A': 0.0, 'std_not_A': 0.0}",,{},"{'repeat_aggregation': 'median', 'n_repeats': 1}"
semif_qwen35_4b,Qwen/Qwen3.5-4B@851bf6e806efd8d0a36b00ddf55e13ccb7b8cd0a,explicit_probability__seed_000061__repr_ratio,explicit_probability__seed_000061,explicit_probability,1,ratio,1,"{'parameters': {'p_A': 1.0, 'p_not_A': 0.0}}","{'A': 1.0, 'not_A': 0.0}","{'A': 0.9579122720843811, 'not_A': 0.04208772791561884}","{'tv': 0.042087727915618864, 'mae_binary': 0.04208772791561888, 'rmse_binary': 0.04208772791561888, 'brier_regret': 0.0035427536821983265, 'kl': 0.04299907922908785}",A,A,True,100.89896433055401,median,median,1,"{'std_A': 0.0, 'std_not_A': 0.0}",,{},"{'repeat_aggregation': 'median', 'n_repeats': 1}"
semif_qwen35_4b,Qwen/Qwen3.5-4B@851bf6e806efd8d0a36b00ddf55e13ccb7b8cd0a,frequency__seed_000042__repr_counts,frequency__seed_000042,frequency,2,counts,"(0.70,0.90]","{'parameters': {'counts': {'nif': 10, 'zor': 40}, 'reduced_counts': {'nif': 1, 'zor': 4}}}","{'nif': 0.2, 'zor': 0.8}","{'nif': 0.4073334000459302, 'zor': 0.5926665999540697}","{'tv': 0.2073334000459303, 'mae_binary': 0.2073334000459302, 'rmse_binary': 0.2073334000459302, 'brier_regret': 0.08597427754921153, 'kl': 0.09772084060165229}",zor,zor,True,104.77869072929025,median,median,1,"{'std_nif': 0.0, 'std_zor': 0.0}",,{},"{'repeat_aggregation': 'median', 'n_repeats': 1}"
semif_qwen35_4b,Qwen/Qwen3.5-4B@851bf6e806efd8d0a36b00ddf55e13ccb7b8cd0a,frequency__seed_000042__repr_distractor,frequency__seed_000042,frequency,2,distractor,"(0.70,0.90]","{'parameters': {'counts': {'nif': 10, 'zor': 40}, 'reduced_counts': {'nif': 1, 'zor': 4}}}","{'nif': 0.2, 'zor': 0.8}","{'nif': 0.2689414213699951, 'zor': 0.7310585786300049}","{'tv': 0.06894142136999512, 'mae_binary': 0.06894142136999509, 'rmse_binary': 0.06894142136999509, 'brier_regret': 0.009505839161030441, 'kl': 0.012859263980034986}",zor,zor,True,118.40905481949449,median,median,1,"{'std_nif': 0.0, 'std_zor': 0.0}",,{},"{'repeat_aggregation': 'median', 'n_repeats': 1}"
semif_qwen35_4b,Qwen/Qwen3.5-4B@851bf6e806efd8d0a36b00ddf55e13ccb7b8cd0a,frequency__seed_000042__repr_prose,frequency__seed_000042,frequency,2,prose,"(0.70,0.90]","{'parameters': {'counts': {'nif': 10, 'zor': 40}, 'reduced_counts': {'nif': 1, 'zor': 4}}}","{'nif': 0.2, 'zor': 0.8}","{'nif': 0.1480471980316895, 'zor': 0.8519528019683106}","{'tv': 0.05195280196831052, 'mae_binary': 0.05195280196831051, 'rmse_binary': 0.05195280196831051, 'brier_regret': 0.00539818726471698, 'kl': 0.009821726899899352}",zor,zor,True,112.02851170673966,median,median,1,"{'std_nif': 0.0, 'std_zor': 0.0}",,{},"{'repeat_aggregation': 'median', 'n_repeats': 1}"
semif_qwen35_4b,Qwen/Qwen3.5-4B@851bf6e806efd8d0a36b00ddf55e13ccb7b8cd0a,frequency__seed_000042__repr_ratio,frequency__seed_000042,frequency,2,ratio,"(0.70,0.90]","{'parameters': {'counts': {'nif': 10, 'zor': 40}, 'reduced_counts': {'nif': 1, 'zor': 4}}}","{'nif': 0.2, 'zor': 0.8}","{'nif': 0.11920292202211755, 'zor': 0.8807970779778823}","{'tv': 0.08079707797788237, 'mae_binary': 0.08079707797788246, 'rmse_binary': 0.08079707797788246, 'brier_regret': 0.013056335619528008, 'kl': 0.026525587504784787}",zor,zor,True,102.57709072902799,median,median,1,"{'std_nif': 0.0, 'std_zor': 0.0}",,{},"{'repeat_aggregation': 'median', 'n_repeats': 1}"
semif_qwen35_4b,Qwen/Qwen3.5-4B@851bf6e806efd8d0a36b00ddf55e13ccb7b8cd0a,frequency__seed_000042__repr_scaled_counts,frequency__seed_000042,frequency,2,scaled_counts,"(0.70,0.90]","{'parameters': {'counts': {'nif': 10, 'zor': 40}, 'reduced_counts': {'nif': 1, 'zor': 4}}}","{'nif': 0.2, 'zor': 0.8}","{'nif': 0.4073334000459302, 'zor': 0.5926665999540697}","{'tv': 0.2073334000459303, 'mae_binary': 0.2073334000459302, 'rmse_binary': 0.2073334000459302, 'brier_regret': 0.08597427754921153, 'kl': 0.09772084060165229}",zor,zor,True,104.53027486801147,median,median,1,"{'std_nif': 0.0, 'std_zor': 0.0}",,{},"{'repeat_aggregation': 'median', 'n_repeats': 1}"
semif_qwen35_4b,Qwen/Qwen3.5-4B@851bf6e806efd8d0a36b00ddf55e13ccb7b8cd0a,frequency__seed_000042__repr_table,frequency__seed_000042,frequency,2,table,"(0.70,0.90]","{'parameters': {'counts': {'nif': 10, 'zor': 40}, 'reduced_counts': {'nif': 1, 'zor': 4}}}","{'nif': 0.2, 'zor': 0.8}","{'nif': 0.1645164628965632, 'zor': 0.8354835371034369}","{'tv': 0.03548353710343685, 'mae_binary': 0.035483537103436824, 'rmse_binary': 0.035483537103436824, 'brier_regret': 0.0025181628107419597, 'kl': 0.0043422118474711335}",zor,zor,True,115.51158409565687,median,median,1,"{'std_nif': 0.0, 'std_zor': 0.0}",,{},"{'repeat_aggregation': 'median', 'n_repeats': 1}"
semif_qwen35_4b,Qwen/Qwen3.5-4B@851bf6e806efd8d0a36b00ddf55e13ccb7b8cd0a,frequency__seed_000046__repr_counts,frequency__seed_000046,frequency,2,counts,"(0.55,0.70]","{'parameters': {'counts': {'nif': 7, 'zor': 13}, 'reduced_counts': {'nif': 7, 'zor': 13}}}","{'nif': 0.35, 'zor': 0.65}","{'nif': 0.32082130082460697, 'zor': 0.679178699175393}","{'tv': 0.02917869917539298, 'mae_binary': 0.029178699175393008, 'rmse_binary': 0.029178699175393008, 'brier_regret': 0.0017027929711361579, 'kl': 0.0019243670802676117}",zor,zor,True,104.14264304563403,median,median,1,"{'std_nif': 0.0, 'std_zor': 0.0}",,{},"{'repeat_aggregation': 'median', 'n_repeats': 1}"
semif_qwen35_4b,Qwen/Qwen3.5-4B@851bf6e806efd8d0a36b00ddf55e13ccb7b8cd0a,frequency__seed_000046__repr_distractor,frequency__seed_000046,frequency,2,distractor,"(0.55,0.70]","{'parameters': {'counts': {'nif': 7, 'zor': 13}, 'reduced_counts': {'nif': 7, 'zor': 13}}}","{'nif': 0.35, 'zor': 0.65}","{'nif': 0.32082130082460697, 'zor': 0.679178699175393}","{'tv': 0.02917869917539298, 'mae_binary': 0.029178699175393008, 'rmse_binary': 0.029178699175393008, 'brier_regret': 0.0017027929711361579, 'kl': 0.0019243670802676117}",zor,zor,True,116.52372730895877,median,median,1,"{'std_nif': 0.0, 'std_zor': 0.0}",,{},"{'repeat_aggregation': 'median', 'n_repeats': 1}"
semif_qwen35_4b,Qwen/Qwen3.5-4B@851bf6e806efd8d0a36b00ddf55e13ccb7b8cd0a,frequency__seed_000046__repr_prose,frequency__seed_000046,frequency,2,prose,"(0.55,0.70]","{'parameters': {'counts': {'nif': 7, 'zor': 13}, 'reduced_counts': {'nif': 7, 'zor': 13}}}","{'nif': 0.35, 'zor': 0.65}","{'nif': 0.20181322226037882, 'zor': 0.7981867777396212}","{'tv': 0.1481867777396212, 'mae_binary': 0.14818677773962116, 'rmse_binary': 0.14818677773962116, 'brier_regret': 0.04391864219370377, 'kl': 0.05921601256701545}",zor,zor,True,115.75011210516095,median,median,1,"{'std_nif': 0.0, 'std_zor': 0.0}",,{},"{'repeat_aggregation': 'median', 'n_repeats': 1}"
semif_qwen35_4b,Qwen/Qwen3.5-4B@851bf6e806efd8d0a36b00ddf55e13ccb7b8cd0a,frequency__seed_000046__repr_ratio,frequency__seed_000046,frequency,2,ratio,"(0.55,0.70]","{'parameters': {'counts': {'nif': 7, 'zor': 13}, 'reduced_counts': {'nif': 7, 'zor': 13}}}","{'nif': 0.35, 'zor': 0.65}","{'nif': 0.07585818002124356, 'zor': 0.9241418199787566}","{'tv': 0.2741418199787565, 'mae_binary': 0.2741418199787564, 'rmse_binary': 0.2741418199787564, 'brier_regret': 0.15030747492252983, 'kl': 0.306443095257917}",zor,zor,True,101.15003492683172,median,median,1,"{'std_nif': 0.0, 'std_zor': 0.0}",,{},"{'repeat_aggregation': 'median', 'n_repeats': 1}"
semif_qwen35_4b,Qwen/Qwen3.5-4B@851bf6e806efd8d0a36b00ddf55e13ccb7b8cd0a,frequency__seed_000046__repr_scaled_counts,frequency__seed_000046,frequency,2,scaled_counts,"(0.55,0.70]","{'parameters': {'counts': {'nif': 7, 'zor': 13}, 'reduced_counts': {'nif': 7, 'zor': 13}}}","{'nif': 0.35, 'zor': 0.65}","{'nif': 0.37754066879814546, 'zor': 0.6224593312018546}","{'tv': 0.027540668798145457, 'mae_binary': 0.027540668798145485, 'rmse_binary': 0.027540668798145485, 'brier_regret': 0.0015169768756982853, 'kl': 0.0016303451454741345}",zor,zor,True,105.42445117607713,median,median,1,"{'std_nif': 0.0, 'std_zor': 0.0}",,{},"{'repeat_aggregation': 'median', 'n_repeats': 1}"
semif_qwen35_4b,Qwen/Qwen3.5-4B@851bf6e806efd8d0a36b00ddf55e13ccb7b8cd0a,frequency__seed_000046__repr_table,frequency__seed_000046,frequency,2,table,"(0.55,0.70]","{'parameters': {'counts': {'nif': 7, 'zor': 13}, 'reduced_counts': {'nif': 7, 'zor': 13}}}","{'nif': 0.35, 'zor': 0.65}","{'nif': 0.18242552380635632, 'zor': 0.8175744761936437}","{'tv': 0.16757447619364363, 'mae_binary': 0.16757447619364366, 'rmse_binary': 0.16757447619364366, 'brier_regret': 0.05616241014314808, 'kl': 0.07896663894811998}",zor,zor,True,113.8694561086595,median,median,1,"{'std_nif': 0.0, 'std_zor': 0.0}",,{},"{'repeat_aggregation': 'median', 'n_repeats': 1}"
semif_qwen35_4b,Qwen/Qwen3.5-4B@851bf6e806efd8d0a36b00ddf55e13ccb7b8cd0a,frequency__seed_000050__repr_counts,frequency__seed_000050,frequency,2,counts,"(0.10,0.30]","{'parameters': {'counts': {'nif': 71, 'zor': 29}, 'reduced_counts': {'nif': 71, 'zor': 29}}}","{'nif': 0.71, 'zor': 0.29}","{'nif': 0.4073334000459302, 'zor': 0.5926665999540697}","{'tv': 0.30266659995406975, 'mae_binary': 0.30266659995406975, 'rmse_binary': 0.30266659995406975, 'brier_regret': 0.18321414145551373, 'kl': 0.1872215815471601}",zor,nif,False,105.65118724480271,median,median,1,"{'std_nif': 0.0, 'std_zor': 0.0}",,{},"{'repeat_aggregation': 'median', 'n_repeats': 1}"
semif_qwen35_4b,Qwen/Qwen3.5-4B@851bf6e806efd8d0a36b00ddf55e13ccb7b8cd0a,frequency__seed_000050__repr_distractor,frequency__seed_000050,frequency,2,distractor,"(0.10,0.30]","{'parameters': {'counts': {'nif': 71, 'zor': 29}, 'reduced_counts': {'nif': 71, 'zor': 29}}}","{'nif': 0.71, 'zor': 0.29}","{'nif': 0.29421497216298875, 'zor': 0.7057850278370112}","{'tv': 0.4157850278370112, 'mae_binary': 0.4157850278370112, 'rmse_binary': 0.4157850278370112, 'brier_regret': 0.34575437874684845, 'kl': 0.3675428984123758}",zor,nif,False,118.01611119881272,median,median,1,"{'std_nif': 0.0, 'std_zor': 0.0}",,{},"{'repeat_aggregation': 'median', 'n_repeats': 1}"
semif_qwen35_4b,Qwen/Qwen3.5-4B@851bf6e806efd8d0a36b00ddf55e13ccb7b8cd0a,frequency__seed_000050__repr_prose,frequency__seed_000050,frequency,2,prose,"(0.10,0.30]","{'parameters': {'counts': {'nif': 71, 'zor': 29}, 'reduced_counts': {'nif': 71, 'zor': 29}}}","{'nif': 0.71, 'zor': 0.29}","{'nif': 0.20181322226037882, 'zor': 0.7981867777396212}","{'tv': 0.5081867777396212, 'mae_binary': 0.5081867777396212, 'rmse_binary': 0.5081867777396212, 'brier_regret': 0.5165076021387582, 'kl': 0.5995109690089679}",zor,nif,False,113.90833603218198,median,median,1,"{'std_nif': 0.0, 'std_zor': 0.0}",,{},"{'repeat_aggregation': 'median', 'n_repeats': 1}"
semif_qwen35_4b,Qwen/Qwen3.5-4B@851bf6e806efd8d0a36b00ddf55e13ccb7b8cd0a,frequency__seed_000050__repr_ratio,frequency__seed_000050,frequency,2,ratio,"(0.10,0.30]","{'parameters': {'counts': {'nif': 71, 'zor': 29}, 'reduced_counts': {'nif': 71, 'zor': 29}}}","{'nif': 0.71, 'zor': 0.29}","{'nif': 0.20181322226037882, 'zor': 0.7981867777396212}","{'tv': 0.5081867777396212, 'mae_binary': 0.5081867777396212, 'rmse_binary': 0.5081867777396212, 'brier_regret': 0.5165076021387582, 'kl': 0.5995109690089679}",zor,nif,False,102.00680419802666,median,median,1,"{'std_nif': 0.0, 'std_zor': 0.0}",,{},"{'repeat_aggregation': 'median', 'n_repeats': 1}"
semif_qwen35_4b,Qwen/Qwen3.5-4B@851bf6e806efd8d0a36b00ddf55e13ccb7b8cd0a,frequency__seed_000050__repr_scaled_counts,frequency__seed_000050,frequency,2,scaled_counts,"(0.10,0.30]","{'parameters': {'counts': {'nif': 71, 'zor': 29}, 'reduced_counts': {'nif': 71, 'zor': 29}}}","{'nif': 0.71, 'zor': 0.29}","{'nif': 0.4073334000459302, 'zor': 0.5926665999540697}","{'tv': 0.30266659995406975, 'mae_binary': 0.30266659995406975, 'rmse_binary': 0.30266659995406975, 'brier_regret': 0.18321414145551373, 'kl': 0.1872215815471601}",zor,nif,False,105.5903541855514,median,median,1,"{'std_nif': 0.0, 'std_zor': 0.0}",,{},"{'repeat_aggregation': 'median', 'n_repeats': 1}"
semif_qwen35_4b,Qwen/Qwen3.5-4B@851bf6e806efd8d0a36b00ddf55e13ccb7b8cd0a,frequency__seed_000050__repr_table,frequency__seed_000050,frequency,2,table,"(0.10,0.30]","{'parameters': {'counts': {'nif': 71, 'zor': 29}, 'reduced_counts': {'nif': 71, 'zor': 29}}}","{'nif': 0.71, 'zor': 0.29}","{'nif': 0.37754066879814546, 'zor': 0.6224593312018546}","{'tv': 0.33245933120185456, 'mae_binary': 0.3324593312018545, 'rmse_binary': 0.3324593312018545, 'brier_regret': 0.22105841380636887, 'kl': 0.22692530158742663}",zor,nif,False,115.28734397143126,median,median,1,"{'std_nif': 0.0, 'std_zor': 0.0}",,{},"{'repeat_aggregation': 'median', 'n_repeats': 1}"
semif_qwen35_4b,Qwen/Qwen3.5-4B@851bf6e806efd8d0a36b00ddf55e13ccb7b8cd0a,frequency__seed_000054__repr_counts,frequency__seed_000054,frequency,2,counts,"(0.10,0.30]","{'parameters': {'counts': {'nif': 16, 'zor': 4}, 'reduced_counts': {'nif': 4, 'zor': 1}}}","{'nif': 0.8, 'zor': 0.2}","{'nif': 0.37754066879814546, 'zor': 0.6224593312018546}","{'tv': 0.4224593312018546, 'mae_binary': 0.4224593312018546, 'rmse_binary': 0.4224593312018546, 'brier_regret': 0.3569437730390365, 'kl': 0.37367456064191873}",zor,nif,False,105.9990581125021,median,median,1,"{'std_nif': 0.0, 'std_zor': 0.0}",,{},"{'repeat_aggregation': 'median', 'n_repeats': 1}"
semif_qwen35_4b,Qwen/Qwen3.5-4B@851bf6e806efd8d0a36b00ddf55e13ccb7b8cd0a,frequency__seed_000054__repr_distractor,frequency__seed_000054,frequency,2,distractor,"(0.10,0.30]","{'parameters': {'counts': {'nif': 16, 'zor': 4}, 'reduced_counts': {'nif': 4, 'zor': 1}}}","{'nif': 0.8, 'zor': 0.2}","{'nif': 0.29421497216298875, 'zor': 0.7057850278370112}","{'tv': 0.5057850278370113, 'mae_binary': 0.5057850278370113, 'rmse_binary': 0.5057850278370113, 'brier_regret': 0.5116369887681725, 'kl': 0.5480421574668679}",zor,nif,False,120.48087920993567,median,median,1,"{'std_nif': 0.0, 'std_zor': 0.0}",,{},"{'repeat_aggregation': 'median', 'n_repeats': 1}"
semif_qwen35_4b,Qwen/Qwen3.5-4B@851bf6e806efd8d0a36b00ddf55e13ccb7b8cd0a,frequency__seed_000054__repr_prose,frequency__seed_000054,frequency,2,prose,"(0.10,0.30]","{'parameters': {'counts': {'nif': 16, 'zor': 4}, 'reduced_counts': {'nif': 4, 'zor': 1}}}","{'nif': 0.8, 'zor': 0.2}","{'nif': 0.34864513533394575, 'zor': 0.6513548646660542}","{'tv': 0.45135486466605423, 'mae_binary': 0.4513548646660543, 'rmse_binary': 0.4513548646660543, 'brier_regret': 0.40744242771542427, 'kl': 0.42829825473833094}",zor,nif,False,112.59723175317049,median,median,1,"{'std_nif': 0.0, 'std_zor': 0.0}",,{},"{'repeat_aggregation': 'median', 'n_repeats': 1}"
semif_qwen35_4b,Qwen/Qwen3.5-4B@851bf6e806efd8d0a36b00ddf55e13ccb7b8cd0a,frequency__seed_000054__repr_ratio,frequency__seed_000054,frequency,2,ratio,"(0.10,0.30]","{'parameters': {'counts': {'nif': 16, 'zor': 4}, 'reduced_counts': {'nif': 4, 'zor': 1}}}","{'nif': 0.8, 'zor': 0.2}","{'nif': 0.24508501313237172, 'zor': 0.7549149868676283}","{'tv': 0.5549149868676282, 'mae_binary': 0.5549149868676283, 'rmse_binary': 0.5549149868676283, 'brier_regret': 0.6158612853006, 'kl': 0.6807477127101269}",zor,nif,False,102.48112259432673,median,median,1,"{'std_nif': 0.0, 'std_zor': 0.0}",,{},"{'repeat_aggregation': 'median', 'n_repeats': 1}"
semif_qwen35_4b,Qwen/Qwen3.5-4B@851bf6e806efd8d0a36b00ddf55e13ccb7b8cd0a,frequency__seed_000054__repr_scaled_counts,frequency__seed_000054,frequency,2,scaled_counts,"(0.10,0.30]","{'parameters': {'counts': {'nif': 16, 'zor': 4}, 'reduced_counts': {'nif': 4, 'zor': 1}}}","{'nif': 0.8, 'zor': 0.2}","{'nif': 0.4073334000459302, 'zor': 0.5926665999540697}","{'tv': 0.3926665999540697, 'mae_binary': 0.39266659995406983, 'rmse_binary': 0.39266659995406983, 'brier_regret': 0.3083741174389789, 'kl': 0.3227208406016523}",zor,nif,False,104.58600288257003,median,median,1,"{'std_nif': 0.0, 'std_zor': 0.0}",,{},"{'repeat_aggregation': 'median', 'n_repeats': 1}"
semif_qwen35_4b,Qwen/Qwen3.5-4B@851bf6e806efd8d0a36b00ddf55e13ccb7b8cd0a,frequency__seed_000054__repr_table,frequency__seed_000054,frequency,2,table,"(0.10,0.30]","{'parameters': {'counts': {'nif': 16, 'zor': 4}, 'reduced_counts': {'nif': 4, 'zor': 1}}}","{'nif': 0.8, 'zor': 0.2}","{'nif': 0.46879062662624377, 'zor': 0.5312093733737563}","{'tv': 0.3312093733737563, 'mae_binary': 0.3312093733737563, 'rmse_binary': 0.3312093733737563, 'brier_regret': 0.2193992980212726, 'kl': 0.23219661177898115}",zor,nif,False,114.58024010062218,median,median,1,"{'std_nif': 0.0, 'std_zor': 0.0}",,{},"{'repeat_aggregation': 'median', 'n_repeats': 1}"
semif_qwen35_4b,Qwen/Qwen3.5-4B@851bf6e806efd8d0a36b00ddf55e13ccb7b8cd0a,frequency__seed_000058__repr_counts,frequency__seed_000058,frequency,2,counts,"(0.10,0.30]","{'parameters': {'counts': {'nif': 44, 'zor': 6}, 'reduced_counts': {'nif': 22, 'zor': 3}}}","{'nif': 0.88, 'zor': 0.12}","{'nif': 0.4378234991142019, 'zor': 0.5621765008857981}","{'tv': 0.4421765008857981, 'mae_binary': 0.44217650088579813, 'rmse_binary': 0.44217650088579813, 'brier_regret': 0.3910401158712164, 'kl': 0.429014428606134}",zor,nif,False,103.50336320698261,median,median,1,"{'std_nif': 0.0, 'std_zor': 0.0}",,{},"{'repeat_aggregation': 'median', 'n_repeats': 1}"
semif_qwen35_4b,Qwen/Qwen3.5-4B@851bf6e806efd8d0a36b00ddf55e13ccb7b8cd0a,frequency__seed_000058__repr_distractor,frequency__seed_000058,frequency,2,distractor,"(0.10,0.30]","{'parameters': {'counts': {'nif': 44, 'zor': 6}, 'reduced_counts': {'nif': 22, 'zor': 3}}}","{'nif': 0.88, 'zor': 0.12}","{'nif': 0.2689414213699951, 'zor': 0.7310585786300049}","{'tv': 0.6110585786300049, 'mae_binary': 0.6110585786300049, 'rmse_binary': 0.6110585786300049, 'brier_regret': 0.7467851730346438, 'kl': 0.8263366962455132}",zor,nif,False,117.86817479878664,median,median,1,"{'std_nif': 0.0, 'std_zor': 0.0}",,{},"{'repeat_aggregation': 'median', 'n_repeats': 1}"
semif_qwen35_4b,Qwen/Qwen3.5-4B@851bf6e806efd8d0a36b00ddf55e13ccb7b8cd0a,frequency__seed_000058__repr_prose,frequency__seed_000058,frequency,2,prose,"(0.10,0.30]","{'parameters': {'counts': {'nif': 44, 'zor': 6}, 'reduced_counts': {'nif': 22, 'zor': 3}}}","{'nif': 0.88, 'zor': 0.12}","{'nif': 0.32082130082460697, 'zor': 0.679178699175393}","{'tv': 0.5591786991753931, 'mae_binary': 0.5591786991753931, 'rmse_binary': 0.5591786991753931, 'brier_regret': 0.6253616352229694, 'kl': 0.6799460148421906}",zor,nif,False,115.12659210711718,median,median,1,"{'std_nif': 0.0, 'std_zor': 0.0}",,{},"{'repeat_aggregation': 'median', 'n_repeats': 1}"
semif_qwen35_4b,Qwen/Qwen3.5-4B@851bf6e806efd8d0a36b00ddf55e13ccb7b8cd0a,frequency__seed_000058__repr_ratio,frequency__seed_000058,frequency,2,ratio,"(0.10,0.30]","{'parameters': {'counts': {'nif': 44, 'zor': 6}, 'reduced_counts': {'nif': 22, 'zor': 3}}}","{'nif': 0.88, 'zor': 0.12}","{'nif': 0.22270013882530884, 'zor': 0.7772998611746911}","{'tv': 0.6572998611746912, 'mae_binary': 0.6572998611746912, 'rmse_binary': 0.6572998611746912, 'brier_regret': 0.8640862150005364, 'kl': 0.9850040900726633}",zor,nif,False,104.01029139757156,median,median,1,"{'std_nif': 0.0, 'std_zor': 0.0}",,{},"{'repeat_aggregation': 'median', 'n_repeats': 1}"
semif_qwen35_4b,Qwen/Qwen3.5-4B@851bf6e806efd8d0a36b00ddf55e13ccb7b8cd0a,frequency__seed_000058__repr_scaled_counts,frequency__seed_000058,frequency,2,scaled_counts,"(0.10,0.30]","{'parameters': {'counts': {'nif': 44, 'zor': 6}, 'reduced_counts': {'nif': 22, 'zor': 3}}}","{'nif': 0.88, 'zor': 0.12}","{'nif': 0.4378234991142019, 'zor': 0.5621765008857981}","{'tv': 0.4421765008857981, 'mae_binary': 0.44217650088579813, 'rmse_binary': 0.44217650088579813, 'brier_regret': 0.3910401158712164, 'kl': 0.429014428606134}",zor,nif,False,102.930115070194,median,median,1,"{'std_nif': 0.0, 'std_zor': 0.0}",,{},"{'repeat_aggregation': 'median', 'n_repeats': 1}"
semif_qwen35_4b,Qwen/Qwen3.5-4B@851bf6e806efd8d0a36b00ddf55e13ccb7b8cd0a,frequency__seed_000058__repr_table,frequency__seed_000058,frequency,2,table,"(0.10,0.30]","{'parameters': {'counts': {'nif': 44, 'zor': 6}, 'reduced_counts': {'nif': 22, 'zor': 3}}}","{'nif': 0.88, 'zor': 0.12}","{'nif': 0.5, 'zor': 0.5}","{'tv': 0.38, 'mae_binary': 0.38, 'rmse_binary': 0.38, 'brier_regret': 0.2888, 'kl': 0.3262221892872357}",zor,nif,False,113.50056016817689,median,median,1,"{'std_nif': 0.0, 'std_zor': 0.0}",,{},"{'repeat_aggregation': 'median', 'n_repeats': 1}"
semif_qwen35_4b,Qwen/Qwen3.5-4B@851bf6e806efd8d0a36b00ddf55e13ccb7b8cd0a,sequential_bayes__seed_000042__repr_direct,sequential_bayes__seed_000042,sequential_bayes,6,direct,"(0.70,0.90]","{'parameters': {'conditional_independence': 'Evidence items are conditionally independent given H or not_H.', 'evidence_sequence': [{'E_given_H': 0.445825, 'E_given_not_H': 0.083719}, {'E_given_H': 0.524281, 'E_given_not_H': 0.252322}, {'E_given_H': 0.578817, 'E_given_not_H': 0.410508}, {'E_given_H': 0.730384, 'E_given_not_H': 0.499973}, {'E_given_H': 0.989777, 'E_given_not_H': 0.565735}], 'observed_prefix_length': 5, 'posterior_trajectory': [0.07458, 0.3002905296462592, 0.4713830541128846, 0.5570006071483515, 0.6474876942325162, 0.7626689672812239], 'prior_H': 0.07458}, 'posterior_trajectory': [0.07458, 0.3002905296462592, 0.4713830541128846, 0.5570006071483515, 0.6474876942325162, 0.7626689672812239]}","{'H': 0.7626689672812239, 'not_H': 0.2373310327187761}","{'H': 0.9324533088603709, 'not_H': 0.0675466911396291}","{'tv': 0.169784341579147, 'mae_binary': 0.169784341579147, 'rmse_binary': 0.169784341579147, 'brier_regret': 0.05765344529092893, 'kl': 0.1449462730125937}",H,H,True,194.19823307543993,median,median,1,"{'std_H': 0.0, 'std_not_H': 0.0}",,{},"{'repeat_aggregation': 'median', 'n_repeats': 1}"
semif_qwen35_4b,Qwen/Qwen3.5-4B@851bf6e806efd8d0a36b00ddf55e13ccb7b8cd0a,sequential_bayes__seed_000042__repr_prose,sequential_bayes__seed_000042,sequential_bayes,6,prose,"(0.70,0.90]","{'parameters': {'conditional_independence': 'Evidence items are conditionally independent given H or not_H.', 'evidence_sequence': [{'E_given_H': 0.445825, 'E_given_not_H': 0.083719}, {'E_given_H': 0.524281, 'E_given_not_H': 0.252322}, {'E_given_H': 0.578817, 'E_given_not_H': 0.410508}, {'E_given_H': 0.730384, 'E_given_not_H': 0.499973}, {'E_given_H': 0.989777, 'E_given_not_H': 0.565735}], 'observed_prefix_length': 5, 'posterior_trajectory': [0.07458, 0.3002905296462592, 0.4713830541128846, 0.5570006071483515, 0.6474876942325162, 0.7626689672812239], 'prior_H': 0.07458}, 'posterior_trajectory': [0.07458, 0.3002905296462592, 0.4713830541128846, 0.5570006071483515, 0.6474876942325162, 0.7626689672812239]}","{'H': 0.7626689672812239, 'not_H': 0.2373310327187761}","{'H': 0.9796676466573412, 'not_H': 0.020332353342658753}","{'tv': 0.2169986793761173, 'mae_binary': 0.21699867937611728, 'rmse_binary': 0.21699867937611728, 'brier_regret': 0.09417685370195791, 'kl': 0.39221576516718737}",H,H,True,210.16984479501843,median,median,1,"{'std_H': 0.0, 'std_not_H': 0.0}",,{},"{'repeat_aggregation': 'median', 'n_repeats': 1}"
semif_qwen35_4b,Qwen/Qwen3.5-4B@851bf6e806efd8d0a36b00ddf55e13ccb7b8cd0a,sequential_bayes__seed_000042__repr_table,sequential_bayes__seed_000042,sequential_bayes,6,table,"(0.70,0.90]","{'parameters': {'conditional_independence': 'Evidence items are conditionally independent given H or not_H.', 'evidence_sequence': [{'E_given_H': 0.445825, 'E_given_not_H': 0.083719}, {'E_given_H': 0.524281, 'E_given_not_H': 0.252322}, {'E_given_H': 0.578817, 'E_given_not_H': 0.410508}, {'E_given_H': 0.730384, 'E_given_not_H': 0.499973}, {'E_given_H': 0.989777, 'E_given_not_H': 0.565735}], 'observed_prefix_length': 5, 'posterior_trajectory': [0.07458, 0.3002905296462592, 0.4713830541128846, 0.5570006071483515, 0.6474876942325162, 0.7626689672812239], 'prior_H': 0.07458}, 'posterior_trajectory': [0.07458, 0.3002905296462592, 0.4713830541128846, 0.5570006071483515, 0.6474876942325162, 0.7626689672812239]}","{'H': 0.7626689672812239, 'not_H': 0.2373310327187761}","{'H': 0.8807970779778823, 'not_H': 0.11920292202211755}","{'tv': 0.11812811069665848, 'mae_binary': 0.1181281106966584, 'rmse_binary': 0.1181281106966584, 'brier_regret': 0.027908501073523995, 'kl': 0.053606188961357965}",H,H,True,259.1666951775551,median,median,1,"{'std_H': 0.0, 'std_not_H': 0.0}",,{},"{'repeat_aggregation': 'median', 'n_repeats': 1}"
semif_qwen35_4b,Qwen/Qwen3.5-4B@851bf6e806efd8d0a36b00ddf55e13ccb7b8cd0a,sequential_bayes__seed_000043__repr_direct,sequential_bayes__seed_000043,sequential_bayes,6,direct,"[0.01,0.10]","{'parameters': {'conditional_independence': 'Evidence items are conditionally independent given H or not_H.', 'evidence_sequence': [{'E_given_H': 0.476461, 'E_given_not_H': 0.180556}, {'E_given_H': 0.672021, 'E_given_not_H': 0.311353}, {'E_given_H': 0.713418, 'E_given_not_H': 0.48903}, {'E_given_H': 0.936492, 'E_given_not_H': 0.572474}, {'E_given_H': 0.01825, 'E_given_not_H': 0.740022}], 'observed_prefix_length': 5, 'posterior_trajectory': [0.200973, 0.3989410696285355, 0.5889152773068229, 0.6763672181802326, 0.7736960916675097, 0.077757405790055], 'prior_H': 0.200973}, 'posterior_trajectory': [0.200973, 0.3989410696285355, 0.5889152773068229, 0.6763672181802326, 0.7736960916675097, 0.077757405790055]}","{'H': 0.077757405790055, 'not_H': 0.922242594209945}","{'H': 0.7057850278370112, 'not_H': 0.29421497216298875}","{'tv': 0.6280276220469563, 'mae_binary': 0.6280276220469563, 'rmse_binary': 0.6280276220469563, 'brier_regret': 0.7888373881079092, 'kl': 0.8821491341273706}",H,not_H,False,188.5423776693642,median,median,1,"{'std_H': 0.0, 'std_not_H': 0.0}",,{},"{'repeat_aggregation': 'median', 'n_repeats': 1}"
semif_qwen35_4b,Qwen/Qwen3.5-4B@851bf6e806efd8d0a36b00ddf55e13ccb7b8cd0a,sequential_bayes__seed_000043__repr_prose,sequential_bayes__seed_000043,sequential_bayes,6,prose,"[0.01,0.10]","{'parameters': {'conditional_independence': 'Evidence items are conditionally independent given H or not_H.', 'evidence_sequence': [{'E_given_H': 0.476461, 'E_given_not_H': 0.180556}, {'E_given_H': 0.672021, 'E_given_not_H': 0.311353}, {'E_given_H': 0.713418, 'E_given_not_H': 0.48903}, {'E_given_H': 0.936492, 'E_given_not_H': 0.572474}, {'E_given_H': 0.01825, 'E_given_not_H': 0.740022}], 'observed_prefix_length': 5, 'posterior_trajectory': [0.200973, 0.3989410696285355, 0.5889152773068229, 0.6763672181802326, 0.7736960916675097, 0.077757405790055], 'prior_H': 0.200973}, 'posterior_trajectory': [0.200973, 0.3989410696285355, 0.5889152773068229, 0.6763672181802326, 0.7736960916675097, 0.077757405790055]}","{'H': 0.077757405790055, 'not_H': 0.922242594209945}","{'H': 0.9046505351008906, 'not_H': 0.0953494648991095}","{'tv': 0.8268931293108355, 'mae_binary': 0.8268931293108356, 'rmse_binary': 0.8268931293108356, 'brier_regret': 1.3675044946029322, 'kl': 1.9019946790777364}",H,not_H,False,211.16802003234625,median,median,1,"{'std_H': 0.0, 'std_not_H': 0.0}",,{},"{'repeat_aggregation': 'median', 'n_repeats': 1}"
semif_qwen35_4b,Qwen/Qwen3.5-4B@851bf6e806efd8d0a36b00ddf55e13ccb7b8cd0a,sequential_bayes__seed_000043__repr_table,sequential_bayes__seed_000043,sequential_bayes,6,table,"[0.01,0.10]","{'parameters': {'conditional_independence': 'Evidence items are conditionally independent given H or not_H.', 'evidence_sequence': [{'E_given_H': 0.476461, 'E_given_not_H': 0.180556}, {'E_given_H': 0.672021, 'E_given_not_H': 0.311353}, {'E_given_H': 0.713418, 'E_given_not_H': 0.48903}, {'E_given_H': 0.936492, 'E_given_not_H': 0.572474}, {'E_given_H': 0.01825, 'E_given_not_H': 0.740022}], 'observed_prefix_length': 5, 'posterior_trajectory': [0.200973, 0.3989410696285355, 0.5889152773068229, 0.6763672181802326, 0.7736960916675097, 0.077757405790055], 'prior_H': 0.200973}, 'posterior_trajectory': [0.200973, 0.3989410696285355, 0.5889152773068229, 0.6763672181802326, 0.7736960916675097, 0.077757405790055]}","{'H': 0.077757405790055, 'not_H': 0.922242594209945}","{'H': 0.5926665999540697, 'not_H': 0.4073334000459302}","{'tv': 0.5149091941640147, 'mae_binary': 0.5149091941640147, 'rmse_binary': 0.5149091941640147, 'brier_regret': 0.5302629564692701, 'kl': 0.5957065201571826}",H,not_H,False,260.5265029706061,median,median,1,"{'std_H': 0.0, 'std_not_H': 0.0}",,{},"{'repeat_aggregation': 'median', 'n_repeats': 1}"
semif_qwen35_4b,Qwen/Qwen3.5-4B@851bf6e806efd8d0a36b00ddf55e13ccb7b8cd0a,sequential_bayes__seed_000044__repr_direct,sequential_bayes__seed_000044,sequential_bayes,6,direct,"(0.10,0.30]","{'parameters': {'conditional_independence': 'Evidence items are conditionally independent given H or not_H.', 'evidence_sequence': [{'E_given_H': 0.590045, 'E_given_not_H': 0.386229}, {'E_given_H': 0.856858, 'E_given_not_H': 0.497218}, {'E_given_H': 0.961472, 'E_given_not_H': 0.652775}, {'E_given_H': 0.038642, 'E_given_not_H': 0.745681}], 'observed_prefix_length': 4, 'posterior_trajectory': [0.387226, 0.4911960750040619, 0.6245777218432159, 0.7101797586719204, 0.11267528685894272], 'prior_H': 0.387226}, 'posterior_trajectory': [0.387226, 0.4911960750040619, 0.6245777218432159, 0.7101797586719204, 0.11267528685894272]}","{'H': 0.11267528685894272, 'not_H': 0.8873247131410573}","{'H': 0.7549149868676283, 'not_H': 0.24508501313237172}","{'tv': 0.6422397000086856, 'mae_binary': 0.6422397000086856, 'rmse_binary': 0.6422397000086856, 'brier_regret': 0.8249436645344929, 'kl': 0.9273180663089472}",H,not_H,False,174.54350274056196,median,median,1,"{'std_H': 0.0, 'std_not_H': 0.0}",,{},"{'repeat_aggregation': 'median', 'n_repeats': 1}"
semif_qwen35_4b,Qwen/Qwen3.5-4B@851bf6e806efd8d0a36b00ddf55e13ccb7b8cd0a,sequential_bayes__seed_000044__repr_prose,sequential_bayes__seed_000044,sequential_bayes,6,prose,"(0.10,0.30]","{'parameters': {'conditional_independence': 'Evidence items are conditionally independent given H or not_H.', 'evidence_sequence': [{'E_given_H': 0.590045, 'E_given_not_H': 0.386229}, {'E_given_H': 0.856858, 'E_given_not_H': 0.497218}, {'E_given_H': 0.961472, 'E_given_not_H': 0.652775}, {'E_given_H': 0.038642, 'E_given_not_H': 0.745681}], 'observed_prefix_length': 4, 'posterior_trajectory': [0.387226, 0.4911960750040619, 0.6245777218432159, 0.7101797586719204, 0.11267528685894272], 'prior_H': 0.387226}, 'posterior_trajectory': [0.387226, 0.4911960750040619, 0.6245777218432159, 0.7101797586719204, 0.11267528685894272]}","{'H': 0.11267528685894272, 'not_H': 0.8873247131410573}","{'H': 0.9626731126558706, 'not_H': 0.037326887344129464}","{'tv': 0.8499978257969278, 'mae_binary': 0.849997825796928, 'rmse_binary': 0.849997825796928, 'brier_regret': 1.4449926077190092, 'kl': 2.569774317173162}",H,not_H,False,189.9755303747952,median,median,1,"{'std_H': 0.0, 'std_not_H': 0.0}",,{},"{'repeat_aggregation': 'median', 'n_repeats': 1}"
semif_qwen35_4b,Qwen/Qwen3.5-4B@851bf6e806efd8d0a36b00ddf55e13ccb7b8cd0a,sequential_bayes__seed_000044__repr_table,sequential_bayes__seed_000044,sequential_bayes,6,table,"(0.10,0.30]","{'parameters': {'conditional_independence': 'Evidence items are conditionally independent given H or not_H.', 'evidence_sequence': [{'E_given_H': 0.590045, 'E_given_not_H': 0.386229}, {'E_given_H': 0.856858, 'E_given_not_H': 0.497218}, {'E_given_H': 0.961472, 'E_given_not_H': 0.652775}, {'E_given_H': 0.038642, 'E_given_not_H': 0.745681}], 'observed_prefix_length': 4, 'posterior_trajectory': [0.387226, 0.4911960750040619, 0.6245777218432159, 0.7101797586719204, 0.11267528685894272], 'prior_H': 0.387226}, 'posterior_trajectory': [0.387226, 0.4911960750040619, 0.6245777218432159, 0.7101797586719204, 0.11267528685894272]}","{'H': 0.11267528685894272, 'not_H': 0.8873247131410573}","{'H': 0.6224593312018546, 'not_H': 0.37754066879814546}","{'tv': 0.5097840443429118, 'mae_binary': 0.5097840443429119, 'rmse_binary': 0.5097840443429119, 'brier_regret': 0.5197595437332319, 'kl': 0.5656669685275781}",H,not_H,False,233.54187002405524,median,median,1,"{'std_H': 0.0, 'std_not_H': 0.0}",,{},"{'repeat_aggregation': 'median', 'n_repeats': 1}"
semif_qwen35_4b,Qwen/Qwen3.5-4B@851bf6e806efd8d0a36b00ddf55e13ccb7b8cd0a,sequential_bayes__seed_000045__repr_direct,sequential_bayes__seed_000045,sequential_bayes,6,direct,"(0.30,0.45]","{'parameters': {'conditional_independence': 'Evidence items are conditionally independent given H or not_H.', 'evidence_sequence': [{'E_given_H': 0.822143, 'E_given_not_H': 0.542897}, {'E_given_H': 0.936169, 'E_given_not_H': 0.667027}, {'E_given_H': 0.053243, 'E_given_not_H': 0.834742}, {'E_given_H': 0.152645, 'E_given_not_H': 0.939538}, {'E_given_H': 0.44549, 'E_given_not_H': 0.030503}, {'E_given_H': 0.533199, 'E_given_not_H': 0.293377}], 'observed_prefix_length': 6, 'posterior_trajectory': [0.480479, 0.5834302567775527, 0.6628088173304468, 0.11140990136733081, 0.01996332519820646, 0.22928667888620186, 0.3509406267523842], 'prior_H': 0.480479}, 'posterior_trajectory': [0.480479, 0.5834302567775527, 0.6628088173304468, 0.11140990136733081, 0.01996332519820646, 0.22928667888620186, 0.3509406267523842]}","{'H': 0.3509406267523842, 'not_H': 0.6490593732476158}","{'H': 0.7549149868676283, 'not_H': 0.24508501313237172}","{'tv': 0.403974360115244, 'mae_binary': 0.40397436011524407, 'rmse_binary': 0.40397436011524407, 'brier_regret': 0.32639056726104176, 'kl': 0.3633149510433429}",H,not_H,False,211.97181195020676,median,median,1,"{'std_H': 0.0, 'std_not_H': 0.0}",,{},"{'repeat_aggregation': 'median', 'n_repeats': 1}"
semif_qwen35_4b,Qwen/Qwen3.5-4B@851bf6e806efd8d0a36b00ddf55e13ccb7b8cd0a,sequential_bayes__seed_000045__repr_prose,sequential_bayes__seed_000045,sequential_bayes,6,prose,"(0.30,0.45]","{'parameters': {'conditional_independence': 'Evidence items are conditionally independent given H or not_H.', 'evidence_sequence': [{'E_given_H': 0.822143, 'E_given_not_H': 0.542897}, {'E_given_H': 0.936169, 'E_given_not_H': 0.667027}, {'E_given_H': 0.053243, 'E_given_not_H': 0.834742}, {'E_given_H': 0.152645, 'E_given_not_H': 0.939538}, {'E_given_H': 0.44549, 'E_given_not_H': 0.030503}, {'E_given_H': 0.533199, 'E_given_not_H': 0.293377}], 'observed_prefix_length': 6, 'posterior_trajectory': [0.480479, 0.5834302567775527, 0.6628088173304468, 0.11140990136733081, 0.01996332519820646, 0.22928667888620186, 0.3509406267523842], 'prior_H': 0.480479}, 'posterior_trajectory': [0.480479, 0.5834302567775527, 0.6628088173304468, 0.11140990136733081, 0.01996332519820646, 0.22928667888620186, 0.3509406267523842]}","{'H': 0.3509406267523842, 'not_H': 0.6490593732476158}","{'H': 0.9796676466573412, 'not_H': 0.020332353342658753}","{'tv': 0.628727019904957, 'mae_binary': 0.628727019904957, 'rmse_binary': 0.628727019904957, 'brier_regret': 0.7905953311171365, 'kl': 1.8876199921270684}",H,not_H,False,219.43953819572926,median,median,1,"{'std_H': 0.0, 'std_not_H': 0.0}",,{},"{'repeat_aggregation': 'median', 'n_repeats': 1}"
semif_qwen35_4b,Qwen/Qwen3.5-4B@851bf6e806efd8d0a36b00ddf55e13ccb7b8cd0a,sequential_bayes__seed_000045__repr_table,sequential_bayes__seed_000045,sequential_bayes,6,table,"(0.30,0.45]","{'parameters': {'conditional_independence': 'Evidence items are conditionally independent given H or not_H.', 'evidence_sequence': [{'E_given_H': 0.822143, 'E_given_not_H': 0.542897}, {'E_given_H': 0.936169, 'E_given_not_H': 0.667027}, {'E_given_H': 0.053243, 'E_given_not_H': 0.834742}, {'E_given_H': 0.152645, 'E_given_not_H': 0.939538}, {'E_given_H': 0.44549, 'E_given_not_H': 0.030503}, {'E_given_H': 0.533199, 'E_given_not_H': 0.293377}], 'observed_prefix_length': 6, 'posterior_trajectory': [0.480479, 0.5834302567775527, 0.6628088173304468, 0.11140990136733081, 0.01996332519820646, 0.22928667888620186, 0.3509406267523842], 'prior_H': 0.480479}, 'posterior_trajectory': [0.480479, 0.5834302567775527, 0.6628088173304468, 0.11140990136733081, 0.01996332519820646, 0.22928667888620186, 0.3509406267523842]}","{'H': 0.3509406267523842, 'not_H': 0.6490593732476158}","{'H': 0.6513548646660542, 'not_H': 0.34864513533394575}","{'tv': 0.30041423791367, 'mae_binary': 0.30041423791367, 'rmse_binary': 0.30041423791367, 'brier_regret': 0.18049742868250224, 'kl': 0.186335806447739}",H,not_H,False,278.5858898423612,median,median,1,"{'std_H': 0.0, 'std_not_H': 0.0}",,{},"{'repeat_aggregation': 'median', 'n_repeats': 1}"
semif_qwen35_4b,Qwen/Qwen3.5-4B@851bf6e806efd8d0a36b00ddf55e13ccb7b8cd0a,sequential_bayes__seed_000046__repr_direct,sequential_bayes__seed_000046,sequential_bayes,6,direct,"(0.10,0.30]","{'parameters': {'conditional_independence': 'Evidence items are conditionally independent given H or not_H.', 'evidence_sequence': [{'E_given_H': 0.937407, 'E_given_not_H': 0.652731}, {'E_given_H': 0.011657, 'E_given_not_H': 0.818627}, {'E_given_H': 0.135231, 'E_given_not_H': 0.970667}, {'E_given_H': 0.378969, 'E_given_not_H': 0.026991}, {'E_given_H': 0.512249, 'E_given_not_H': 0.239057}, {'E_given_H': 0.612355, 'E_given_not_H': 0.332607}], 'observed_prefix_length': 6, 'posterior_trajectory': [0.64222, 0.7205044267684261, 0.035408370477487204, 0.00508807008357708, 0.0669942424371729, 0.13334561791105332, 0.2207423923319519], 'prior_H': 0.64222}, 'posterior_trajectory': [0.64222, 0.7205044267684261, 0.035408370477487204, 0.00508807008357708, 0.0669942424371729, 0.13334561791105332, 0.2207423923319519]}","{'H': 0.2207423923319519, 'not_H': 0.7792576076680481}","{'H': 0.5926665999540697, 'not_H': 0.4073334000459302}","{'tv': 0.3719242076221178, 'mae_binary': 0.37192420762211775, 'rmse_binary': 0.37192420762211775, 'brier_regret': 0.27665523243068035, 'kl': 0.28749888918349936}",H,not_H,False,209.04773334041238,median,median,1,"{'std_H': 0.0, 'std_not_H': 0.0}",,{},"{'repeat_aggregation': 'median', 'n_repeats': 1}"
semif_qwen35_4b,Qwen/Qwen3.5-4B@851bf6e806efd8d0a36b00ddf55e13ccb7b8cd0a,sequential_bayes__seed_000046__repr_prose,sequential_bayes__seed_000046,sequential_bayes,6,prose,"(0.10,0.30]","{'parameters': {'conditional_independence': 'Evidence items are conditionally independent given H or not_H.', 'evidence_sequence': [{'E_given_H': 0.937407, 'E_given_not_H': 0.652731}, {'E_given_H': 0.011657, 'E_given_not_H': 0.818627}, {'E_given_H': 0.135231, 'E_given_not_H': 0.970667}, {'E_given_H': 0.378969, 'E_given_not_H': 0.026991}, {'E_given_H': 0.512249, 'E_given_not_H': 0.239057}, {'E_given_H': 0.612355, 'E_given_not_H': 0.332607}], 'observed_prefix_length': 6, 'posterior_trajectory': [0.64222, 0.7205044267684261, 0.035408370477487204, 0.00508807008357708, 0.0669942424371729, 0.13334561791105332, 0.2207423923319519], 'prior_H': 0.64222}, 'posterior_trajectory': [0.64222, 0.7205044267684261, 0.035408370477487204, 0.00508807008357708, 0.0669942424371729, 0.13334561791105332, 0.2207423923319519]}","{'H': 0.2207423923319519, 'not_H': 0.7792576076680481}","{'H': 0.9669140216112958, 'not_H': 0.033085978388704126}","{'tv': 0.7461716292793439, 'mae_binary': 0.7461716292793439, 'rmse_binary': 0.7461716292793439, 'brier_regret': 1.1135442006827814, 'kl': 2.1357941480308424}",H,not_H,False,216.6342749260366,median,median,1,"{'std_H': 0.0, 'std_not_H': 0.0}",,{},"{'repeat_aggregation': 'median', 'n_repeats': 1}"
semif_qwen35_4b,Qwen/Qwen3.5-4B@851bf6e806efd8d0a36b00ddf55e13ccb7b8cd0a,sequential_bayes__seed_000046__repr_table,sequential_bayes__seed_000046,sequential_bayes,6,table,"(0.10,0.30]","{'parameters': {'conditional_independence': 'Evidence items are conditionally independent given H or not_H.', 'evidence_sequence': [{'E_given_H': 0.937407, 'E_given_not_H': 0.652731}, {'E_given_H': 0.011657, 'E_given_not_H': 0.818627}, {'E_given_H': 0.135231, 'E_given_not_H': 0.970667}, {'E_given_H': 0.378969, 'E_given_not_H': 0.026991}, {'E_given_H': 0.512249, 'E_given_not_H': 0.239057}, {'E_given_H': 0.612355, 'E_given_not_H': 0.332607}], 'observed_prefix_length': 6, 'posterior_trajectory': [0.64222, 0.7205044267684261, 0.035408370477487204, 0.00508807008357708, 0.0669942424371729, 0.13334561791105332, 0.2207423923319519], 'prior_H': 0.64222}, 'posterior_trajectory': [0.64222, 0.7205044267684261, 0.035408370477487204, 0.00508807008357708, 0.0669942424371729, 0.13334561791105332, 0.2207423923319519]}","{'H': 0.2207423923319519, 'not_H': 0.7792576076680481}","{'H': 0.5621765008857981, 'not_H': 0.4378234991142019}","{'tv': 0.34143410855384615, 'mae_binary': 0.34143410855384615, 'rmse_binary': 0.34143410855384615, 'brier_regret': 0.23315450096791923, 'kl': 0.24290784396399684}",H,not_H,False,278.38734490796924,median,median,1,"{'std_H': 0.0, 'std_not_H': 0.0}",,{},"{'repeat_aggregation': 'median', 'n_repeats': 1}"
semif_qwen35_4b,Qwen/Qwen3.5-4B@851bf6e806efd8d0a36b00ddf55e13ccb7b8cd0a,sequential_bayes__seed_000047__repr_direct,sequential_bayes__seed_000047,sequential_bayes,6,direct,"(0.70,0.90]","{'parameters': {'conditional_independence': 'Evidence items are conditionally independent given H or not_H.', 'evidence_sequence': [{'E_given_H': 0.052817, 'E_given_not_H': 0.710634}, {'E_given_H': 0.26792, 'E_given_not_H': 0.959866}, {'E_given_H': 0.439598, 'E_given_not_H': 0.013463}], 'observed_prefix_length': 3, 'posterior_trajectory': [0.84647, 0.29066723964730085, 0.10263801870994302, 0.7887928911656144], 'prior_H': 0.84647}, 'posterior_trajectory': [0.84647, 0.29066723964730085, 0.10263801870994302, 0.7887928911656144]}","{'H': 0.7887928911656144, 'not_H': 0.21120710883438565}","{'H': 0.7057850278370112, 'not_H': 0.29421497216298875}","{'tv': 0.0830078633286031, 'mae_binary': 0.0830078633286031, 'rmse_binary': 0.0830078633286031, 'brier_regret': 0.013780610748760105, 'kl': 0.017699186822908705}",H,H,True,154.7144358046353,median,median,1,"{'std_H': 0.0, 'std_not_H': 0.0}",,{},"{'repeat_aggregation': 'median', 'n_repeats': 1}"
semif_qwen35_4b,Qwen/Qwen3.5-4B@851bf6e806efd8d0a36b00ddf55e13ccb7b8cd0a,sequential_bayes__seed_000047__repr_prose,sequential_bayes__seed_000047,sequential_bayes,6,prose,"(0.70,0.90]","{'parameters': {'conditional_independence': 'Evidence items are conditionally independent given H or not_H.', 'evidence_sequence': [{'E_given_H': 0.052817, 'E_given_not_H': 0.710634}, {'E_given_H': 0.26792, 'E_given_not_H': 0.959866}, {'E_given_H': 0.439598, 'E_given_not_H': 0.013463}], 'observed_prefix_length': 3, 'posterior_trajectory': [0.84647, 0.29066723964730085, 0.10263801870994302, 0.7887928911656144], 'prior_H': 0.84647}, 'posterior_trajectory': [0.84647, 0.29066723964730085, 0.10263801870994302, 0.7887928911656144]}","{'H': 0.7887928911656144, 'not_H': 0.21120710883438565}","{'H': 0.9820137900379085, 'not_H': 0.017986209962091555}","{'tv': 0.1932208988722941, 'mae_binary': 0.1932208988722941, 'rmse_binary': 0.1932208988722941, 'brier_regret': 0.07466863152203461, 'kl': 0.34742674884311786}",H,H,True,171.7049591243267,median,median,1,"{'std_H': 0.0, 'std_not_H': 0.0}",,{},"{'repeat_aggregation': 'median', 'n_repeats': 1}"
semif_qwen35_4b,Qwen/Qwen3.5-4B@851bf6e806efd8d0a36b00ddf55e13ccb7b8cd0a,sequential_bayes__seed_000047__repr_table,sequential_bayes__seed_000047,sequential_bayes,6,table,"(0.70,0.90]","{'parameters': {'conditional_independence': 'Evidence items are conditionally independent given H or not_H.', 'evidence_sequence': [{'E_given_H': 0.052817, 'E_given_not_H': 0.710634}, {'E_given_H': 0.26792, 'E_given_not_H': 0.959866}, {'E_given_H': 0.439598, 'E_given_not_H': 0.013463}], 'observed_prefix_length': 3, 'posterior_trajectory': [0.84647, 0.29066723964730085, 0.10263801870994302, 0.7887928911656144], 'prior_H': 0.84647}, 'posterior_trajectory': [0.84647, 0.29066723964730085, 0.10263801870994302, 0.7887928911656144]}","{'H': 0.7887928911656144, 'not_H': 0.21120710883438565}","{'H': 0.5312093733737563, 'not_H': 0.46879062662624377}","{'tv': 0.25758351779185806, 'mae_binary': 0.25758351779185806, 'rmse_binary': 0.25758351779185806, 'brier_regret': 0.13269853727605696, 'kl': 0.14344830950923282}",H,H,True,187.88831494748592,median,median,1,"{'std_H': 0.0, 'std_not_H': 0.0}",,{},"{'repeat_aggregation': 'median', 'n_repeats': 1}"
semif_qwen35_4b,Qwen/Qwen3.5-4B@851bf6e806efd8d0a36b00ddf55e13ccb7b8cd0a,sequential_bayes__seed_000048__repr_direct,sequential_bayes__seed_000048,sequential_bayes,6,direct,"(0.90,0.99]","{'parameters': {'conditional_independence': 'Evidence items are conditionally independent given H or not_H.', 'evidence_sequence': [{'E_given_H': 0.275859, 'E_given_not_H': 0.956606}, {'E_given_H': 0.380795, 'E_given_not_H': 0.089245}, {'E_given_H': 0.504762, 'E_given_not_H': 0.222895}], 'observed_prefix_length': 3, 'posterior_trajectory': [0.933733, 0.8025005524944498, 0.9454669778379197, 0.9751627237748509], 'prior_H': 0.933733}, 'posterior_trajectory': [0.933733, 0.8025005524944498, 0.9454669778379197, 0.9751627237748509]}","{'H': 0.9751627237748509, 'not_H': 0.024837276225149085}","{'H': 0.8519528019683106, 'not_H': 0.1480471980316895}","{'tv': 0.12320992180654038, 'mae_binary': 0.12320992180654033, 'rmse_binary': 0.12320992180654033, 'brier_regret': 0.030361369663147588, 'kl': 0.0873792275865537}",H,H,True,157.61750796809793,median,median,1,"{'std_H': 0.0, 'std_not_H': 0.0}",,{},"{'repeat_aggregation': 'median', 'n_repeats': 1}"
semif_qwen35_4b,Qwen/Qwen3.5-4B@851bf6e806efd8d0a36b00ddf55e13ccb7b8cd0a,sequential_bayes__seed_000048__repr_prose,sequential_bayes__seed_000048,sequential_bayes,6,prose,"(0.90,0.99]","{'parameters': {'conditional_independence': 'Evidence items are conditionally independent given H or not_H.', 'evidence_sequence': [{'E_given_H': 0.275859, 'E_given_not_H': 0.956606}, {'E_given_H': 0.380795, 'E_given_not_H': 0.089245}, {'E_given_H': 0.504762, 'E_given_not_H': 0.222895}], 'observed_prefix_length': 3, 'posterior_trajectory': [0.933733, 0.8025005524944498, 0.9454669778379197, 0.9751627237748509], 'prior_H': 0.933733}, 'posterior_trajectory': [0.933733, 0.8025005524944498, 0.9454669778379197, 0.9751627237748509]}","{'H': 0.9751627237748509, 'not_H': 0.024837276225149085}","{'H': 0.9875683491468141, 'not_H': 0.012431650853185818}","{'tv': 0.012405625371963241, 'mae_binary': 0.012405625371963214, 'rmse_binary': 0.012405625371963214, 'brier_regret': 0.0003077990817389962, 'kl': 0.0048624975156562784}",H,H,True,172.1937907859683,median,median,1,"{'std_H': 0.0, 'std_not_H': 0.0}",,{},"{'repeat_aggregation': 'median', 'n_repeats': 1}"
semif_qwen35_4b,Qwen/Qwen3.5-4B@851bf6e806efd8d0a36b00ddf55e13ccb7b8cd0a,sequential_bayes__seed_000048__repr_table,sequential_bayes__seed_000048,sequential_bayes,6,table,"(0.90,0.99]","{'parameters': {'conditional_independence': 'Evidence items are conditionally independent given H or not_H.', 'evidence_sequence': [{'E_given_H': 0.275859, 'E_given_not_H': 0.956606}, {'E_given_H': 0.380795, 'E_given_not_H': 0.089245}, {'E_given_H': 0.504762, 'E_given_not_H': 0.222895}], 'observed_prefix_length': 3, 'posterior_trajectory': [0.933733, 0.8025005524944498, 0.9454669778379197, 0.9751627237748509], 'prior_H': 0.933733}, 'posterior_trajectory': [0.933733, 0.8025005524944498, 0.9454669778379197, 0.9751627237748509]}","{'H': 0.9751627237748509, 'not_H': 0.024837276225149085}","{'H': 0.679178699175393, 'not_H': 0.32082130082460697}","{'tv': 0.29598402459945794, 'mae_binary': 0.29598402459945794, 'rmse_binary': 0.29598402459945794, 'brier_regret': 0.175213085636185, 'kl': 0.2891888070382175}",H,H,True,188.49762668833137,median,median,1,"{'std_H': 0.0, 'std_not_H': 0.0}",,{},"{'repeat_aggregation': 'median', 'n_repeats': 1}"
semif_qwen35_4b,Qwen/Qwen3.5-4B@851bf6e806efd8d0a36b00ddf55e13ccb7b8cd0a,sequential_bayes__seed_000049__repr_direct,sequential_bayes__seed_000049,sequential_bayes,6,direct,"(0.70,0.90]","{'parameters': {'conditional_independence': 'Evidence items are conditionally independent given H or not_H.', 'evidence_sequence': [{'E_given_H': 0.346234, 'E_given_not_H': 0.024629}, {'E_given_H': 0.530049, 'E_given_not_H': 0.251686}, {'E_given_H': 0.619193, 'E_given_not_H': 0.323881}, {'E_given_H': 0.845869, 'E_given_not_H': 0.546818}, {'E_given_H': 0.912848, 'E_given_not_H': 0.658795}], 'observed_prefix_length': 5, 'posterior_trajectory': [0.031994, 0.3172367852341124, 0.49457209137119523, 0.6516564647592755, 0.7431826754290087, 0.8003900273948994], 'prior_H': 0.031994}, 'posterior_trajectory': [0.031994, 0.3172367852341124, 0.49457209137119523, 0.6516564647592755, 0.7431826754290087, 0.8003900273948994]}","{'H': 0.8003900273948994, 'not_H': 0.1996099726051006}","{'H': 0.9399133498259924, 'not_H': 0.06008665017400762}","{'tv': 0.139523322431093, 'mae_binary': 0.139523322431093, 'rmse_binary': 0.139523322431093, 'brier_regret': 0.03893351500442148, 'kl': 0.11103375851855493}",H,H,True,186.45164277404547,median,median,1,"{'std_H': 0.0, 'std_not_H': 0.0}",,{},"{'repeat_aggregation': 'median', 'n_repeats': 1}"
semif_qwen35_4b,Qwen/Qwen3.5-4B@851bf6e806efd8d0a36b00ddf55e13ccb7b8cd0a,sequential_bayes__seed_000049__repr_prose,sequential_bayes__seed_000049,sequential_bayes,6,prose,"(0.70,0.90]","{'parameters': {'conditional_independence': 'Evidence items are conditionally independent given H or not_H.', 'evidence_sequence': [{'E_given_H': 0.346234, 'E_given_not_H': 0.024629}, {'E_given_H': 0.530049, 'E_given_not_H': 0.251686}, {'E_given_H': 0.619193, 'E_given_not_H': 0.323881}, {'E_given_H': 0.845869, 'E_given_not_H': 0.546818}, {'E_given_H': 0.912848, 'E_given_not_H': 0.658795}], 'observed_prefix_length': 5, 'posterior_trajectory': [0.031994, 0.3172367852341124, 0.49457209137119523, 0.6516564647592755, 0.7431826754290087, 0.8003900273948994], 'prior_H': 0.031994}, 'posterior_trajectory': [0.031994, 0.3172367852341124, 0.49457209137119523, 0.6516564647592755, 0.7431826754290087, 0.8003900273948994]}","{'H': 0.8003900273948994, 'not_H': 0.1996099726051006}","{'H': 0.9875683491468141, 'not_H': 0.012431650853185818}","{'tv': 0.18717832175191476, 'mae_binary': 0.18717832175191473, 'rmse_binary': 0.18717832175191473, 'brier_regret': 0.07007144826772665, 'kl': 0.3859419452748182}",H,H,True,207.49926613643765,median,median,1,"{'std_H': 0.0, 'std_not_H': 0.0}",,{},"{'repeat_aggregation': 'median', 'n_repeats': 1}"
semif_qwen35_4b,Qwen/Qwen3.5-4B@851bf6e806efd8d0a36b00ddf55e13ccb7b8cd0a,sequential_bayes__seed_000049__repr_table,sequential_bayes__seed_000049,sequential_bayes,6,table,"(0.70,0.90]","{'parameters': {'conditional_independence': 'Evidence items are conditionally independent given H or not_H.', 'evidence_sequence': [{'E_given_H': 0.346234, 'E_given_not_H': 0.024629}, {'E_given_H': 0.530049, 'E_given_not_H': 0.251686}, {'E_given_H': 0.619193, 'E_given_not_H': 0.323881}, {'E_given_H': 0.845869, 'E_given_not_H': 0.546818}, {'E_given_H': 0.912848, 'E_given_not_H': 0.658795}], 'observed_prefix_length': 5, 'posterior_trajectory': [0.031994, 0.3172367852341124, 0.49457209137119523, 0.6516564647592755, 0.7431826754290087, 0.8003900273948994], 'prior_H': 0.031994}, 'posterior_trajectory': [0.031994, 0.3172367852341124, 0.49457209137119523, 0.6516564647592755, 0.7431826754290087, 0.8003900273948994]}","{'H': 0.8003900273948994, 'not_H': 0.1996099726051006}","{'H': 0.9149009549929797, 'not_H': 0.08509904500702024}","{'tv': 0.11451092759808035, 'mae_binary': 0.11451092759808035, 'rmse_binary': 0.11451092759808035, 'brier_regret': 0.026225505078745603, 'kl': 0.06315189526338227}",H,H,True,253.78263229504228,median,median,1,"{'std_H': 0.0, 'std_not_H': 0.0}",,{},"{'repeat_aggregation': 'median', 'n_repeats': 1}"
semif_qwen35_4b,Qwen/Qwen3.5-4B@851bf6e806efd8d0a36b00ddf55e13ccb7b8cd0a,sequential_bayes__seed_000050__repr_direct,sequential_bayes__seed_000050,sequential_bayes,6,direct,"[0.01,0.10]","{'parameters': {'conditional_independence': 'Evidence items are conditionally independent given H or not_H.', 'evidence_sequence': [{'E_given_H': 0.472127, 'E_given_not_H': 0.191458}, {'E_given_H': 0.631191, 'E_given_not_H': 0.405093}, {'E_given_H': 0.870541, 'E_given_not_H': 0.546792}, {'E_given_H': 0.93722, 'E_given_not_H': 0.612099}, {'E_given_H': 0.075121, 'E_given_not_H': 0.763611}, {'E_given_H': 0.115737, 'E_given_not_H': 0.962357}], 'observed_prefix_length': 6, 'posterior_trajectory': [0.204042, 0.3873082630953835, 0.4962127795907569, 0.6106147948908568, 0.7059762861319588, 0.1910754727564699, 0.02762280113741506], 'prior_H': 0.204042}, 'posterior_trajectory': [0.204042, 0.3873082630953835, 0.4962127795907569, 0.6106147948908568, 0.7059762861319588, 0.1910754727564699, 0.02762280113741506]}","{'H': 0.02762280113741506, 'not_H': 0.9723771988625849}","{'H': 0.6224593312018546, 'not_H': 0.37754066879814546}","{'tv': 0.5948365300644394, 'mae_binary': 0.5948365300644395, 'rmse_binary': 0.5948365300644395, 'brier_regret': 0.7076609949982056, 'kl': 0.8338864796451273}",H,not_H,False,210.89547500014305,median,median,1,"{'std_H': 0.0, 'std_not_H': 0.0}",,{},"{'repeat_aggregation': 'median', 'n_repeats': 1}"
semif_qwen35_4b,Qwen/Qwen3.5-4B@851bf6e806efd8d0a36b00ddf55e13ccb7b8cd0a,sequential_bayes__seed_000050__repr_prose,sequential_bayes__seed_000050,sequential_bayes,6,prose,"[0.01,0.10]","{'parameters': {'conditional_independence': 'Evidence items are conditionally independent given H or not_H.', 'evidence_sequence': [{'E_given_H': 0.472127, 'E_given_not_H': 0.191458}, {'E_given_H': 0.631191, 'E_given_not_H': 0.405093}, {'E_given_H': 0.870541, 'E_given_not_H': 0.546792}, {'E_given_H': 0.93722, 'E_given_not_H': 0.612099}, {'E_given_H': 0.075121, 'E_given_not_H': 0.763611}, {'E_given_H': 0.115737, 'E_given_not_H': 0.962357}], 'observed_prefix_length': 6, 'posterior_trajectory': [0.204042, 0.3873082630953835, 0.4962127795907569, 0.6106147948908568, 0.7059762861319588, 0.1910754727564699, 0.02762280113741506], 'prior_H': 0.204042}, 'posterior_trajectory': [0.204042, 0.3873082630953835, 0.4962127795907569, 0.6106147948908568, 0.7059762861319588, 0.1910754727564699, 0.02762280113741506]}","{'H': 0.02762280113741506, 'not_H': 0.9723771988625849}","{'H': 0.9525741268224334, 'not_H': 0.04742587317756679}","{'tv': 0.9249513256850181, 'mae_binary': 0.9249513256850183, 'rmse_binary': 0.9249513256850183, 'brier_regret': 1.7110699097729452, 'kl': 2.8393398441952247}",H,not_H,False,217.64423279091716,median,median,1,"{'std_H': 0.0, 'std_not_H': 0.0}",,{},"{'repeat_aggregation': 'median', 'n_repeats': 1}"
semif_qwen35_4b,Qwen/Qwen3.5-4B@851bf6e806efd8d0a36b00ddf55e13ccb7b8cd0a,sequential_bayes__seed_000050__repr_table,sequential_bayes__seed_000050,sequential_bayes,6,table,"[0.01,0.10]","{'parameters': {'conditional_independence': 'Evidence items are conditionally independent given H or not_H.', 'evidence_sequence': [{'E_given_H': 0.472127, 'E_given_not_H': 0.191458}, {'E_given_H': 0.631191, 'E_given_not_H': 0.405093}, {'E_given_H': 0.870541, 'E_given_not_H': 0.546792}, {'E_given_H': 0.93722, 'E_given_not_H': 0.612099}, {'E_given_H': 0.075121, 'E_given_not_H': 0.763611}, {'E_given_H': 0.115737, 'E_given_not_H': 0.962357}], 'observed_prefix_length': 6, 'posterior_trajectory': [0.204042, 0.3873082630953835, 0.4962127795907569, 0.6106147948908568, 0.7059762861319588, 0.1910754727564699, 0.02762280113741506], 'prior_H': 0.204042}, 'posterior_trajectory': [0.204042, 0.3873082630953835, 0.4962127795907569, 0.6106147948908568, 0.7059762861319588, 0.1910754727564699, 0.02762280113741506]}","{'H': 0.02762280113741506, 'not_H': 0.9723771988625849}","{'H': 0.5926665999540697, 'not_H': 0.4073334000459302}","{'tv': 0.5650437988166546, 'mae_binary': 0.5650437988166546, 'rmse_binary': 0.5650437988166546, 'brier_regret': 0.6385489891623122, 'kl': 0.7613856097470378}",H,not_H,False,275.97779408097267,median,median,1,"{'std_H': 0.0, 'std_not_H': 0.0}",,{},"{'repeat_aggregation': 'median', 'n_repeats': 1}"
semif_qwen35_4b,Qwen/Qwen3.5-4B@851bf6e806efd8d0a36b00ddf55e13ccb7b8cd0a,sequential_bayes__seed_000051__repr_direct,sequential_bayes__seed_000051,sequential_bayes,6,direct,"[0.01,0.10]","{'parameters': {'conditional_independence': 'Evidence items are conditionally independent given H or not_H.', 'evidence_sequence': [{'E_given_H': 0.556613, 'E_given_not_H': 0.401197}, {'E_given_H': 0.788138, 'E_given_not_H': 0.49524}, {'E_given_H': 0.968742, 'E_given_not_H': 0.55418}, {'E_given_H': 0.022217, 'E_given_not_H': 0.870351}, {'E_given_H': 0.19125, 'E_given_not_H': 0.946898}, {'E_given_H': 0.32951, 'E_given_not_H': 0.055451}], 'observed_prefix_length': 6, 'posterior_trajectory': [0.410511, 0.49139192352202815, 0.6059202315489085, 0.7288318182873215, 0.06420381683042299, 0.013667875069321786, 0.07608014616604873], 'prior_H': 0.410511}, 'posterior_trajectory': [0.410511, 0.49139192352202815, 0.6059202315489085, 0.7288318182873215, 0.06420381683042299, 0.013667875069321786, 0.07608014616604873]}","{'H': 0.07608014616604873, 'not_H': 0.9239198538339513}","{'H': 0.6224593312018546, 'not_H': 0.37754066879814546}","{'tv': 0.5463791850358057, 'mae_binary': 0.5463791850358058, 'rmse_binary': 0.5463791850358058, 'brier_regret': 0.5970604276807826, 'kl': 0.6669471624758193}",H,not_H,False,211.39724599197507,median,median,1,"{'std_H': 0.0, 'std_not_H': 0.0}",,{},"{'repeat_aggregation': 'median', 'n_repeats': 1}"
semif_qwen35_4b,Qwen/Qwen3.5-4B@851bf6e806efd8d0a36b00ddf55e13ccb7b8cd0a,sequential_bayes__seed_000051__repr_prose,sequential_bayes__seed_000051,sequential_bayes,6,prose,"[0.01,0.10]","{'parameters': {'conditional_independence': 'Evidence items are conditionally independent given H or not_H.', 'evidence_sequence': [{'E_given_H': 0.556613, 'E_given_not_H': 0.401197}, {'E_given_H': 0.788138, 'E_given_not_H': 0.49524}, {'E_given_H': 0.968742, 'E_given_not_H': 0.55418}, {'E_given_H': 0.022217, 'E_given_not_H': 0.870351}, {'E_given_H': 0.19125, 'E_given_not_H': 0.946898}, {'E_given_H': 0.32951, 'E_given_not_H': 0.055451}], 'observed_prefix_length': 6, 'posterior_trajectory': [0.410511, 0.49139192352202815, 0.6059202315489085, 0.7288318182873215, 0.06420381683042299, 0.013667875069321786, 0.07608014616604873], 'prior_H': 0.410511}, 'posterior_trajectory': [0.410511, 0.49139192352202815, 0.6059202315489085, 0.7288318182873215, 0.06420381683042299, 0.013667875069321786, 0.07608014616604873]}","{'H': 0.07608014616604873, 'not_H': 0.9239198538339513}","{'H': 0.9241418199787566, 'not_H': 0.07585818002124356}","{'tv': 0.8480616738127078, 'mae_binary': 0.8480616738127078, 'rmse_binary': 0.8480616738127078, 'brier_regret': 1.438417205180023, 'kl': 2.1195996202561647}",H,not_H,False,218.11927296221256,median,median,1,"{'std_H': 0.0, 'std_not_H': 0.0}",,{},"{'repeat_aggregation': 'median', 'n_repeats': 1}"
semif_qwen35_4b,Qwen/Qwen3.5-4B@851bf6e806efd8d0a36b00ddf55e13ccb7b8cd0a,sequential_bayes__seed_000051__repr_table,sequential_bayes__seed_000051,sequential_bayes,6,table,"[0.01,0.10]","{'parameters': {'conditional_independence': 'Evidence items are conditionally independent given H or not_H.', 'evidence_sequence': [{'E_given_H': 0.556613, 'E_given_not_H': 0.401197}, {'E_given_H': 0.788138, 'E_given_not_H': 0.49524}, {'E_given_H': 0.968742, 'E_given_not_H': 0.55418}, {'E_given_H': 0.022217, 'E_given_not_H': 0.870351}, {'E_given_H': 0.19125, 'E_given_not_H': 0.946898}, {'E_given_H': 0.32951, 'E_given_not_H': 0.055451}], 'observed_prefix_length': 6, 'posterior_trajectory': [0.410511, 0.49139192352202815, 0.6059202315489085, 0.7288318182873215, 0.06420381683042299, 0.013667875069321786, 0.07608014616604873], 'prior_H': 0.410511}, 'posterior_trajectory': [0.410511, 0.49139192352202815, 0.6059202315489085, 0.7288318182873215, 0.06420381683042299, 0.013667875069321786, 0.07608014616604873]}","{'H': 0.07608014616604873, 'not_H': 0.9239198538339513}","{'H': 0.5312093733737563, 'not_H': 0.46879062662624377}","{'tv': 0.45512922720770754, 'mae_binary': 0.45512922720770754, 'rmse_binary': 0.45512922720770754, 'brier_regret': 0.41428522691737013, 'kl': 0.47899926842515006}",H,not_H,False,281.33711591362953,median,median,1,"{'std_H': 0.0, 'std_not_H': 0.0}",,{},"{'repeat_aggregation': 'median', 'n_repeats': 1}"
semif_qwen35_4b,Qwen/Qwen3.5-4B@851bf6e806efd8d0a36b00ddf55e13ccb7b8cd0a,sequential_bayes__seed_000052__repr_direct,sequential_bayes__seed_000052,sequential_bayes,6,direct,"(0.10,0.30]","{'parameters': {'conditional_independence': 'Evidence items are conditionally independent given H or not_H.', 'evidence_sequence': [{'E_given_H': 0.879365, 'E_given_not_H': 0.462544}, {'E_given_H': 0.979216, 'E_given_not_H': 0.624609}, {'E_given_H': 0.059074, 'E_given_not_H': 0.804877}], 'observed_prefix_length': 3, 'posterior_trajectory': [0.453999, 0.6125236066700036, 0.7125003896742405, 0.15389933510803008], 'prior_H': 0.453999}, 'posterior_trajectory': [0.453999, 0.6125236066700036, 0.7125003896742405, 0.15389933510803008]}","{'H': 0.15389933510803008, 'not_H': 0.8461006648919699}","{'H': 0.7772998611746911, 'not_H': 0.22270013882530884}","{'tv': 0.6234005260666611, 'mae_binary': 0.623400526066661, 'rmse_binary': 0.623400526066661, 'brier_regret': 0.7772564318003794, 'kl': 0.8801412407370068}",H,not_H,False,159.40270386636257,median,median,1,"{'std_H': 0.0, 'std_not_H': 0.0}",,{},"{'repeat_aggregation': 'median', 'n_repeats': 1}"
semif_qwen35_4b,Qwen/Qwen3.5-4B@851bf6e806efd8d0a36b00ddf55e13ccb7b8cd0a,sequential_bayes__seed_000052__repr_prose,sequential_bayes__seed_000052,sequential_bayes,6,prose,"(0.10,0.30]","{'parameters': {'conditional_independence': 'Evidence items are conditionally independent given H or not_H.', 'evidence_sequence': [{'E_given_H': 0.879365, 'E_given_not_H': 0.462544}, {'E_given_H': 0.979216, 'E_given_not_H': 0.624609}, {'E_given_H': 0.059074, 'E_given_not_H': 0.804877}], 'observed_prefix_length': 3, 'posterior_trajectory': [0.453999, 0.6125236066700036, 0.7125003896742405, 0.15389933510803008], 'prior_H': 0.453999}, 'posterior_trajectory': [0.453999, 0.6125236066700036, 0.7125003896742405, 0.15389933510803008]}","{'H': 0.15389933510803008, 'not_H': 0.8461006648919699}","{'H': 0.9796676466573412, 'not_H': 0.020332353342658753}","{'tv': 0.8257683115493111, 'mae_binary': 0.8257683115493111, 'rmse_binary': 0.8257683115493111, 'brier_regret': 1.3637866087180004, 'kl': 2.869768305634152}",H,not_H,False,172.3610949702561,median,median,1,"{'std_H': 0.0, 'std_not_H': 0.0}",,{},"{'repeat_aggregation': 'median', 'n_repeats': 1}"
semif_qwen35_4b,Qwen/Qwen3.5-4B@851bf6e806efd8d0a36b00ddf55e13ccb7b8cd0a,sequential_bayes__seed_000052__repr_table,sequential_bayes__seed_000052,sequential_bayes,6,table,"(0.10,0.30]","{'parameters': {'conditional_independence': 'Evidence items are conditionally independent given H or not_H.', 'evidence_sequence': [{'E_given_H': 0.879365, 'E_given_not_H': 0.462544}, {'E_given_H': 0.979216, 'E_given_not_H': 0.624609}, {'E_given_H': 0.059074, 'E_given_not_H': 0.804877}], 'observed_prefix_length': 3, 'posterior_trajectory': [0.453999, 0.6125236066700036, 0.7125003896742405, 0.15389933510803008], 'prior_H': 0.453999}, 'posterior_trajectory': [0.453999, 0.6125236066700036, 0.7125003896742405, 0.15389933510803008]}","{'H': 0.15389933510803008, 'not_H': 0.8461006648919699}","{'H': 0.679178699175393, 'not_H': 0.32082130082460697}","{'tv': 0.525279364067363, 'mae_binary': 0.5252793640673629, 'rmse_binary': 0.5252793640673629, 'brier_regret': 0.5518368206300264, 'kl': 0.5920328330605491}",H,not_H,False,192.38458573818207,median,median,1,"{'std_H': 0.0, 'std_not_H': 0.0}",,{},"{'repeat_aggregation': 'median', 'n_repeats': 1}"
semif_qwen35_4b,Qwen/Qwen3.5-4B@851bf6e806efd8d0a36b00ddf55e13ccb7b8cd0a,sequential_bayes__seed_000053__repr_direct,sequential_bayes__seed_000053,sequential_bayes,6,direct,"[0.01,0.10]","{'parameters': {'conditional_independence': 'Evidence items are conditionally independent given H or not_H.', 'evidence_sequence': [{'E_given_H': 0.925288, 'E_given_not_H': 0.660119}, {'E_given_H': 0.031742, 'E_given_not_H': 0.822326}, {'E_given_H': 0.24875, 'E_given_not_H': 0.954675}], 'observed_prefix_length': 3, 'posterior_trajectory': [0.619861, 0.6956446852040687, 0.08107327708820022, 0.02247158859218456], 'prior_H': 0.619861}, 'posterior_trajectory': [0.619861, 0.6956446852040687, 0.08107327708820022, 0.02247158859218456]}","{'H': 0.02247158859218456, 'not_H': 0.9775284114078154}","{'H': 0.679178699175393, 'not_H': 0.32082130082460697}","{'tv': 0.6567071105832085, 'mae_binary': 0.6567071105832084, 'rmse_binary': 0.6567071105832084, 'brier_regret': 0.8625284581810928, 'kl': 1.0125091319380315}",H,not_H,False,158.76836562529206,median,median,1,"{'std_H': 0.0, 'std_not_H': 0.0}",,{},"{'repeat_aggregation': 'median', 'n_repeats': 1}"
semif_qwen35_4b,Qwen/Qwen3.5-4B@851bf6e806efd8d0a36b00ddf55e13ccb7b8cd0a,sequential_bayes__seed_000053__repr_prose,sequential_bayes__seed_000053,sequential_bayes,6,prose,"[0.01,0.10]","{'parameters': {'conditional_independence': 'Evidence items are conditionally independent given H or not_H.', 'evidence_sequence': [{'E_given_H': 0.925288, 'E_given_not_H': 0.660119}, {'E_given_H': 0.031742, 'E_given_not_H': 0.822326}, {'E_given_H': 0.24875, 'E_given_not_H': 0.954675}], 'observed_prefix_length': 3, 'posterior_trajectory': [0.619861, 0.6956446852040687, 0.08107327708820022, 0.02247158859218456], 'prior_H': 0.619861}, 'posterior_trajectory': [0.619861, 0.6956446852040687, 0.08107327708820022, 0.02247158859218456]}","{'H': 0.02247158859218456, 'not_H': 0.9775284114078154}","{'H': 0.9525741268224334, 'not_H': 0.04742587317756679}","{'tv': 0.9301025382302488, 'mae_binary': 0.9301025382302488, 'rmse_binary': 0.9301025382302488, 'brier_regret': 1.7301814632447026, 'kl': 2.8736644030644576}",H,not_H,False,174.4970018044114,median,median,1,"{'std_H': 0.0, 'std_not_H': 0.0}",,{},"{'repeat_aggregation': 'median', 'n_repeats': 1}"
semif_qwen35_4b,Qwen/Qwen3.5-4B@851bf6e806efd8d0a36b00ddf55e13ccb7b8cd0a,sequential_bayes__seed_000053__repr_table,sequential_bayes__seed_000053,sequential_bayes,6,table,"[0.01,0.10]","{'parameters': {'conditional_independence': 'Evidence items are conditionally independent given H or not_H.', 'evidence_sequence': [{'E_given_H': 0.925288, 'E_given_not_H': 0.660119}, {'E_given_H': 0.031742, 'E_given_not_H': 0.822326}, {'E_given_H': 0.24875, 'E_given_not_H': 0.954675}], 'observed_prefix_length': 3, 'posterior_trajectory': [0.619861, 0.6956446852040687, 0.08107327708820022, 0.02247158859218456], 'prior_H': 0.619861}, 'posterior_trajectory': [0.619861, 0.6956446852040687, 0.08107327708820022, 0.02247158859218456]}","{'H': 0.02247158859218456, 'not_H': 0.9775284114078154}","{'H': 0.5926665999540697, 'not_H': 0.4073334000459302}","{'tv': 0.5701950113618852, 'mae_binary': 0.5701950113618851, 'rmse_binary': 0.5701950113618851, 'brier_regret': 0.6502447019639607, 'kl': 0.7821882356850408}",H,not_H,False,189.95693419128656,median,median,1,"{'std_H': 0.0, 'std_not_H': 0.0}",,{},"{'repeat_aggregation': 'median', 'n_repeats': 1}"
semif_qwen35_4b,Qwen/Qwen3.5-4B@851bf6e806efd8d0a36b00ddf55e13ccb7b8cd0a,sequential_bayes__seed_000054__repr_direct,sequential_bayes__seed_000054,sequential_bayes,6,direct,"(0.55,0.70]","{'parameters': {'conditional_independence': 'Evidence items are conditionally independent given H or not_H.', 'evidence_sequence': [{'E_given_H': 0.093764, 'E_given_not_H': 0.771322}, {'E_given_H': 0.243778, 'E_given_not_H': 0.924411}, {'E_given_H': 0.325247, 'E_given_not_H': 0.026323}], 'observed_prefix_length': 3, 'posterior_trajectory': [0.808057, 0.33852129492020233, 0.1189103435331514, 0.6251234123859295], 'prior_H': 0.808057}, 'posterior_trajectory': [0.808057, 0.33852129492020233, 0.1189103435331514, 0.6251234123859295]}","{'H': 0.6251234123859295, 'not_H': 0.3748765876140705}","{'H': 0.6224593312018546, 'not_H': 0.37754066879814546}","{'tv': 0.0026640811840749345, 'mae_binary': 0.002664081184074907, 'rmse_binary': 0.002664081184074907, 'brier_regret': 1.4194657110684211e-05, 'kl': 1.5114531591848331e-05}",H,H,True,159.5260789617896,median,median,1,"{'std_H': 0.0, 'std_not_H': 0.0}",,{},"{'repeat_aggregation': 'median', 'n_repeats': 1}"
semif_qwen35_4b,Qwen/Qwen3.5-4B@851bf6e806efd8d0a36b00ddf55e13ccb7b8cd0a,sequential_bayes__seed_000054__repr_prose,sequential_bayes__seed_000054,sequential_bayes,6,prose,"(0.55,0.70]","{'parameters': {'conditional_independence': 'Evidence items are conditionally independent given H or not_H.', 'evidence_sequence': [{'E_given_H': 0.093764, 'E_given_not_H': 0.771322}, {'E_given_H': 0.243778, 'E_given_not_H': 0.924411}, {'E_given_H': 0.325247, 'E_given_not_H': 0.026323}], 'observed_prefix_length': 3, 'posterior_trajectory': [0.808057, 0.33852129492020233, 0.1189103435331514, 0.6251234123859295], 'prior_H': 0.808057}, 'posterior_trajectory': [0.808057, 0.33852129492020233, 0.1189103435331514, 0.6251234123859295]}","{'H': 0.6251234123859295, 'not_H': 0.3748765876140705}","{'H': 0.9626731126558706, 'not_H': 0.037326887344129464}","{'tv': 0.3375497002699411, 'mae_binary': 0.33754970026994113, 'rmse_binary': 0.33754970026994113, 'brier_regret': 0.22787960030465412, 'kl': 0.594890117977962}",H,H,True,173.30200783908367,median,median,1,"{'std_H': 0.0, 'std_not_H': 0.0}",,{},"{'repeat_aggregation': 'median', 'n_repeats': 1}"
semif_qwen35_4b,Qwen/Qwen3.5-4B@851bf6e806efd8d0a36b00ddf55e13ccb7b8cd0a,sequential_bayes__seed_000054__repr_table,sequential_bayes__seed_000054,sequential_bayes,6,table,"(0.55,0.70]","{'parameters': {'conditional_independence': 'Evidence items are conditionally independent given H or not_H.', 'evidence_sequence': [{'E_given_H': 0.093764, 'E_given_not_H': 0.771322}, {'E_given_H': 0.243778, 'E_given_not_H': 0.924411}, {'E_given_H': 0.325247, 'E_given_not_H': 0.026323}], 'observed_prefix_length': 3, 'posterior_trajectory': [0.808057, 0.33852129492020233, 0.1189103435331514, 0.6251234123859295], 'prior_H': 0.808057}, 'posterior_trajectory': [0.808057, 0.33852129492020233, 0.1189103435331514, 0.6251234123859295]}","{'H': 0.6251234123859295, 'not_H': 0.3748765876140705}","{'H': 0.5, 'not_H': 0.5}","{'tv': 0.1251234123859295, 'mae_binary': 0.1251234123859295, 'rmse_binary': 0.1251234123859295, 'brier_regret': 0.03131173665419875, 'kl': 0.03164701710439527}",not_H,H,False,191.4146961644292,median,median,1,"{'std_H': 0.0, 'std_not_H': 0.0}",,{},"{'repeat_aggregation': 'median', 'n_repeats': 1}"
semif_qwen35_4b,Qwen/Qwen3.5-4B@851bf6e806efd8d0a36b00ddf55e13ccb7b8cd0a,sequential_bayes__seed_000055__repr_direct,sequential_bayes__seed_000055,sequential_bayes,6,direct,"(0.99,1)","{'parameters': {'conditional_independence': 'Evidence items are conditionally independent given H or not_H.', 'evidence_sequence': [{'E_given_H': 0.218221, 'E_given_not_H': 0.987522}, {'E_given_H': 0.403645, 'E_given_not_H': 0.018042}, {'E_given_H': 0.467266, 'E_given_not_H': 0.150138}], 'observed_prefix_length': 3, 'posterior_trajectory': [0.92575, 0.7336998524751613, 0.9840357343380087, 0.9948143100686025], 'prior_H': 0.92575}, 'posterior_trajectory': [0.92575, 0.7336998524751613, 0.9840357343380087, 0.9948143100686025]}","{'H': 0.9948143100686025, 'not_H': 0.0051856899313974525}","{'H': 0.8807970779778823, 'not_H': 0.11920292202211755}","{'tv': 0.11401723209072016, 'mae_binary': 0.11401723209072023, 'rmse_binary': 0.11401723209072023, 'brier_regret': 0.025999858427258295, 'kl': 0.10484083504250678}",H,H,True,157.58479526266456,median,median,1,"{'std_H': 0.0, 'std_not_H': 0.0}",,{},"{'repeat_aggregation': 'median', 'n_repeats': 1}"
semif_qwen35_4b,Qwen/Qwen3.5-4B@851bf6e806efd8d0a36b00ddf55e13ccb7b8cd0a,sequential_bayes__seed_000055__repr_prose,sequential_bayes__seed_000055,sequential_bayes,6,prose,"(0.99,1)","{'parameters': {'conditional_independence': 'Evidence items are conditionally independent given H or not_H.', 'evidence_sequence': [{'E_given_H': 0.218221, 'E_given_not_H': 0.987522}, {'E_given_H': 0.403645, 'E_given_not_H': 0.018042}, {'E_given_H': 0.467266, 'E_given_not_H': 0.150138}], 'observed_prefix_length': 3, 'posterior_trajectory': [0.92575, 0.7336998524751613, 0.9840357343380087, 0.9948143100686025], 'prior_H': 0.92575}, 'posterior_trajectory': [0.92575, 0.7336998524751613, 0.9840357343380087, 0.9948143100686025]}","{'H': 0.9948143100686025, 'not_H': 0.0051856899313974525}","{'H': 0.9902915235185259, 'not_H': 0.009708476481474066}","{'tv': 0.004522786550076633, 'mae_binary': 0.004522786550076652, 'rmse_binary': 0.004522786550076652, 'brier_regret': 4.091119635510818e-05, 'kl': 0.0012811710696738173}",H,H,True,173.37147938087583,median,median,1,"{'std_H': 0.0, 'std_not_H': 0.0}",,{},"{'repeat_aggregation': 'median', 'n_repeats': 1}"
semif_qwen35_4b,Qwen/Qwen3.5-4B@851bf6e806efd8d0a36b00ddf55e13ccb7b8cd0a,sequential_bayes__seed_000055__repr_table,sequential_bayes__seed_000055,sequential_bayes,6,table,"(0.99,1)","{'parameters': {'conditional_independence': 'Evidence items are conditionally independent given H or not_H.', 'evidence_sequence': [{'E_given_H': 0.218221, 'E_given_not_H': 0.987522}, {'E_given_H': 0.403645, 'E_given_not_H': 0.018042}, {'E_given_H': 0.467266, 'E_given_not_H': 0.150138}], 'observed_prefix_length': 3, 'posterior_trajectory': [0.92575, 0.7336998524751613, 0.9840357343380087, 0.9948143100686025], 'prior_H': 0.92575}, 'posterior_trajectory': [0.92575, 0.7336998524751613, 0.9840357343380087, 0.9948143100686025]}","{'H': 0.9948143100686025, 'not_H': 0.0051856899313974525}","{'H': 0.7057850278370112, 'not_H': 0.29421497216298875}","{'tv': 0.2890292822315913, 'mae_binary': 0.2890292822315913, 'rmse_binary': 0.2890292822315913, 'brier_regret': 0.16707585197461772, 'kl': 0.32052350383176764}",H,H,True,190.29470905661583,median,median,1,"{'std_H': 0.0, 'std_not_H': 0.0}",,{},"{'repeat_aggregation': 'median', 'n_repeats': 1}"
semif_qwen35_4b,Qwen/Qwen3.5-4B@851bf6e806efd8d0a36b00ddf55e13ccb7b8cd0a,sequential_bayes__seed_000056__repr_direct,sequential_bayes__seed_000056,sequential_bayes,6,direct,"(0.55,0.70]","{'parameters': {'conditional_independence': 'Evidence items are conditionally independent given H or not_H.', 'evidence_sequence': [{'E_given_H': 0.396464, 'E_given_not_H': 0.059517}, {'E_given_H': 0.532697, 'E_given_not_H': 0.217707}, {'E_given_H': 0.581599, 'E_given_not_H': 0.387297}, {'E_given_H': 0.845928, 'E_given_not_H': 0.547247}], 'observed_prefix_length': 4, 'posterior_trajectory': [0.052477, 0.2695015483073548, 0.474434734683435, 0.5754784594058879, 0.6769462255144328], 'prior_H': 0.052477}, 'posterior_trajectory': [0.052477, 0.2695015483073548, 0.474434734683435, 0.5754784594058879, 0.6769462255144328]}","{'H': 0.6769462255144328, 'not_H': 0.32305377448556716}","{'H': 0.8933094060543487, 'not_H': 0.10669059394565118}","{'tv': 0.21636318053991593, 'mae_binary': 0.21636318053991588, 'rmse_binary': 0.21636318053991588, 'brier_regret': 0.0936260517866965, 'kl': 0.17016163520724653}",H,H,True,174.360073171556,median,median,1,"{'std_H': 0.0, 'std_not_H': 0.0}",,{},"{'repeat_aggregation': 'median', 'n_repeats': 1}"
semif_qwen35_4b,Qwen/Qwen3.5-4B@851bf6e806efd8d0a36b00ddf55e13ccb7b8cd0a,sequential_bayes__seed_000056__repr_prose,sequential_bayes__seed_000056,sequential_bayes,6,prose,"(0.55,0.70]","{'parameters': {'conditional_independence': 'Evidence items are conditionally independent given H or not_H.', 'evidence_sequence': [{'E_given_H': 0.396464, 'E_given_not_H': 0.059517}, {'E_given_H': 0.532697, 'E_given_not_H': 0.217707}, {'E_given_H': 0.581599, 'E_given_not_H': 0.387297}, {'E_given_H': 0.845928, 'E_given_not_H': 0.547247}], 'observed_prefix_length': 4, 'posterior_trajectory': [0.052477, 0.2695015483073548, 0.474434734683435, 0.5754784594058879, 0.6769462255144328], 'prior_H': 0.052477}, 'posterior_trajectory': [0.052477, 0.2695015483073548, 0.474434734683435, 0.5754784594058879, 0.6769462255144328]}","{'H': 0.6769462255144328, 'not_H': 0.32305377448556716}","{'H': 0.9859363729567544, 'not_H': 0.014063627043245474}","{'tv': 0.3089901474423216, 'mae_binary': 0.30899014744232156, 'rmse_binary': 0.30899014744232156, 'brier_regret': 0.1909498224328553, 'kl': 0.7579920841490124}",H,H,True,189.36222791671753,median,median,1,"{'std_H': 0.0, 'std_not_H': 0.0}",,{},"{'repeat_aggregation': 'median', 'n_repeats': 1}"
semif_qwen35_4b,Qwen/Qwen3.5-4B@851bf6e806efd8d0a36b00ddf55e13ccb7b8cd0a,sequential_bayes__seed_000056__repr_table,sequential_bayes__seed_000056,sequential_bayes,6,table,"(0.55,0.70]","{'parameters': {'conditional_independence': 'Evidence items are conditionally independent given H or not_H.', 'evidence_sequence': [{'E_given_H': 0.396464, 'E_given_not_H': 0.059517}, {'E_given_H': 0.532697, 'E_given_not_H': 0.217707}, {'E_given_H': 0.581599, 'E_given_not_H': 0.387297}, {'E_given_H': 0.845928, 'E_given_not_H': 0.547247}], 'observed_prefix_length': 4, 'posterior_trajectory': [0.052477, 0.2695015483073548, 0.474434734683435, 0.5754784594058879, 0.6769462255144328], 'prior_H': 0.052477}, 'posterior_trajectory': [0.052477, 0.2695015483073548, 0.474434734683435, 0.5754784594058879, 0.6769462255144328]}","{'H': 0.6769462255144328, 'not_H': 0.32305377448556716}","{'H': 0.7981867777396212, 'not_H': 0.20181322226037882}","{'tv': 0.12124055222518836, 'mae_binary': 0.12124055222518837, 'rmse_binary': 0.12124055222518837, 'brier_regret': 0.02939854300773725, 'kl': 0.040461677173149704}",H,H,True,227.5360249914229,median,median,1,"{'std_H': 0.0, 'std_not_H': 0.0}",,{},"{'repeat_aggregation': 'median', 'n_repeats': 1}"
semif_qwen35_4b,Qwen/Qwen3.5-4B@851bf6e806efd8d0a36b00ddf55e13ccb7b8cd0a,sequential_bayes__seed_000057__repr_direct,sequential_bayes__seed_000057,sequential_bayes,6,direct,"(0.55,0.70]","{'parameters': {'conditional_independence': 'Evidence items are conditionally independent given H or not_H.', 'evidence_sequence': [{'E_given_H': 0.461393, 'E_given_not_H': 0.20014}, {'E_given_H': 0.559031, 'E_given_not_H': 0.358382}, {'E_given_H': 0.85315, 'E_given_not_H': 0.467545}], 'observed_prefix_length': 3, 'posterior_trajectory': [0.226962, 0.4036420626372667, 0.5135698968067423, 0.6583011485114412], 'prior_H': 0.226962}, 'posterior_trajectory': [0.226962, 0.4036420626372667, 0.5135698968067423, 0.6583011485114412]}","{'H': 0.6583011485114412, 'not_H': 0.34169885148855883}","{'H': 0.8933094060543487, 'not_H': 0.10669059394565118}","{'tv': 0.2350082575429076, 'mae_binary': 0.23500825754290755, 'rmse_binary': 0.23500825754290755, 'brier_regret': 0.11045776222670718, 'kl': 0.1967764474580502}",H,H,True,156.44583199173212,median,median,1,"{'std_H': 0.0, 'std_not_H': 0.0}",,{},"{'repeat_aggregation': 'median', 'n_repeats': 1}"
semif_qwen35_4b,Qwen/Qwen3.5-4B@851bf6e806efd8d0a36b00ddf55e13ccb7b8cd0a,sequential_bayes__seed_000057__repr_prose,sequential_bayes__seed_000057,sequential_bayes,6,prose,"(0.55,0.70]","{'parameters': {'conditional_independence': 'Evidence items are conditionally independent given H or not_H.', 'evidence_sequence': [{'E_given_H': 0.461393, 'E_given_not_H': 0.20014}, {'E_given_H': 0.559031, 'E_given_not_H': 0.358382}, {'E_given_H': 0.85315, 'E_given_not_H': 0.467545}], 'observed_prefix_length': 3, 'posterior_trajectory': [0.226962, 0.4036420626372667, 0.5135698968067423, 0.6583011485114412], 'prior_H': 0.226962}, 'posterior_trajectory': [0.226962, 0.4036420626372667, 0.5135698968067423, 0.6583011485114412]}","{'H': 0.6583011485114412, 'not_H': 0.34169885148855883}","{'H': 0.9890130573694068, 'not_H': 0.01098694263059318}","{'tv': 0.33071190885796564, 'mae_binary': 0.33071190885796564, 'rmse_binary': 0.33071190885796564, 'brier_regret': 0.21874073332095875, 'kl': 0.9065366858204019}",H,H,True,172.27418022230268,median,median,1,"{'std_H': 0.0, 'std_not_H': 0.0}",,{},"{'repeat_aggregation': 'median', 'n_repeats': 1}"
semif_qwen35_4b,Qwen/Qwen3.5-4B@851bf6e806efd8d0a36b00ddf55e13ccb7b8cd0a,sequential_bayes__seed_000057__repr_table,sequential_bayes__seed_000057,sequential_bayes,6,table,"(0.55,0.70]","{'parameters': {'conditional_independence': 'Evidence items are conditionally independent given H or not_H.', 'evidence_sequence': [{'E_given_H': 0.461393, 'E_given_not_H': 0.20014}, {'E_given_H': 0.559031, 'E_given_not_H': 0.358382}, {'E_given_H': 0.85315, 'E_given_not_H': 0.467545}], 'observed_prefix_length': 3, 'posterior_trajectory': [0.226962, 0.4036420626372667, 0.5135698968067423, 0.6583011485114412], 'prior_H': 0.226962}, 'posterior_trajectory': [0.226962, 0.4036420626372667, 0.5135698968067423, 0.6583011485114412]}","{'H': 0.6583011485114412, 'not_H': 0.34169885148855883}","{'H': 0.7772998611746911, 'not_H': 0.22270013882530884}","{'tv': 0.11899871266324995, 'mae_binary': 0.1189987126632499, 'rmse_binary': 0.1189987126632499, 'brier_regret': 0.02832138723102145, 'kl': 0.03689675497936479}",H,H,True,190.59706199914217,median,median,1,"{'std_H': 0.0, 'std_not_H': 0.0}",,{},"{'repeat_aggregation': 'median', 'n_repeats': 1}"
semif_qwen35_4b,Qwen/Qwen3.5-4B@851bf6e806efd8d0a36b00ddf55e13ccb7b8cd0a,sequential_bayes__seed_000058__repr_direct,sequential_bayes__seed_000058,sequential_bayes,6,direct,"(0,0.01)","{'parameters': {'conditional_independence': 'Evidence items are conditionally independent given H or not_H.', 'evidence_sequence': [{'E_given_H': 0.563625, 'E_given_not_H': 0.328919}, {'E_given_H': 0.816449, 'E_given_not_H': 0.498419}, {'E_given_H': 0.940724, 'E_given_not_H': 0.681408}, {'E_given_H': 0.013363, 'E_given_not_H': 0.757399}, {'E_given_H': 0.145011, 'E_given_not_H': 0.927249}], 'observed_prefix_length': 5, 'posterior_trajectory': [0.448231, 0.5819435213764701, 0.6951441561018219, 0.7589202242149086, 0.05261861763270556, 0.008611190063057283], 'prior_H': 0.448231}, 'posterior_trajectory': [0.448231, 0.5819435213764701, 0.6951441561018219, 0.7589202242149086, 0.05261861763270556, 0.008611190063057283]}","{'H': 0.008611190063057283, 'not_H': 0.9913888099369427}","{'H': 0.5312093733737563, 'not_H': 0.46879062662624377}","{'tv': 0.522598183310699, 'mae_binary': 0.522598183310699, 'rmse_binary': 0.522598183310699, 'brier_regret': 0.5462177223992858, 'kl': 0.7070050667040169}",H,not_H,False,188.00761690363288,median,median,1,"{'std_H': 0.0, 'std_not_H': 0.0}",,{},"{'repeat_aggregation': 'median', 'n_repeats': 1}"
semif_qwen35_4b,Qwen/Qwen3.5-4B@851bf6e806efd8d0a36b00ddf55e13ccb7b8cd0a,sequential_bayes__seed_000058__repr_prose,sequential_bayes__seed_000058,sequential_bayes,6,prose,"(0,0.01)","{'parameters': {'conditional_independence': 'Evidence items are conditionally independent given H or not_H.', 'evidence_sequence': [{'E_given_H': 0.563625, 'E_given_not_H': 0.328919}, {'E_given_H': 0.816449, 'E_given_not_H': 0.498419}, {'E_given_H': 0.940724, 'E_given_not_H': 0.681408}, {'E_given_H': 0.013363, 'E_given_not_H': 0.757399}, {'E_given_H': 0.145011, 'E_given_not_H': 0.927249}], 'observed_prefix_length': 5, 'posterior_trajectory': [0.448231, 0.5819435213764701, 0.6951441561018219, 0.7589202242149086, 0.05261861763270556, 0.008611190063057283], 'prior_H': 0.448231}, 'posterior_trajectory': [0.448231, 0.5819435213764701, 0.6951441561018219, 0.7589202242149086, 0.05261861763270556, 0.008611190063057283]}","{'H': 0.008611190063057283, 'not_H': 0.9913888099369427}","{'H': 0.8354835371034369, 'not_H': 0.1645164628965632}","{'tv': 0.8268723470403796, 'mae_binary': 0.8268723470403796, 'rmse_binary': 0.8268723470403796, 'brier_regret': 1.3674357566001318, 'kl': 1.741233881677921}",H,not_H,False,208.16494803875685,median,median,1,"{'std_H': 0.0, 'std_not_H': 0.0}",,{},"{'repeat_aggregation': 'median', 'n_repeats': 1}"
semif_qwen35_4b,Qwen/Qwen3.5-4B@851bf6e806efd8d0a36b00ddf55e13ccb7b8cd0a,sequential_bayes__seed_000058__repr_table,sequential_bayes__seed_000058,sequential_bayes,6,table,"(0,0.01)","{'parameters': {'conditional_independence': 'Evidence items are conditionally independent given H or not_H.', 'evidence_sequence': [{'E_given_H': 0.563625, 'E_given_not_H': 0.328919}, {'E_given_H': 0.816449, 'E_given_not_H': 0.498419}, {'E_given_H': 0.940724, 'E_given_not_H': 0.681408}, {'E_given_H': 0.013363, 'E_given_not_H': 0.757399}, {'E_given_H': 0.145011, 'E_given_not_H': 0.927249}], 'observed_prefix_length': 5, 'posterior_trajectory': [0.448231, 0.5819435213764701, 0.6951441561018219, 0.7589202242149086, 0.05261861763270556, 0.008611190063057283], 'prior_H': 0.448231}, 'posterior_trajectory': [0.448231, 0.5819435213764701, 0.6951441561018219, 0.7589202242149086, 0.05261861763270556, 0.008611190063057283]}","{'H': 0.008611190063057283, 'not_H': 0.9913888099369427}","{'H': 0.5, 'not_H': 0.5}","{'tv': 0.49138880993694267, 'mae_binary': 0.4913888099369427, 'rmse_binary': 0.4913888099369427, 'brier_regret': 0.4829259250624896, 'kl': 0.6436296107046753}",not_H,not_H,True,254.17183199897408,median,median,1,"{'std_H': 0.0, 'std_not_H': 0.0}",,{},"{'repeat_aggregation': 'median', 'n_repeats': 1}"
semif_qwen35_4b,Qwen/Qwen3.5-4B@851bf6e806efd8d0a36b00ddf55e13ccb7b8cd0a,sequential_bayes__seed_000059__repr_direct,sequential_bayes__seed_000059,sequential_bayes,6,direct,"[0.01,0.10]","{'parameters': {'conditional_independence': 'Evidence items are conditionally independent given H or not_H.', 'evidence_sequence': [{'E_given_H': 0.837044, 'E_given_not_H': 0.496548}, {'E_given_H': 0.931117, 'E_given_not_H': 0.572808}, {'E_given_H': 0.053668, 'E_given_not_H': 0.816594}, {'E_given_H': 0.231918, 'E_given_not_H': 0.961978}], 'observed_prefix_length': 4, 'posterior_trajectory': [0.479732, 0.6085163509914692, 0.7164488634677464, 0.1424106338677888, 0.03849325907238422], 'prior_H': 0.479732}, 'posterior_trajectory': [0.479732, 0.6085163509914692, 0.7164488634677464, 0.1424106338677888, 0.03849325907238422]}","{'H': 0.03849325907238422, 'not_H': 0.9615067409276158}","{'H': 0.679178699175393, 'not_H': 0.32082130082460697}","{'tv': 0.6406854401030089, 'mae_binary': 0.6406854401030088, 'rmse_binary': 0.6406854401030088, 'brier_regret': 0.8209556663199722, 'kl': 0.9448753412090414}",H,not_H,False,177.94615821912885,median,median,1,"{'std_H': 0.0, 'std_not_H': 0.0}",,{},"{'repeat_aggregation': 'median', 'n_repeats': 1}"
semif_qwen35_4b,Qwen/Qwen3.5-4B@851bf6e806efd8d0a36b00ddf55e13ccb7b8cd0a,sequential_bayes__seed_000059__repr_prose,sequential_bayes__seed_000059,sequential_bayes,6,prose,"[0.01,0.10]","{'parameters': {'conditional_independence': 'Evidence items are conditionally independent given H or not_H.', 'evidence_sequence': [{'E_given_H': 0.837044, 'E_given_not_H': 0.496548}, {'E_given_H': 0.931117, 'E_given_not_H': 0.572808}, {'E_given_H': 0.053668, 'E_given_not_H': 0.816594}, {'E_given_H': 0.231918, 'E_given_not_H': 0.961978}], 'observed_prefix_length': 4, 'posterior_trajectory': [0.479732, 0.6085163509914692, 0.7164488634677464, 0.1424106338677888, 0.03849325907238422], 'prior_H': 0.479732}, 'posterior_trajectory': [0.479732, 0.6085163509914692, 0.7164488634677464, 0.1424106338677888, 0.03849325907238422]}","{'H': 0.03849325907238422, 'not_H': 0.9615067409276158}","{'H': 0.9796676466573412, 'not_H': 0.020332353342658753}","{'tv': 0.941174387584957, 'mae_binary': 0.941174387584957, 'rmse_binary': 0.941174387584957, 'brier_regret': 1.7716184556918377, 'kl': 3.5832548013940375}",H,not_H,False,188.08076810091734,median,median,1,"{'std_H': 0.0, 'std_not_H': 0.0}",,{},"{'repeat_aggregation': 'median', 'n_repeats': 1}"
semif_qwen35_4b,Qwen/Qwen3.5-4B@851bf6e806efd8d0a36b00ddf55e13ccb7b8cd0a,sequential_bayes__seed_000059__repr_table,sequential_bayes__seed_000059,sequential_bayes,6,table,"[0.01,0.10]","{'parameters': {'conditional_independence': 'Evidence items are conditionally independent given H or not_H.', 'evidence_sequence': [{'E_given_H': 0.837044, 'E_given_not_H': 0.496548}, {'E_given_H': 0.931117, 'E_given_not_H': 0.572808}, {'E_given_H': 0.053668, 'E_given_not_H': 0.816594}, {'E_given_H': 0.231918, 'E_given_not_H': 0.961978}], 'observed_prefix_length': 4, 'posterior_trajectory': [0.479732, 0.6085163509914692, 0.7164488634677464, 0.1424106338677888, 0.03849325907238422], 'prior_H': 0.479732}, 'posterior_trajectory': [0.479732, 0.6085163509914692, 0.7164488634677464, 0.1424106338677888, 0.03849325907238422]}","{'H': 0.03849325907238422, 'not_H': 0.9615067409276158}","{'H': 0.5926665999540697, 'not_H': 0.4073334000459302}","{'tv': 0.5541733408816856, 'mae_binary': 0.5541733408816855, 'rmse_binary': 0.5541733408816855, 'brier_regret': 0.6142161834879376, 'kl': 0.7205625713861254}",H,not_H,False,229.83746696263552,median,median,1,"{'std_H': 0.0, 'std_not_H': 0.0}",,{},"{'repeat_aggregation': 'median', 'n_repeats': 1}"
semif_qwen35_4b,Qwen/Qwen3.5-4B@851bf6e806efd8d0a36b00ddf55e13ccb7b8cd0a,sequential_bayes__seed_000060__repr_direct,sequential_bayes__seed_000060,sequential_bayes,6,direct,"(0.10,0.30]","{'parameters': {'conditional_independence': 'Evidence items are conditionally independent given H or not_H.', 'evidence_sequence': [{'E_given_H': 0.939675, 'E_given_not_H': 0.667868}, {'E_given_H': 0.01395, 'E_given_not_H': 0.793417}, {'E_given_H': 0.196268, 'E_given_not_H': 0.914188}, {'E_given_H': 0.328341, 'E_given_not_H': 0.022257}], 'observed_prefix_length': 4, 'posterior_trajectory': [0.59555, 0.6744542302135247, 0.035145908606276956, 0.007759683052744734, 0.10343497142093172], 'prior_H': 0.59555}, 'posterior_trajectory': [0.59555, 0.6744542302135247, 0.035145908606276956, 0.007759683052744734, 0.10343497142093172]}","{'H': 0.10343497142093172, 'not_H': 0.8965650285790683}","{'H': 0.6224593312018546, 'not_H': 0.37754066879814546}","{'tv': 0.5190243597809228, 'mae_binary': 0.5190243597809229, 'rmse_binary': 0.5190243597809229, 'brier_regret': 0.5387725720919936, 'kl': 0.5897940158431222}",H,not_H,False,174.57954492419958,median,median,1,"{'std_H': 0.0, 'std_not_H': 0.0}",,{},"{'repeat_aggregation': 'median', 'n_repeats': 1}"
semif_qwen35_4b,Qwen/Qwen3.5-4B@851bf6e806efd8d0a36b00ddf55e13ccb7b8cd0a,sequential_bayes__seed_000060__repr_prose,sequential_bayes__seed_000060,sequential_bayes,6,prose,"(0.10,0.30]","{'parameters': {'conditional_independence': 'Evidence items are conditionally independent given H or not_H.', 'evidence_sequence': [{'E_given_H': 0.939675, 'E_given_not_H': 0.667868}, {'E_given_H': 0.01395, 'E_given_not_H': 0.793417}, {'E_given_H': 0.196268, 'E_given_not_H': 0.914188}, {'E_given_H': 0.328341, 'E_given_not_H': 0.022257}], 'observed_prefix_length': 4, 'posterior_trajectory': [0.59555, 0.6744542302135247, 0.035145908606276956, 0.007759683052744734, 0.10343497142093172], 'prior_H': 0.59555}, 'posterior_trajectory': [0.59555, 0.6744542302135247, 0.035145908606276956, 0.007759683052744734, 0.10343497142093172]}","{'H': 0.10343497142093172, 'not_H': 0.8965650285790683}","{'H': 0.9706877692486436, 'not_H': 0.029312230751356316}","{'tv': 0.8672527978277119, 'mae_binary': 0.8672527978277119, 'rmse_binary': 0.8672527978277119, 'brier_regret': 1.5042548306799883, 'kl': 2.8351625356728407}",H,not_H,False,186.65874935686588,median,median,1,"{'std_H': 0.0, 'std_not_H': 0.0}",,{},"{'repeat_aggregation': 'median', 'n_repeats': 1}"
semif_qwen35_4b,Qwen/Qwen3.5-4B@851bf6e806efd8d0a36b00ddf55e13ccb7b8cd0a,sequential_bayes__seed_000060__repr_table,sequential_bayes__seed_000060,sequential_bayes,6,table,"(0.10,0.30]","{'parameters': {'conditional_independence': 'Evidence items are conditionally independent given H or not_H.', 'evidence_sequence': [{'E_given_H': 0.939675, 'E_given_not_H': 0.667868}, {'E_given_H': 0.01395, 'E_given_not_H': 0.793417}, {'E_given_H': 0.196268, 'E_given_not_H': 0.914188}, {'E_given_H': 0.328341, 'E_given_not_H': 0.022257}], 'observed_prefix_length': 4, 'posterior_trajectory': [0.59555, 0.6744542302135247, 0.035145908606276956, 0.007759683052744734, 0.10343497142093172], 'prior_H': 0.59555}, 'posterior_trajectory': [0.59555, 0.6744542302135247, 0.035145908606276956, 0.007759683052744734, 0.10343497142093172]}","{'H': 0.10343497142093172, 'not_H': 0.8965650285790683}","{'H': 0.5621765008857981, 'not_H': 0.4378234991142019}","{'tv': 0.45874152946486635, 'mae_binary': 0.45874152946486635, 'rmse_binary': 0.45874152946486635, 'brier_regret': 0.42088758171152973, 'kl': 0.4675151943970922}",H,not_H,False,231.2983158044517,median,median,1,"{'std_H': 0.0, 'std_not_H': 0.0}",,{},"{'repeat_aggregation': 'median', 'n_repeats': 1}"
semif_qwen35_4b,Qwen/Qwen3.5-4B@851bf6e806efd8d0a36b00ddf55e13ccb7b8cd0a,sequential_bayes__seed_000061__repr_direct,sequential_bayes__seed_000061,sequential_bayes,6,direct,"(0.55,0.70]","{'parameters': {'conditional_independence': 'Evidence items are conditionally independent given H or not_H.', 'evidence_sequence': [{'E_given_H': 0.088961, 'E_given_not_H': 0.893826}, {'E_given_H': 0.12922, 'E_given_not_H': 0.986114}, {'E_given_H': 0.36327, 'E_given_not_H': 0.085042}, {'E_given_H': 0.527252, 'E_given_not_H': 0.126874}, {'E_given_H': 0.554853, 'E_given_not_H': 0.334595}, {'E_given_H': 0.748268, 'E_given_not_H': 0.515369}], 'observed_prefix_length': 6, 'posterior_trajectory': [0.772461, 0.2525509401362523, 0.04239890454210647, 0.159050792052575, 0.4400834170144869, 0.5658548933841624, 0.6542643257081491], 'prior_H': 0.772461}, 'posterior_trajectory': [0.772461, 0.2525509401362523, 0.04239890454210647, 0.159050792052575, 0.4400834170144869, 0.5658548933841624, 0.6542643257081491]}","{'H': 0.6542643257081491, 'not_H': 0.3457356742918509}","{'H': 0.7549149868676283, 'not_H': 0.24508501313237172}","{'tv': 0.1006506611594792, 'mae_binary': 0.10065066115947918, 'rmse_binary': 0.10065066115947918, 'brier_regret': 0.02026111118368059, 'kl': 0.02533595713972618}",H,H,True,212.74250699207187,median,median,1,"{'std_H': 0.0, 'std_not_H': 0.0}",,{},"{'repeat_aggregation': 'median', 'n_repeats': 1}"
semif_qwen35_4b,Qwen/Qwen3.5-4B@851bf6e806efd8d0a36b00ddf55e13ccb7b8cd0a,sequential_bayes__seed_000061__repr_prose,sequential_bayes__seed_000061,sequential_bayes,6,prose,"(0.55,0.70]","{'parameters': {'conditional_independence': 'Evidence items are conditionally independent given H or not_H.', 'evidence_sequence': [{'E_given_H': 0.088961, 'E_given_not_H': 0.893826}, {'E_given_H': 0.12922, 'E_given_not_H': 0.986114}, {'E_given_H': 0.36327, 'E_given_not_H': 0.085042}, {'E_given_H': 0.527252, 'E_given_not_H': 0.126874}, {'E_given_H': 0.554853, 'E_given_not_H': 0.334595}, {'E_given_H': 0.748268, 'E_given_not_H': 0.515369}], 'observed_prefix_length': 6, 'posterior_trajectory': [0.772461, 0.2525509401362523, 0.04239890454210647, 0.159050792052575, 0.4400834170144869, 0.5658548933841624, 0.6542643257081491], 'prior_H': 0.772461}, 'posterior_trajectory': [0.772461, 0.2525509401362523, 0.04239890454210647, 0.159050792052575, 0.4400834170144869, 0.5658548933841624, 0.6542643257081491]}","{'H': 0.6542643257081491, 'not_H': 0.3457356742918509}","{'H': 0.9820137900379085, 'not_H': 0.017986209962091555}","{'tv': 0.3277494643297594, 'mae_binary': 0.3277494643297594, 'rmse_binary': 0.3277494643297594, 'brier_regret': 0.21483942273688844, 'kl': 0.7563258123982926}",H,H,True,218.58179802075028,median,median,1,"{'std_H': 0.0, 'std_not_H': 0.0}",,{},"{'repeat_aggregation': 'median', 'n_repeats': 1}"
semif_qwen35_4b,Qwen/Qwen3.5-4B@851bf6e806efd8d0a36b00ddf55e13ccb7b8cd0a,sequential_bayes__seed_000061__repr_table,sequential_bayes__seed_000061,sequential_bayes,6,table,"(0.55,0.70]","{'parameters': {'conditional_independence': 'Evidence items are conditionally independent given H or not_H.', 'evidence_sequence': [{'E_given_H': 0.088961, 'E_given_not_H': 0.893826}, {'E_given_H': 0.12922, 'E_given_not_H': 0.986114}, {'E_given_H': 0.36327, 'E_given_not_H': 0.085042}, {'E_given_H': 0.527252, 'E_given_not_H': 0.126874}, {'E_given_H': 0.554853, 'E_given_not_H': 0.334595}, {'E_given_H': 0.748268, 'E_given_not_H': 0.515369}], 'observed_prefix_length': 6, 'posterior_trajectory': [0.772461, 0.2525509401362523, 0.04239890454210647, 0.159050792052575, 0.4400834170144869, 0.5658548933841624, 0.6542643257081491], 'prior_H': 0.772461}, 'posterior_trajectory': [0.772461, 0.2525509401362523, 0.04239890454210647, 0.159050792052575, 0.4400834170144869, 0.5658548933841624, 0.6542643257081491]}","{'H': 0.6542643257081491, 'not_H': 0.3457356742918509}","{'H': 0.5926665999540697, 'not_H': 0.4073334000459302}","{'tv': 0.06159772575407935, 'mae_binary': 0.0615977257540794, 'rmse_binary': 0.0615977257540794, 'brier_regret': 0.00758855963614954, 'kl': 0.008007329312363295}",H,H,True,278.01721589639783,median,median,1,"{'std_H': 0.0, 'std_not_H': 0.0}",,{},"{'repeat_aggregation': 'median', 'n_repeats': 1}"
