model,model_version,instance_id,latent_instance_id,family,difficulty,representation,probability_band,generator_metadata,gold_distribution,predicted_distribution,metrics,predicted_argmax,gold_argmax,argmax_correct,latency_ms,repeat_index,repeat_aggregation,n_repeats,prediction_std,error,raw_response,api_metadata
semif_qwen35_4b,Qwen/Qwen3.5-4B@851bf6e806efd8d0a36b00ddf55e13ccb7b8cd0a,bayes__seed_000042__repr_counts,bayes__seed_000042,bayes,5,counts,"[0.01,0.10]","{'parameters': {'likelihood_event': {'H': 0.439104, 'not_H': 0.774864}, 'observed_event': True, 'priors': {'H': 0.07458, 'not_H': 0.92542}}}","{'H': 0.04367480789658851, 'not_H': 0.9563251921034115}","{'H': 0.5312093733737563, 'not_H': 0.46879062662624377}","{'tv': 0.4875345654771678, 'mae_binary': 0.4875345654771678, 'rmse_binary': 0.4875345654771678, 'brier_regret': 0.47537990507002154, 'kl': 0.5726877001888789}",H,not_H,False,183.06482867337763,mean,mean,10,"{'std_H': 0.0, 'std_not_H': 0.0}",,{},"{'repeat_aggregation': 'mean', 'n_repeats': 10}"
semif_qwen35_4b,Qwen/Qwen3.5-4B@851bf6e806efd8d0a36b00ddf55e13ccb7b8cd0a,bayes__seed_000042__repr_direct,bayes__seed_000042,bayes,5,direct,"[0.01,0.10]","{'parameters': {'likelihood_event': {'H': 0.439104, 'not_H': 0.774864}, 'observed_event': True, 'priors': {'H': 0.07458, 'not_H': 0.92542}}}","{'H': 0.04367480789658851, 'not_H': 0.9563251921034115}","{'H': 0.7981867777396212, 'not_H': 0.20181322226037884}","{'tv': 0.7545119698430327, 'mae_binary': 0.7545119698430327, 'rmse_binary': 0.7545119698430327, 'brier_regret': 1.1385766252728269, 'kl': 1.3609078066026221}",H,not_H,False,187.67180447466671,mean,mean,10,"{'std_H': 0.0, 'std_not_H': 0.0}",,{},"{'repeat_aggregation': 'mean', 'n_repeats': 10}"
semif_qwen35_4b,Qwen/Qwen3.5-4B@851bf6e806efd8d0a36b00ddf55e13ccb7b8cd0a,bayes__seed_000042__repr_distractor,bayes__seed_000042,bayes,5,distractor,"[0.01,0.10]","{'parameters': {'likelihood_event': {'H': 0.439104, 'not_H': 0.774864}, 'observed_event': True, 'priors': {'H': 0.07458, 'not_H': 0.92542}}}","{'H': 0.04367480789658851, 'not_H': 0.9563251921034115}","{'H': 0.7981867777396212, 'not_H': 0.20181322226037884}","{'tv': 0.7545119698430327, 'mae_binary': 0.7545119698430327, 'rmse_binary': 0.7545119698430327, 'brier_regret': 1.1385766252728269, 'kl': 1.3609078066026221}",H,not_H,False,207.9264361411333,mean,mean,10,"{'std_H': 0.0, 'std_not_H': 0.0}",,{},"{'repeat_aggregation': 'mean', 'n_repeats': 10}"
semif_qwen35_4b,Qwen/Qwen3.5-4B@851bf6e806efd8d0a36b00ddf55e13ccb7b8cd0a,bayes__seed_000042__repr_prose,bayes__seed_000042,bayes,5,prose,"[0.01,0.10]","{'parameters': {'likelihood_event': {'H': 0.439104, 'not_H': 0.774864}, 'observed_event': True, 'priors': {'H': 0.07458, 'not_H': 0.92542}}}","{'H': 0.04367480789658851, 'not_H': 0.9563251921034115}","{'H': 0.8933094060543487, 'not_H': 0.1066905939456512}","{'tv': 0.8496345981577602, 'mae_binary': 0.8496345981577602, 'rmse_binary': 0.8496345981577602, 'brier_regret': 1.4437579007733976, 'kl': 1.965561327850102}",H,not_H,False,210.5301085859537,mean,mean,10,"{'std_H': 0.0, 'std_not_H': 0.0}",,{},"{'repeat_aggregation': 'mean', 'n_repeats': 10}"
semif_qwen35_4b,Qwen/Qwen3.5-4B@851bf6e806efd8d0a36b00ddf55e13ccb7b8cd0a,bayes__seed_000042__repr_table,bayes__seed_000042,bayes,5,table,"[0.01,0.10]","{'parameters': {'likelihood_event': {'H': 0.439104, 'not_H': 0.774864}, 'observed_event': True, 'priors': {'H': 0.07458, 'not_H': 0.92542}}}","{'H': 0.04367480789658851, 'not_H': 0.9563251921034115}","{'H': 0.7057850278370112, 'not_H': 0.29421497216298875}","{'tv': 0.6621102199404227, 'mae_binary': 0.6621102199404227, 'rmse_binary': 0.6621102199404227, 'brier_regret': 0.87677988669911, 'kl': 1.0057771399543243}",H,not_H,False,218.77953871153295,mean,mean,10,"{'std_H': 0.0, 'std_not_H': 0.0}",,{},"{'repeat_aggregation': 'mean', 'n_repeats': 10}"
semif_qwen35_4b,Qwen/Qwen3.5-4B@851bf6e806efd8d0a36b00ddf55e13ccb7b8cd0a,bayes__seed_000045__repr_counts,bayes__seed_000045,bayes,5,counts,"(0.70,0.90]","{'parameters': {'likelihood_event': {'H': 0.780272, 'not_H': 0.101396}, 'observed_event': True, 'priors': {'H': 0.480479, 'not_H': 0.519521}}}","{'H': 0.8768016590833436, 'not_H': 0.12319834091665638}","{'H': 0.9525741268224334, 'not_H': 0.04742587317756679}","{'tv': 0.07577246773908966, 'mae_binary': 0.07577246773908974, 'rmse_binary': 0.07577246773908974, 'brier_regret': 0.011482933734542768, 'kl': 0.0449329800695098}",H,H,True,182.72877158597112,mean,mean,10,"{'std_H': 0.0, 'std_not_H': 0.0}",,{},"{'repeat_aggregation': 'mean', 'n_repeats': 10}"
semif_qwen35_4b,Qwen/Qwen3.5-4B@851bf6e806efd8d0a36b00ddf55e13ccb7b8cd0a,bayes__seed_000045__repr_direct,bayes__seed_000045,bayes,5,direct,"(0.70,0.90]","{'parameters': {'likelihood_event': {'H': 0.780272, 'not_H': 0.101396}, 'observed_event': True, 'priors': {'H': 0.480479, 'not_H': 0.519521}}}","{'H': 0.8768016590833436, 'not_H': 0.12319834091665638}","{'H': 0.9241418199787566, 'not_H': 0.07585818002124356}","{'tv': 0.047340160895412875, 'mae_binary': 0.04734016089541293, 'rmse_binary': 0.04734016089541293, 'brier_regret': 0.004482181667207157, 'kl': 0.013636192329989201}",H,H,True,186.3438277039677,mean,mean,10,"{'std_H': 0.0, 'std_not_H': 0.0}",,{},"{'repeat_aggregation': 'mean', 'n_repeats': 10}"
semif_qwen35_4b,Qwen/Qwen3.5-4B@851bf6e806efd8d0a36b00ddf55e13ccb7b8cd0a,bayes__seed_000045__repr_distractor,bayes__seed_000045,bayes,5,distractor,"(0.70,0.90]","{'parameters': {'likelihood_event': {'H': 0.780272, 'not_H': 0.101396}, 'observed_event': True, 'priors': {'H': 0.480479, 'not_H': 0.519521}}}","{'H': 0.8768016590833436, 'not_H': 0.12319834091665638}","{'H': 0.9579122720843811, 'not_H': 0.04208772791561884}","{'tv': 0.08111061300103752, 'mae_binary': 0.0811106130010375, 'rmse_binary': 0.0811106130010375, 'brier_regret': 0.013157863082808152, 'kl': 0.05474450033943777}",H,H,True,213.3220243267715,mean,mean,10,"{'std_H': 0.0, 'std_not_H': 0.0}",,{},"{'repeat_aggregation': 'mean', 'n_repeats': 10}"
semif_qwen35_4b,Qwen/Qwen3.5-4B@851bf6e806efd8d0a36b00ddf55e13ccb7b8cd0a,bayes__seed_000045__repr_prose,bayes__seed_000045,bayes,5,prose,"(0.70,0.90]","{'parameters': {'likelihood_event': {'H': 0.780272, 'not_H': 0.101396}, 'observed_event': True, 'priors': {'H': 0.480479, 'not_H': 0.519521}}}","{'H': 0.8768016590833436, 'not_H': 0.12319834091665638}","{'H': 0.9525741268224334, 'not_H': 0.04742587317756679}","{'tv': 0.07577246773908966, 'mae_binary': 0.07577246773908974, 'rmse_binary': 0.07577246773908974, 'brier_regret': 0.011482933734542768, 'kl': 0.0449329800695098}",H,H,True,212.2266234830022,mean,mean,10,"{'std_H': 0.0, 'std_not_H': 0.0}",,{},"{'repeat_aggregation': 'mean', 'n_repeats': 10}"
semif_qwen35_4b,Qwen/Qwen3.5-4B@851bf6e806efd8d0a36b00ddf55e13ccb7b8cd0a,bayes__seed_000045__repr_table,bayes__seed_000045,bayes,5,table,"(0.70,0.90]","{'parameters': {'likelihood_event': {'H': 0.780272, 'not_H': 0.101396}, 'observed_event': True, 'priors': {'H': 0.480479, 'not_H': 0.519521}}}","{'H': 0.8768016590833436, 'not_H': 0.12319834091665638}","{'H': 0.9046505351008906, 'not_H': 0.0953494648991095}","{'tv': 0.027848876017546903, 'mae_binary': 0.02784887601754693, 'rmse_binary': 0.02784887601754693, 'brier_regret': 0.0015511197908813982, 'kl': 0.00415343172502269}",H,H,True,219.80567993596196,mean,mean,10,"{'std_H': 0.0, 'std_not_H': 0.0}",,{},"{'repeat_aggregation': 'mean', 'n_repeats': 10}"
semif_qwen35_4b,Qwen/Qwen3.5-4B@851bf6e806efd8d0a36b00ddf55e13ccb7b8cd0a,bayes__seed_000048__repr_counts,bayes__seed_000048,bayes,5,counts,"(0.70,0.90]","{'parameters': {'likelihood_event': {'H': 0.23861, 'not_H': 0.681894}, 'observed_event': True, 'priors': {'H': 0.933733, 'not_H': 0.06626699999999996}}}","{'H': 0.8313821568498233, 'not_H': 0.1686178431501767}","{'H': 0.9525741268224334, 'not_H': 0.04742587317756679}","{'tv': 0.12119196997260998, 'mae_binary': 0.12119196997261006, 'rmse_binary': 0.12119196997261006, 'brier_regret': 0.029374987171684, 'kl': 0.10075303774850006}",H,H,True,179.2772877495736,mean,mean,10,"{'std_H': 0.0, 'std_not_H': 0.0}",,{},"{'repeat_aggregation': 'mean', 'n_repeats': 10}"
semif_qwen35_4b,Qwen/Qwen3.5-4B@851bf6e806efd8d0a36b00ddf55e13ccb7b8cd0a,bayes__seed_000048__repr_direct,bayes__seed_000048,bayes,5,direct,"(0.70,0.90]","{'parameters': {'likelihood_event': {'H': 0.23861, 'not_H': 0.681894}, 'observed_event': True, 'priors': {'H': 0.933733, 'not_H': 0.06626699999999996}}}","{'H': 0.8313821568498233, 'not_H': 0.1686178431501767}","{'H': 0.8670357598021706, 'not_H': 0.13296424019782924}","{'tv': 0.03565360295234739, 'mae_binary': 0.03565360295234732, 'rmse_binary': 0.03565360295234732, 'brier_regret': 0.002542358806967269, 'kl': 0.0051456702364110485}",H,H,True,193.41604453511536,mean,mean,10,"{'std_H': 0.0, 'std_not_H': 0.0}",,{},"{'repeat_aggregation': 'mean', 'n_repeats': 10}"
semif_qwen35_4b,Qwen/Qwen3.5-4B@851bf6e806efd8d0a36b00ddf55e13ccb7b8cd0a,bayes__seed_000048__repr_distractor,bayes__seed_000048,bayes,5,distractor,"(0.70,0.90]","{'parameters': {'likelihood_event': {'H': 0.23861, 'not_H': 0.681894}, 'observed_event': True, 'priors': {'H': 0.933733, 'not_H': 0.06626699999999996}}}","{'H': 0.8313821568498233, 'not_H': 0.1686178431501767}","{'H': 0.9241418199787566, 'not_H': 0.07585818002124356}","{'tv': 0.09275966312893319, 'mae_binary': 0.09275966312893325, 'rmse_binary': 0.09275966312893325, 'brier_regret': 0.017208710207586336, 'kl': 0.04674649889221938}",H,H,True,212.82143923453987,mean,mean,10,"{'std_H': 0.0, 'std_not_H': 0.0}",,{},"{'repeat_aggregation': 'mean', 'n_repeats': 10}"
semif_qwen35_4b,Qwen/Qwen3.5-4B@851bf6e806efd8d0a36b00ddf55e13ccb7b8cd0a,bayes__seed_000048__repr_prose,bayes__seed_000048,bayes,5,prose,"(0.70,0.90]","{'parameters': {'likelihood_event': {'H': 0.23861, 'not_H': 0.681894}, 'observed_event': True, 'priors': {'H': 0.933733, 'not_H': 0.06626699999999996}}}","{'H': 0.8313821568498233, 'not_H': 0.1686178431501767}","{'H': 0.9149009549929797, 'not_H': 0.08509904500702024}","{'tv': 0.08351879814315644, 'mae_binary': 0.08351879814315644, 'rmse_binary': 0.08351879814315644, 'brier_regret': 0.013950779286554624, 'kl': 0.03571899968083651}",H,H,True,213.43189664185047,mean,mean,10,"{'std_H': 0.0, 'std_not_H': 0.0}",,{},"{'repeat_aggregation': 'mean', 'n_repeats': 10}"
semif_qwen35_4b,Qwen/Qwen3.5-4B@851bf6e806efd8d0a36b00ddf55e13ccb7b8cd0a,bayes__seed_000048__repr_table,bayes__seed_000048,bayes,5,table,"(0.70,0.90]","{'parameters': {'likelihood_event': {'H': 0.23861, 'not_H': 0.681894}, 'observed_event': True, 'priors': {'H': 0.933733, 'not_H': 0.06626699999999996}}}","{'H': 0.8313821568498233, 'not_H': 0.1686178431501767}","{'H': 0.7772998611746911, 'not_H': 0.22270013882530884}","{'tv': 0.05408229567513219, 'mae_binary': 0.05408229567513223, 'rmse_binary': 0.05408229567513223, 'brier_regret': 0.0058497894109848445, 'kl': 0.009013542007321858}",H,H,True,225.54334639571607,mean,mean,10,"{'std_H': 0.0, 'std_not_H': 0.0}",,{},"{'repeat_aggregation': 'mean', 'n_repeats': 10}"
semif_qwen35_4b,Qwen/Qwen3.5-4B@851bf6e806efd8d0a36b00ddf55e13ccb7b8cd0a,bayes__seed_000051__repr_counts,bayes__seed_000051,bayes,5,counts,"(0.90,0.99]","{'parameters': {'likelihood_event': {'H': 0.64129, 'not_H': 0.013968}, 'observed_event': True, 'priors': {'H': 0.410511, 'not_H': 0.5894889999999999}}}","{'H': 0.9696712044107276, 'not_H': 0.030328795589272373}","{'H': 0.9579122720843811, 'not_H': 0.04208772791561884}","{'tv': 0.011758932326346488, 'mae_binary': 0.011758932326346505, 'rmse_binary': 0.011758932326346505, 'brier_regret': 0.00027654497891119287, 'kl': 0.0018933223091172468}",H,H,True,180.38800596259534,mean,mean,10,"{'std_H': 0.0, 'std_not_H': 0.0}",,{},"{'repeat_aggregation': 'mean', 'n_repeats': 10}"
semif_qwen35_4b,Qwen/Qwen3.5-4B@851bf6e806efd8d0a36b00ddf55e13ccb7b8cd0a,bayes__seed_000051__repr_direct,bayes__seed_000051,bayes,5,direct,"(0.90,0.99]","{'parameters': {'likelihood_event': {'H': 0.64129, 'not_H': 0.013968}, 'observed_event': True, 'priors': {'H': 0.410511, 'not_H': 0.5894889999999999}}}","{'H': 0.9696712044107276, 'not_H': 0.030328795589272373}","{'H': 0.9149009549929797, 'not_H': 0.08509904500702024}","{'tv': 0.05477024941774788, 'mae_binary': 0.054770249417747885, 'rmse_binary': 0.054770249417747885, 'brier_regret': 0.005999560442564623, 'kl': 0.02508711186301394}",H,H,True,191.81853448972106,mean,mean,10,"{'std_H': 0.0, 'std_not_H': 0.0}",,{},"{'repeat_aggregation': 'mean', 'n_repeats': 10}"
semif_qwen35_4b,Qwen/Qwen3.5-4B@851bf6e806efd8d0a36b00ddf55e13ccb7b8cd0a,bayes__seed_000051__repr_distractor,bayes__seed_000051,bayes,5,distractor,"(0.90,0.99]","{'parameters': {'likelihood_event': {'H': 0.64129, 'not_H': 0.013968}, 'observed_event': True, 'priors': {'H': 0.410511, 'not_H': 0.5894889999999999}}}","{'H': 0.9696712044107276, 'not_H': 0.030328795589272373}","{'H': 0.9626731126558706, 'not_H': 0.037326887344129464}","{'tv': 0.006998091754857043, 'mae_binary': 0.006998091754856994, 'rmse_binary': 0.006998091754856994, 'brier_regret': 9.794657641879625e-05, 'kl': 0.0007267142164713901}",H,H,True,212.8603860270232,mean,mean,10,"{'std_H': 0.0, 'std_not_H': 0.0}",,{},"{'repeat_aggregation': 'mean', 'n_repeats': 10}"
semif_qwen35_4b,Qwen/Qwen3.5-4B@851bf6e806efd8d0a36b00ddf55e13ccb7b8cd0a,bayes__seed_000051__repr_prose,bayes__seed_000051,bayes,5,prose,"(0.90,0.99]","{'parameters': {'likelihood_event': {'H': 0.64129, 'not_H': 0.013968}, 'observed_event': True, 'priors': {'H': 0.410511, 'not_H': 0.5894889999999999}}}","{'H': 0.9696712044107276, 'not_H': 0.030328795589272373}","{'H': 0.9706877692486436, 'not_H': 0.029312230751356316}","{'tv': 0.0010165648379160345, 'mae_binary': 0.001016564837916012, 'rmse_binary': 0.001016564837916012, 'brier_regret': 2.0668081393745066e-06, 'kl': 1.7959698627137812e-05}",H,H,True,215.1540159713477,mean,mean,10,"{'std_H': 0.0, 'std_not_H': 0.0}",,{},"{'repeat_aggregation': 'mean', 'n_repeats': 10}"
semif_qwen35_4b,Qwen/Qwen3.5-4B@851bf6e806efd8d0a36b00ddf55e13ccb7b8cd0a,bayes__seed_000051__repr_table,bayes__seed_000051,bayes,5,table,"(0.90,0.99]","{'parameters': {'likelihood_event': {'H': 0.64129, 'not_H': 0.013968}, 'observed_event': True, 'priors': {'H': 0.410511, 'not_H': 0.5894889999999999}}}","{'H': 0.9696712044107276, 'not_H': 0.030328795589272373}","{'H': 0.9149009549929797, 'not_H': 0.08509904500702024}","{'tv': 0.05477024941774788, 'mae_binary': 0.054770249417747885, 'rmse_binary': 0.054770249417747885, 'brier_regret': 0.005999560442564623, 'kl': 0.02508711186301394}",H,H,True,223.58357785269618,mean,mean,10,"{'std_H': 0.0, 'std_not_H': 0.0}",,{},"{'repeat_aggregation': 'mean', 'n_repeats': 10}"
semif_qwen35_4b,Qwen/Qwen3.5-4B@851bf6e806efd8d0a36b00ddf55e13ccb7b8cd0a,bayes__seed_000054__repr_counts,bayes__seed_000054,bayes,5,counts,"(0.30,0.45]","{'parameters': {'likelihood_event': {'H': 0.0912, 'not_H': 0.543916}, 'observed_event': True, 'priors': {'H': 0.808057, 'not_H': 0.19194299999999997}}}","{'H': 0.4137933255962194, 'not_H': 0.5862066744037806}","{'H': 0.7772998611746911, 'not_H': 0.22270013882530884}","{'tv': 0.36350653557847173, 'mae_binary': 0.3635065355784717, 'rmse_binary': 0.3635065355784717, 'brier_regret': 0.26427400281652547, 'kl': 0.30647795307127185}",H,not_H,False,181.71780332922935,mean,mean,10,"{'std_H': 0.0, 'std_not_H': 0.0}",,{},"{'repeat_aggregation': 'mean', 'n_repeats': 10}"
semif_qwen35_4b,Qwen/Qwen3.5-4B@851bf6e806efd8d0a36b00ddf55e13ccb7b8cd0a,bayes__seed_000054__repr_direct,bayes__seed_000054,bayes,5,direct,"(0.30,0.45]","{'parameters': {'likelihood_event': {'H': 0.0912, 'not_H': 0.543916}, 'observed_event': True, 'priors': {'H': 0.808057, 'not_H': 0.19194299999999997}}}","{'H': 0.4137933255962194, 'not_H': 0.5862066744037806}","{'H': 0.8807970779778824, 'not_H': 0.11920292202211755}","{'tv': 0.46700375238166303, 'mae_binary': 0.46700375238166303, 'rmse_binary': 0.46700375238166303, 'brier_regret': 0.43618500947710726, 'kl': 0.621131888571707}",H,not_H,False,191.8754987884313,mean,mean,10,"{'std_H': 0.0, 'std_not_H': 0.0}",,{},"{'repeat_aggregation': 'mean', 'n_repeats': 10}"
semif_qwen35_4b,Qwen/Qwen3.5-4B@851bf6e806efd8d0a36b00ddf55e13ccb7b8cd0a,bayes__seed_000054__repr_distractor,bayes__seed_000054,bayes,5,distractor,"(0.30,0.45]","{'parameters': {'likelihood_event': {'H': 0.0912, 'not_H': 0.543916}, 'observed_event': True, 'priors': {'H': 0.808057, 'not_H': 0.19194299999999997}}}","{'H': 0.4137933255962194, 'not_H': 0.5862066744037806}","{'H': 0.9399133498259925, 'not_H': 0.06008665017400762}","{'tv': 0.526120024229773, 'mae_binary': 0.5261200242297731, 'rmse_binary': 0.5261200242297731, 'brier_regret': 0.5536045597910739, 'kl': 0.9958264723347686}",H,not_H,False,212.2241221833974,mean,mean,10,"{'std_H': 0.0, 'std_not_H': 0.0}",,{},"{'repeat_aggregation': 'mean', 'n_repeats': 10}"
semif_qwen35_4b,Qwen/Qwen3.5-4B@851bf6e806efd8d0a36b00ddf55e13ccb7b8cd0a,bayes__seed_000054__repr_prose,bayes__seed_000054,bayes,5,prose,"(0.30,0.45]","{'parameters': {'likelihood_event': {'H': 0.0912, 'not_H': 0.543916}, 'observed_event': True, 'priors': {'H': 0.808057, 'not_H': 0.19194299999999997}}}","{'H': 0.4137933255962194, 'not_H': 0.5862066744037806}","{'H': 0.8175744761936435, 'not_H': 0.18242552380635632}","{'tv': 0.4037811505974242, 'mae_binary': 0.40378115059742414, 'rmse_binary': 0.40378115059742414, 'brier_regret': 0.32607843515555957, 'kl': 0.40251381830959665}",H,not_H,False,215.15032779425383,mean,mean,10,"{'std_H': 0.0, 'std_not_H': 0.0}",,{},"{'repeat_aggregation': 'mean', 'n_repeats': 10}"
semif_qwen35_4b,Qwen/Qwen3.5-4B@851bf6e806efd8d0a36b00ddf55e13ccb7b8cd0a,bayes__seed_000054__repr_table,bayes__seed_000054,bayes,5,table,"(0.30,0.45]","{'parameters': {'likelihood_event': {'H': 0.0912, 'not_H': 0.543916}, 'observed_event': True, 'priors': {'H': 0.808057, 'not_H': 0.19194299999999997}}}","{'H': 0.4137933255962194, 'not_H': 0.5862066744037806}","{'H': 0.8354835371034369, 'not_H': 0.1645164628965632}","{'tv': 0.42169021150721747, 'mae_binary': 0.4216902115072175, 'rmse_binary': 0.4216902115072175, 'brier_regret': 0.35564526896200366, 'kl': 0.45412101001297545}",H,not_H,False,223.9419408608228,mean,mean,10,"{'std_H': 0.0, 'std_not_H': 0.0}",,{},"{'repeat_aggregation': 'mean', 'n_repeats': 10}"
semif_qwen35_4b,Qwen/Qwen3.5-4B@851bf6e806efd8d0a36b00ddf55e13ccb7b8cd0a,bayes__seed_000057__repr_counts,bayes__seed_000057,bayes,5,counts,"(0.10,0.30]","{'parameters': {'likelihood_event': {'H': 0.457145, 'not_H': 0.937508}, 'observed_event': True, 'priors': {'H': 0.226962, 'not_H': 0.773038}}}","{'H': 0.12523423738446504, 'not_H': 0.874765762615535}","{'H': 0.5926665999540697, 'not_H': 0.4073334000459302}","{'tv': 0.4674323625696047, 'mae_binary': 0.46743236256960463, 'rmse_binary': 0.46743236256960463, 'brier_regret': 0.4369860271548047, 'kl': 0.47393470964761675}",H,not_H,False,182.84289622679353,mean,mean,10,"{'std_H': 0.0, 'std_not_H': 0.0}",,{},"{'repeat_aggregation': 'mean', 'n_repeats': 10}"
semif_qwen35_4b,Qwen/Qwen3.5-4B@851bf6e806efd8d0a36b00ddf55e13ccb7b8cd0a,bayes__seed_000057__repr_direct,bayes__seed_000057,bayes,5,direct,"(0.10,0.30]","{'parameters': {'likelihood_event': {'H': 0.457145, 'not_H': 0.937508}, 'observed_event': True, 'priors': {'H': 0.226962, 'not_H': 0.773038}}}","{'H': 0.12523423738446504, 'not_H': 0.874765762615535}","{'H': 0.8519528019683106, 'not_H': 0.1480471980316895}","{'tv': 0.7267185645838454, 'mae_binary': 0.7267185645838455, 'rmse_binary': 0.7267185645838455, 'brier_regret': 1.0562397442216096, 'kl': 1.3138385195422242}",H,not_H,False,186.7624355480075,mean,mean,10,"{'std_H': 0.0, 'std_not_H': 0.0}",,{},"{'repeat_aggregation': 'mean', 'n_repeats': 10}"
semif_qwen35_4b,Qwen/Qwen3.5-4B@851bf6e806efd8d0a36b00ddf55e13ccb7b8cd0a,bayes__seed_000057__repr_distractor,bayes__seed_000057,bayes,5,distractor,"(0.10,0.30]","{'parameters': {'likelihood_event': {'H': 0.457145, 'not_H': 0.937508}, 'observed_event': True, 'priors': {'H': 0.226962, 'not_H': 0.773038}}}","{'H': 0.12523423738446504, 'not_H': 0.874765762615535}","{'H': 0.8519528019683106, 'not_H': 0.1480471980316895}","{'tv': 0.7267185645838454, 'mae_binary': 0.7267185645838455, 'rmse_binary': 0.7267185645838455, 'brier_regret': 1.0562397442216096, 'kl': 1.3138385195422242}",H,not_H,False,212.70357980392873,mean,mean,10,"{'std_H': 0.0, 'std_not_H': 0.0}",,{},"{'repeat_aggregation': 'mean', 'n_repeats': 10}"
semif_qwen35_4b,Qwen/Qwen3.5-4B@851bf6e806efd8d0a36b00ddf55e13ccb7b8cd0a,bayes__seed_000057__repr_prose,bayes__seed_000057,bayes,5,prose,"(0.10,0.30]","{'parameters': {'likelihood_event': {'H': 0.457145, 'not_H': 0.937508}, 'observed_event': True, 'priors': {'H': 0.226962, 'not_H': 0.773038}}}","{'H': 0.12523423738446504, 'not_H': 0.874765762615535}","{'H': 0.8354835371034369, 'not_H': 0.1645164628965632}","{'tv': 0.7102492997189718, 'mae_binary': 0.7102492997189719, 'rmse_binary': 0.7102492997189719, 'brier_regret': 1.0089081355025797, 'kl': 1.2240132841628544}",H,not_H,False,211.8851047474891,mean,mean,10,"{'std_H': 0.0, 'std_not_H': 0.0}",,{},"{'repeat_aggregation': 'mean', 'n_repeats': 10}"
semif_qwen35_4b,Qwen/Qwen3.5-4B@851bf6e806efd8d0a36b00ddf55e13ccb7b8cd0a,bayes__seed_000057__repr_table,bayes__seed_000057,bayes,5,table,"(0.10,0.30]","{'parameters': {'likelihood_event': {'H': 0.457145, 'not_H': 0.937508}, 'observed_event': True, 'priors': {'H': 0.226962, 'not_H': 0.773038}}}","{'H': 0.12523423738446504, 'not_H': 0.874765762615535}","{'H': 0.7772998611746911, 'not_H': 0.22270013882530884}","{'tv': 0.652065623790226, 'mae_binary': 0.652065623790226, 'rmse_binary': 0.652065623790226, 'brier_regret': 0.8503791554578733, 'kl': 0.9681605691417428}",H,not_H,False,220.02149051986635,mean,mean,10,"{'std_H': 0.0, 'std_not_H': 0.0}",,{},"{'repeat_aggregation': 'mean', 'n_repeats': 10}"
semif_qwen35_4b,Qwen/Qwen3.5-4B@851bf6e806efd8d0a36b00ddf55e13ccb7b8cd0a,bayes__seed_000060__repr_counts,bayes__seed_000060,bayes,5,counts,"(0.70,0.90]","{'parameters': {'likelihood_event': {'H': 0.915819, 'not_H': 0.310132}, 'observed_event': True, 'priors': {'H': 0.59555, 'not_H': 0.40445}}}","{'H': 0.8130236350735895, 'not_H': 0.18697636492641045}","{'H': 0.9525741268224334, 'not_H': 0.04742587317756679}","{'tv': 0.13955049174884374, 'mae_binary': 0.13955049174884382, 'rmse_binary': 0.13955049174884382, 'brier_regret': 0.03894867949468821, 'kl': 0.12770760725801752}",H,H,True,183.34620911628008,mean,mean,10,"{'std_H': 0.0, 'std_not_H': 0.0}",,{},"{'repeat_aggregation': 'mean', 'n_repeats': 10}"
semif_qwen35_4b,Qwen/Qwen3.5-4B@851bf6e806efd8d0a36b00ddf55e13ccb7b8cd0a,bayes__seed_000060__repr_direct,bayes__seed_000060,bayes,5,direct,"(0.70,0.90]","{'parameters': {'likelihood_event': {'H': 0.915819, 'not_H': 0.310132}, 'observed_event': True, 'priors': {'H': 0.59555, 'not_H': 0.40445}}}","{'H': 0.8130236350735895, 'not_H': 0.18697636492641045}","{'H': 0.9046505351008906, 'not_H': 0.0953494648991095}","{'tv': 0.09162690002730098, 'mae_binary': 0.091626900027301, 'rmse_binary': 0.091626900027301, 'brier_regret': 0.016790977617226015, 'kl': 0.039094540906214836}",H,H,True,186.87191810458899,mean,mean,10,"{'std_H': 0.0, 'std_not_H': 0.0}",,{},"{'repeat_aggregation': 'mean', 'n_repeats': 10}"
semif_qwen35_4b,Qwen/Qwen3.5-4B@851bf6e806efd8d0a36b00ddf55e13ccb7b8cd0a,bayes__seed_000060__repr_distractor,bayes__seed_000060,bayes,5,distractor,"(0.70,0.90]","{'parameters': {'likelihood_event': {'H': 0.915819, 'not_H': 0.310132}, 'observed_event': True, 'priors': {'H': 0.59555, 'not_H': 0.40445}}}","{'H': 0.8130236350735895, 'not_H': 0.18697636492641045}","{'H': 0.9465966702001756, 'not_H': 0.05340332979982423}","{'tv': 0.13357303512658614, 'mae_binary': 0.13357303512658603, 'rmse_binary': 0.13357303512658603, 'brier_regret': 0.03568351142585642, 'kl': 0.11063038922655256}",H,H,True,211.54629276134074,mean,mean,10,"{'std_H': 0.0, 'std_not_H': 0.0}",,{},"{'repeat_aggregation': 'mean', 'n_repeats': 10}"
semif_qwen35_4b,Qwen/Qwen3.5-4B@851bf6e806efd8d0a36b00ddf55e13ccb7b8cd0a,bayes__seed_000060__repr_prose,bayes__seed_000060,bayes,5,prose,"(0.70,0.90]","{'parameters': {'likelihood_event': {'H': 0.915819, 'not_H': 0.310132}, 'observed_event': True, 'priors': {'H': 0.59555, 'not_H': 0.40445}}}","{'H': 0.8130236350735895, 'not_H': 0.18697636492641045}","{'H': 0.9740426428022031, 'not_H': 0.02595735719779685}","{'tv': 0.16101900772861358, 'mae_binary': 0.16101900772861355, 'rmse_binary': 0.16101900772861355, 'brier_regret': 0.05185424169981463, 'kl': 0.22228067895015743}",H,H,True,209.55360219813883,mean,mean,10,"{'std_H': 0.0, 'std_not_H': 0.0}",,{},"{'repeat_aggregation': 'mean', 'n_repeats': 10}"
semif_qwen35_4b,Qwen/Qwen3.5-4B@851bf6e806efd8d0a36b00ddf55e13ccb7b8cd0a,bayes__seed_000060__repr_table,bayes__seed_000060,bayes,5,table,"(0.70,0.90]","{'parameters': {'likelihood_event': {'H': 0.915819, 'not_H': 0.310132}, 'observed_event': True, 'priors': {'H': 0.59555, 'not_H': 0.40445}}}","{'H': 0.8130236350735895, 'not_H': 0.18697636492641045}","{'H': 0.9046505351008906, 'not_H': 0.0953494648991095}","{'tv': 0.09162690002730098, 'mae_binary': 0.091626900027301, 'rmse_binary': 0.091626900027301, 'brier_regret': 0.016790977617226015, 'kl': 0.039094540906214836}",H,H,True,218.94087679684162,mean,mean,10,"{'std_H': 0.0, 'std_not_H': 0.0}",,{},"{'repeat_aggregation': 'mean', 'n_repeats': 10}"
semif_qwen35_4b,Qwen/Qwen3.5-4B@851bf6e806efd8d0a36b00ddf55e13ccb7b8cd0a,compound__seed_000042__repr_direct,compound__seed_000042,compound,3,direct,"(0.90,0.99]","{'parameters': {'p_A': 0.07458, 'query': 'not_A', 'subtask': 'complement'}}","{'not_target': 0.07457999999999998, 'target': 0.92542}","{'not_target': 0.679178699175393, 'target': 0.32082130082460697}","{'tv': 0.6045986991753931, 'mae_binary': 0.604598699175393, 'rmse_binary': 0.604598699175393, 'brier_regret': 0.7310791740891549, 'kl': 0.81560798474734}",not_target,target,False,170.4471763689071,mean,mean,10,"{'std_not_target': 0.0, 'std_target': 0.0}",,{},"{'repeat_aggregation': 'mean', 'n_repeats': 10}"
semif_qwen35_4b,Qwen/Qwen3.5-4B@851bf6e806efd8d0a36b00ddf55e13ccb7b8cd0a,compound__seed_000042__repr_prose,compound__seed_000042,compound,3,prose,"(0.90,0.99]","{'parameters': {'p_A': 0.07458, 'query': 'not_A', 'subtask': 'complement'}}","{'not_target': 0.07457999999999998, 'target': 0.92542}","{'not_target': 0.5926665999540697, 'target': 0.4073334000459302}","{'tv': 0.5180865999540698, 'mae_binary': 0.5180865999540697, 'rmse_binary': 0.5180865999540697, 'brier_regret': 0.5368274501039366, 'kl': 0.6048277427722801}",not_target,target,False,183.19313158281147,mean,mean,10,"{'std_not_target': 0.0, 'std_target': 0.0}",,{},"{'repeat_aggregation': 'mean', 'n_repeats': 10}"
semif_qwen35_4b,Qwen/Qwen3.5-4B@851bf6e806efd8d0a36b00ddf55e13ccb7b8cd0a,compound__seed_000042__repr_table,compound__seed_000042,compound,3,table,"(0.90,0.99]","{'parameters': {'p_A': 0.07458, 'query': 'not_A', 'subtask': 'complement'}}","{'not_target': 0.07457999999999998, 'target': 0.92542}","{'not_target': 0.8175744761936435, 'target': 0.18242552380635632}","{'tv': 0.7429944761936436, 'mae_binary': 0.7429944761936436, 'rmse_binary': 0.7429944761936436, 'brier_regret': 1.1040815833085338, 'kl': 1.3242152566151923}",not_target,target,False,189.02134993113577,mean,mean,10,"{'std_not_target': 0.0, 'std_target': 0.0}",,{},"{'repeat_aggregation': 'mean', 'n_repeats': 10}"
semif_qwen35_4b,Qwen/Qwen3.5-4B@851bf6e806efd8d0a36b00ddf55e13ccb7b8cd0a,compound__seed_000043__repr_direct,compound__seed_000043,compound,3,direct,"(0.10,0.30]","{'parameters': {'independent': True, 'p_A': 0.200973, 'p_B': 0.665751, 'query': 'A_and_B', 'subtask': 'intersection'}}","{'not_target': 0.866202024277, 'target': 0.133797975723}","{'not_target': 0.08509904500702024, 'target': 0.9149009549929797}","{'tv': 0.7811029792699797, 'mae_binary': 0.7811029792699797, 'rmse_binary': 0.7811029792699797, 'brier_regret': 1.2202437284488767, 'kl': 1.7526260205027278}",target,not_target,False,174.63446808978915,mean,mean,10,"{'std_not_target': 0.0, 'std_target': 0.0}",,{},"{'repeat_aggregation': 'mean', 'n_repeats': 10}"
semif_qwen35_4b,Qwen/Qwen3.5-4B@851bf6e806efd8d0a36b00ddf55e13ccb7b8cd0a,compound__seed_000043__repr_prose,compound__seed_000043,compound,3,prose,"(0.10,0.30]","{'parameters': {'independent': True, 'p_A': 0.200973, 'p_B': 0.665751, 'query': 'A_and_B', 'subtask': 'intersection'}}","{'not_target': 0.866202024277, 'target': 0.133797975723}","{'not_target': 0.37754066879814546, 'target': 0.6224593312018546}","{'tv': 0.4886613554788546, 'mae_binary': 0.48866135547885453, 'rmse_binary': 0.48866135547885453, 'brier_regret': 0.47757984067686293, 'kl': 0.5136347436885206}",target,not_target,False,191.6602216195315,mean,mean,10,"{'std_not_target': 0.0, 'std_target': 0.0}",,{},"{'repeat_aggregation': 'mean', 'n_repeats': 10}"
semif_qwen35_4b,Qwen/Qwen3.5-4B@851bf6e806efd8d0a36b00ddf55e13ccb7b8cd0a,compound__seed_000043__repr_table,compound__seed_000043,compound,3,table,"(0.10,0.30]","{'parameters': {'independent': True, 'p_A': 0.200973, 'p_B': 0.665751, 'query': 'A_and_B', 'subtask': 'intersection'}}","{'not_target': 0.866202024277, 'target': 0.133797975723}","{'not_target': 0.02297736991002561, 'target': 0.9770226300899744}","{'tv': 0.8432246543669744, 'mae_binary': 0.8432246543669744, 'rmse_binary': 0.8432246543669744, 'brier_regret': 1.4220556354646068, 'kl': 2.8779598027810893}",target,not_target,False,213.365828525275,mean,mean,10,"{'std_not_target': 0.0, 'std_target': 0.0}",,{},"{'repeat_aggregation': 'mean', 'n_repeats': 10}"
semif_qwen35_4b,Qwen/Qwen3.5-4B@851bf6e806efd8d0a36b00ddf55e13ccb7b8cd0a,compound__seed_000044__repr_direct,compound__seed_000044,compound,3,direct,"(0.99,1)","{'parameters': {'independent': True, 'p_A': 0.387226, 'p_B': 0.989146, 'query': 'A_or_B', 'subtask': 'union'}}","{'not_target': 0.0066510489960001085, 'target': 0.9933489510039999}","{'not_target': 0.07585818002124356, 'target': 0.9241418199787566}","{'tv': 0.0692071310252434, 'mae_binary': 0.06920713102524345, 'rmse_binary': 0.06920713102524345, 'brier_regret': 0.009579253969490414, 'kl': 0.055546895008004374}",target,target,True,179.56697284244,mean,mean,10,"{'std_not_target': 0.0, 'std_target': 0.0}",,{},"{'repeat_aggregation': 'mean', 'n_repeats': 10}"
semif_qwen35_4b,Qwen/Qwen3.5-4B@851bf6e806efd8d0a36b00ddf55e13ccb7b8cd0a,compound__seed_000044__repr_prose,compound__seed_000044,compound,3,prose,"(0.99,1)","{'parameters': {'independent': True, 'p_A': 0.387226, 'p_B': 0.989146, 'query': 'A_or_B', 'subtask': 'union'}}","{'not_target': 0.0066510489960001085, 'target': 0.9933489510039999}","{'not_target': 0.13296424019782924, 'target': 0.8670357598021706}","{'tv': 0.1263131912018292, 'mae_binary': 0.12631319120182913, 'rmse_binary': 0.12631319120182913, 'brier_regret': 0.03191004454317972, 'kl': 0.11517531269855648}",target,target,True,194.69438027590513,mean,mean,10,"{'std_not_target': 0.0, 'std_target': 0.0}",,{},"{'repeat_aggregation': 'mean', 'n_repeats': 10}"
semif_qwen35_4b,Qwen/Qwen3.5-4B@851bf6e806efd8d0a36b00ddf55e13ccb7b8cd0a,compound__seed_000044__repr_table,compound__seed_000044,compound,3,table,"(0.99,1)","{'parameters': {'independent': True, 'p_A': 0.387226, 'p_B': 0.989146, 'query': 'A_or_B', 'subtask': 'union'}}","{'not_target': 0.0066510489960001085, 'target': 0.9933489510039999}","{'not_target': 0.04742587317756679, 'target': 0.9525741268224334}","{'tv': 0.0407748241815666, 'mae_binary': 0.04077482418156668, 'rmse_binary': 0.04077482418156668, 'brier_regret': 0.003325172574075337, 'kl': 0.028570036787196915}",target,target,True,214.74648243747652,mean,mean,10,"{'std_not_target': 0.0, 'std_target': 0.0}",,{},"{'repeat_aggregation': 'mean', 'n_repeats': 10}"
semif_qwen35_4b,Qwen/Qwen3.5-4B@851bf6e806efd8d0a36b00ddf55e13ccb7b8cd0a,compound__seed_000045__repr_direct,compound__seed_000045,compound,3,direct,"(0.10,0.30]","{'parameters': {'k': 3, 'n': 7, 'query': 'exactly_k_successes', 'subtask': 'repeated_exact', 'success_probability': 0.490136}}","{'not_target': 0.7214935573757005, 'target': 0.27850644262429947}","{'not_target': 0.0953494648991095, 'target': 0.9046505351008906}","{'tv': 0.6261440924765911, 'mae_binary': 0.6261440924765911, 'rmse_binary': 0.6261440924765911, 'brier_regret': 0.7841128490866677, 'kl': 1.1320298917220495}",target,not_target,False,180.70554970763624,mean,mean,10,"{'std_not_target': 0.0, 'std_target': 0.0}",,{},"{'repeat_aggregation': 'mean', 'n_repeats': 10}"
semif_qwen35_4b,Qwen/Qwen3.5-4B@851bf6e806efd8d0a36b00ddf55e13ccb7b8cd0a,compound__seed_000045__repr_prose,compound__seed_000045,compound,3,prose,"(0.10,0.30]","{'parameters': {'k': 3, 'n': 7, 'query': 'exactly_k_successes', 'subtask': 'repeated_exact', 'success_probability': 0.490136}}","{'not_target': 0.7214935573757005, 'target': 0.27850644262429947}","{'not_target': 0.4073334000459302, 'target': 0.5926665999540697}","{'tv': 0.31416015732977026, 'mae_binary': 0.3141601573297703, 'rmse_binary': 0.3141601573297703, 'brier_regret': 0.19739320890693202, 'kl': 0.20214617686570402}",target,not_target,False,196.29854443483055,mean,mean,10,"{'std_not_target': 0.0, 'std_target': 0.0}",,{},"{'repeat_aggregation': 'mean', 'n_repeats': 10}"
semif_qwen35_4b,Qwen/Qwen3.5-4B@851bf6e806efd8d0a36b00ddf55e13ccb7b8cd0a,compound__seed_000045__repr_table,compound__seed_000045,compound,3,table,"(0.10,0.30]","{'parameters': {'k': 3, 'n': 7, 'query': 'exactly_k_successes', 'subtask': 'repeated_exact', 'success_probability': 0.490136}}","{'not_target': 0.7214935573757005, 'target': 0.27850644262429947}","{'not_target': 0.04208772791561884, 'target': 0.9579122720843811}","{'tv': 0.6794058294600817, 'mae_binary': 0.6794058294600817, 'rmse_binary': 0.6794058294600817, 'brier_regret': 0.9231845622086832, 'kl': 1.7061292747381283}",target,not_target,False,216.3095250260085,mean,mean,10,"{'std_not_target': 0.0, 'std_target': 0.0}",,{},"{'repeat_aggregation': 'mean', 'n_repeats': 10}"
semif_qwen35_4b,Qwen/Qwen3.5-4B@851bf6e806efd8d0a36b00ddf55e13ccb7b8cd0a,compound__seed_000046__repr_direct,compound__seed_000046,compound,3,direct,"(0.10,0.30]","{'parameters': {'bad': 14, 'draws_without_replacement': 4, 'good': 6, 'k_good': 2, 'subtask': 'hypergeometric'}}","{'not_target': 0.7182662538699691, 'target': 0.28173374613003094}","{'not_target': 0.11920292202211755, 'target': 0.8807970779778824}","{'tv': 0.5990633318478515, 'mae_binary': 0.5990633318478515, 'rmse_binary': 0.5990633318478515, 'brier_regret': 0.7177537511292982, 'kl': 0.968877190357831}",target,not_target,False,170.45356058515608,mean,mean,10,"{'std_not_target': 0.0, 'std_target': 0.0}",,{},"{'repeat_aggregation': 'mean', 'n_repeats': 10}"
semif_qwen35_4b,Qwen/Qwen3.5-4B@851bf6e806efd8d0a36b00ddf55e13ccb7b8cd0a,compound__seed_000046__repr_prose,compound__seed_000046,compound,3,prose,"(0.10,0.30]","{'parameters': {'bad': 14, 'draws_without_replacement': 4, 'good': 6, 'k_good': 2, 'subtask': 'hypergeometric'}}","{'not_target': 0.7182662538699691, 'target': 0.28173374613003094}","{'not_target': 0.11920292202211755, 'target': 0.8807970779778824}","{'tv': 0.5990633318478515, 'mae_binary': 0.5990633318478515, 'rmse_binary': 0.5990633318478515, 'brier_regret': 0.7177537511292982, 'kl': 0.968877190357831}",target,not_target,False,189.64031734503806,mean,mean,10,"{'std_not_target': 0.0, 'std_target': 0.0}",,{},"{'repeat_aggregation': 'mean', 'n_repeats': 10}"
semif_qwen35_4b,Qwen/Qwen3.5-4B@851bf6e806efd8d0a36b00ddf55e13ccb7b8cd0a,compound__seed_000046__repr_table,compound__seed_000046,compound,3,table,"(0.10,0.30]","{'parameters': {'bad': 14, 'draws_without_replacement': 4, 'good': 6, 'k_good': 2, 'subtask': 'hypergeometric'}}","{'not_target': 0.7182662538699691, 'target': 0.28173374613003094}","{'not_target': 0.05340332979982423, 'target': 0.9465966702001756}","{'tv': 0.6648629240701448, 'mae_binary': 0.6648629240701449, 'rmse_binary': 0.6648629240701449, 'brier_regret': 0.8840854156062063, 'kl': 1.5253143306091597}",target,not_target,False,212.41606217809021,mean,mean,10,"{'std_not_target': 0.0, 'std_target': 0.0}",,{},"{'repeat_aggregation': 'mean', 'n_repeats': 10}"
semif_qwen35_4b,Qwen/Qwen3.5-4B@851bf6e806efd8d0a36b00ddf55e13ccb7b8cd0a,compound__seed_000047__repr_direct,compound__seed_000047,compound,3,direct,"(0.10,0.30]","{'parameters': {'p_A': 0.84647, 'query': 'not_A', 'subtask': 'complement'}}","{'not_target': 0.84647, 'target': 0.15353000000000006}","{'not_target': 0.7057850278370112, 'target': 0.29421497216298875}","{'tv': 0.1406849721629887, 'mae_binary': 0.1406849721629887, 'rmse_binary': 0.1406849721629887, 'brier_regret': 0.03958452278500181, 'kl': 0.05399965586728278}",not_target,not_target,True,169.7154201567173,mean,mean,10,"{'std_not_target': 0.0, 'std_target': 0.0}",,{},"{'repeat_aggregation': 'mean', 'n_repeats': 10}"
semif_qwen35_4b,Qwen/Qwen3.5-4B@851bf6e806efd8d0a36b00ddf55e13ccb7b8cd0a,compound__seed_000047__repr_prose,compound__seed_000047,compound,3,prose,"(0.10,0.30]","{'parameters': {'p_A': 0.84647, 'query': 'not_A', 'subtask': 'complement'}}","{'not_target': 0.84647, 'target': 0.15353000000000006}","{'not_target': 0.5926665999540697, 'target': 0.4073334000459302}","{'tv': 0.2538034000459302, 'mae_binary': 0.25380340004593027, 'rmse_binary': 0.25380340004593027, 'brier_regret': 0.12883233174974898, 'kl': 0.15191333900206722}",not_target,not_target,True,184.39446208067238,mean,mean,10,"{'std_not_target': 0.0, 'std_target': 0.0}",,{},"{'repeat_aggregation': 'mean', 'n_repeats': 10}"
semif_qwen35_4b,Qwen/Qwen3.5-4B@851bf6e806efd8d0a36b00ddf55e13ccb7b8cd0a,compound__seed_000047__repr_table,compound__seed_000047,compound,3,table,"(0.10,0.30]","{'parameters': {'p_A': 0.84647, 'query': 'not_A', 'subtask': 'complement'}}","{'not_target': 0.84647, 'target': 0.15353000000000006}","{'not_target': 0.8670357598021706, 'target': 0.13296424019782924}","{'tv': 0.02056575980217075, 'mae_binary': 0.02056575980217068, 'rmse_binary': 0.02056575980217068, 'brier_regret': 0.0008459009524811646, 'kl': 0.0017601324678288566}",not_target,not_target,True,188.1814183667302,mean,mean,10,"{'std_not_target': 0.0, 'std_target': 0.0}",,{},"{'repeat_aggregation': 'mean', 'n_repeats': 10}"
semif_qwen35_4b,Qwen/Qwen3.5-4B@851bf6e806efd8d0a36b00ddf55e13ccb7b8cd0a,compound__seed_000048__repr_direct,compound__seed_000048,compound,3,direct,"(0.30,0.45]","{'parameters': {'independent': True, 'p_A': 0.933733, 'p_B': 0.403957, 'query': 'A_and_B', 'subtask': 'intersection'}}","{'not_target': 0.622812018519, 'target': 0.377187981481}","{'not_target': 0.07585818002124356, 'target': 0.9241418199787566}","{'tv': 0.5469538384977566, 'mae_binary': 0.5469538384977565, 'rmse_binary': 0.5469538384977565, 'brier_regret': 0.5983170028948599, 'kl': 0.973249070353768}",target,not_target,False,172.76759860105813,mean,mean,10,"{'std_not_target': 0.0, 'std_target': 0.0}",,{},"{'repeat_aggregation': 'mean', 'n_repeats': 10}"
semif_qwen35_4b,Qwen/Qwen3.5-4B@851bf6e806efd8d0a36b00ddf55e13ccb7b8cd0a,compound__seed_000048__repr_prose,compound__seed_000048,compound,3,prose,"(0.30,0.45]","{'parameters': {'independent': True, 'p_A': 0.933733, 'p_B': 0.403957, 'query': 'A_and_B', 'subtask': 'intersection'}}","{'not_target': 0.622812018519, 'target': 0.377187981481}","{'not_target': 0.22270013882530884, 'target': 0.7772998611746911}","{'tv': 0.4001118796936911, 'mae_binary': 0.4001118796936912, 'rmse_binary': 0.4001118796936912, 'brier_regret': 0.32017903254403757, 'kl': 0.3677733942578412}",target,not_target,False,193.03285889327526,mean,mean,10,"{'std_not_target': 0.0, 'std_target': 0.0}",,{},"{'repeat_aggregation': 'mean', 'n_repeats': 10}"
semif_qwen35_4b,Qwen/Qwen3.5-4B@851bf6e806efd8d0a36b00ddf55e13ccb7b8cd0a,compound__seed_000048__repr_table,compound__seed_000048,compound,3,table,"(0.30,0.45]","{'parameters': {'independent': True, 'p_A': 0.933733, 'p_B': 0.403957, 'query': 'A_and_B', 'subtask': 'intersection'}}","{'not_target': 0.622812018519, 'target': 0.377187981481}","{'not_target': 0.02595735719779685, 'target': 0.9740426428022031}","{'tv': 0.5968546613212031, 'mae_binary': 0.5968546613212031, 'rmse_binary': 0.5968546613212031, 'brier_regret': 0.7124709734816962, 'kl': 1.6213230520819688}",target,not_target,False,213.39543941430748,mean,mean,10,"{'std_not_target': 0.0, 'std_target': 0.0}",,{},"{'repeat_aggregation': 'mean', 'n_repeats': 10}"
semif_qwen35_4b,Qwen/Qwen3.5-4B@851bf6e806efd8d0a36b00ddf55e13ccb7b8cd0a,compound__seed_000049__repr_direct,compound__seed_000049,compound,3,direct,"(0.55,0.70]","{'parameters': {'independent': True, 'p_A': 0.031994, 'p_B': 0.588463, 'query': 'A_or_B', 'subtask': 'union'}}","{'not_target': 0.39837028522200013, 'target': 0.6016297147779999}","{'not_target': 0.0953494648991095, 'target': 0.9046505351008906}","{'tv': 0.3030208203228907, 'mae_binary': 0.3030208203228906, 'rmse_binary': 0.3030208203228906, 'brier_regret': 0.18364323509831515, 'kl': 0.324194361923837}",target,target,True,180.1311886869371,mean,mean,10,"{'std_not_target': 0.0, 'std_target': 0.0}",,{},"{'repeat_aggregation': 'mean', 'n_repeats': 10}"
semif_qwen35_4b,Qwen/Qwen3.5-4B@851bf6e806efd8d0a36b00ddf55e13ccb7b8cd0a,compound__seed_000049__repr_prose,compound__seed_000049,compound,3,prose,"(0.55,0.70]","{'parameters': {'independent': True, 'p_A': 0.031994, 'p_B': 0.588463, 'query': 'A_or_B', 'subtask': 'union'}}","{'not_target': 0.39837028522200013, 'target': 0.6016297147779999}","{'not_target': 0.07585818002124356, 'target': 0.9241418199787566}","{'tv': 0.3225121052007566, 'mae_binary': 0.32251210520075657, 'rmse_binary': 0.32251210520075657, 'brier_regret': 0.20802811600204782, 'kl': 0.4024701086051393}",target,target,True,193.56185006909072,mean,mean,10,"{'std_not_target': 0.0, 'std_target': 0.0}",,{},"{'repeat_aggregation': 'mean', 'n_repeats': 10}"
semif_qwen35_4b,Qwen/Qwen3.5-4B@851bf6e806efd8d0a36b00ddf55e13ccb7b8cd0a,compound__seed_000049__repr_table,compound__seed_000049,compound,3,table,"(0.55,0.70]","{'parameters': {'independent': True, 'p_A': 0.031994, 'p_B': 0.588463, 'query': 'A_or_B', 'subtask': 'union'}}","{'not_target': 0.39837028522200013, 'target': 0.6016297147779999}","{'not_target': 0.033085978388704126, 'target': 0.9669140216112957}","{'tv': 0.36528430683329594, 'mae_binary': 0.365284306833296, 'rmse_binary': 0.365284306833296, 'brier_regret': 0.2668652496373629, 'kl': 0.7058000738648789}",target,target,True,215.53275403566658,mean,mean,10,"{'std_not_target': 0.0, 'std_target': 0.0}",,{},"{'repeat_aggregation': 'mean', 'n_repeats': 10}"
semif_qwen35_4b,Qwen/Qwen3.5-4B@851bf6e806efd8d0a36b00ddf55e13ccb7b8cd0a,compound__seed_000050__repr_direct,compound__seed_000050,compound,3,direct,"[0.01,0.10]","{'parameters': {'k': 4, 'n': 9, 'query': 'exactly_k_successes', 'subtask': 'repeated_exact', 'success_probability': 0.2224}}","{'not_target': 0.912362307039702, 'target': 0.08763769296029794}","{'not_target': 0.1066905939456512, 'target': 0.8933094060543487}","{'tv': 0.8056717130940507, 'mae_binary': 0.8056717130940508, 'rmse_binary': 0.8056717130940508, 'brier_regret': 1.2982138185598049, 'kl': 1.7545542153862832}",target,not_target,False,179.4401898048818,mean,mean,10,"{'std_not_target': 0.0, 'std_target': 0.0}",,{},"{'repeat_aggregation': 'mean', 'n_repeats': 10}"
semif_qwen35_4b,Qwen/Qwen3.5-4B@851bf6e806efd8d0a36b00ddf55e13ccb7b8cd0a,compound__seed_000050__repr_prose,compound__seed_000050,compound,3,prose,"[0.01,0.10]","{'parameters': {'k': 4, 'n': 9, 'query': 'exactly_k_successes', 'subtask': 'repeated_exact', 'success_probability': 0.2224}}","{'not_target': 0.912362307039702, 'target': 0.08763769296029794}","{'not_target': 0.43782349911420193, 'target': 0.5621765008857981}","{'tv': 0.4745388079255001, 'mae_binary': 0.4745388079255001, 'rmse_binary': 0.4745388079255001, 'brier_regret': 0.45037416045470935, 'kl': 0.506992030794116}",target,not_target,False,194.12507568486035,mean,mean,10,"{'std_not_target': 0.0, 'std_target': 0.0}",,{},"{'repeat_aggregation': 'mean', 'n_repeats': 10}"
semif_qwen35_4b,Qwen/Qwen3.5-4B@851bf6e806efd8d0a36b00ddf55e13ccb7b8cd0a,compound__seed_000050__repr_table,compound__seed_000050,compound,3,table,"[0.01,0.10]","{'parameters': {'k': 4, 'n': 9, 'query': 'exactly_k_successes', 'subtask': 'repeated_exact', 'success_probability': 0.2224}}","{'not_target': 0.912362307039702, 'target': 0.08763769296029794}","{'not_target': 0.04208772791561884, 'target': 0.9579122720843811}","{'tv': 0.8702745791240831, 'mae_binary': 0.8702745791240831, 'rmse_binary': 0.8702745791240831, 'brier_regret': 1.5147556861392, 'kl': 2.5970933228835036}",target,not_target,False,215.0531372986734,mean,mean,10,"{'std_not_target': 0.0, 'std_target': 0.0}",,{},"{'repeat_aggregation': 'mean', 'n_repeats': 10}"
semif_qwen35_4b,Qwen/Qwen3.5-4B@851bf6e806efd8d0a36b00ddf55e13ccb7b8cd0a,compound__seed_000051__repr_direct,compound__seed_000051,compound,3,direct,"(0.55,0.70]","{'parameters': {'bad': 14, 'draws_without_replacement': 1, 'good': 19, 'k_good': 1, 'subtask': 'hypergeometric'}}","{'not_target': 0.4242424242424242, 'target': 0.5757575757575758}","{'not_target': 0.13296424019782924, 'target': 0.8670357598021706}","{'tv': 0.2912781840445949, 'mae_binary': 0.29127818404459493, 'rmse_binary': 0.29127818404459493, 'brier_regret': 0.16968596100063377, 'kl': 0.2565051694353634}",target,target,True,169.4332321640104,mean,mean,10,"{'std_not_target': 0.0, 'std_target': 0.0}",,{},"{'repeat_aggregation': 'mean', 'n_repeats': 10}"
semif_qwen35_4b,Qwen/Qwen3.5-4B@851bf6e806efd8d0a36b00ddf55e13ccb7b8cd0a,compound__seed_000051__repr_prose,compound__seed_000051,compound,3,prose,"(0.55,0.70]","{'parameters': {'bad': 14, 'draws_without_replacement': 1, 'good': 19, 'k_good': 1, 'subtask': 'hypergeometric'}}","{'not_target': 0.4242424242424242, 'target': 0.5757575757575758}","{'not_target': 0.1480471980316895, 'target': 0.8519528019683106}","{'tv': 0.2761952262107347, 'mae_binary': 0.27619522621073467, 'rmse_binary': 0.27619522621073467, 'brier_regret': 0.15256760596319785, 'kl': 0.22102395923754584}",target,target,True,187.79171775095165,mean,mean,10,"{'std_not_target': 0.0, 'std_target': 0.0}",,{},"{'repeat_aggregation': 'mean', 'n_repeats': 10}"
semif_qwen35_4b,Qwen/Qwen3.5-4B@851bf6e806efd8d0a36b00ddf55e13ccb7b8cd0a,compound__seed_000051__repr_table,compound__seed_000051,compound,3,table,"(0.55,0.70]","{'parameters': {'bad': 14, 'draws_without_replacement': 1, 'good': 19, 'k_good': 1, 'subtask': 'hypergeometric'}}","{'not_target': 0.4242424242424242, 'target': 0.5757575757575758}","{'not_target': 0.08509904500702024, 'target': 0.9149009549929797}","{'tv': 0.33914337923540394, 'mae_binary': 0.33914337923540394, 'rmse_binary': 0.33914337923540394, 'brier_regret': 0.23003646335841804, 'kl': 0.4148907894259126}",target,target,True,211.1967652104795,mean,mean,10,"{'std_not_target': 0.0, 'std_target': 0.0}",,{},"{'repeat_aggregation': 'mean', 'n_repeats': 10}"
semif_qwen35_4b,Qwen/Qwen3.5-4B@851bf6e806efd8d0a36b00ddf55e13ccb7b8cd0a,compound__seed_000052__repr_direct,compound__seed_000052,compound,3,direct,"(0.45,0.55]","{'parameters': {'p_A': 0.453999, 'query': 'not_A', 'subtask': 'complement'}}","{'not_target': 0.45399900000000004, 'target': 0.546001}","{'not_target': 0.6513548646660542, 'target': 0.34864513533394575}","{'tv': 0.19735586466605418, 'mae_binary': 0.19735586466605415, 'rmse_binary': 0.19735586466605415, 'brier_regret': 0.07789867463617178, 'kl': 0.08104229748566652}",not_target,target,False,168.4391813352704,mean,mean,10,"{'std_not_target': 0.0, 'std_target': 0.0}",,{},"{'repeat_aggregation': 'mean', 'n_repeats': 10}"
semif_qwen35_4b,Qwen/Qwen3.5-4B@851bf6e806efd8d0a36b00ddf55e13ccb7b8cd0a,compound__seed_000052__repr_prose,compound__seed_000052,compound,3,prose,"(0.45,0.55]","{'parameters': {'p_A': 0.453999, 'query': 'not_A', 'subtask': 'complement'}}","{'not_target': 0.45399900000000004, 'target': 0.546001}","{'not_target': 0.43782349911420193, 'target': 0.5621765008857981}","{'tv': 0.01617550088579811, 'mae_binary': 0.01617550088579811, 'rmse_binary': 0.01617550088579811, 'brier_regret': 0.0005232936578129109, 'kl': 0.0005301640879914783}",target,target,True,182.8400980681181,mean,mean,10,"{'std_not_target': 0.0, 'std_target': 0.0}",,{},"{'repeat_aggregation': 'mean', 'n_repeats': 10}"
semif_qwen35_4b,Qwen/Qwen3.5-4B@851bf6e806efd8d0a36b00ddf55e13ccb7b8cd0a,compound__seed_000052__repr_table,compound__seed_000052,compound,3,table,"(0.45,0.55]","{'parameters': {'p_A': 0.453999, 'query': 'not_A', 'subtask': 'complement'}}","{'not_target': 0.45399900000000004, 'target': 0.546001}","{'not_target': 0.8354835371034369, 'target': 0.1645164628965632}","{'tv': 0.3814845371034368, 'mae_binary': 0.3814845371034369, 'rmse_binary': 0.3814845371034369, 'brier_regret': 0.29106090409804697, 'kl': 0.3780872545948068}",not_target,target,False,191.2302595563233,mean,mean,10,"{'std_not_target': 0.0, 'std_target': 0.0}",,{},"{'repeat_aggregation': 'mean', 'n_repeats': 10}"
semif_qwen35_4b,Qwen/Qwen3.5-4B@851bf6e806efd8d0a36b00ddf55e13ccb7b8cd0a,compound__seed_000053__repr_direct,compound__seed_000053,compound,3,direct,"(0,0.01)","{'parameters': {'independent': True, 'p_A': 0.619861, 'p_B': 0.0114, 'query': 'A_and_B', 'subtask': 'intersection'}}","{'not_target': 0.9929335846, 'target': 0.0070664154000000005}","{'not_target': 0.1066905939456512, 'target': 0.8933094060543487}","{'tv': 0.8862429906543488, 'mae_binary': 0.8862429906543489, 'rmse_binary': 0.8862429906543489, 'brier_regret': 1.5708532769679284, 'kl': 2.1807690274193976}",target,not_target,False,173.85089043527842,mean,mean,10,"{'std_not_target': 0.0, 'std_target': 0.0}",,{},"{'repeat_aggregation': 'mean', 'n_repeats': 10}"
semif_qwen35_4b,Qwen/Qwen3.5-4B@851bf6e806efd8d0a36b00ddf55e13ccb7b8cd0a,compound__seed_000053__repr_prose,compound__seed_000053,compound,3,prose,"(0,0.01)","{'parameters': {'independent': True, 'p_A': 0.619861, 'p_B': 0.0114, 'query': 'A_and_B', 'subtask': 'intersection'}}","{'not_target': 0.9929335846, 'target': 0.0070664154000000005}","{'not_target': 0.29421497216298875, 'target': 0.7057850278370112}","{'tv': 0.6987186124370113, 'mae_binary': 0.6987186124370113, 'rmse_binary': 0.6987186124370113, 'brier_regret': 0.9764153987318047, 'kl': 1.1752243489028842}",target,not_target,False,191.52884781360626,mean,mean,10,"{'std_not_target': 0.0, 'std_target': 0.0}",,{},"{'repeat_aggregation': 'mean', 'n_repeats': 10}"
semif_qwen35_4b,Qwen/Qwen3.5-4B@851bf6e806efd8d0a36b00ddf55e13ccb7b8cd0a,compound__seed_000053__repr_table,compound__seed_000053,compound,3,table,"(0,0.01)","{'parameters': {'independent': True, 'p_A': 0.619861, 'p_B': 0.0114, 'query': 'A_and_B', 'subtask': 'intersection'}}","{'not_target': 0.9929335846, 'target': 0.0070664154000000005}","{'not_target': 0.02297736991002561, 'target': 0.9770226300899744}","{'tv': 0.9699562146899744, 'mae_binary': 0.9699562146899744, 'rmse_binary': 0.9699562146899744, 'brier_regret': 1.8816301168314074, 'kl': 3.7047092879952537}",target,not_target,False,212.04849891364574,mean,mean,10,"{'std_not_target': 0.0, 'std_target': 0.0}",,{},"{'repeat_aggregation': 'mean', 'n_repeats': 10}"
semif_qwen35_4b,Qwen/Qwen3.5-4B@851bf6e806efd8d0a36b00ddf55e13ccb7b8cd0a,compound__seed_000054__repr_direct,compound__seed_000054,compound,3,direct,"(0.70,0.90]","{'parameters': {'independent': True, 'p_A': 0.808057, 'p_B': 0.435333, 'query': 'A_or_B', 'subtask': 'union'}}","{'not_target': 0.10838387798100002, 'target': 0.891616122019}","{'not_target': 0.05340332979982423, 'target': 0.9465966702001756}","{'tv': 0.05498054818117569, 'mae_binary': 0.054980548181175794, 'rmse_binary': 0.054980548181175794, 'brier_regret': 0.006045721356605164, 'kl': 0.02336278122142807}",target,target,True,180.81908421590924,mean,mean,10,"{'std_not_target': 0.0, 'std_target': 0.0}",,{},"{'repeat_aggregation': 'mean', 'n_repeats': 10}"
semif_qwen35_4b,Qwen/Qwen3.5-4B@851bf6e806efd8d0a36b00ddf55e13ccb7b8cd0a,compound__seed_000054__repr_prose,compound__seed_000054,compound,3,prose,"(0.70,0.90]","{'parameters': {'independent': True, 'p_A': 0.808057, 'p_B': 0.435333, 'query': 'A_or_B', 'subtask': 'union'}}","{'not_target': 0.10838387798100002, 'target': 0.891616122019}","{'not_target': 0.20181322226037884, 'target': 0.7981867777396212}","{'tv': 0.0934293442793788, 'mae_binary': 0.09342934427937882, 'rmse_binary': 0.09342934427937882, 'brier_regret': 0.017458084744949382, 'kl': 0.03131743669349757}",target,target,True,192.33757266774774,mean,mean,10,"{'std_not_target': 0.0, 'std_target': 0.0}",,{},"{'repeat_aggregation': 'mean', 'n_repeats': 10}"
semif_qwen35_4b,Qwen/Qwen3.5-4B@851bf6e806efd8d0a36b00ddf55e13ccb7b8cd0a,compound__seed_000054__repr_table,compound__seed_000054,compound,3,table,"(0.70,0.90]","{'parameters': {'independent': True, 'p_A': 0.808057, 'p_B': 0.435333, 'query': 'A_or_B', 'subtask': 'union'}}","{'not_target': 0.10838387798100002, 'target': 0.891616122019}","{'not_target': 0.037326887344129464, 'target': 0.9626731126558706}","{'tv': 0.0710569906368706, 'mae_binary': 0.07105699063687056, 'rmse_binary': 0.07105699063687056, 'brier_regret': 0.010098191836736634, 'kl': 0.04716592799400775}",target,target,True,215.37784161046147,mean,mean,10,"{'std_not_target': 0.0, 'std_target': 0.0}",,{},"{'repeat_aggregation': 'mean', 'n_repeats': 10}"
semif_qwen35_4b,Qwen/Qwen3.5-4B@851bf6e806efd8d0a36b00ddf55e13ccb7b8cd0a,compound__seed_000055__repr_direct,compound__seed_000055,compound,3,direct,"(0,0.01)","{'parameters': {'k': 3, 'n': 7, 'query': 'exactly_k_successes', 'subtask': 'repeated_exact', 'success_probability': 0.963857}}","{'not_target': 0.9999465186141359, 'target': 5.348138586410087e-05}","{'not_target': 0.07585818002124356, 'target': 0.9241418199787566}","{'tv': 0.9240883385928924, 'mae_binary': 0.9240883385928923, 'rmse_binary': 0.9240883385928923, 'brier_regret': 1.7078785150467442, 'kl': 2.578176498500371}",target,not_target,False,180.01108677126467,mean,mean,10,"{'std_not_target': 0.0, 'std_target': 0.0}",,{},"{'repeat_aggregation': 'mean', 'n_repeats': 10}"
semif_qwen35_4b,Qwen/Qwen3.5-4B@851bf6e806efd8d0a36b00ddf55e13ccb7b8cd0a,compound__seed_000055__repr_prose,compound__seed_000055,compound,3,prose,"(0,0.01)","{'parameters': {'k': 3, 'n': 7, 'query': 'exactly_k_successes', 'subtask': 'repeated_exact', 'success_probability': 0.963857}}","{'not_target': 0.9999465186141359, 'target': 5.348138586410087e-05}","{'not_target': 0.32082130082460697, 'target': 0.679178699175393}","{'tv': 0.6791252177895288, 'mae_binary': 0.6791252177895288, 'rmse_binary': 0.6791252177895288, 'brier_regret': 0.92242212287535, 'kl': 1.1362513627479842}",target,not_target,False,196.6509015765041,mean,mean,10,"{'std_not_target': 0.0, 'std_target': 0.0}",,{},"{'repeat_aggregation': 'mean', 'n_repeats': 10}"
semif_qwen35_4b,Qwen/Qwen3.5-4B@851bf6e806efd8d0a36b00ddf55e13ccb7b8cd0a,compound__seed_000055__repr_table,compound__seed_000055,compound,3,table,"(0,0.01)","{'parameters': {'k': 3, 'n': 7, 'query': 'exactly_k_successes', 'subtask': 'repeated_exact', 'success_probability': 0.963857}}","{'not_target': 0.9999465186141359, 'target': 5.348138586410087e-05}","{'not_target': 0.037326887344129464, 'target': 0.9626731126558706}","{'tv': 0.9626196312700064, 'mae_binary': 0.9626196312700064, 'rmse_binary': 0.9626196312700064, 'brier_regret': 1.8532731090128063, 'kl': 3.287288024856206}",target,not_target,False,214.70271763391793,mean,mean,10,"{'std_not_target': 0.0, 'std_target': 0.0}",,{},"{'repeat_aggregation': 'mean', 'n_repeats': 10}"
semif_qwen35_4b,Qwen/Qwen3.5-4B@851bf6e806efd8d0a36b00ddf55e13ccb7b8cd0a,compound__seed_000056__repr_direct,compound__seed_000056,compound,3,direct,"(0.10,0.30]","{'parameters': {'bad': 20, 'draws_without_replacement': 2, 'good': 17, 'k_good': 2, 'subtask': 'hypergeometric'}}","{'not_target': 0.7957957957957957, 'target': 0.2042042042042042}","{'not_target': 0.1066905939456512, 'target': 0.8933094060543487}","{'tv': 0.6891052018501445, 'mae_binary': 0.6891052018501446, 'rmse_binary': 0.6891052018501446, 'brier_regret': 0.9497319584338568, 'kl': 1.297712605122429}",target,not_target,False,172.35285816714168,mean,mean,10,"{'std_not_target': 0.0, 'std_target': 0.0}",,{},"{'repeat_aggregation': 'mean', 'n_repeats': 10}"
semif_qwen35_4b,Qwen/Qwen3.5-4B@851bf6e806efd8d0a36b00ddf55e13ccb7b8cd0a,compound__seed_000056__repr_prose,compound__seed_000056,compound,3,prose,"(0.10,0.30]","{'parameters': {'bad': 20, 'draws_without_replacement': 2, 'good': 17, 'k_good': 2, 'subtask': 'hypergeometric'}}","{'not_target': 0.7957957957957957, 'target': 0.2042042042042042}","{'not_target': 0.18242552380635632, 'target': 0.8175744761936435}","{'tv': 0.6133702719894394, 'mae_binary': 0.6133702719894394, 'rmse_binary': 0.6133702719894394, 'brier_regret': 0.7524461811207978, 'kl': 0.8889312319612398}",target,not_target,False,189.33130926452577,mean,mean,10,"{'std_not_target': 0.0, 'std_target': 0.0}",,{},"{'repeat_aggregation': 'mean', 'n_repeats': 10}"
semif_qwen35_4b,Qwen/Qwen3.5-4B@851bf6e806efd8d0a36b00ddf55e13ccb7b8cd0a,compound__seed_000056__repr_table,compound__seed_000056,compound,3,table,"(0.10,0.30]","{'parameters': {'bad': 20, 'draws_without_replacement': 2, 'good': 17, 'k_good': 2, 'subtask': 'hypergeometric'}}","{'not_target': 0.7957957957957957, 'target': 0.2042042042042042}","{'not_target': 0.04208772791561884, 'target': 0.9579122720843811}","{'tv': 0.7537080678801769, 'mae_binary': 0.7537080678801769, 'rmse_binary': 0.7537080678801769, 'brier_regret': 1.1361517031753385, 'kl': 2.023685201375743}",target,not_target,False,210.03661723807454,mean,mean,10,"{'std_not_target': 0.0, 'std_target': 0.0}",,{},"{'repeat_aggregation': 'mean', 'n_repeats': 10}"
semif_qwen35_4b,Qwen/Qwen3.5-4B@851bf6e806efd8d0a36b00ddf55e13ccb7b8cd0a,compound__seed_000057__repr_direct,compound__seed_000057,compound,3,direct,"(0.70,0.90]","{'parameters': {'p_A': 0.226962, 'query': 'not_A', 'subtask': 'complement'}}","{'not_target': 0.226962, 'target': 0.773038}","{'not_target': 0.7057850278370112, 'target': 0.29421497216298875}","{'tv': 0.47882302783701125, 'mae_binary': 0.47882302783701125, 'rmse_binary': 0.47882302783701125, 'brier_regret': 0.4585429839740065, 'kl': 0.4892734771672586}",not_target,target,False,169.4422162603587,mean,mean,10,"{'std_not_target': 0.0, 'std_target': 0.0}",,{},"{'repeat_aggregation': 'mean', 'n_repeats': 10}"
semif_qwen35_4b,Qwen/Qwen3.5-4B@851bf6e806efd8d0a36b00ddf55e13ccb7b8cd0a,compound__seed_000057__repr_prose,compound__seed_000057,compound,3,prose,"(0.70,0.90]","{'parameters': {'p_A': 0.226962, 'query': 'not_A', 'subtask': 'complement'}}","{'not_target': 0.226962, 'target': 0.773038}","{'not_target': 0.5621765008857981, 'target': 0.43782349911420193}","{'tv': 0.3352145008857981, 'mae_binary': 0.3352145008857981, 'rmse_binary': 0.3352145008857981, 'brier_regret': 0.22473752320822943, 'kl': 0.23361956604104622}",not_target,target,False,184.08063002862036,mean,mean,10,"{'std_not_target': 0.0, 'std_target': 0.0}",,{},"{'repeat_aggregation': 'mean', 'n_repeats': 10}"
semif_qwen35_4b,Qwen/Qwen3.5-4B@851bf6e806efd8d0a36b00ddf55e13ccb7b8cd0a,compound__seed_000057__repr_table,compound__seed_000057,compound,3,table,"(0.70,0.90]","{'parameters': {'p_A': 0.226962, 'query': 'not_A', 'subtask': 'complement'}}","{'not_target': 0.226962, 'target': 0.773038}","{'not_target': 0.8354835371034369, 'target': 0.1645164628965632}","{'tv': 0.6085215371034369, 'mae_binary': 0.6085215371034369, 'rmse_binary': 0.6085215371034369, 'brier_regret': 0.740596922237459, 'kl': 0.9003520315478618}",not_target,target,False,191.24379446730018,mean,mean,10,"{'std_not_target': 0.0, 'std_target': 0.0}",,{},"{'repeat_aggregation': 'mean', 'n_repeats': 10}"
semif_qwen35_4b,Qwen/Qwen3.5-4B@851bf6e806efd8d0a36b00ddf55e13ccb7b8cd0a,compound__seed_000058__repr_direct,compound__seed_000058,compound,3,direct,"(0.30,0.45]","{'parameters': {'independent': True, 'p_A': 0.448231, 'p_B': 0.751995, 'query': 'A_and_B', 'subtask': 'intersection'}}","{'not_target': 0.662932529155, 'target': 0.337067470845}","{'not_target': 0.07585818002124356, 'target': 0.9241418199787566}","{'tv': 0.5870743491337564, 'mae_binary': 0.5870743491337564, 'rmse_binary': 0.5870743491337564, 'brier_regret': 0.6893125828216476, 'kl': 1.0971498974217642}",target,not_target,False,173.84379697032273,mean,mean,10,"{'std_not_target': 0.0, 'std_target': 0.0}",,{},"{'repeat_aggregation': 'mean', 'n_repeats': 10}"
semif_qwen35_4b,Qwen/Qwen3.5-4B@851bf6e806efd8d0a36b00ddf55e13ccb7b8cd0a,compound__seed_000058__repr_prose,compound__seed_000058,compound,3,prose,"(0.30,0.45]","{'parameters': {'independent': True, 'p_A': 0.448231, 'p_B': 0.751995, 'query': 'A_and_B', 'subtask': 'intersection'}}","{'not_target': 0.662932529155, 'target': 0.337067470845}","{'not_target': 0.32082130082460697, 'target': 0.679178699175393}","{'tv': 0.342111228330393, 'mae_binary': 0.34211122833039304, 'rmse_binary': 0.34211122833039304, 'brier_regret': 0.2340801850994606, 'kl': 0.24499924322286457}",target,not_target,False,192.2531323041767,mean,mean,10,"{'std_not_target': 0.0, 'std_target': 0.0}",,{},"{'repeat_aggregation': 'mean', 'n_repeats': 10}"
semif_qwen35_4b,Qwen/Qwen3.5-4B@851bf6e806efd8d0a36b00ddf55e13ccb7b8cd0a,compound__seed_000058__repr_table,compound__seed_000058,compound,3,table,"(0.30,0.45]","{'parameters': {'independent': True, 'p_A': 0.448231, 'p_B': 0.751995, 'query': 'A_and_B', 'subtask': 'intersection'}}","{'not_target': 0.662932529155, 'target': 0.337067470845}","{'not_target': 0.029312230751356316, 'target': 0.9706877692486436}","{'tv': 0.6336202984036436, 'mae_binary': 0.6336202984036436, 'rmse_binary': 0.6336202984036436, 'brier_regret': 0.8029493650982449, 'kl': 1.710943110556835}",target,not_target,False,213.87784373946488,mean,mean,10,"{'std_not_target': 0.0, 'std_target': 0.0}",,{},"{'repeat_aggregation': 'mean', 'n_repeats': 10}"
semif_qwen35_4b,Qwen/Qwen3.5-4B@851bf6e806efd8d0a36b00ddf55e13ccb7b8cd0a,compound__seed_000059__repr_direct,compound__seed_000059,compound,3,direct,"(0.45,0.55]","{'parameters': {'independent': True, 'p_A': 0.479732, 'p_B': 0.030902, 'query': 'A_or_B', 'subtask': 'union'}}","{'not_target': 0.504190678264, 'target': 0.495809321736}","{'not_target': 0.08509904500702024, 'target': 0.9149009549929797}","{'tv': 0.41909163325697973, 'mae_binary': 0.41909163325697973, 'rmse_binary': 0.41909163325697973, 'brier_regret': 0.3512755941320056, 'kl': 0.5932802697718513}",target,not_target,False,179.31593437679112,mean,mean,10,"{'std_not_target': 0.0, 'std_target': 0.0}",,{},"{'repeat_aggregation': 'mean', 'n_repeats': 10}"
semif_qwen35_4b,Qwen/Qwen3.5-4B@851bf6e806efd8d0a36b00ddf55e13ccb7b8cd0a,compound__seed_000059__repr_prose,compound__seed_000059,compound,3,prose,"(0.45,0.55]","{'parameters': {'independent': True, 'p_A': 0.479732, 'p_B': 0.030902, 'query': 'A_or_B', 'subtask': 'union'}}","{'not_target': 0.504190678264, 'target': 0.495809321736}","{'not_target': 0.11920292202211755, 'target': 0.8807970779778824}","{'tv': 0.3849877562418824, 'mae_binary': 0.3849877562418824, 'rmse_binary': 0.3849877562418824, 'brier_regret': 0.29643114491231815, 'kl': 0.4421973109908852}",target,not_target,False,195.17258242703974,mean,mean,10,"{'std_not_target': 0.0, 'std_target': 0.0}",,{},"{'repeat_aggregation': 'mean', 'n_repeats': 10}"
semif_qwen35_4b,Qwen/Qwen3.5-4B@851bf6e806efd8d0a36b00ddf55e13ccb7b8cd0a,compound__seed_000059__repr_table,compound__seed_000059,compound,3,table,"(0.45,0.55]","{'parameters': {'independent': True, 'p_A': 0.479732, 'p_B': 0.030902, 'query': 'A_or_B', 'subtask': 'union'}}","{'not_target': 0.504190678264, 'target': 0.495809321736}","{'not_target': 0.029312230751356316, 'target': 0.9706877692486436}","{'tv': 0.47487844751264363, 'mae_binary': 0.4748784475126437, 'rmse_binary': 0.4748784475126437, 'brier_regret': 0.45101907982403733, 'kl': 1.1013057356165332}",target,not_target,False,214.54399339854717,mean,mean,10,"{'std_not_target': 0.0, 'std_target': 0.0}",,{},"{'repeat_aggregation': 'mean', 'n_repeats': 10}"
semif_qwen35_4b,Qwen/Qwen3.5-4B@851bf6e806efd8d0a36b00ddf55e13ccb7b8cd0a,compound__seed_000060__repr_direct,compound__seed_000060,compound,3,direct,"[0.01,0.10]","{'parameters': {'k': 1, 'n': 7, 'query': 'exactly_k_successes', 'subtask': 'repeated_exact', 'success_probability': 0.576366}}","{'not_target': 0.9766793181437634, 'target': 0.023320681856236536}","{'not_target': 0.0953494648991095, 'target': 0.9046505351008906}","{'tv': 0.881329853244654, 'mae_binary': 0.8813298532446538, 'rmse_binary': 0.8813298532446538, 'brier_regret': 1.5534846204404866, 'kl': 2.1870396158170418}",target,not_target,False,180.0443034619093,mean,mean,10,"{'std_not_target': 0.0, 'std_target': 0.0}",,{},"{'repeat_aggregation': 'mean', 'n_repeats': 10}"
semif_qwen35_4b,Qwen/Qwen3.5-4B@851bf6e806efd8d0a36b00ddf55e13ccb7b8cd0a,compound__seed_000060__repr_prose,compound__seed_000060,compound,3,prose,"[0.01,0.10]","{'parameters': {'k': 1, 'n': 7, 'query': 'exactly_k_successes', 'subtask': 'repeated_exact', 'success_probability': 0.576366}}","{'not_target': 0.9766793181437634, 'target': 0.023320681856236536}","{'not_target': 0.4073334000459302, 'target': 0.5926665999540697}","{'tv': 0.5693459180978331, 'mae_binary': 0.5693459180978332, 'rmse_binary': 0.5693459180978332, 'brier_regret': 0.648309548909329, 'kl': 0.7786825995205783}",target,not_target,False,195.87751287035644,mean,mean,10,"{'std_not_target': 0.0, 'std_target': 0.0}",,{},"{'repeat_aggregation': 'mean', 'n_repeats': 10}"
semif_qwen35_4b,Qwen/Qwen3.5-4B@851bf6e806efd8d0a36b00ddf55e13ccb7b8cd0a,compound__seed_000060__repr_table,compound__seed_000060,compound,3,table,"[0.01,0.10]","{'parameters': {'k': 1, 'n': 7, 'query': 'exactly_k_successes', 'subtask': 'repeated_exact', 'success_probability': 0.576366}}","{'not_target': 0.9766793181437634, 'target': 0.023320681856236536}","{'not_target': 0.06008665017400762, 'target': 0.9399133498259925}","{'tv': 0.9165926679697559, 'mae_binary': 0.9165926679697558, 'rmse_binary': 0.9165926679697558, 'brier_regret': 1.6802842379518304, 'kl': 2.637140304975375}",target,not_target,False,215.32720010727644,mean,mean,10,"{'std_not_target': 0.0, 'std_target': 0.0}",,{},"{'repeat_aggregation': 'mean', 'n_repeats': 10}"
semif_qwen35_4b,Qwen/Qwen3.5-4B@851bf6e806efd8d0a36b00ddf55e13ccb7b8cd0a,compound__seed_000061__repr_direct,compound__seed_000061,compound,3,direct,"[0.01,0.10]","{'parameters': {'bad': 13, 'draws_without_replacement': 4, 'good': 13, 'k_good': 4, 'subtask': 'hypergeometric'}}","{'not_target': 0.9521739130434783, 'target': 0.04782608695652174}","{'not_target': 0.11920292202211755, 'target': 0.8807970779778824}","{'tv': 0.8329709910213607, 'mae_binary': 0.8329709910213607, 'rmse_binary': 0.8329709910213607, 'brier_regret': 1.3876813437662157, 'kl': 1.839211992687585}",target,not_target,False,172.131461603567,mean,mean,10,"{'std_not_target': 0.0, 'std_target': 0.0}",,{},"{'repeat_aggregation': 'mean', 'n_repeats': 10}"
semif_qwen35_4b,Qwen/Qwen3.5-4B@851bf6e806efd8d0a36b00ddf55e13ccb7b8cd0a,compound__seed_000061__repr_prose,compound__seed_000061,compound,3,prose,"[0.01,0.10]","{'parameters': {'bad': 13, 'draws_without_replacement': 4, 'good': 13, 'k_good': 4, 'subtask': 'hypergeometric'}}","{'not_target': 0.9521739130434783, 'target': 0.04782608695652174}","{'not_target': 0.11920292202211755, 'target': 0.8807970779778824}","{'tv': 0.8329709910213607, 'mae_binary': 0.8329709910213607, 'rmse_binary': 0.8329709910213607, 'brier_regret': 1.3876813437662157, 'kl': 1.839211992687585}",target,not_target,False,193.18885002285242,mean,mean,10,"{'std_not_target': 0.0, 'std_target': 0.0}",,{},"{'repeat_aggregation': 'mean', 'n_repeats': 10}"
semif_qwen35_4b,Qwen/Qwen3.5-4B@851bf6e806efd8d0a36b00ddf55e13ccb7b8cd0a,compound__seed_000061__repr_table,compound__seed_000061,compound,3,table,"[0.01,0.10]","{'parameters': {'bad': 13, 'draws_without_replacement': 4, 'good': 13, 'k_good': 4, 'subtask': 'hypergeometric'}}","{'not_target': 0.9521739130434783, 'target': 0.04782608695652174}","{'not_target': 0.06008665017400762, 'target': 0.9399133498259925}","{'tv': 0.8920872628694707, 'mae_binary': 0.8920872628694707, 'rmse_binary': 0.8920872628694707, 'brier_regret': 1.5916393691478883, 'kl': 2.4883820054304198}",target,not_target,False,212.28110250085592,mean,mean,10,"{'std_not_target': 0.0, 'std_target': 0.0}",,{},"{'repeat_aggregation': 'mean', 'n_repeats': 10}"
semif_qwen35_4b,Qwen/Qwen3.5-4B@851bf6e806efd8d0a36b00ddf55e13ccb7b8cd0a,conditional__seed_000042__repr_direct,conditional__seed_000042,conditional,4,direct,"(0.45,0.55]","{'parameters': {'boundary_rule': 'include records exactly at cutoff T', 'contingency': {'A': {'B': 74, 'not_B': 48}, 'not_A': {'B': 79, 'not_B': 55}}, 'query': 'P(A|B)', 'sampling': 'uniform among records satisfying B', 'temporal_filter': 'all records observed before cutoff T'}}","{'A': 0.48366013071895425, 'not_A': 0.5163398692810457}","{'A': 0.8175744761936435, 'not_A': 0.18242552380635632}","{'tv': 0.33391434547468934, 'mae_binary': 0.3339143454746893, 'rmse_binary': 0.3339143454746893, 'brier_regret': 0.22299758022758034, 'kl': 0.28330997908707023}",A,not_A,False,193.78797668032348,mean,mean,10,"{'std_A': 0.0, 'std_not_A': 0.0}",,{},"{'repeat_aggregation': 'mean', 'n_repeats': 10}"
semif_qwen35_4b,Qwen/Qwen3.5-4B@851bf6e806efd8d0a36b00ddf55e13ccb7b8cd0a,conditional__seed_000042__repr_distractor,conditional__seed_000042,conditional,4,distractor,"(0.45,0.55]","{'parameters': {'boundary_rule': 'include records exactly at cutoff T', 'contingency': {'A': {'B': 74, 'not_B': 48}, 'not_A': {'B': 79, 'not_B': 55}}, 'query': 'P(A|B)', 'sampling': 'uniform among records satisfying B', 'temporal_filter': 'all records observed before cutoff T'}}","{'A': 0.48366013071895425, 'not_A': 0.5163398692810457}","{'A': 0.8807970779778824, 'not_A': 0.11920292202211755}","{'tv': 0.3971369472589281, 'mae_binary': 0.3971369472589282, 'rmse_binary': 0.3971369472589282, 'brier_regret': 0.3154355097562813, 'kl': 0.46699464678781316}",A,not_A,False,218.4531138278544,mean,mean,10,"{'std_A': 0.0, 'std_not_A': 0.0}",,{},"{'repeat_aggregation': 'mean', 'n_repeats': 10}"
semif_qwen35_4b,Qwen/Qwen3.5-4B@851bf6e806efd8d0a36b00ddf55e13ccb7b8cd0a,conditional__seed_000042__repr_nested,conditional__seed_000042,conditional,4,nested,"(0.45,0.55]","{'parameters': {'boundary_rule': 'include records exactly at cutoff T', 'contingency': {'A': {'B': 74, 'not_B': 48}, 'not_A': {'B': 79, 'not_B': 55}}, 'query': 'P(A|B)', 'sampling': 'uniform among records satisfying B', 'temporal_filter': 'all records observed before cutoff T'}}","{'A': 0.48366013071895425, 'not_A': 0.5163398692810457}","{'A': 0.7981867777396212, 'not_A': 0.20181322226037884}","{'tv': 0.3145266470206669, 'mae_binary': 0.31452664702066696, 'rmse_binary': 0.31452664702066696, 'brier_regret': 0.19785402337212638, 'kl': 0.24276686904583486}",A,not_A,False,194.89638549275696,mean,mean,10,"{'std_A': 0.0, 'std_not_A': 0.0}",,{},"{'repeat_aggregation': 'mean', 'n_repeats': 10}"
semif_qwen35_4b,Qwen/Qwen3.5-4B@851bf6e806efd8d0a36b00ddf55e13ccb7b8cd0a,conditional__seed_000042__repr_prose,conditional__seed_000042,conditional,4,prose,"(0.45,0.55]","{'parameters': {'boundary_rule': 'include records exactly at cutoff T', 'contingency': {'A': {'B': 74, 'not_B': 48}, 'not_A': {'B': 79, 'not_B': 55}}, 'query': 'P(A|B)', 'sampling': 'uniform among records satisfying B', 'temporal_filter': 'all records observed before cutoff T'}}","{'A': 0.48366013071895425, 'not_A': 0.5163398692810457}","{'A': 0.8354835371034369, 'not_A': 0.1645164628965632}","{'tv': 0.3518234063844826, 'mae_binary': 0.3518234063844827, 'rmse_binary': 0.3518234063844827, 'brier_regret': 0.24755941855996155, 'kl': 0.32618382015010744}",A,not_A,False,210.0584447849542,mean,mean,10,"{'std_A': 0.0, 'std_not_A': 0.0}",,{},"{'repeat_aggregation': 'mean', 'n_repeats': 10}"
semif_qwen35_4b,Qwen/Qwen3.5-4B@851bf6e806efd8d0a36b00ddf55e13ccb7b8cd0a,conditional__seed_000042__repr_table,conditional__seed_000042,conditional,4,table,"(0.45,0.55]","{'parameters': {'boundary_rule': 'include records exactly at cutoff T', 'contingency': {'A': {'B': 74, 'not_B': 48}, 'not_A': {'B': 79, 'not_B': 55}}, 'query': 'P(A|B)', 'sampling': 'uniform among records satisfying B', 'temporal_filter': 'all records observed before cutoff T'}}","{'A': 0.48366013071895425, 'not_A': 0.5163398692810457}","{'A': 0.8519528019683106, 'not_A': 0.1480471980316895}","{'tv': 0.3682926712493563, 'mae_binary': 0.36829267124935633, 'rmse_binary': 0.36829267124935633, 'brier_regret': 0.27127898339197276, 'kl': 0.3712058188626663}",A,not_A,False,211.39466585591435,mean,mean,10,"{'std_A': 0.0, 'std_not_A': 0.0}",,{},"{'repeat_aggregation': 'mean', 'n_repeats': 10}"
semif_qwen35_4b,Qwen/Qwen3.5-4B@851bf6e806efd8d0a36b00ddf55e13ccb7b8cd0a,conditional__seed_000043__repr_direct,conditional__seed_000043,conditional,4,direct,"(0.55,0.70]","{'parameters': {'boundary_rule': 'include records exactly at cutoff T', 'contingency': {'A': {'B': 65, 'not_B': 81}, 'not_A': {'B': 48, 'not_B': 34}}, 'query': 'P(A|B)', 'sampling': 'uniform among records satisfying B', 'temporal_filter': 'all records observed before cutoff T'}}","{'A': 0.5752212389380531, 'not_A': 0.4247787610619469}","{'A': 0.7981867777396212, 'not_A': 0.20181322226037884}","{'tv': 0.22296553880156808, 'mae_binary': 0.2229655388015681, 'rmse_binary': 0.2229655388015681, 'brier_regret': 0.09942726298614712, 'kl': 0.1276958157813}",A,A,True,191.32474302314222,mean,mean,10,"{'std_A': 0.0, 'std_not_A': 0.0}",,{},"{'repeat_aggregation': 'mean', 'n_repeats': 10}"
semif_qwen35_4b,Qwen/Qwen3.5-4B@851bf6e806efd8d0a36b00ddf55e13ccb7b8cd0a,conditional__seed_000043__repr_distractor,conditional__seed_000043,conditional,4,distractor,"(0.55,0.70]","{'parameters': {'boundary_rule': 'include records exactly at cutoff T', 'contingency': {'A': {'B': 65, 'not_B': 81}, 'not_A': {'B': 48, 'not_B': 34}}, 'query': 'P(A|B)', 'sampling': 'uniform among records satisfying B', 'temporal_filter': 'all records observed before cutoff T'}}","{'A': 0.5752212389380531, 'not_A': 0.4247787610619469}","{'A': 0.8933094060543487, 'not_A': 0.1066905939456512}","{'tv': 0.3180881671162957, 'mae_binary': 0.3180881671162956, 'rmse_binary': 0.3180881671162956, 'brier_regret': 0.2023601641188089, 'kl': 0.33368951374768174}",A,A,True,216.12395788542926,mean,mean,10,"{'std_A': 0.0, 'std_not_A': 0.0}",,{},"{'repeat_aggregation': 'mean', 'n_repeats': 10}"
semif_qwen35_4b,Qwen/Qwen3.5-4B@851bf6e806efd8d0a36b00ddf55e13ccb7b8cd0a,conditional__seed_000043__repr_nested,conditional__seed_000043,conditional,4,nested,"(0.55,0.70]","{'parameters': {'boundary_rule': 'include records exactly at cutoff T', 'contingency': {'A': {'B': 65, 'not_B': 81}, 'not_A': {'B': 48, 'not_B': 34}}, 'query': 'P(A|B)', 'sampling': 'uniform among records satisfying B', 'temporal_filter': 'all records observed before cutoff T'}}","{'A': 0.5752212389380531, 'not_A': 0.4247787610619469}","{'A': 0.7981867777396212, 'not_A': 0.20181322226037884}","{'tv': 0.22296553880156808, 'mae_binary': 0.2229655388015681, 'rmse_binary': 0.2229655388015681, 'brier_regret': 0.09942726298614712, 'kl': 0.1276958157813}",A,A,True,194.87402266822755,mean,mean,10,"{'std_A': 0.0, 'std_not_A': 0.0}",,{},"{'repeat_aggregation': 'mean', 'n_repeats': 10}"
semif_qwen35_4b,Qwen/Qwen3.5-4B@851bf6e806efd8d0a36b00ddf55e13ccb7b8cd0a,conditional__seed_000043__repr_prose,conditional__seed_000043,conditional,4,prose,"(0.55,0.70]","{'parameters': {'boundary_rule': 'include records exactly at cutoff T', 'contingency': {'A': {'B': 65, 'not_B': 81}, 'not_A': {'B': 48, 'not_B': 34}}, 'query': 'P(A|B)', 'sampling': 'uniform among records satisfying B', 'temporal_filter': 'all records observed before cutoff T'}}","{'A': 0.5752212389380531, 'not_A': 0.4247787610619469}","{'A': 0.8354835371034369, 'not_A': 0.1645164628965632}","{'tv': 0.26026229816538377, 'mae_binary': 0.2602622981653838, 'rmse_binary': 0.2602622981653838, 'brier_regret': 0.13547292769265423, 'kl': 0.1882224898307977}",A,A,True,208.18000598810613,mean,mean,10,"{'std_A': 0.0, 'std_not_A': 0.0}",,{},"{'repeat_aggregation': 'mean', 'n_repeats': 10}"
semif_qwen35_4b,Qwen/Qwen3.5-4B@851bf6e806efd8d0a36b00ddf55e13ccb7b8cd0a,conditional__seed_000043__repr_table,conditional__seed_000043,conditional,4,table,"(0.55,0.70]","{'parameters': {'boundary_rule': 'include records exactly at cutoff T', 'contingency': {'A': {'B': 65, 'not_B': 81}, 'not_A': {'B': 48, 'not_B': 34}}, 'query': 'P(A|B)', 'sampling': 'uniform among records satisfying B', 'temporal_filter': 'all records observed before cutoff T'}}","{'A': 0.5752212389380531, 'not_A': 0.4247787610619469}","{'A': 0.8519528019683106, 'not_A': 0.1480471980316895}","{'tv': 0.2767315630302574, 'mae_binary': 0.2767315630302575, 'rmse_binary': 0.2767315630302575, 'brier_regret': 0.15316071595433867, 'kl': 0.22179935001596934}",A,A,True,217.29718390852213,mean,mean,10,"{'std_A': 0.0, 'std_not_A': 0.0}",,{},"{'repeat_aggregation': 'mean', 'n_repeats': 10}"
semif_qwen35_4b,Qwen/Qwen3.5-4B@851bf6e806efd8d0a36b00ddf55e13ccb7b8cd0a,conditional__seed_000044__repr_direct,conditional__seed_000044,conditional,4,direct,"(0.45,0.55]","{'parameters': {'boundary_rule': 'include records exactly at cutoff T', 'contingency': {'A': {'B': 75, 'not_B': 6}, 'not_A': {'B': 81, 'not_B': 24}}, 'query': 'P(A|B)', 'sampling': 'uniform among records satisfying B', 'temporal_filter': 'all records observed before cutoff T'}}","{'A': 0.4807692307692308, 'not_A': 0.5192307692307692}","{'A': 0.8519528019683106, 'not_A': 0.1480471980316895}","{'tv': 0.37118357119907974, 'mae_binary': 0.3711835711990798, 'rmse_binary': 0.3711835711990798, 'brier_regret': 0.27555448705620456, 'kl': 0.3764706434686193}",A,not_A,False,192.39252423867583,mean,mean,10,"{'std_A': 0.0, 'std_not_A': 0.0}",,{},"{'repeat_aggregation': 'mean', 'n_repeats': 10}"
semif_qwen35_4b,Qwen/Qwen3.5-4B@851bf6e806efd8d0a36b00ddf55e13ccb7b8cd0a,conditional__seed_000044__repr_distractor,conditional__seed_000044,conditional,4,distractor,"(0.45,0.55]","{'parameters': {'boundary_rule': 'include records exactly at cutoff T', 'contingency': {'A': {'B': 75, 'not_B': 6}, 'not_A': {'B': 81, 'not_B': 24}}, 'query': 'P(A|B)', 'sampling': 'uniform among records satisfying B', 'temporal_filter': 'all records observed before cutoff T'}}","{'A': 0.4807692307692308, 'not_A': 0.5192307692307692}","{'A': 0.9046505351008906, 'not_A': 0.0953494648991095}","{'tv': 0.4238813043316597, 'mae_binary': 0.42388130433165977, 'rmse_binary': 0.42388130433165977, 'brier_regret': 0.3593507203238182, 'kl': 0.5760684365626638}",A,not_A,False,215.84162930957973,mean,mean,10,"{'std_A': 0.0, 'std_not_A': 0.0}",,{},"{'repeat_aggregation': 'mean', 'n_repeats': 10}"
semif_qwen35_4b,Qwen/Qwen3.5-4B@851bf6e806efd8d0a36b00ddf55e13ccb7b8cd0a,conditional__seed_000044__repr_nested,conditional__seed_000044,conditional,4,nested,"(0.45,0.55]","{'parameters': {'boundary_rule': 'include records exactly at cutoff T', 'contingency': {'A': {'B': 75, 'not_B': 6}, 'not_A': {'B': 81, 'not_B': 24}}, 'query': 'P(A|B)', 'sampling': 'uniform among records satisfying B', 'temporal_filter': 'all records observed before cutoff T'}}","{'A': 0.4807692307692308, 'not_A': 0.5192307692307692}","{'A': 0.8354835371034369, 'not_A': 0.1645164628965632}","{'tv': 0.3547143063342061, 'mae_binary': 0.35471430633420614, 'rmse_binary': 0.35471430633420614, 'brier_regret': 0.251644478236314, 'kl': 0.331087282262345}",A,not_A,False,196.34775072336197,mean,mean,10,"{'std_A': 0.0, 'std_not_A': 0.0}",,{},"{'repeat_aggregation': 'mean', 'n_repeats': 10}"
semif_qwen35_4b,Qwen/Qwen3.5-4B@851bf6e806efd8d0a36b00ddf55e13ccb7b8cd0a,conditional__seed_000044__repr_prose,conditional__seed_000044,conditional,4,prose,"(0.45,0.55]","{'parameters': {'boundary_rule': 'include records exactly at cutoff T', 'contingency': {'A': {'B': 75, 'not_B': 6}, 'not_A': {'B': 81, 'not_B': 24}}, 'query': 'P(A|B)', 'sampling': 'uniform among records satisfying B', 'temporal_filter': 'all records observed before cutoff T'}}","{'A': 0.4807692307692308, 'not_A': 0.5192307692307692}","{'A': 0.7772998611746911, 'not_A': 0.22270013882530884}","{'tv': 0.29653063040546035, 'mae_binary': 0.2965306304054603, 'rmse_binary': 0.2965306304054603, 'brier_regret': 0.1758608295373194, 'kl': 0.20856018976052065}",A,not_A,False,210.420860350132,mean,mean,10,"{'std_A': 0.0, 'std_not_A': 0.0}",,{},"{'repeat_aggregation': 'mean', 'n_repeats': 10}"
semif_qwen35_4b,Qwen/Qwen3.5-4B@851bf6e806efd8d0a36b00ddf55e13ccb7b8cd0a,conditional__seed_000044__repr_table,conditional__seed_000044,conditional,4,table,"(0.45,0.55]","{'parameters': {'boundary_rule': 'include records exactly at cutoff T', 'contingency': {'A': {'B': 75, 'not_B': 6}, 'not_A': {'B': 81, 'not_B': 24}}, 'query': 'P(A|B)', 'sampling': 'uniform among records satisfying B', 'temporal_filter': 'all records observed before cutoff T'}}","{'A': 0.4807692307692308, 'not_A': 0.5192307692307692}","{'A': 0.9046505351008906, 'not_A': 0.0953494648991095}","{'tv': 0.4238813043316597, 'mae_binary': 0.42388130433165977, 'rmse_binary': 0.42388130433165977, 'brier_regret': 0.3593507203238182, 'kl': 0.5760684365626638}",A,not_A,False,213.2092381361872,mean,mean,10,"{'std_A': 0.0, 'std_not_A': 0.0}",,{},"{'repeat_aggregation': 'mean', 'n_repeats': 10}"
semif_qwen35_4b,Qwen/Qwen3.5-4B@851bf6e806efd8d0a36b00ddf55e13ccb7b8cd0a,conditional__seed_000045__repr_direct,conditional__seed_000045,conditional,4,direct,"(0.30,0.45]","{'parameters': {'boundary_rule': 'include records exactly at cutoff T', 'contingency': {'A': {'B': 40, 'not_B': 42}, 'not_A': {'B': 52, 'not_B': 79}}, 'query': 'P(A|B)', 'sampling': 'uniform among records satisfying B', 'temporal_filter': 'all records observed before cutoff T'}}","{'A': 0.43478260869565216, 'not_A': 0.5652173913043479}","{'A': 0.7981867777396212, 'not_A': 0.20181322226037884}","{'tv': 0.36340416904396905, 'mae_binary': 0.36340416904396905, 'rmse_binary': 0.36340416904396905, 'brier_regret': 0.26412518015707526, 'kl': 0.3179702868438215}",A,not_A,False,192.99709899351,mean,mean,10,"{'std_A': 0.0, 'std_not_A': 0.0}",,{},"{'repeat_aggregation': 'mean', 'n_repeats': 10}"
semif_qwen35_4b,Qwen/Qwen3.5-4B@851bf6e806efd8d0a36b00ddf55e13ccb7b8cd0a,conditional__seed_000045__repr_distractor,conditional__seed_000045,conditional,4,distractor,"(0.30,0.45]","{'parameters': {'boundary_rule': 'include records exactly at cutoff T', 'contingency': {'A': {'B': 40, 'not_B': 42}, 'not_A': {'B': 52, 'not_B': 79}}, 'query': 'P(A|B)', 'sampling': 'uniform among records satisfying B', 'temporal_filter': 'all records observed before cutoff T'}}","{'A': 0.43478260869565216, 'not_A': 0.5652173913043479}","{'A': 0.8519528019683106, 'not_A': 0.1480471980316895}","{'tv': 0.41717019327265836, 'mae_binary': 0.4171701932726584, 'rmse_binary': 0.4171701932726584, 'brier_regret': 0.3480619403102943, 'kl': 0.46473830741939115}",A,not_A,False,217.53883436322212,mean,mean,10,"{'std_A': 0.0, 'std_not_A': 0.0}",,{},"{'repeat_aggregation': 'mean', 'n_repeats': 10}"
semif_qwen35_4b,Qwen/Qwen3.5-4B@851bf6e806efd8d0a36b00ddf55e13ccb7b8cd0a,conditional__seed_000045__repr_nested,conditional__seed_000045,conditional,4,nested,"(0.30,0.45]","{'parameters': {'boundary_rule': 'include records exactly at cutoff T', 'contingency': {'A': {'B': 40, 'not_B': 42}, 'not_A': {'B': 52, 'not_B': 79}}, 'query': 'P(A|B)', 'sampling': 'uniform among records satisfying B', 'temporal_filter': 'all records observed before cutoff T'}}","{'A': 0.43478260869565216, 'not_A': 0.5652173913043479}","{'A': 0.7549149868676283, 'not_A': 0.24508501313237172}","{'tv': 0.32013237817197615, 'mae_binary': 0.3201323781719761, 'rmse_binary': 0.3201323781719761, 'brier_regret': 0.20496947910809027, 'kl': 0.2324034236644016}",A,not_A,False,194.65021081268787,mean,mean,10,"{'std_A': 0.0, 'std_not_A': 0.0}",,{},"{'repeat_aggregation': 'mean', 'n_repeats': 10}"
semif_qwen35_4b,Qwen/Qwen3.5-4B@851bf6e806efd8d0a36b00ddf55e13ccb7b8cd0a,conditional__seed_000045__repr_prose,conditional__seed_000045,conditional,4,prose,"(0.30,0.45]","{'parameters': {'boundary_rule': 'include records exactly at cutoff T', 'contingency': {'A': {'B': 40, 'not_B': 42}, 'not_A': {'B': 52, 'not_B': 79}}, 'query': 'P(A|B)', 'sampling': 'uniform among records satisfying B', 'temporal_filter': 'all records observed before cutoff T'}}","{'A': 0.43478260869565216, 'not_A': 0.5652173913043479}","{'A': 0.7549149868676283, 'not_A': 0.24508501313237172}","{'tv': 0.32013237817197615, 'mae_binary': 0.3201323781719761, 'rmse_binary': 0.3201323781719761, 'brier_regret': 0.20496947910809027, 'kl': 0.2324034236644016}",A,not_A,False,210.24922113865614,mean,mean,10,"{'std_A': 0.0, 'std_not_A': 0.0}",,{},"{'repeat_aggregation': 'mean', 'n_repeats': 10}"
semif_qwen35_4b,Qwen/Qwen3.5-4B@851bf6e806efd8d0a36b00ddf55e13ccb7b8cd0a,conditional__seed_000045__repr_table,conditional__seed_000045,conditional,4,table,"(0.30,0.45]","{'parameters': {'boundary_rule': 'include records exactly at cutoff T', 'contingency': {'A': {'B': 40, 'not_B': 42}, 'not_A': {'B': 52, 'not_B': 79}}, 'query': 'P(A|B)', 'sampling': 'uniform among records satisfying B', 'temporal_filter': 'all records observed before cutoff T'}}","{'A': 0.43478260869565216, 'not_A': 0.5652173913043479}","{'A': 0.8175744761936435, 'not_A': 0.18242552380635632}","{'tv': 0.38279186749799143, 'mae_binary': 0.3827918674979914, 'rmse_binary': 0.3827918674979914, 'brier_regret': 0.2930592276451997, 'kl': 0.36462308713796965}",A,not_A,False,216.28601443953812,mean,mean,10,"{'std_A': 0.0, 'std_not_A': 0.0}",,{},"{'repeat_aggregation': 'mean', 'n_repeats': 10}"
semif_qwen35_4b,Qwen/Qwen3.5-4B@851bf6e806efd8d0a36b00ddf55e13ccb7b8cd0a,conditional__seed_000046__repr_direct,conditional__seed_000046,conditional,4,direct,"(0.55,0.70]","{'parameters': {'boundary_rule': 'include records exactly at cutoff T', 'contingency': {'A': {'B': 79, 'not_B': 17}, 'not_A': {'B': 50, 'not_B': 54}}, 'query': 'P(A|B)', 'sampling': 'uniform among records satisfying B', 'temporal_filter': 'all records observed before cutoff T'}}","{'A': 0.6124031007751938, 'not_A': 0.3875968992248062}","{'A': 0.8354835371034369, 'not_A': 0.1645164628965632}","{'tv': 0.2230804363282431, 'mae_binary': 0.22308043632824315, 'rmse_binary': 0.22308043632824315, 'brier_regret': 0.09952976214479864, 'kl': 0.14192859239066893}",A,A,True,190.18842242658138,mean,mean,10,"{'std_A': 0.0, 'std_not_A': 0.0}",,{},"{'repeat_aggregation': 'mean', 'n_repeats': 10}"
semif_qwen35_4b,Qwen/Qwen3.5-4B@851bf6e806efd8d0a36b00ddf55e13ccb7b8cd0a,conditional__seed_000046__repr_distractor,conditional__seed_000046,conditional,4,distractor,"(0.55,0.70]","{'parameters': {'boundary_rule': 'include records exactly at cutoff T', 'contingency': {'A': {'B': 79, 'not_B': 17}, 'not_A': {'B': 50, 'not_B': 54}}, 'query': 'P(A|B)', 'sampling': 'uniform among records satisfying B', 'temporal_filter': 'all records observed before cutoff T'}}","{'A': 0.6124031007751938, 'not_A': 0.3875968992248062}","{'A': 0.9046505351008906, 'not_A': 0.0953494648991095}","{'tv': 0.2922474343256968, 'mae_binary': 0.2922474343256968, 'rmse_binary': 0.2922474343256968, 'brier_regret': 0.17081712573990487, 'kl': 0.3046385779372612}",A,A,True,217.22555444575846,mean,mean,10,"{'std_A': 0.0, 'std_not_A': 0.0}",,{},"{'repeat_aggregation': 'mean', 'n_repeats': 10}"
semif_qwen35_4b,Qwen/Qwen3.5-4B@851bf6e806efd8d0a36b00ddf55e13ccb7b8cd0a,conditional__seed_000046__repr_nested,conditional__seed_000046,conditional,4,nested,"(0.55,0.70]","{'parameters': {'boundary_rule': 'include records exactly at cutoff T', 'contingency': {'A': {'B': 79, 'not_B': 17}, 'not_A': {'B': 50, 'not_B': 54}}, 'query': 'P(A|B)', 'sampling': 'uniform among records satisfying B', 'temporal_filter': 'all records observed before cutoff T'}}","{'A': 0.6124031007751938, 'not_A': 0.3875968992248062}","{'A': 0.8175744761936435, 'not_A': 0.18242552380635632}","{'tv': 0.20517137541844982, 'mae_binary': 0.20517137541844976, 'rmse_binary': 0.20517137541844976, 'brier_regret': 0.08419058658219697, 'kl': 0.11514762258466185}",A,A,True,195.18956621177495,mean,mean,10,"{'std_A': 0.0, 'std_not_A': 0.0}",,{},"{'repeat_aggregation': 'mean', 'n_repeats': 10}"
semif_qwen35_4b,Qwen/Qwen3.5-4B@851bf6e806efd8d0a36b00ddf55e13ccb7b8cd0a,conditional__seed_000046__repr_prose,conditional__seed_000046,conditional,4,prose,"(0.55,0.70]","{'parameters': {'boundary_rule': 'include records exactly at cutoff T', 'contingency': {'A': {'B': 79, 'not_B': 17}, 'not_A': {'B': 50, 'not_B': 54}}, 'query': 'P(A|B)', 'sampling': 'uniform among records satisfying B', 'temporal_filter': 'all records observed before cutoff T'}}","{'A': 0.6124031007751938, 'not_A': 0.3875968992248062}","{'A': 0.8519528019683106, 'not_A': 0.1480471980316895}","{'tv': 0.23954970119311675, 'mae_binary': 0.2395497011931168, 'rmse_binary': 0.2395497011931168, 'brier_regret': 0.11476811868342306, 'kl': 0.17085771984619805}",A,A,True,211.65991672314703,mean,mean,10,"{'std_A': 0.0, 'std_not_A': 0.0}",,{},"{'repeat_aggregation': 'mean', 'n_repeats': 10}"
semif_qwen35_4b,Qwen/Qwen3.5-4B@851bf6e806efd8d0a36b00ddf55e13ccb7b8cd0a,conditional__seed_000046__repr_table,conditional__seed_000046,conditional,4,table,"(0.55,0.70]","{'parameters': {'boundary_rule': 'include records exactly at cutoff T', 'contingency': {'A': {'B': 79, 'not_B': 17}, 'not_A': {'B': 50, 'not_B': 54}}, 'query': 'P(A|B)', 'sampling': 'uniform among records satisfying B', 'temporal_filter': 'all records observed before cutoff T'}}","{'A': 0.6124031007751938, 'not_A': 0.3875968992248062}","{'A': 0.8933094060543487, 'not_A': 0.1066905939456512}","{'tv': 0.280906305279155, 'mae_binary': 0.28090630527915494, 'rmse_binary': 0.28090630527915494, 'brier_regret': 0.15781670469117165, 'kl': 0.2688046853889825}",A,A,True,215.08445404469967,mean,mean,10,"{'std_A': 0.0, 'std_not_A': 0.0}",,{},"{'repeat_aggregation': 'mean', 'n_repeats': 10}"
semif_qwen35_4b,Qwen/Qwen3.5-4B@851bf6e806efd8d0a36b00ddf55e13ccb7b8cd0a,conditional__seed_000047__repr_direct,conditional__seed_000047,conditional,4,direct,"(0.10,0.30]","{'parameters': {'boundary_rule': 'include records exactly at cutoff T', 'contingency': {'A': {'B': 9, 'not_B': 61}, 'not_A': {'B': 25, 'not_B': 7}}, 'query': 'P(A|B)', 'sampling': 'uniform among records satisfying B', 'temporal_filter': 'all records observed before cutoff T'}}","{'A': 0.2647058823529412, 'not_A': 0.7352941176470589}","{'A': 0.8175744761936435, 'not_A': 0.18242552380635632}","{'tv': 0.5528685938407024, 'mae_binary': 0.5528685938407023, 'rmse_binary': 0.5528685938407023, 'brier_regret': 0.6113273641107911, 'kl': 0.7264326597704439}",A,not_A,False,191.42209677956998,mean,mean,10,"{'std_A': 0.0, 'std_not_A': 0.0}",,{},"{'repeat_aggregation': 'mean', 'n_repeats': 10}"
semif_qwen35_4b,Qwen/Qwen3.5-4B@851bf6e806efd8d0a36b00ddf55e13ccb7b8cd0a,conditional__seed_000047__repr_distractor,conditional__seed_000047,conditional,4,distractor,"(0.10,0.30]","{'parameters': {'boundary_rule': 'include records exactly at cutoff T', 'contingency': {'A': {'B': 9, 'not_B': 61}, 'not_A': {'B': 25, 'not_B': 7}}, 'query': 'P(A|B)', 'sampling': 'uniform among records satisfying B', 'temporal_filter': 'all records observed before cutoff T'}}","{'A': 0.2647058823529412, 'not_A': 0.7352941176470589}","{'A': 0.8670357598021706, 'not_A': 0.13296424019782924}","{'tv': 0.6023298774492295, 'mae_binary': 0.6023298774492294, 'rmse_binary': 0.6023298774492294, 'brier_regret': 0.7256025625360076, 'kl': 0.9434297335109403}",A,not_A,False,214.88795718178153,mean,mean,10,"{'std_A': 0.0, 'std_not_A': 0.0}",,{},"{'repeat_aggregation': 'mean', 'n_repeats': 10}"
semif_qwen35_4b,Qwen/Qwen3.5-4B@851bf6e806efd8d0a36b00ddf55e13ccb7b8cd0a,conditional__seed_000047__repr_nested,conditional__seed_000047,conditional,4,nested,"(0.10,0.30]","{'parameters': {'boundary_rule': 'include records exactly at cutoff T', 'contingency': {'A': {'B': 9, 'not_B': 61}, 'not_A': {'B': 25, 'not_B': 7}}, 'query': 'P(A|B)', 'sampling': 'uniform among records satisfying B', 'temporal_filter': 'all records observed before cutoff T'}}","{'A': 0.2647058823529412, 'not_A': 0.7352941176470589}","{'A': 0.8175744761936435, 'not_A': 0.18242552380635632}","{'tv': 0.5528685938407024, 'mae_binary': 0.5528685938407023, 'rmse_binary': 0.5528685938407023, 'brier_regret': 0.6113273641107911, 'kl': 0.7264326597704439}",A,not_A,False,193.49565138109028,mean,mean,10,"{'std_A': 0.0, 'std_not_A': 0.0}",,{},"{'repeat_aggregation': 'mean', 'n_repeats': 10}"
semif_qwen35_4b,Qwen/Qwen3.5-4B@851bf6e806efd8d0a36b00ddf55e13ccb7b8cd0a,conditional__seed_000047__repr_prose,conditional__seed_000047,conditional,4,prose,"(0.10,0.30]","{'parameters': {'boundary_rule': 'include records exactly at cutoff T', 'contingency': {'A': {'B': 9, 'not_B': 61}, 'not_A': {'B': 25, 'not_B': 7}}, 'query': 'P(A|B)', 'sampling': 'uniform among records satisfying B', 'temporal_filter': 'all records observed before cutoff T'}}","{'A': 0.2647058823529412, 'not_A': 0.7352941176470589}","{'A': 0.7772998611746911, 'not_A': 0.22270013882530884}","{'tv': 0.51259397882175, 'mae_binary': 0.51259397882175, 'rmse_binary': 0.51259397882175, 'brier_regret': 0.5255051742486254, 'kl': 0.5931249337212998}",A,not_A,False,210.9781350940466,mean,mean,10,"{'std_A': 0.0, 'std_not_A': 0.0}",,{},"{'repeat_aggregation': 'mean', 'n_repeats': 10}"
semif_qwen35_4b,Qwen/Qwen3.5-4B@851bf6e806efd8d0a36b00ddf55e13ccb7b8cd0a,conditional__seed_000047__repr_table,conditional__seed_000047,conditional,4,table,"(0.10,0.30]","{'parameters': {'boundary_rule': 'include records exactly at cutoff T', 'contingency': {'A': {'B': 9, 'not_B': 61}, 'not_A': {'B': 25, 'not_B': 7}}, 'query': 'P(A|B)', 'sampling': 'uniform among records satisfying B', 'temporal_filter': 'all records observed before cutoff T'}}","{'A': 0.2647058823529412, 'not_A': 0.7352941176470589}","{'A': 0.8670357598021706, 'not_A': 0.13296424019782924}","{'tv': 0.6023298774492295, 'mae_binary': 0.6023298774492294, 'rmse_binary': 0.6023298774492294, 'brier_regret': 0.7256025625360076, 'kl': 0.9434297335109403}",A,not_A,False,215.98087986931205,mean,mean,10,"{'std_A': 0.0, 'std_not_A': 0.0}",,{},"{'repeat_aggregation': 'mean', 'n_repeats': 10}"
semif_qwen35_4b,Qwen/Qwen3.5-4B@851bf6e806efd8d0a36b00ddf55e13ccb7b8cd0a,conditional__seed_000048__repr_direct,conditional__seed_000048,conditional,4,direct,"(0.30,0.45]","{'parameters': {'boundary_rule': 'include records exactly at cutoff T', 'contingency': {'A': {'B': 48, 'not_B': 44}, 'not_A': {'B': 89, 'not_B': 16}}, 'query': 'P(A|B)', 'sampling': 'uniform among records satisfying B', 'temporal_filter': 'all records observed before cutoff T'}}","{'A': 0.35036496350364965, 'not_A': 0.6496350364963503}","{'A': 0.8354835371034369, 'not_A': 0.1645164628965632}","{'tv': 0.4851185735997872, 'mae_binary': 0.4851185735997873, 'rmse_binary': 0.4851185735997873, 'brier_regret': 0.4706800609029843, 'kl': 0.5877292966359223}",A,not_A,False,191.7992307804525,mean,mean,10,"{'std_A': 0.0, 'std_not_A': 0.0}",,{},"{'repeat_aggregation': 'mean', 'n_repeats': 10}"
semif_qwen35_4b,Qwen/Qwen3.5-4B@851bf6e806efd8d0a36b00ddf55e13ccb7b8cd0a,conditional__seed_000048__repr_distractor,conditional__seed_000048,conditional,4,distractor,"(0.30,0.45]","{'parameters': {'boundary_rule': 'include records exactly at cutoff T', 'contingency': {'A': {'B': 48, 'not_B': 44}, 'not_A': {'B': 89, 'not_B': 16}}, 'query': 'P(A|B)', 'sampling': 'uniform among records satisfying B', 'temporal_filter': 'all records observed before cutoff T'}}","{'A': 0.35036496350364965, 'not_A': 0.6496350364963503}","{'A': 0.8933094060543487, 'not_A': 0.1066905939456512}","{'tv': 0.5429444425506991, 'mae_binary': 0.5429444425506991, 'rmse_binary': 0.5429444425506991, 'brier_regret': 0.5895773353933789, 'kl': 0.845624458270008}",A,not_A,False,218.1171851232648,mean,mean,10,"{'std_A': 0.0, 'std_not_A': 0.0}",,{},"{'repeat_aggregation': 'mean', 'n_repeats': 10}"
semif_qwen35_4b,Qwen/Qwen3.5-4B@851bf6e806efd8d0a36b00ddf55e13ccb7b8cd0a,conditional__seed_000048__repr_nested,conditional__seed_000048,conditional,4,nested,"(0.30,0.45]","{'parameters': {'boundary_rule': 'include records exactly at cutoff T', 'contingency': {'A': {'B': 48, 'not_B': 44}, 'not_A': {'B': 89, 'not_B': 16}}, 'query': 'P(A|B)', 'sampling': 'uniform among records satisfying B', 'temporal_filter': 'all records observed before cutoff T'}}","{'A': 0.35036496350364965, 'not_A': 0.6496350364963503}","{'A': 0.8354835371034369, 'not_A': 0.1645164628965632}","{'tv': 0.4851185735997872, 'mae_binary': 0.4851185735997873, 'rmse_binary': 0.4851185735997873, 'brier_regret': 0.4706800609029843, 'kl': 0.5877292966359223}",A,not_A,False,193.4941510669887,mean,mean,10,"{'std_A': 0.0, 'std_not_A': 0.0}",,{},"{'repeat_aggregation': 'mean', 'n_repeats': 10}"
semif_qwen35_4b,Qwen/Qwen3.5-4B@851bf6e806efd8d0a36b00ddf55e13ccb7b8cd0a,conditional__seed_000048__repr_prose,conditional__seed_000048,conditional,4,prose,"(0.30,0.45]","{'parameters': {'boundary_rule': 'include records exactly at cutoff T', 'contingency': {'A': {'B': 48, 'not_B': 44}, 'not_A': {'B': 89, 'not_B': 16}}, 'query': 'P(A|B)', 'sampling': 'uniform among records satisfying B', 'temporal_filter': 'all records observed before cutoff T'}}","{'A': 0.35036496350364965, 'not_A': 0.6496350364963503}","{'A': 0.7772998611746911, 'not_A': 0.22270013882530884}","{'tv': 0.4269348976710415, 'mae_binary': 0.4269348976710414, 'rmse_binary': 0.4269348976710414, 'brier_regret': 0.3645468136987653, 'kl': 0.4163006039095049}",A,not_A,False,209.66180358082056,mean,mean,10,"{'std_A': 0.0, 'std_not_A': 0.0}",,{},"{'repeat_aggregation': 'mean', 'n_repeats': 10}"
semif_qwen35_4b,Qwen/Qwen3.5-4B@851bf6e806efd8d0a36b00ddf55e13ccb7b8cd0a,conditional__seed_000048__repr_table,conditional__seed_000048,conditional,4,table,"(0.30,0.45]","{'parameters': {'boundary_rule': 'include records exactly at cutoff T', 'contingency': {'A': {'B': 48, 'not_B': 44}, 'not_A': {'B': 89, 'not_B': 16}}, 'query': 'P(A|B)', 'sampling': 'uniform among records satisfying B', 'temporal_filter': 'all records observed before cutoff T'}}","{'A': 0.35036496350364965, 'not_A': 0.6496350364963503}","{'A': 0.8670357598021706, 'not_A': 0.13296424019782924}","{'tv': 0.5166707962985211, 'mae_binary': 0.516670796298521, 'rmse_binary': 0.516670796298521, 'brier_regret': 0.5338974234954956, 'kl': 0.7130684779799528}",A,not_A,False,217.36997598782182,mean,mean,10,"{'std_A': 0.0, 'std_not_A': 0.0}",,{},"{'repeat_aggregation': 'mean', 'n_repeats': 10}"
semif_qwen35_4b,Qwen/Qwen3.5-4B@851bf6e806efd8d0a36b00ddf55e13ccb7b8cd0a,conditional__seed_000049__repr_direct,conditional__seed_000049,conditional,4,direct,"(0.45,0.55]","{'parameters': {'boundary_rule': 'include records exactly at cutoff T', 'contingency': {'A': {'B': 32, 'not_B': 39}, 'not_A': {'B': 33, 'not_B': 40}}, 'query': 'P(A|B)', 'sampling': 'uniform among records satisfying B', 'temporal_filter': 'all records observed before cutoff T'}}","{'A': 0.49230769230769234, 'not_A': 0.5076923076923077}","{'A': 0.8175744761936435, 'not_A': 0.18242552380635632}","{'tv': 0.32526678388595126, 'mae_binary': 0.3252667838859512, 'rmse_binary': 0.3252667838859512, 'brier_regret': 0.21159696139902023, 'kl': 0.2699229068253476}",A,not_A,False,191.58111694268882,mean,mean,10,"{'std_A': 0.0, 'std_not_A': 0.0}",,{},"{'repeat_aggregation': 'mean', 'n_repeats': 10}"
semif_qwen35_4b,Qwen/Qwen3.5-4B@851bf6e806efd8d0a36b00ddf55e13ccb7b8cd0a,conditional__seed_000049__repr_distractor,conditional__seed_000049,conditional,4,distractor,"(0.45,0.55]","{'parameters': {'boundary_rule': 'include records exactly at cutoff T', 'contingency': {'A': {'B': 32, 'not_B': 39}, 'not_A': {'B': 33, 'not_B': 40}}, 'query': 'P(A|B)', 'sampling': 'uniform among records satisfying B', 'temporal_filter': 'all records observed before cutoff T'}}","{'A': 0.49230769230769234, 'not_A': 0.5076923076923077}","{'A': 0.9149009549929797, 'not_A': 0.08509904500702024}","{'tv': 0.4225932626852874, 'mae_binary': 0.4225932626852874, 'rmse_binary': 0.4225932626852874, 'brier_regret': 0.35717013133399267, 'kl': 0.601679863548303}",A,not_A,False,214.89573903381824,mean,mean,10,"{'std_A': 0.0, 'std_not_A': 0.0}",,{},"{'repeat_aggregation': 'mean', 'n_repeats': 10}"
semif_qwen35_4b,Qwen/Qwen3.5-4B@851bf6e806efd8d0a36b00ddf55e13ccb7b8cd0a,conditional__seed_000049__repr_nested,conditional__seed_000049,conditional,4,nested,"(0.45,0.55]","{'parameters': {'boundary_rule': 'include records exactly at cutoff T', 'contingency': {'A': {'B': 32, 'not_B': 39}, 'not_A': {'B': 33, 'not_B': 40}}, 'query': 'P(A|B)', 'sampling': 'uniform among records satisfying B', 'temporal_filter': 'all records observed before cutoff T'}}","{'A': 0.49230769230769234, 'not_A': 0.5076923076923077}","{'A': 0.7772998611746911, 'not_A': 0.22270013882530884}","{'tv': 0.2849921688669988, 'mae_binary': 0.28499216886699874, 'rmse_binary': 0.28499216886699874, 'brier_regret': 0.1624410726310319, 'kl': 0.1935156332648911}",A,not_A,False,194.11885584704578,mean,mean,10,"{'std_A': 0.0, 'std_not_A': 0.0}",,{},"{'repeat_aggregation': 'mean', 'n_repeats': 10}"
semif_qwen35_4b,Qwen/Qwen3.5-4B@851bf6e806efd8d0a36b00ddf55e13ccb7b8cd0a,conditional__seed_000049__repr_prose,conditional__seed_000049,conditional,4,prose,"(0.45,0.55]","{'parameters': {'boundary_rule': 'include records exactly at cutoff T', 'contingency': {'A': {'B': 32, 'not_B': 39}, 'not_A': {'B': 33, 'not_B': 40}}, 'query': 'P(A|B)', 'sampling': 'uniform among records satisfying B', 'temporal_filter': 'all records observed before cutoff T'}}","{'A': 0.49230769230769234, 'not_A': 0.5076923076923077}","{'A': 0.7981867777396212, 'not_A': 0.20181322226037884}","{'tv': 0.3058790854319289, 'mae_binary': 0.3058790854319289, 'rmse_binary': 0.3058790854319289, 'brier_regret': 0.18712402980934645, 'kl': 0.2304607419827045}",A,not_A,False,210.43143193237484,mean,mean,10,"{'std_A': 0.0, 'std_not_A': 0.0}",,{},"{'repeat_aggregation': 'mean', 'n_repeats': 10}"
semif_qwen35_4b,Qwen/Qwen3.5-4B@851bf6e806efd8d0a36b00ddf55e13ccb7b8cd0a,conditional__seed_000049__repr_table,conditional__seed_000049,conditional,4,table,"(0.45,0.55]","{'parameters': {'boundary_rule': 'include records exactly at cutoff T', 'contingency': {'A': {'B': 32, 'not_B': 39}, 'not_A': {'B': 33, 'not_B': 40}}, 'query': 'P(A|B)', 'sampling': 'uniform among records satisfying B', 'temporal_filter': 'all records observed before cutoff T'}}","{'A': 0.49230769230769234, 'not_A': 0.5076923076923077}","{'A': 0.8354835371034369, 'not_A': 0.1645164628965632}","{'tv': 0.34317584479574453, 'mae_binary': 0.3431758447957446, 'rmse_binary': 0.3431758447957446, 'brier_regret': 0.23553932090254587, 'kl': 0.31171580268979254}",A,not_A,False,216.36224808171391,mean,mean,10,"{'std_A': 0.0, 'std_not_A': 0.0}",,{},"{'repeat_aggregation': 'mean', 'n_repeats': 10}"
semif_qwen35_4b,Qwen/Qwen3.5-4B@851bf6e806efd8d0a36b00ddf55e13ccb7b8cd0a,conditional__seed_000050__repr_direct,conditional__seed_000050,conditional,4,direct,"(0.55,0.70]","{'parameters': {'boundary_rule': 'include records exactly at cutoff T', 'contingency': {'A': {'B': 67, 'not_B': 52}, 'not_A': {'B': 29, 'not_B': 79}}, 'query': 'P(A|B)', 'sampling': 'uniform among records satisfying B', 'temporal_filter': 'all records observed before cutoff T'}}","{'A': 0.6979166666666666, 'not_A': 0.30208333333333337}","{'A': 0.7549149868676283, 'not_A': 0.24508501313237172}","{'tv': 0.05699832020096164, 'mae_binary': 0.05699832020096163, 'rmse_binary': 0.05699832020096163, 'brier_regret': 0.006497617011462704, 'kl': 0.008374700705504307}",A,A,True,190.70434938184917,mean,mean,10,"{'std_A': 0.0, 'std_not_A': 0.0}",,{},"{'repeat_aggregation': 'mean', 'n_repeats': 10}"
semif_qwen35_4b,Qwen/Qwen3.5-4B@851bf6e806efd8d0a36b00ddf55e13ccb7b8cd0a,conditional__seed_000050__repr_distractor,conditional__seed_000050,conditional,4,distractor,"(0.55,0.70]","{'parameters': {'boundary_rule': 'include records exactly at cutoff T', 'contingency': {'A': {'B': 67, 'not_B': 52}, 'not_A': {'B': 29, 'not_B': 79}}, 'query': 'P(A|B)', 'sampling': 'uniform among records satisfying B', 'temporal_filter': 'all records observed before cutoff T'}}","{'A': 0.6979166666666666, 'not_A': 0.30208333333333337}","{'A': 0.8807970779778824, 'not_A': 0.11920292202211755}","{'tv': 0.1828804113112158, 'mae_binary': 0.1828804113112158, 'rmse_binary': 0.1828804113112158, 'brier_regret': 0.06689048968271893, 'kl': 0.11847549216682879}",A,A,True,217.7478862926364,mean,mean,10,"{'std_A': 0.0, 'std_not_A': 0.0}",,{},"{'repeat_aggregation': 'mean', 'n_repeats': 10}"
semif_qwen35_4b,Qwen/Qwen3.5-4B@851bf6e806efd8d0a36b00ddf55e13ccb7b8cd0a,conditional__seed_000050__repr_nested,conditional__seed_000050,conditional,4,nested,"(0.55,0.70]","{'parameters': {'boundary_rule': 'include records exactly at cutoff T', 'contingency': {'A': {'B': 67, 'not_B': 52}, 'not_A': {'B': 29, 'not_B': 79}}, 'query': 'P(A|B)', 'sampling': 'uniform among records satisfying B', 'temporal_filter': 'all records observed before cutoff T'}}","{'A': 0.6979166666666666, 'not_A': 0.30208333333333337}","{'A': 0.7549149868676283, 'not_A': 0.24508501313237172}","{'tv': 0.05699832020096164, 'mae_binary': 0.05699832020096163, 'rmse_binary': 0.05699832020096163, 'brier_regret': 0.006497617011462704, 'kl': 0.008374700705504307}",A,A,True,196.45196301862597,mean,mean,10,"{'std_A': 0.0, 'std_not_A': 0.0}",,{},"{'repeat_aggregation': 'mean', 'n_repeats': 10}"
semif_qwen35_4b,Qwen/Qwen3.5-4B@851bf6e806efd8d0a36b00ddf55e13ccb7b8cd0a,conditional__seed_000050__repr_prose,conditional__seed_000050,conditional,4,prose,"(0.55,0.70]","{'parameters': {'boundary_rule': 'include records exactly at cutoff T', 'contingency': {'A': {'B': 67, 'not_B': 52}, 'not_A': {'B': 29, 'not_B': 79}}, 'query': 'P(A|B)', 'sampling': 'uniform among records satisfying B', 'temporal_filter': 'all records observed before cutoff T'}}","{'A': 0.6979166666666666, 'not_A': 0.30208333333333337}","{'A': 0.7981867777396212, 'not_A': 0.20181322226037884}","{'tv': 0.10027011107295455, 'mae_binary': 0.10027011107295458, 'rmse_binary': 0.10027011107295458, 'brier_regret': 0.020108190349165285, 'kl': 0.028158049392170717}",A,A,True,208.94469893537462,mean,mean,10,"{'std_A': 0.0, 'std_not_A': 0.0}",,{},"{'repeat_aggregation': 'mean', 'n_repeats': 10}"
semif_qwen35_4b,Qwen/Qwen3.5-4B@851bf6e806efd8d0a36b00ddf55e13ccb7b8cd0a,conditional__seed_000050__repr_table,conditional__seed_000050,conditional,4,table,"(0.55,0.70]","{'parameters': {'boundary_rule': 'include records exactly at cutoff T', 'contingency': {'A': {'B': 67, 'not_B': 52}, 'not_A': {'B': 29, 'not_B': 79}}, 'query': 'P(A|B)', 'sampling': 'uniform among records satisfying B', 'temporal_filter': 'all records observed before cutoff T'}}","{'A': 0.6979166666666666, 'not_A': 0.30208333333333337}","{'A': 0.8670357598021706, 'not_A': 0.13296424019782924}","{'tv': 0.16911909313550405, 'mae_binary': 0.169119093135504, 'rmse_binary': 0.169119093135504, 'brier_regret': 0.0572025353259506, 'kl': 0.09646212206279123}",A,A,True,217.18643680214882,mean,mean,10,"{'std_A': 0.0, 'std_not_A': 0.0}",,{},"{'repeat_aggregation': 'mean', 'n_repeats': 10}"
semif_qwen35_4b,Qwen/Qwen3.5-4B@851bf6e806efd8d0a36b00ddf55e13ccb7b8cd0a,conditional__seed_000051__repr_direct,conditional__seed_000051,conditional,4,direct,"(0.55,0.70]","{'parameters': {'boundary_rule': 'include records exactly at cutoff T', 'contingency': {'A': {'B': 72, 'not_B': 78}, 'not_A': {'B': 51, 'not_B': 6}}, 'query': 'P(A|B)', 'sampling': 'uniform among records satisfying B', 'temporal_filter': 'all records observed before cutoff T'}}","{'A': 0.5853658536585366, 'not_A': 0.41463414634146345}","{'A': 0.7981867777396212, 'not_A': 0.20181322226037884}","{'tv': 0.21282092408108463, 'mae_binary': 0.21282092408108466, 'rmse_binary': 0.21282092408108466, 'brier_regret': 0.09058549145345357, 'kl': 0.11703372580725149}",A,A,True,189.82716873288155,mean,mean,10,"{'std_A': 0.0, 'std_not_A': 0.0}",,{},"{'repeat_aggregation': 'mean', 'n_repeats': 10}"
semif_qwen35_4b,Qwen/Qwen3.5-4B@851bf6e806efd8d0a36b00ddf55e13ccb7b8cd0a,conditional__seed_000051__repr_distractor,conditional__seed_000051,conditional,4,distractor,"(0.55,0.70]","{'parameters': {'boundary_rule': 'include records exactly at cutoff T', 'contingency': {'A': {'B': 72, 'not_B': 78}, 'not_A': {'B': 51, 'not_B': 6}}, 'query': 'P(A|B)', 'sampling': 'uniform among records satisfying B', 'temporal_filter': 'all records observed before cutoff T'}}","{'A': 0.5853658536585366, 'not_A': 0.41463414634146345}","{'A': 0.8807970779778824, 'not_A': 0.11920292202211755}","{'tv': 0.2954312243193459, 'mae_binary': 0.2954312243193459, 'rmse_binary': 0.2954312243193459, 'brier_regret': 0.17455921660565532, 'kl': 0.2776954267119908}",A,A,True,217.35578067600727,mean,mean,10,"{'std_A': 0.0, 'std_not_A': 0.0}",,{},"{'repeat_aggregation': 'mean', 'n_repeats': 10}"
semif_qwen35_4b,Qwen/Qwen3.5-4B@851bf6e806efd8d0a36b00ddf55e13ccb7b8cd0a,conditional__seed_000051__repr_nested,conditional__seed_000051,conditional,4,nested,"(0.55,0.70]","{'parameters': {'boundary_rule': 'include records exactly at cutoff T', 'contingency': {'A': {'B': 72, 'not_B': 78}, 'not_A': {'B': 51, 'not_B': 6}}, 'query': 'P(A|B)', 'sampling': 'uniform among records satisfying B', 'temporal_filter': 'all records observed before cutoff T'}}","{'A': 0.5853658536585366, 'not_A': 0.41463414634146345}","{'A': 0.8354835371034369, 'not_A': 0.1645164628965632}","{'tv': 0.2501176834449003, 'mae_binary': 0.2501176834449004, 'rmse_binary': 0.2501176834449004, 'brier_regret': 0.12511771114368672, 'kl': 0.17502424617662843}",A,A,True,191.50011171586812,mean,mean,10,"{'std_A': 0.0, 'std_not_A': 0.0}",,{},"{'repeat_aggregation': 'mean', 'n_repeats': 10}"
semif_qwen35_4b,Qwen/Qwen3.5-4B@851bf6e806efd8d0a36b00ddf55e13ccb7b8cd0a,conditional__seed_000051__repr_prose,conditional__seed_000051,conditional,4,prose,"(0.55,0.70]","{'parameters': {'boundary_rule': 'include records exactly at cutoff T', 'contingency': {'A': {'B': 72, 'not_B': 78}, 'not_A': {'B': 51, 'not_B': 6}}, 'query': 'P(A|B)', 'sampling': 'uniform among records satisfying B', 'temporal_filter': 'all records observed before cutoff T'}}","{'A': 0.5853658536585366, 'not_A': 0.41463414634146345}","{'A': 0.8807970779778824, 'not_A': 0.11920292202211755}","{'tv': 0.2954312243193459, 'mae_binary': 0.2954312243193459, 'rmse_binary': 0.2954312243193459, 'brier_regret': 0.17455921660565532, 'kl': 0.2776954267119908}",A,A,True,213.60261240042746,mean,mean,10,"{'std_A': 0.0, 'std_not_A': 0.0}",,{},"{'repeat_aggregation': 'mean', 'n_repeats': 10}"
semif_qwen35_4b,Qwen/Qwen3.5-4B@851bf6e806efd8d0a36b00ddf55e13ccb7b8cd0a,conditional__seed_000051__repr_table,conditional__seed_000051,conditional,4,table,"(0.55,0.70]","{'parameters': {'boundary_rule': 'include records exactly at cutoff T', 'contingency': {'A': {'B': 72, 'not_B': 78}, 'not_A': {'B': 51, 'not_B': 6}}, 'query': 'P(A|B)', 'sampling': 'uniform among records satisfying B', 'temporal_filter': 'all records observed before cutoff T'}}","{'A': 0.5853658536585366, 'not_A': 0.41463414634146345}","{'A': 0.8933094060543487, 'not_A': 0.1066905939456512}","{'tv': 0.3079435523958122, 'mae_binary': 0.30794355239581217, 'rmse_binary': 0.30794355239581217, 'brier_regret': 0.18965846292430472, 'kl': 0.3154189627332705}",A,A,True,214.2820619046688,mean,mean,10,"{'std_A': 0.0, 'std_not_A': 0.0}",,{},"{'repeat_aggregation': 'mean', 'n_repeats': 10}"
semif_qwen35_4b,Qwen/Qwen3.5-4B@851bf6e806efd8d0a36b00ddf55e13ccb7b8cd0a,conditional__seed_000052__repr_direct,conditional__seed_000052,conditional,4,direct,"(0.10,0.30]","{'parameters': {'boundary_rule': 'include records exactly at cutoff T', 'contingency': {'A': {'B': 6, 'not_B': 27}, 'not_A': {'B': 15, 'not_B': 59}}, 'query': 'P(A|B)', 'sampling': 'uniform among records satisfying B', 'temporal_filter': 'all records observed before cutoff T'}}","{'A': 0.2857142857142857, 'not_A': 0.7142857142857143}","{'A': 0.8354835371034369, 'not_A': 0.1645164628965632}","{'tv': 0.5497692513891512, 'mae_binary': 0.5497692513891512, 'rmse_binary': 0.5497692513891512, 'brier_regret': 0.6044924595459754, 'kl': 0.7421893325146875}",A,not_A,False,188.5375971905887,mean,mean,10,"{'std_A': 0.0, 'std_not_A': 0.0}",,{},"{'repeat_aggregation': 'mean', 'n_repeats': 10}"
semif_qwen35_4b,Qwen/Qwen3.5-4B@851bf6e806efd8d0a36b00ddf55e13ccb7b8cd0a,conditional__seed_000052__repr_distractor,conditional__seed_000052,conditional,4,distractor,"(0.10,0.30]","{'parameters': {'boundary_rule': 'include records exactly at cutoff T', 'contingency': {'A': {'B': 6, 'not_B': 27}, 'not_A': {'B': 15, 'not_B': 59}}, 'query': 'P(A|B)', 'sampling': 'uniform among records satisfying B', 'temporal_filter': 'all records observed before cutoff T'}}","{'A': 0.2857142857142857, 'not_A': 0.7142857142857143}","{'A': 0.8670357598021706, 'not_A': 0.13296424019782924}","{'tv': 0.5813214740878849, 'mae_binary': 0.5813214740878849, 'rmse_binary': 0.5813214740878849, 'brier_regret': 0.675869312471423, 'kl': 0.8836911833060588}",A,not_A,False,215.3883378021419,mean,mean,10,"{'std_A': 0.0, 'std_not_A': 0.0}",,{},"{'repeat_aggregation': 'mean', 'n_repeats': 10}"
semif_qwen35_4b,Qwen/Qwen3.5-4B@851bf6e806efd8d0a36b00ddf55e13ccb7b8cd0a,conditional__seed_000052__repr_nested,conditional__seed_000052,conditional,4,nested,"(0.10,0.30]","{'parameters': {'boundary_rule': 'include records exactly at cutoff T', 'contingency': {'A': {'B': 6, 'not_B': 27}, 'not_A': {'B': 15, 'not_B': 59}}, 'query': 'P(A|B)', 'sampling': 'uniform among records satisfying B', 'temporal_filter': 'all records observed before cutoff T'}}","{'A': 0.2857142857142857, 'not_A': 0.7142857142857143}","{'A': 0.7981867777396212, 'not_A': 0.20181322226037884}","{'tv': 0.5124724920253354, 'mae_binary': 0.5124724920253355, 'rmse_binary': 0.5124724920253355, 'brier_regret': 0.525256110165315, 'kl': 0.6092859201592478}",A,not_A,False,193.34125146269798,mean,mean,10,"{'std_A': 0.0, 'std_not_A': 0.0}",,{},"{'repeat_aggregation': 'mean', 'n_repeats': 10}"
semif_qwen35_4b,Qwen/Qwen3.5-4B@851bf6e806efd8d0a36b00ddf55e13ccb7b8cd0a,conditional__seed_000052__repr_prose,conditional__seed_000052,conditional,4,prose,"(0.10,0.30]","{'parameters': {'boundary_rule': 'include records exactly at cutoff T', 'contingency': {'A': {'B': 6, 'not_B': 27}, 'not_A': {'B': 15, 'not_B': 59}}, 'query': 'P(A|B)', 'sampling': 'uniform among records satisfying B', 'temporal_filter': 'all records observed before cutoff T'}}","{'A': 0.2857142857142857, 'not_A': 0.7142857142857143}","{'A': 0.8175744761936435, 'not_A': 0.18242552380635632}","{'tv': 0.5318601904793578, 'mae_binary': 0.5318601904793578, 'rmse_binary': 0.5318601904793578, 'brier_regret': 0.5657505244334777, 'kl': 0.6745722608260667}",A,not_A,False,212.31301608495414,mean,mean,10,"{'std_A': 0.0, 'std_not_A': 0.0}",,{},"{'repeat_aggregation': 'mean', 'n_repeats': 10}"
semif_qwen35_4b,Qwen/Qwen3.5-4B@851bf6e806efd8d0a36b00ddf55e13ccb7b8cd0a,conditional__seed_000052__repr_table,conditional__seed_000052,conditional,4,table,"(0.10,0.30]","{'parameters': {'boundary_rule': 'include records exactly at cutoff T', 'contingency': {'A': {'B': 6, 'not_B': 27}, 'not_A': {'B': 15, 'not_B': 59}}, 'query': 'P(A|B)', 'sampling': 'uniform among records satisfying B', 'temporal_filter': 'all records observed before cutoff T'}}","{'A': 0.2857142857142857, 'not_A': 0.7142857142857143}","{'A': 0.8354835371034369, 'not_A': 0.1645164628965632}","{'tv': 0.5497692513891512, 'mae_binary': 0.5497692513891512, 'rmse_binary': 0.5497692513891512, 'brier_regret': 0.6044924595459754, 'kl': 0.7421893325146875}",A,not_A,False,215.51362317986786,mean,mean,10,"{'std_A': 0.0, 'std_not_A': 0.0}",,{},"{'repeat_aggregation': 'mean', 'n_repeats': 10}"
semif_qwen35_4b,Qwen/Qwen3.5-4B@851bf6e806efd8d0a36b00ddf55e13ccb7b8cd0a,conditional__seed_000053__repr_direct,conditional__seed_000053,conditional,4,direct,"(0.90,0.99]","{'parameters': {'boundary_rule': 'include records exactly at cutoff T', 'contingency': {'A': {'B': 60, 'not_B': 90}, 'not_A': {'B': 2, 'not_B': 36}}, 'query': 'P(A|B)', 'sampling': 'uniform among records satisfying B', 'temporal_filter': 'all records observed before cutoff T'}}","{'A': 0.967741935483871, 'not_A': 0.032258064516129004}","{'A': 0.8354835371034369, 'not_A': 0.1645164628965632}","{'tv': 0.13225839838043413, 'mae_binary': 0.13225839838043407, 'rmse_binary': 0.13225839838043407, 'brier_regret': 0.03498456788431524, 'kl': 0.08965812283163083}",A,A,True,191.76041027531028,mean,mean,10,"{'std_A': 0.0, 'std_not_A': 0.0}",,{},"{'repeat_aggregation': 'mean', 'n_repeats': 10}"
semif_qwen35_4b,Qwen/Qwen3.5-4B@851bf6e806efd8d0a36b00ddf55e13ccb7b8cd0a,conditional__seed_000053__repr_distractor,conditional__seed_000053,conditional,4,distractor,"(0.90,0.99]","{'parameters': {'boundary_rule': 'include records exactly at cutoff T', 'contingency': {'A': {'B': 60, 'not_B': 90}, 'not_A': {'B': 2, 'not_B': 36}}, 'query': 'P(A|B)', 'sampling': 'uniform among records satisfying B', 'temporal_filter': 'all records observed before cutoff T'}}","{'A': 0.967741935483871, 'not_A': 0.032258064516129004}","{'A': 0.8670357598021706, 'not_A': 0.13296424019782924}","{'tv': 0.1007061756817003, 'mae_binary': 0.10070617568170037, 'rmse_binary': 0.10070617568170037, 'brier_regret': 0.02028346764086697, 'kl': 0.060653061180605816}",A,A,True,217.7919399458915,mean,mean,10,"{'std_A': 0.0, 'std_not_A': 0.0}",,{},"{'repeat_aggregation': 'mean', 'n_repeats': 10}"
semif_qwen35_4b,Qwen/Qwen3.5-4B@851bf6e806efd8d0a36b00ddf55e13ccb7b8cd0a,conditional__seed_000053__repr_nested,conditional__seed_000053,conditional,4,nested,"(0.90,0.99]","{'parameters': {'boundary_rule': 'include records exactly at cutoff T', 'contingency': {'A': {'B': 60, 'not_B': 90}, 'not_A': {'B': 2, 'not_B': 36}}, 'query': 'P(A|B)', 'sampling': 'uniform among records satisfying B', 'temporal_filter': 'all records observed before cutoff T'}}","{'A': 0.967741935483871, 'not_A': 0.032258064516129004}","{'A': 0.7981867777396212, 'not_A': 0.20181322226037884}","{'tv': 0.1695551577442498, 'mae_binary': 0.16955515774424978, 'rmse_binary': 0.16955515774424978, 'brier_regret': 0.057497903035354875, 'kl': 0.1272616229185875}",A,A,True,193.43891376629472,mean,mean,10,"{'std_A': 0.0, 'std_not_A': 0.0}",,{},"{'repeat_aggregation': 'mean', 'n_repeats': 10}"
semif_qwen35_4b,Qwen/Qwen3.5-4B@851bf6e806efd8d0a36b00ddf55e13ccb7b8cd0a,conditional__seed_000053__repr_prose,conditional__seed_000053,conditional,4,prose,"(0.90,0.99]","{'parameters': {'boundary_rule': 'include records exactly at cutoff T', 'contingency': {'A': {'B': 60, 'not_B': 90}, 'not_A': {'B': 2, 'not_B': 36}}, 'query': 'P(A|B)', 'sampling': 'uniform among records satisfying B', 'temporal_filter': 'all records observed before cutoff T'}}","{'A': 0.967741935483871, 'not_A': 0.032258064516129004}","{'A': 0.7310585786300049, 'not_A': 0.2689414213699951}","{'tv': 0.2366833568538661, 'mae_binary': 0.2366833568538661, 'rmse_binary': 0.2366833568538661, 'brier_regret': 0.11203802282322906, 'kl': 0.20301388464161407}",A,A,True,209.94949671439826,mean,mean,10,"{'std_A': 0.0, 'std_not_A': 0.0}",,{},"{'repeat_aggregation': 'mean', 'n_repeats': 10}"
semif_qwen35_4b,Qwen/Qwen3.5-4B@851bf6e806efd8d0a36b00ddf55e13ccb7b8cd0a,conditional__seed_000053__repr_table,conditional__seed_000053,conditional,4,table,"(0.90,0.99]","{'parameters': {'boundary_rule': 'include records exactly at cutoff T', 'contingency': {'A': {'B': 60, 'not_B': 90}, 'not_A': {'B': 2, 'not_B': 36}}, 'query': 'P(A|B)', 'sampling': 'uniform among records satisfying B', 'temporal_filter': 'all records observed before cutoff T'}}","{'A': 0.967741935483871, 'not_A': 0.032258064516129004}","{'A': 0.8354835371034369, 'not_A': 0.1645164628965632}","{'tv': 0.13225839838043413, 'mae_binary': 0.13225839838043407, 'rmse_binary': 0.13225839838043407, 'brier_regret': 0.03498456788431524, 'kl': 0.08965812283163083}",A,A,True,213.38404780253768,mean,mean,10,"{'std_A': 0.0, 'std_not_A': 0.0}",,{},"{'repeat_aggregation': 'mean', 'n_repeats': 10}"
semif_qwen35_4b,Qwen/Qwen3.5-4B@851bf6e806efd8d0a36b00ddf55e13ccb7b8cd0a,conditional__seed_000054__repr_direct,conditional__seed_000054,conditional,4,direct,"(0.70,0.90]","{'parameters': {'boundary_rule': 'include records exactly at cutoff T', 'contingency': {'A': {'B': 70, 'not_B': 25}, 'not_A': {'B': 14, 'not_B': 46}}, 'query': 'P(A|B)', 'sampling': 'uniform among records satisfying B', 'temporal_filter': 'all records observed before cutoff T'}}","{'A': 0.8333333333333334, 'not_A': 0.16666666666666663}","{'A': 0.8175744761936435, 'not_A': 0.18242552380635632}","{'tv': 0.01575885713968976, 'mae_binary': 0.01575885713968983, 'rmse_binary': 0.01575885713968983, 'brier_regret': 0.0004966831566983018, 'kl': 0.0008520691164479403}",A,A,True,190.99507671780884,mean,mean,10,"{'std_A': 0.0, 'std_not_A': 0.0}",,{},"{'repeat_aggregation': 'mean', 'n_repeats': 10}"
semif_qwen35_4b,Qwen/Qwen3.5-4B@851bf6e806efd8d0a36b00ddf55e13ccb7b8cd0a,conditional__seed_000054__repr_distractor,conditional__seed_000054,conditional,4,distractor,"(0.70,0.90]","{'parameters': {'boundary_rule': 'include records exactly at cutoff T', 'contingency': {'A': {'B': 70, 'not_B': 25}, 'not_A': {'B': 14, 'not_B': 46}}, 'query': 'P(A|B)', 'sampling': 'uniform among records satisfying B', 'temporal_filter': 'all records observed before cutoff T'}}","{'A': 0.8333333333333334, 'not_A': 0.16666666666666663}","{'A': 0.8670357598021706, 'not_A': 0.13296424019782924}","{'tv': 0.033702426468837324, 'mae_binary': 0.033702426468837254, 'rmse_binary': 0.033702426468837254, 'brier_regret': 0.002271707099774773, 'kl': 0.004613848739296961}",A,A,True,216.46349583752453,mean,mean,10,"{'std_A': 0.0, 'std_not_A': 0.0}",,{},"{'repeat_aggregation': 'mean', 'n_repeats': 10}"
semif_qwen35_4b,Qwen/Qwen3.5-4B@851bf6e806efd8d0a36b00ddf55e13ccb7b8cd0a,conditional__seed_000054__repr_nested,conditional__seed_000054,conditional,4,nested,"(0.70,0.90]","{'parameters': {'boundary_rule': 'include records exactly at cutoff T', 'contingency': {'A': {'B': 70, 'not_B': 25}, 'not_A': {'B': 14, 'not_B': 46}}, 'query': 'P(A|B)', 'sampling': 'uniform among records satisfying B', 'temporal_filter': 'all records observed before cutoff T'}}","{'A': 0.8333333333333334, 'not_A': 0.16666666666666663}","{'A': 0.8175744761936435, 'not_A': 0.18242552380635632}","{'tv': 0.01575885713968976, 'mae_binary': 0.01575885713968983, 'rmse_binary': 0.01575885713968983, 'brier_regret': 0.0004966831566983018, 'kl': 0.0008520691164479403}",A,A,True,193.08616328053176,mean,mean,10,"{'std_A': 0.0, 'std_not_A': 0.0}",,{},"{'repeat_aggregation': 'mean', 'n_repeats': 10}"
semif_qwen35_4b,Qwen/Qwen3.5-4B@851bf6e806efd8d0a36b00ddf55e13ccb7b8cd0a,conditional__seed_000054__repr_prose,conditional__seed_000054,conditional,4,prose,"(0.70,0.90]","{'parameters': {'boundary_rule': 'include records exactly at cutoff T', 'contingency': {'A': {'B': 70, 'not_B': 25}, 'not_A': {'B': 14, 'not_B': 46}}, 'query': 'P(A|B)', 'sampling': 'uniform among records satisfying B', 'temporal_filter': 'all records observed before cutoff T'}}","{'A': 0.8333333333333334, 'not_A': 0.16666666666666663}","{'A': 0.7549149868676283, 'not_A': 0.24508501313237172}","{'tv': 0.0784183464657051, 'mae_binary': 0.07841834646570511, 'rmse_binary': 0.07841834646570511, 'brier_regret': 0.012298874124830727, 'kl': 0.018088927382010137}",A,A,True,210.94430428929627,mean,mean,10,"{'std_A': 0.0, 'std_not_A': 0.0}",,{},"{'repeat_aggregation': 'mean', 'n_repeats': 10}"
semif_qwen35_4b,Qwen/Qwen3.5-4B@851bf6e806efd8d0a36b00ddf55e13ccb7b8cd0a,conditional__seed_000054__repr_table,conditional__seed_000054,conditional,4,table,"(0.70,0.90]","{'parameters': {'boundary_rule': 'include records exactly at cutoff T', 'contingency': {'A': {'B': 70, 'not_B': 25}, 'not_A': {'B': 14, 'not_B': 46}}, 'query': 'P(A|B)', 'sampling': 'uniform among records satisfying B', 'temporal_filter': 'all records observed before cutoff T'}}","{'A': 0.8333333333333334, 'not_A': 0.16666666666666663}","{'A': 0.8807970779778824, 'not_A': 0.11920292202211755}","{'tv': 0.04746374464454907, 'mae_binary': 0.047463744644549055, 'rmse_binary': 0.047463744644549055, 'brier_regret': 0.004505614111365921, 'kl': 0.009700135510001137}",A,A,True,214.81907330453396,mean,mean,10,"{'std_A': 0.0, 'std_not_A': 0.0}",,{},"{'repeat_aggregation': 'mean', 'n_repeats': 10}"
semif_qwen35_4b,Qwen/Qwen3.5-4B@851bf6e806efd8d0a36b00ddf55e13ccb7b8cd0a,conditional__seed_000055__repr_direct,conditional__seed_000055,conditional,4,direct,"(0.70,0.90]","{'parameters': {'boundary_rule': 'include records exactly at cutoff T', 'contingency': {'A': {'B': 37, 'not_B': 40}, 'not_A': {'B': 12, 'not_B': 76}}, 'query': 'P(A|B)', 'sampling': 'uniform among records satisfying B', 'temporal_filter': 'all records observed before cutoff T'}}","{'A': 0.7551020408163265, 'not_A': 0.24489795918367352}","{'A': 0.7549149868676283, 'not_A': 0.24508501313237172}","{'tv': 0.0001870539486982098, 'mae_binary': 0.00018705394869822367, 'rmse_binary': 0.00018705394869822367, 'brier_regret': 6.997835944718501e-08, 'kl': 9.457222506376321e-08}",A,A,True,192.12329164147377,mean,mean,10,"{'std_A': 0.0, 'std_not_A': 0.0}",,{},"{'repeat_aggregation': 'mean', 'n_repeats': 10}"
semif_qwen35_4b,Qwen/Qwen3.5-4B@851bf6e806efd8d0a36b00ddf55e13ccb7b8cd0a,conditional__seed_000055__repr_distractor,conditional__seed_000055,conditional,4,distractor,"(0.70,0.90]","{'parameters': {'boundary_rule': 'include records exactly at cutoff T', 'contingency': {'A': {'B': 37, 'not_B': 40}, 'not_A': {'B': 12, 'not_B': 76}}, 'query': 'P(A|B)', 'sampling': 'uniform among records satisfying B', 'temporal_filter': 'all records observed before cutoff T'}}","{'A': 0.7551020408163265, 'not_A': 0.24489795918367352}","{'A': 0.8670357598021706, 'not_A': 0.13296424019782924}","{'tv': 0.11193371898584421, 'mae_binary': 0.11193371898584414, 'rmse_binary': 0.11193371898584414, 'brier_regret': 0.025058314892003882, 'kl': 0.04519848531726711}",A,A,True,217.08870865404606,mean,mean,10,"{'std_A': 0.0, 'std_not_A': 0.0}",,{},"{'repeat_aggregation': 'mean', 'n_repeats': 10}"
semif_qwen35_4b,Qwen/Qwen3.5-4B@851bf6e806efd8d0a36b00ddf55e13ccb7b8cd0a,conditional__seed_000055__repr_nested,conditional__seed_000055,conditional,4,nested,"(0.70,0.90]","{'parameters': {'boundary_rule': 'include records exactly at cutoff T', 'contingency': {'A': {'B': 37, 'not_B': 40}, 'not_A': {'B': 12, 'not_B': 76}}, 'query': 'P(A|B)', 'sampling': 'uniform among records satisfying B', 'temporal_filter': 'all records observed before cutoff T'}}","{'A': 0.7551020408163265, 'not_A': 0.24489795918367352}","{'A': 0.7057850278370112, 'not_A': 0.29421497216298875}","{'tv': 0.04931701297931523, 'mae_binary': 0.04931701297931523, 'rmse_binary': 0.04931701297931523, 'brier_regret': 0.004864335538403894, 'kl': 0.006070049533047579}",A,A,True,194.3201237358153,mean,mean,10,"{'std_A': 0.0, 'std_not_A': 0.0}",,{},"{'repeat_aggregation': 'mean', 'n_repeats': 10}"
semif_qwen35_4b,Qwen/Qwen3.5-4B@851bf6e806efd8d0a36b00ddf55e13ccb7b8cd0a,conditional__seed_000055__repr_prose,conditional__seed_000055,conditional,4,prose,"(0.70,0.90]","{'parameters': {'boundary_rule': 'include records exactly at cutoff T', 'contingency': {'A': {'B': 37, 'not_B': 40}, 'not_A': {'B': 12, 'not_B': 76}}, 'query': 'P(A|B)', 'sampling': 'uniform among records satisfying B', 'temporal_filter': 'all records observed before cutoff T'}}","{'A': 0.7551020408163265, 'not_A': 0.24489795918367352}","{'A': 0.7549149868676283, 'not_A': 0.24508501313237172}","{'tv': 0.0001870539486982098, 'mae_binary': 0.00018705394869822367, 'rmse_binary': 0.00018705394869822367, 'brier_regret': 6.997835944718501e-08, 'kl': 9.457222506376321e-08}",A,A,True,210.71936963126063,mean,mean,10,"{'std_A': 0.0, 'std_not_A': 0.0}",,{},"{'repeat_aggregation': 'mean', 'n_repeats': 10}"
semif_qwen35_4b,Qwen/Qwen3.5-4B@851bf6e806efd8d0a36b00ddf55e13ccb7b8cd0a,conditional__seed_000055__repr_table,conditional__seed_000055,conditional,4,table,"(0.70,0.90]","{'parameters': {'boundary_rule': 'include records exactly at cutoff T', 'contingency': {'A': {'B': 37, 'not_B': 40}, 'not_A': {'B': 12, 'not_B': 76}}, 'query': 'P(A|B)', 'sampling': 'uniform among records satisfying B', 'temporal_filter': 'all records observed before cutoff T'}}","{'A': 0.7551020408163265, 'not_A': 0.24489795918367352}","{'A': 0.7549149868676283, 'not_A': 0.24508501313237172}","{'tv': 0.0001870539486982098, 'mae_binary': 0.00018705394869822367, 'rmse_binary': 0.00018705394869822367, 'brier_regret': 6.997835944718501e-08, 'kl': 9.457222506376321e-08}",A,A,True,213.9462667517364,mean,mean,10,"{'std_A': 0.0, 'std_not_A': 0.0}",,{},"{'repeat_aggregation': 'mean', 'n_repeats': 10}"
semif_qwen35_4b,Qwen/Qwen3.5-4B@851bf6e806efd8d0a36b00ddf55e13ccb7b8cd0a,conditional__seed_000056__repr_direct,conditional__seed_000056,conditional,4,direct,"(0.55,0.70]","{'parameters': {'boundary_rule': 'include records exactly at cutoff T', 'contingency': {'A': {'B': 61, 'not_B': 73}, 'not_A': {'B': 28, 'not_B': 83}}, 'query': 'P(A|B)', 'sampling': 'uniform among records satisfying B', 'temporal_filter': 'all records observed before cutoff T'}}","{'A': 0.6853932584269663, 'not_A': 0.3146067415730337}","{'A': 0.7772998611746911, 'not_A': 0.22270013882530884}","{'tv': 0.09190660274772482, 'mae_binary': 0.09190660274772477, 'rmse_binary': 0.09190660274772477, 'brier_regret': 0.0168936472572562, 'kl': 0.022450374528712805}",A,A,True,190.88355503045022,mean,mean,10,"{'std_A': 0.0, 'std_not_A': 0.0}",,{},"{'repeat_aggregation': 'mean', 'n_repeats': 10}"
semif_qwen35_4b,Qwen/Qwen3.5-4B@851bf6e806efd8d0a36b00ddf55e13ccb7b8cd0a,conditional__seed_000056__repr_distractor,conditional__seed_000056,conditional,4,distractor,"(0.55,0.70]","{'parameters': {'boundary_rule': 'include records exactly at cutoff T', 'contingency': {'A': {'B': 61, 'not_B': 73}, 'not_A': {'B': 28, 'not_B': 83}}, 'query': 'P(A|B)', 'sampling': 'uniform among records satisfying B', 'temporal_filter': 'all records observed before cutoff T'}}","{'A': 0.6853932584269663, 'not_A': 0.3146067415730337}","{'A': 0.8670357598021706, 'not_A': 0.13296424019782924}","{'tv': 0.18164250137520438, 'mae_binary': 0.18164250137520432, 'rmse_binary': 0.18164250137520432, 'brier_regret': 0.06598799661168225, 'kl': 0.10982556427208759}",A,A,True,217.09751533344388,mean,mean,10,"{'std_A': 0.0, 'std_not_A': 0.0}",,{},"{'repeat_aggregation': 'mean', 'n_repeats': 10}"
semif_qwen35_4b,Qwen/Qwen3.5-4B@851bf6e806efd8d0a36b00ddf55e13ccb7b8cd0a,conditional__seed_000056__repr_nested,conditional__seed_000056,conditional,4,nested,"(0.55,0.70]","{'parameters': {'boundary_rule': 'include records exactly at cutoff T', 'contingency': {'A': {'B': 61, 'not_B': 73}, 'not_A': {'B': 28, 'not_B': 83}}, 'query': 'P(A|B)', 'sampling': 'uniform among records satisfying B', 'temporal_filter': 'all records observed before cutoff T'}}","{'A': 0.6853932584269663, 'not_A': 0.3146067415730337}","{'A': 0.7310585786300049, 'not_A': 0.2689414213699951}","{'tv': 0.045665320203038595, 'mae_binary': 0.045665320203038595, 'rmse_binary': 0.045665320203038595, 'brier_regret': 0.00417064293849209, 'kl': 0.0051312953083043275}",A,A,True,192.98035725951195,mean,mean,10,"{'std_A': 0.0, 'std_not_A': 0.0}",,{},"{'repeat_aggregation': 'mean', 'n_repeats': 10}"
semif_qwen35_4b,Qwen/Qwen3.5-4B@851bf6e806efd8d0a36b00ddf55e13ccb7b8cd0a,conditional__seed_000056__repr_prose,conditional__seed_000056,conditional,4,prose,"(0.55,0.70]","{'parameters': {'boundary_rule': 'include records exactly at cutoff T', 'contingency': {'A': {'B': 61, 'not_B': 73}, 'not_A': {'B': 28, 'not_B': 83}}, 'query': 'P(A|B)', 'sampling': 'uniform among records satisfying B', 'temporal_filter': 'all records observed before cutoff T'}}","{'A': 0.6853932584269663, 'not_A': 0.3146067415730337}","{'A': 0.7549149868676283, 'not_A': 0.24508501313237172}","{'tv': 0.06952172844066197, 'mae_binary': 0.06952172844066196, 'rmse_binary': 0.06952172844066196, 'brier_regret': 0.009666541450754296, 'kl': 0.012345586735025463}",A,A,True,208.55825911276042,mean,mean,10,"{'std_A': 0.0, 'std_not_A': 0.0}",,{},"{'repeat_aggregation': 'mean', 'n_repeats': 10}"
semif_qwen35_4b,Qwen/Qwen3.5-4B@851bf6e806efd8d0a36b00ddf55e13ccb7b8cd0a,conditional__seed_000056__repr_table,conditional__seed_000056,conditional,4,table,"(0.55,0.70]","{'parameters': {'boundary_rule': 'include records exactly at cutoff T', 'contingency': {'A': {'B': 61, 'not_B': 73}, 'not_A': {'B': 28, 'not_B': 83}}, 'query': 'P(A|B)', 'sampling': 'uniform among records satisfying B', 'temporal_filter': 'all records observed before cutoff T'}}","{'A': 0.6853932584269663, 'not_A': 0.3146067415730337}","{'A': 0.8354835371034369, 'not_A': 0.1645164628965632}","{'tv': 0.15009027867647057, 'mae_binary': 0.15009027867647062, 'rmse_binary': 0.15009027867647062, 'brier_regret': 0.04505418350636119, 'kl': 0.06824345665888651}",A,A,True,217.25788149051368,mean,mean,10,"{'std_A': 0.0, 'std_not_A': 0.0}",,{},"{'repeat_aggregation': 'mean', 'n_repeats': 10}"
semif_qwen35_4b,Qwen/Qwen3.5-4B@851bf6e806efd8d0a36b00ddf55e13ccb7b8cd0a,conditional__seed_000057__repr_direct,conditional__seed_000057,conditional,4,direct,"(0.70,0.90]","{'parameters': {'boundary_rule': 'include records exactly at cutoff T', 'contingency': {'A': {'B': 82, 'not_B': 10}, 'not_A': {'B': 15, 'not_B': 54}}, 'query': 'P(A|B)', 'sampling': 'uniform among records satisfying B', 'temporal_filter': 'all records observed before cutoff T'}}","{'A': 0.845360824742268, 'not_A': 0.15463917525773196}","{'A': 0.8670357598021706, 'not_A': 0.13296424019782924}","{'tv': 0.02167493505990266, 'mae_binary': 0.02167493505990259, 'rmse_binary': 0.02167493505990259, 'brier_regret': 0.0009396056197019948, 'kl': 0.0019509996403827834}",A,A,True,192.07890923134983,mean,mean,10,"{'std_A': 0.0, 'std_not_A': 0.0}",,{},"{'repeat_aggregation': 'mean', 'n_repeats': 10}"
semif_qwen35_4b,Qwen/Qwen3.5-4B@851bf6e806efd8d0a36b00ddf55e13ccb7b8cd0a,conditional__seed_000057__repr_distractor,conditional__seed_000057,conditional,4,distractor,"(0.70,0.90]","{'parameters': {'boundary_rule': 'include records exactly at cutoff T', 'contingency': {'A': {'B': 82, 'not_B': 10}, 'not_A': {'B': 15, 'not_B': 54}}, 'query': 'P(A|B)', 'sampling': 'uniform among records satisfying B', 'temporal_filter': 'all records observed before cutoff T'}}","{'A': 0.845360824742268, 'not_A': 0.15463917525773196}","{'A': 0.9046505351008906, 'not_A': 0.0953494648991095}","{'tv': 0.05928971035862249, 'mae_binary': 0.059289710358622516, 'rmse_binary': 0.059289710358622516, 'brier_regret': 0.007030539508818694, 'kl': 0.01747219167317783}",A,A,True,216.47227671928704,mean,mean,10,"{'std_A': 0.0, 'std_not_A': 0.0}",,{},"{'repeat_aggregation': 'mean', 'n_repeats': 10}"
semif_qwen35_4b,Qwen/Qwen3.5-4B@851bf6e806efd8d0a36b00ddf55e13ccb7b8cd0a,conditional__seed_000057__repr_nested,conditional__seed_000057,conditional,4,nested,"(0.70,0.90]","{'parameters': {'boundary_rule': 'include records exactly at cutoff T', 'contingency': {'A': {'B': 82, 'not_B': 10}, 'not_A': {'B': 15, 'not_B': 54}}, 'query': 'P(A|B)', 'sampling': 'uniform among records satisfying B', 'temporal_filter': 'all records observed before cutoff T'}}","{'A': 0.845360824742268, 'not_A': 0.15463917525773196}","{'A': 0.8175744761936435, 'not_A': 0.18242552380635632}","{'tv': 0.027786348548624426, 'mae_binary': 0.027786348548624495, 'rmse_binary': 0.027786348548624495, 'brier_regret': 0.0015441623313312855, 'kl': 0.0026995292958841947}",A,A,True,193.5214259661734,mean,mean,10,"{'std_A': 0.0, 'std_not_A': 0.0}",,{},"{'repeat_aggregation': 'mean', 'n_repeats': 10}"
semif_qwen35_4b,Qwen/Qwen3.5-4B@851bf6e806efd8d0a36b00ddf55e13ccb7b8cd0a,conditional__seed_000057__repr_prose,conditional__seed_000057,conditional,4,prose,"(0.70,0.90]","{'parameters': {'boundary_rule': 'include records exactly at cutoff T', 'contingency': {'A': {'B': 82, 'not_B': 10}, 'not_A': {'B': 15, 'not_B': 54}}, 'query': 'P(A|B)', 'sampling': 'uniform among records satisfying B', 'temporal_filter': 'all records observed before cutoff T'}}","{'A': 0.845360824742268, 'not_A': 0.15463917525773196}","{'A': 0.7772998611746911, 'not_A': 0.22270013882530884}","{'tv': 0.06806096356757692, 'mae_binary': 0.06806096356757696, 'rmse_binary': 0.06806096356757696, 'brier_regret': 0.009264589523494064, 'kl': 0.014555538844071701}",A,A,True,211.70274293981493,mean,mean,10,"{'std_A': 0.0, 'std_not_A': 0.0}",,{},"{'repeat_aggregation': 'mean', 'n_repeats': 10}"
semif_qwen35_4b,Qwen/Qwen3.5-4B@851bf6e806efd8d0a36b00ddf55e13ccb7b8cd0a,conditional__seed_000057__repr_table,conditional__seed_000057,conditional,4,table,"(0.70,0.90]","{'parameters': {'boundary_rule': 'include records exactly at cutoff T', 'contingency': {'A': {'B': 82, 'not_B': 10}, 'not_A': {'B': 15, 'not_B': 54}}, 'query': 'P(A|B)', 'sampling': 'uniform among records satisfying B', 'temporal_filter': 'all records observed before cutoff T'}}","{'A': 0.845360824742268, 'not_A': 0.15463917525773196}","{'A': 0.8670357598021706, 'not_A': 0.13296424019782924}","{'tv': 0.02167493505990266, 'mae_binary': 0.02167493505990259, 'rmse_binary': 0.02167493505990259, 'brier_regret': 0.0009396056197019948, 'kl': 0.0019509996403827834}",A,A,True,214.8718587588519,mean,mean,10,"{'std_A': 0.0, 'std_not_A': 0.0}",,{},"{'repeat_aggregation': 'mean', 'n_repeats': 10}"
semif_qwen35_4b,Qwen/Qwen3.5-4B@851bf6e806efd8d0a36b00ddf55e13ccb7b8cd0a,conditional__seed_000058__repr_direct,conditional__seed_000058,conditional,4,direct,"(0.70,0.90]","{'parameters': {'boundary_rule': 'include records exactly at cutoff T', 'contingency': {'A': {'B': 69, 'not_B': 34}, 'not_A': {'B': 12, 'not_B': 42}}, 'query': 'P(A|B)', 'sampling': 'uniform among records satisfying B', 'temporal_filter': 'all records observed before cutoff T'}}","{'A': 0.8518518518518519, 'not_A': 0.14814814814814814}","{'A': 0.8354835371034369, 'not_A': 0.1645164628965632}","{'tv': 0.01636831474841499, 'mae_binary': 0.016368314748414936, 'rmse_binary': 0.016368314748414936, 'brier_regret': 0.0005358434554063594, 'kl': 0.0010020068202189706}",A,A,True,192.8514854516834,mean,mean,10,"{'std_A': 0.0, 'std_not_A': 0.0}",,{},"{'repeat_aggregation': 'mean', 'n_repeats': 10}"
semif_qwen35_4b,Qwen/Qwen3.5-4B@851bf6e806efd8d0a36b00ddf55e13ccb7b8cd0a,conditional__seed_000058__repr_distractor,conditional__seed_000058,conditional,4,distractor,"(0.70,0.90]","{'parameters': {'boundary_rule': 'include records exactly at cutoff T', 'contingency': {'A': {'B': 69, 'not_B': 34}, 'not_A': {'B': 12, 'not_B': 42}}, 'query': 'P(A|B)', 'sampling': 'uniform among records satisfying B', 'temporal_filter': 'all records observed before cutoff T'}}","{'A': 0.8518518518518519, 'not_A': 0.14814814814814814}","{'A': 0.9046505351008906, 'not_A': 0.0953494648991095}","{'tv': 0.052798683249038664, 'mae_binary': 0.05279868324903869, 'rmse_binary': 0.05279868324903869, 'brier_regret': 0.0055754019056646325, 'kl': 0.014056522943899821}",A,A,True,216.90976205281913,mean,mean,10,"{'std_A': 0.0, 'std_not_A': 0.0}",,{},"{'repeat_aggregation': 'mean', 'n_repeats': 10}"
semif_qwen35_4b,Qwen/Qwen3.5-4B@851bf6e806efd8d0a36b00ddf55e13ccb7b8cd0a,conditional__seed_000058__repr_nested,conditional__seed_000058,conditional,4,nested,"(0.70,0.90]","{'parameters': {'boundary_rule': 'include records exactly at cutoff T', 'contingency': {'A': {'B': 69, 'not_B': 34}, 'not_A': {'B': 12, 'not_B': 42}}, 'query': 'P(A|B)', 'sampling': 'uniform among records satisfying B', 'temporal_filter': 'all records observed before cutoff T'}}","{'A': 0.8518518518518519, 'not_A': 0.14814814814814814}","{'A': 0.8519528019683106, 'not_A': 0.1480471980316895}","{'tv': 0.00010095011645867846, 'mae_binary': 0.0001009501164587201, 'rmse_binary': 0.0001009501164587201, 'brier_regret': 2.0381852026041488e-08, 'kl': 4.0391165703553716e-08}",A,A,True,193.8738205935806,mean,mean,10,"{'std_A': 0.0, 'std_not_A': 0.0}",,{},"{'repeat_aggregation': 'mean', 'n_repeats': 10}"
semif_qwen35_4b,Qwen/Qwen3.5-4B@851bf6e806efd8d0a36b00ddf55e13ccb7b8cd0a,conditional__seed_000058__repr_prose,conditional__seed_000058,conditional,4,prose,"(0.70,0.90]","{'parameters': {'boundary_rule': 'include records exactly at cutoff T', 'contingency': {'A': {'B': 69, 'not_B': 34}, 'not_A': {'B': 12, 'not_B': 42}}, 'query': 'P(A|B)', 'sampling': 'uniform among records satisfying B', 'temporal_filter': 'all records observed before cutoff T'}}","{'A': 0.8518518518518519, 'not_A': 0.14814814814814814}","{'A': 0.8175744761936435, 'not_A': 0.18242552380635632}","{'tv': 0.03427737565820825, 'mae_binary': 0.03427737565820832, 'rmse_binary': 0.03427737565820832, 'brier_regret': 0.002349876964027855, 'kl': 0.004152130898794019}",A,A,True,210.9814484603703,mean,mean,10,"{'std_A': 0.0, 'std_not_A': 0.0}",,{},"{'repeat_aggregation': 'mean', 'n_repeats': 10}"
semif_qwen35_4b,Qwen/Qwen3.5-4B@851bf6e806efd8d0a36b00ddf55e13ccb7b8cd0a,conditional__seed_000058__repr_table,conditional__seed_000058,conditional,4,table,"(0.70,0.90]","{'parameters': {'boundary_rule': 'include records exactly at cutoff T', 'contingency': {'A': {'B': 69, 'not_B': 34}, 'not_A': {'B': 12, 'not_B': 42}}, 'query': 'P(A|B)', 'sampling': 'uniform among records satisfying B', 'temporal_filter': 'all records observed before cutoff T'}}","{'A': 0.8518518518518519, 'not_A': 0.14814814814814814}","{'A': 0.8933094060543487, 'not_A': 0.1066905939456512}","{'tv': 0.0414575542024969, 'mae_binary': 0.04145755420249686, 'rmse_binary': 0.04145755420249686, 'brier_regret': 0.003437457600905937, 'kl': 0.008153724280203375}",A,A,True,214.65106806717813,mean,mean,10,"{'std_A': 0.0, 'std_not_A': 0.0}",,{},"{'repeat_aggregation': 'mean', 'n_repeats': 10}"
semif_qwen35_4b,Qwen/Qwen3.5-4B@851bf6e806efd8d0a36b00ddf55e13ccb7b8cd0a,conditional__seed_000059__repr_direct,conditional__seed_000059,conditional,4,direct,"(0.55,0.70]","{'parameters': {'boundary_rule': 'include records exactly at cutoff T', 'contingency': {'A': {'B': 39, 'not_B': 17}, 'not_A': {'B': 30, 'not_B': 88}}, 'query': 'P(A|B)', 'sampling': 'uniform among records satisfying B', 'temporal_filter': 'all records observed before cutoff T'}}","{'A': 0.5652173913043478, 'not_A': 0.4347826086956522}","{'A': 0.8354835371034369, 'not_A': 0.1645164628965632}","{'tv': 0.2702661457990891, 'mae_binary': 0.27026614579908914, 'rmse_binary': 0.27026614579908914, 'brier_regret': 0.14608757913018897, 'kl': 0.20165009671478906}",A,A,True,189.62925258092582,mean,mean,10,"{'std_A': 0.0, 'std_not_A': 0.0}",,{},"{'repeat_aggregation': 'mean', 'n_repeats': 10}"
semif_qwen35_4b,Qwen/Qwen3.5-4B@851bf6e806efd8d0a36b00ddf55e13ccb7b8cd0a,conditional__seed_000059__repr_distractor,conditional__seed_000059,conditional,4,distractor,"(0.55,0.70]","{'parameters': {'boundary_rule': 'include records exactly at cutoff T', 'contingency': {'A': {'B': 39, 'not_B': 17}, 'not_A': {'B': 30, 'not_B': 88}}, 'query': 'P(A|B)', 'sampling': 'uniform among records satisfying B', 'temporal_filter': 'all records observed before cutoff T'}}","{'A': 0.5652173913043478, 'not_A': 0.4347826086956522}","{'A': 0.8933094060543487, 'not_A': 0.1066905939456512}","{'tv': 0.328092014750001, 'mae_binary': 0.32809201475000094, 'rmse_binary': 0.32809201475000094, 'brier_regret': 0.21528874028542974, 'kl': 0.3521190444485256}",A,A,True,214.14728709496558,mean,mean,10,"{'std_A': 0.0, 'std_not_A': 0.0}",,{},"{'repeat_aggregation': 'mean', 'n_repeats': 10}"
semif_qwen35_4b,Qwen/Qwen3.5-4B@851bf6e806efd8d0a36b00ddf55e13ccb7b8cd0a,conditional__seed_000059__repr_nested,conditional__seed_000059,conditional,4,nested,"(0.55,0.70]","{'parameters': {'boundary_rule': 'include records exactly at cutoff T', 'contingency': {'A': {'B': 39, 'not_B': 17}, 'not_A': {'B': 30, 'not_B': 88}}, 'query': 'P(A|B)', 'sampling': 'uniform among records satisfying B', 'temporal_filter': 'all records observed before cutoff T'}}","{'A': 0.5652173913043478, 'not_A': 0.4347826086956522}","{'A': 0.7981867777396212, 'not_A': 0.20181322226037884}","{'tv': 0.2329693864352734, 'mae_binary': 0.23296938643527343, 'rmse_binary': 0.23296938643527343, 'brier_regret': 0.1085494700320555, 'kl': 0.1386224607568649}",A,A,True,194.24216928891838,mean,mean,10,"{'std_A': 0.0, 'std_not_A': 0.0}",,{},"{'repeat_aggregation': 'mean', 'n_repeats': 10}"
semif_qwen35_4b,Qwen/Qwen3.5-4B@851bf6e806efd8d0a36b00ddf55e13ccb7b8cd0a,conditional__seed_000059__repr_prose,conditional__seed_000059,conditional,4,prose,"(0.55,0.70]","{'parameters': {'boundary_rule': 'include records exactly at cutoff T', 'contingency': {'A': {'B': 39, 'not_B': 17}, 'not_A': {'B': 30, 'not_B': 88}}, 'query': 'P(A|B)', 'sampling': 'uniform among records satisfying B', 'temporal_filter': 'all records observed before cutoff T'}}","{'A': 0.5652173913043478, 'not_A': 0.4347826086956522}","{'A': 0.7549149868676283, 'not_A': 0.24508501313237172}","{'tv': 0.18969759556328047, 'mae_binary': 0.18969759556328047, 'rmse_binary': 0.18969759556328047, 'brier_regret': 0.07197035552497986, 'kl': 0.0856642932296188}",A,A,True,210.7564846985042,mean,mean,10,"{'std_A': 0.0, 'std_not_A': 0.0}",,{},"{'repeat_aggregation': 'mean', 'n_repeats': 10}"
semif_qwen35_4b,Qwen/Qwen3.5-4B@851bf6e806efd8d0a36b00ddf55e13ccb7b8cd0a,conditional__seed_000059__repr_table,conditional__seed_000059,conditional,4,table,"(0.55,0.70]","{'parameters': {'boundary_rule': 'include records exactly at cutoff T', 'contingency': {'A': {'B': 39, 'not_B': 17}, 'not_A': {'B': 30, 'not_B': 88}}, 'query': 'P(A|B)', 'sampling': 'uniform among records satisfying B', 'temporal_filter': 'all records observed before cutoff T'}}","{'A': 0.5652173913043478, 'not_A': 0.4347826086956522}","{'A': 0.8807970779778824, 'not_A': 0.11920292202211755}","{'tv': 0.31557968667353464, 'mae_binary': 0.31557968667353464, 'rmse_binary': 0.31557968667353464, 'brier_regret': 0.1991810772819326, 'kl': 0.3118769506329723}",A,A,True,216.78899750113487,mean,mean,10,"{'std_A': 0.0, 'std_not_A': 0.0}",,{},"{'repeat_aggregation': 'mean', 'n_repeats': 10}"
semif_qwen35_4b,Qwen/Qwen3.5-4B@851bf6e806efd8d0a36b00ddf55e13ccb7b8cd0a,conditional__seed_000060__repr_direct,conditional__seed_000060,conditional,4,direct,"(0.55,0.70]","{'parameters': {'boundary_rule': 'include records exactly at cutoff T', 'contingency': {'A': {'B': 39, 'not_B': 14}, 'not_A': {'B': 23, 'not_B': 57}}, 'query': 'P(A|B)', 'sampling': 'uniform among records satisfying B', 'temporal_filter': 'all records observed before cutoff T'}}","{'A': 0.6290322580645161, 'not_A': 0.3709677419354839}","{'A': 0.8175744761936435, 'not_A': 0.18242552380635632}","{'tv': 0.18854221812912747, 'mae_binary': 0.18854221812912741, 'rmse_binary': 0.18854221812912741, 'brier_regret': 0.07109633603410298, 'kl': 0.09839616979938112}",A,A,True,194.07538482919335,mean,mean,10,"{'std_A': 0.0, 'std_not_A': 0.0}",,{},"{'repeat_aggregation': 'mean', 'n_repeats': 10}"
semif_qwen35_4b,Qwen/Qwen3.5-4B@851bf6e806efd8d0a36b00ddf55e13ccb7b8cd0a,conditional__seed_000060__repr_distractor,conditional__seed_000060,conditional,4,distractor,"(0.55,0.70]","{'parameters': {'boundary_rule': 'include records exactly at cutoff T', 'contingency': {'A': {'B': 39, 'not_B': 14}, 'not_A': {'B': 23, 'not_B': 57}}, 'query': 'P(A|B)', 'sampling': 'uniform among records satisfying B', 'temporal_filter': 'all records observed before cutoff T'}}","{'A': 0.6290322580645161, 'not_A': 0.3709677419354839}","{'A': 0.9046505351008906, 'not_A': 0.0953494648991095}","{'tv': 0.2756182770363744, 'mae_binary': 0.2756182770363744, 'rmse_binary': 0.2756182770363744, 'brier_regret': 0.15193086927299926, 'kl': 0.2754152571849887}",A,A,True,215.26246862486005,mean,mean,10,"{'std_A': 0.0, 'std_not_A': 0.0}",,{},"{'repeat_aggregation': 'mean', 'n_repeats': 10}"
semif_qwen35_4b,Qwen/Qwen3.5-4B@851bf6e806efd8d0a36b00ddf55e13ccb7b8cd0a,conditional__seed_000060__repr_nested,conditional__seed_000060,conditional,4,nested,"(0.55,0.70]","{'parameters': {'boundary_rule': 'include records exactly at cutoff T', 'contingency': {'A': {'B': 39, 'not_B': 14}, 'not_A': {'B': 23, 'not_B': 57}}, 'query': 'P(A|B)', 'sampling': 'uniform among records satisfying B', 'temporal_filter': 'all records observed before cutoff T'}}","{'A': 0.6290322580645161, 'not_A': 0.3709677419354839}","{'A': 0.8175744761936435, 'not_A': 0.18242552380635632}","{'tv': 0.18854221812912747, 'mae_binary': 0.18854221812912741, 'rmse_binary': 0.18854221812912741, 'brier_regret': 0.07109633603410298, 'kl': 0.09839616979938112}",A,A,True,191.48374353535473,mean,mean,10,"{'std_A': 0.0, 'std_not_A': 0.0}",,{},"{'repeat_aggregation': 'mean', 'n_repeats': 10}"
semif_qwen35_4b,Qwen/Qwen3.5-4B@851bf6e806efd8d0a36b00ddf55e13ccb7b8cd0a,conditional__seed_000060__repr_prose,conditional__seed_000060,conditional,4,prose,"(0.55,0.70]","{'parameters': {'boundary_rule': 'include records exactly at cutoff T', 'contingency': {'A': {'B': 39, 'not_B': 14}, 'not_A': {'B': 23, 'not_B': 57}}, 'query': 'P(A|B)', 'sampling': 'uniform among records satisfying B', 'temporal_filter': 'all records observed before cutoff T'}}","{'A': 0.6290322580645161, 'not_A': 0.3709677419354839}","{'A': 0.7772998611746911, 'not_A': 0.22270013882530884}","{'tv': 0.148267603110175, 'mae_binary': 0.14826760311017495, 'rmse_binary': 0.14826760311017495, 'brier_regret': 0.04396656426407275, 'kl': 0.05617003767813064}",A,A,True,210.62014726921916,mean,mean,10,"{'std_A': 0.0, 'std_not_A': 0.0}",,{},"{'repeat_aggregation': 'mean', 'n_repeats': 10}"
semif_qwen35_4b,Qwen/Qwen3.5-4B@851bf6e806efd8d0a36b00ddf55e13ccb7b8cd0a,conditional__seed_000060__repr_table,conditional__seed_000060,conditional,4,table,"(0.55,0.70]","{'parameters': {'boundary_rule': 'include records exactly at cutoff T', 'contingency': {'A': {'B': 39, 'not_B': 14}, 'not_A': {'B': 23, 'not_B': 57}}, 'query': 'P(A|B)', 'sampling': 'uniform among records satisfying B', 'temporal_filter': 'all records observed before cutoff T'}}","{'A': 0.6290322580645161, 'not_A': 0.3709677419354839}","{'A': 0.8670357598021706, 'not_A': 0.13296424019782924}","{'tv': 0.23800350173765455, 'mae_binary': 0.2380035017376545, 'rmse_binary': 0.2380035017376545, 'brier_regret': 0.11329133367877148, 'kl': 0.17877085264803672}",A,A,True,211.57719725742936,mean,mean,10,"{'std_A': 0.0, 'std_not_A': 0.0}",,{},"{'repeat_aggregation': 'mean', 'n_repeats': 10}"
semif_qwen35_4b,Qwen/Qwen3.5-4B@851bf6e806efd8d0a36b00ddf55e13ccb7b8cd0a,conditional__seed_000061__repr_direct,conditional__seed_000061,conditional,4,direct,"(0.45,0.55]","{'parameters': {'boundary_rule': 'include records exactly at cutoff T', 'contingency': {'A': {'B': 47, 'not_B': 48}, 'not_A': {'B': 55, 'not_B': 80}}, 'query': 'P(A|B)', 'sampling': 'uniform among records satisfying B', 'temporal_filter': 'all records observed before cutoff T'}}","{'A': 0.46078431372549017, 'not_A': 0.5392156862745099}","{'A': 0.7772998611746911, 'not_A': 0.22270013882530884}","{'tv': 0.31651554744920096, 'mae_binary': 0.3165155474492009, 'rmse_binary': 0.3165155474492009, 'brier_regret': 0.20036418355413482, 'kl': 0.23588040990579465}",A,not_A,False,191.66994066908956,mean,mean,10,"{'std_A': 0.0, 'std_not_A': 0.0}",,{},"{'repeat_aggregation': 'mean', 'n_repeats': 10}"
semif_qwen35_4b,Qwen/Qwen3.5-4B@851bf6e806efd8d0a36b00ddf55e13ccb7b8cd0a,conditional__seed_000061__repr_distractor,conditional__seed_000061,conditional,4,distractor,"(0.45,0.55]","{'parameters': {'boundary_rule': 'include records exactly at cutoff T', 'contingency': {'A': {'B': 47, 'not_B': 48}, 'not_A': {'B': 55, 'not_B': 80}}, 'query': 'P(A|B)', 'sampling': 'uniform among records satisfying B', 'temporal_filter': 'all records observed before cutoff T'}}","{'A': 0.46078431372549017, 'not_A': 0.5392156862745099}","{'A': 0.8670357598021706, 'not_A': 0.13296424019782924}","{'tv': 0.4062514460766805, 'mae_binary': 0.40625144607668046, 'rmse_binary': 0.40625144607668046, 'brier_regret': 0.3300804748787881, 'kl': 0.46363619008759205}",A,not_A,False,217.74834585376084,mean,mean,10,"{'std_A': 0.0, 'std_not_A': 0.0}",,{},"{'repeat_aggregation': 'mean', 'n_repeats': 10}"
semif_qwen35_4b,Qwen/Qwen3.5-4B@851bf6e806efd8d0a36b00ddf55e13ccb7b8cd0a,conditional__seed_000061__repr_nested,conditional__seed_000061,conditional,4,nested,"(0.45,0.55]","{'parameters': {'boundary_rule': 'include records exactly at cutoff T', 'contingency': {'A': {'B': 47, 'not_B': 48}, 'not_A': {'B': 55, 'not_B': 80}}, 'query': 'P(A|B)', 'sampling': 'uniform among records satisfying B', 'temporal_filter': 'all records observed before cutoff T'}}","{'A': 0.46078431372549017, 'not_A': 0.5392156862745099}","{'A': 0.7549149868676283, 'not_A': 0.24508501313237172}","{'tv': 0.29413067314213814, 'mae_binary': 0.2941306731421381, 'rmse_binary': 0.2941306731421381, 'brier_regret': 0.17302570576609458, 'kl': 0.19769950402442277}",A,not_A,False,194.86727649345994,mean,mean,10,"{'std_A': 0.0, 'std_not_A': 0.0}",,{},"{'repeat_aggregation': 'mean', 'n_repeats': 10}"
semif_qwen35_4b,Qwen/Qwen3.5-4B@851bf6e806efd8d0a36b00ddf55e13ccb7b8cd0a,conditional__seed_000061__repr_prose,conditional__seed_000061,conditional,4,prose,"(0.45,0.55]","{'parameters': {'boundary_rule': 'include records exactly at cutoff T', 'contingency': {'A': {'B': 47, 'not_B': 48}, 'not_A': {'B': 55, 'not_B': 80}}, 'query': 'P(A|B)', 'sampling': 'uniform among records satisfying B', 'temporal_filter': 'all records observed before cutoff T'}}","{'A': 0.46078431372549017, 'not_A': 0.5392156862745099}","{'A': 0.7772998611746911, 'not_A': 0.22270013882530884}","{'tv': 0.31651554744920096, 'mae_binary': 0.3165155474492009, 'rmse_binary': 0.3165155474492009, 'brier_regret': 0.20036418355413482, 'kl': 0.23588040990579465}",A,not_A,False,211.18814293295145,mean,mean,10,"{'std_A': 0.0, 'std_not_A': 0.0}",,{},"{'repeat_aggregation': 'mean', 'n_repeats': 10}"
semif_qwen35_4b,Qwen/Qwen3.5-4B@851bf6e806efd8d0a36b00ddf55e13ccb7b8cd0a,conditional__seed_000061__repr_table,conditional__seed_000061,conditional,4,table,"(0.45,0.55]","{'parameters': {'boundary_rule': 'include records exactly at cutoff T', 'contingency': {'A': {'B': 47, 'not_B': 48}, 'not_A': {'B': 55, 'not_B': 80}}, 'query': 'P(A|B)', 'sampling': 'uniform among records satisfying B', 'temporal_filter': 'all records observed before cutoff T'}}","{'A': 0.46078431372549017, 'not_A': 0.5392156862745099}","{'A': 0.8519528019683106, 'not_A': 0.1480471980316895}","{'tv': 0.39116848824282036, 'mae_binary': 0.3911684882428204, 'rmse_binary': 0.3911684882428204, 'brier_regret': 0.30602557238834704, 'kl': 0.41378332213576385}",A,not_A,False,215.00377883203328,mean,mean,10,"{'std_A': 0.0, 'std_not_A': 0.0}",,{},"{'repeat_aggregation': 'mean', 'n_repeats': 10}"
semif_qwen35_4b,Qwen/Qwen3.5-4B@851bf6e806efd8d0a36b00ddf55e13ccb7b8cd0a,explicit_probability__seed_000042__repr_direct,explicit_probability__seed_000042,explicit_probability,1,direct,0,"{'parameters': {'p_A': 0.0, 'p_not_A': 1.0}}","{'A': 0.0, 'not_A': 1.0}","{'A': 0.7549149868676283, 'not_A': 0.24508501313237172}","{'tv': 0.7549149868676283, 'mae_binary': 0.7549149868676283, 'rmse_binary': 0.7549149868676283, 'brier_regret': 1.1397932747947026, 'kl': 1.4061501362483146}",A,not_A,False,1336.8059589527547,mean,mean,10,"{'std_A': 0.0, 'std_not_A': 0.0}",,{},"{'repeat_aggregation': 'mean', 'n_repeats': 10}"
semif_qwen35_4b,Qwen/Qwen3.5-4B@851bf6e806efd8d0a36b00ddf55e13ccb7b8cd0a,explicit_probability__seed_000042__repr_distractor,explicit_probability__seed_000042,explicit_probability,1,distractor,0,"{'parameters': {'p_A': 0.0, 'p_not_A': 1.0}}","{'A': 0.0, 'not_A': 1.0}","{'A': 0.24508501313237172, 'not_A': 0.7549149868676283}","{'tv': 0.24508501313237174, 'mae_binary': 0.24508501313237172, 'rmse_binary': 0.24508501313237172, 'brier_regret': 0.12013332732418965, 'kl': 0.2811501362483148}",not_A,not_A,True,196.69025191105902,mean,mean,10,"{'std_A': 0.0, 'std_not_A': 0.0}",,{},"{'repeat_aggregation': 'mean', 'n_repeats': 10}"
semif_qwen35_4b,Qwen/Qwen3.5-4B@851bf6e806efd8d0a36b00ddf55e13ccb7b8cd0a,explicit_probability__seed_000042__repr_prose,explicit_probability__seed_000042,explicit_probability,1,prose,0,"{'parameters': {'p_A': 0.0, 'p_not_A': 1.0}}","{'A': 0.0, 'not_A': 1.0}","{'A': 0.5926665999540697, 'not_A': 0.4073334000459302}","{'tv': 0.5926665999540697, 'mae_binary': 0.5926665999540697, 'rmse_binary': 0.5926665999540697, 'brier_regret': 0.7025073974022347, 'kl': 0.8981232641398402}",A,not_A,False,172.89867661893368,mean,mean,10,"{'std_A': 0.0, 'std_not_A': 0.0}",,{},"{'repeat_aggregation': 'mean', 'n_repeats': 10}"
semif_qwen35_4b,Qwen/Qwen3.5-4B@851bf6e806efd8d0a36b00ddf55e13ccb7b8cd0a,explicit_probability__seed_000042__repr_ratio,explicit_probability__seed_000042,explicit_probability,1,ratio,0,"{'parameters': {'p_A': 0.0, 'p_not_A': 1.0}}","{'A': 0.0, 'not_A': 1.0}","{'A': 0.43782349911420193, 'not_A': 0.5621765008857981}","{'tv': 0.43782349911420193, 'mae_binary': 0.43782349911420193, 'rmse_binary': 0.43782349911420193, 'brier_regret': 0.38337883275320717, 'kl': 0.5759394198788437}",not_A,not_A,True,165.2718858793378,mean,mean,10,"{'std_A': 0.0, 'std_not_A': 0.0}",,{},"{'repeat_aggregation': 'mean', 'n_repeats': 10}"
semif_qwen35_4b,Qwen/Qwen3.5-4B@851bf6e806efd8d0a36b00ddf55e13ccb7b8cd0a,explicit_probability__seed_000043__repr_direct,explicit_probability__seed_000043,explicit_probability,1,direct,"[0.01,0.10]","{'parameters': {'p_A': 0.052631578947, 'p_not_A': 0.947368421053}}","{'A': 0.052631578947, 'not_A': 0.947368421053}","{'A': 0.9669140216112957, 'not_A': 0.033085978388704126}","{'tv': 0.9142824426642958, 'mae_binary': 0.9142824426642957, 'rmse_binary': 0.9142824426642957, 'brier_regret': 1.6718247699283828, 'kl': 3.024822070404747}",A,not_A,False,168.12568679451942,mean,mean,10,"{'std_A': 0.0, 'std_not_A': 0.0}",,{},"{'repeat_aggregation': 'mean', 'n_repeats': 10}"
semif_qwen35_4b,Qwen/Qwen3.5-4B@851bf6e806efd8d0a36b00ddf55e13ccb7b8cd0a,explicit_probability__seed_000043__repr_distractor,explicit_probability__seed_000043,explicit_probability,1,distractor,"[0.01,0.10]","{'parameters': {'p_A': 0.052631578947, 'p_not_A': 0.947368421053}}","{'A': 0.052631578947, 'not_A': 0.947368421053}","{'A': 0.8354835371034369, 'not_A': 0.1645164628965632}","{'tv': 0.7828519581564368, 'mae_binary': 0.7828519581564369, 'rmse_binary': 0.7828519581564369, 'brier_regret': 1.2257143767787353, 'kl': 1.513026268964617}",A,not_A,False,199.08539801836014,mean,mean,10,"{'std_A': 0.0, 'std_not_A': 0.0}",,{},"{'repeat_aggregation': 'mean', 'n_repeats': 10}"
semif_qwen35_4b,Qwen/Qwen3.5-4B@851bf6e806efd8d0a36b00ddf55e13ccb7b8cd0a,explicit_probability__seed_000043__repr_prose,explicit_probability__seed_000043,explicit_probability,1,prose,"[0.01,0.10]","{'parameters': {'p_A': 0.052631578947, 'p_not_A': 0.947368421053}}","{'A': 0.052631578947, 'not_A': 0.947368421053}","{'A': 0.9669140216112957, 'not_A': 0.033085978388704126}","{'tv': 0.9142824426642958, 'mae_binary': 0.9142824426642957, 'rmse_binary': 0.9142824426642957, 'brier_regret': 1.6718247699283828, 'kl': 3.024822070404747}",A,not_A,False,186.4774149376899,mean,mean,10,"{'std_A': 0.0, 'std_not_A': 0.0}",,{},"{'repeat_aggregation': 'mean', 'n_repeats': 10}"
semif_qwen35_4b,Qwen/Qwen3.5-4B@851bf6e806efd8d0a36b00ddf55e13ccb7b8cd0a,explicit_probability__seed_000043__repr_ratio,explicit_probability__seed_000043,explicit_probability,1,ratio,"[0.01,0.10]","{'parameters': {'p_A': 0.052631578947, 'p_not_A': 0.947368421053}}","{'A': 0.052631578947, 'not_A': 0.947368421053}","{'A': 0.7549149868676283, 'not_A': 0.24508501313237172}","{'tv': 0.7022834079206283, 'mae_binary': 0.7022834079206283, 'rmse_binary': 0.7022834079206283, 'brier_regret': 0.9864039700812232, 'kl': 1.1407475593007728}",A,not_A,False,165.7339423429221,mean,mean,10,"{'std_A': 0.0, 'std_not_A': 0.0}",,{},"{'repeat_aggregation': 'mean', 'n_repeats': 10}"
semif_qwen35_4b,Qwen/Qwen3.5-4B@851bf6e806efd8d0a36b00ddf55e13ccb7b8cd0a,explicit_probability__seed_000044__repr_direct,explicit_probability__seed_000044,explicit_probability,1,direct,"(0.10,0.30]","{'parameters': {'p_A': 0.105263157895, 'p_not_A': 0.894736842105}}","{'A': 0.105263157895, 'not_A': 0.894736842105}","{'A': 0.9706877692486436, 'not_A': 0.029312230751356316}","{'tv': 0.8654246113536437, 'mae_binary': 0.8654246113536437, 'rmse_binary': 0.8654246113536437, 'brier_regret': 1.4979195158732104, 'kl': 2.824833608056042}",A,not_A,False,175.29963734559715,mean,mean,10,"{'std_A': 0.0, 'std_not_A': 0.0}",,{},"{'repeat_aggregation': 'mean', 'n_repeats': 10}"
semif_qwen35_4b,Qwen/Qwen3.5-4B@851bf6e806efd8d0a36b00ddf55e13ccb7b8cd0a,explicit_probability__seed_000044__repr_distractor,explicit_probability__seed_000044,explicit_probability,1,distractor,"(0.10,0.30]","{'parameters': {'p_A': 0.105263157895, 'p_not_A': 0.894736842105}}","{'A': 0.105263157895, 'not_A': 0.894736842105}","{'A': 0.8807970779778824, 'not_A': 0.11920292202211755}","{'tv': 0.7755339200828825, 'mae_binary': 0.7755339200828825, 'rmse_binary': 0.7755339200828825, 'brier_regret': 1.2029057223982456, 'kl': 1.5799059376688933}",A,not_A,False,192.61287241242826,mean,mean,10,"{'std_A': 0.0, 'std_not_A': 0.0}",,{},"{'repeat_aggregation': 'mean', 'n_repeats': 10}"
semif_qwen35_4b,Qwen/Qwen3.5-4B@851bf6e806efd8d0a36b00ddf55e13ccb7b8cd0a,explicit_probability__seed_000044__repr_prose,explicit_probability__seed_000044,explicit_probability,1,prose,"(0.10,0.30]","{'parameters': {'p_A': 0.105263157895, 'p_not_A': 0.894736842105}}","{'A': 0.105263157895, 'not_A': 0.894736842105}","{'A': 0.9669140216112957, 'not_A': 0.033085978388704126}","{'tv': 0.8616508637162958, 'mae_binary': 0.8616508637162957, 'rmse_binary': 0.8616508637162957, 'brier_regret': 1.4848844218860773, 'kl': 2.716886784503335}",A,not_A,False,183.25764308683574,mean,mean,10,"{'std_A': 0.0, 'std_not_A': 0.0}",,{},"{'repeat_aggregation': 'mean', 'n_repeats': 10}"
semif_qwen35_4b,Qwen/Qwen3.5-4B@851bf6e806efd8d0a36b00ddf55e13ccb7b8cd0a,explicit_probability__seed_000044__repr_ratio,explicit_probability__seed_000044,explicit_probability,1,ratio,"(0.10,0.30]","{'parameters': {'p_A': 0.105263157895, 'p_not_A': 0.894736842105}}","{'A': 0.105263157895, 'not_A': 0.894736842105}","{'A': 0.7310585786300049, 'not_A': 0.2689414213699951}","{'tv': 0.6257954207350049, 'mae_binary': 0.6257954207350049, 'rmse_binary': 0.6257954207350049, 'brier_regret': 0.7832398172258037, 'kl': 0.8715027720391437}",A,not_A,False,164.80728732421994,mean,mean,10,"{'std_A': 0.0, 'std_not_A': 0.0}",,{},"{'repeat_aggregation': 'mean', 'n_repeats': 10}"
semif_qwen35_4b,Qwen/Qwen3.5-4B@851bf6e806efd8d0a36b00ddf55e13ccb7b8cd0a,explicit_probability__seed_000045__repr_direct,explicit_probability__seed_000045,explicit_probability,1,direct,"(0.10,0.30]","{'parameters': {'p_A': 0.157894736842, 'p_not_A': 0.8421052631579999}}","{'A': 0.157894736842, 'not_A': 0.8421052631579999}","{'A': 0.9669140216112957, 'not_A': 0.033085978388704126}","{'tv': 0.8090192847692957, 'mae_binary': 0.8090192847692956, 'rmse_binary': 0.8090192847692956, 'brier_regret': 1.3090244062572456, 'kl': 2.4395886377561204}",A,not_A,False,171.63133025169373,mean,mean,10,"{'std_A': 0.0, 'std_not_A': 0.0}",,{},"{'repeat_aggregation': 'mean', 'n_repeats': 10}"
semif_qwen35_4b,Qwen/Qwen3.5-4B@851bf6e806efd8d0a36b00ddf55e13ccb7b8cd0a,explicit_probability__seed_000045__repr_distractor,explicit_probability__seed_000045,explicit_probability,1,distractor,"(0.10,0.30]","{'parameters': {'p_A': 0.157894736842, 'p_not_A': 0.8421052631579999}}","{'A': 0.157894736842, 'not_A': 0.8421052631579999}","{'A': 0.9149009549929797, 'not_A': 0.08509904500702024}","{'tv': 0.7570062181509798, 'mae_binary': 0.7570062181509798, 'rmse_binary': 0.7570062181509798, 'brier_regret': 1.1461168286384975, 'kl': 1.6527771400900206}",A,not_A,False,190.71772187016904,mean,mean,10,"{'std_A': 0.0, 'std_not_A': 0.0}",,{},"{'repeat_aggregation': 'mean', 'n_repeats': 10}"
semif_qwen35_4b,Qwen/Qwen3.5-4B@851bf6e806efd8d0a36b00ddf55e13ccb7b8cd0a,explicit_probability__seed_000045__repr_prose,explicit_probability__seed_000045,explicit_probability,1,prose,"(0.10,0.30]","{'parameters': {'p_A': 0.157894736842, 'p_not_A': 0.8421052631579999}}","{'A': 0.157894736842, 'not_A': 0.8421052631579999}","{'A': 0.9626731126558706, 'not_A': 0.037326887344129464}","{'tv': 0.8047783758138706, 'mae_binary': 0.8047783758138707, 'rmse_binary': 0.8047783758138707, 'brier_regret': 1.2953364683552229, 'kl': 2.338721151566115}",A,not_A,False,187.43599355220795,mean,mean,10,"{'std_A': 0.0, 'std_not_A': 0.0}",,{},"{'repeat_aggregation': 'mean', 'n_repeats': 10}"
semif_qwen35_4b,Qwen/Qwen3.5-4B@851bf6e806efd8d0a36b00ddf55e13ccb7b8cd0a,explicit_probability__seed_000045__repr_ratio,explicit_probability__seed_000045,explicit_probability,1,ratio,"(0.10,0.30]","{'parameters': {'p_A': 0.157894736842, 'p_not_A': 0.8421052631579999}}","{'A': 0.157894736842, 'not_A': 0.8421052631579999}","{'A': 0.7772998611746911, 'not_A': 0.22270013882530884}","{'tv': 0.619405124332691, 'mae_binary': 0.619405124332691, 'rmse_binary': 0.619405124332691, 'brier_regret': 0.7673254160991929, 'kl': 0.8683983349077048}",A,not_A,False,167.30081946589053,mean,mean,10,"{'std_A': 0.0, 'std_not_A': 0.0}",,{},"{'repeat_aggregation': 'mean', 'n_repeats': 10}"
semif_qwen35_4b,Qwen/Qwen3.5-4B@851bf6e806efd8d0a36b00ddf55e13ccb7b8cd0a,explicit_probability__seed_000046__repr_direct,explicit_probability__seed_000046,explicit_probability,1,direct,"(0.10,0.30]","{'parameters': {'p_A': 0.210526315789, 'p_not_A': 0.789473684211}}","{'A': 0.210526315789, 'not_A': 0.789473684211}","{'A': 0.9706877692486436, 'not_A': 0.029312230751356316}","{'tv': 0.7601614534596437, 'mae_binary': 0.7601614534596437, 'rmse_binary': 0.7601614534596437, 'brier_regret': 1.155690870651756, 'kl': 2.2782551475828177}",A,not_A,False,169.85221770592034,mean,mean,10,"{'std_A': 0.0, 'std_not_A': 0.0}",,{},"{'repeat_aggregation': 'mean', 'n_repeats': 10}"
semif_qwen35_4b,Qwen/Qwen3.5-4B@851bf6e806efd8d0a36b00ddf55e13ccb7b8cd0a,explicit_probability__seed_000046__repr_distractor,explicit_probability__seed_000046,explicit_probability,1,distractor,"(0.10,0.30]","{'parameters': {'p_A': 0.210526315789, 'p_not_A': 0.789473684211}}","{'A': 0.210526315789, 'not_A': 0.789473684211}","{'A': 0.9046505351008906, 'not_A': 0.0953494648991095}","{'tv': 0.6941242193118905, 'mae_binary': 0.6941242193118906, 'rmse_binary': 0.6941242193118906, 'brier_regret': 0.963616863670683, 'kl': 1.3618691829631941}",A,not_A,False,191.44273744896054,mean,mean,10,"{'std_A': 0.0, 'std_not_A': 0.0}",,{},"{'repeat_aggregation': 'mean', 'n_repeats': 10}"
semif_qwen35_4b,Qwen/Qwen3.5-4B@851bf6e806efd8d0a36b00ddf55e13ccb7b8cd0a,explicit_probability__seed_000046__repr_prose,explicit_probability__seed_000046,explicit_probability,1,prose,"(0.10,0.30]","{'parameters': {'p_A': 0.210526315789, 'p_not_A': 0.789473684211}}","{'A': 0.210526315789, 'not_A': 0.789473684211}","{'A': 0.9669140216112957, 'not_A': 0.033085978388704126}","{'tv': 0.7563877058222958, 'mae_binary': 0.7563877058222956, 'rmse_binary': 0.7563877058222956, 'brier_regret': 1.1442447230382315, 'kl': 2.1834662187668608}",A,not_A,False,184.5885121729225,mean,mean,10,"{'std_A': 0.0, 'std_not_A': 0.0}",,{},"{'repeat_aggregation': 'mean', 'n_repeats': 10}"
semif_qwen35_4b,Qwen/Qwen3.5-4B@851bf6e806efd8d0a36b00ddf55e13ccb7b8cd0a,explicit_probability__seed_000046__repr_ratio,explicit_probability__seed_000046,explicit_probability,1,ratio,"(0.10,0.30]","{'parameters': {'p_A': 0.210526315789, 'p_not_A': 0.789473684211}}","{'A': 0.210526315789, 'not_A': 0.789473684211}","{'A': 0.7981867777396212, 'not_A': 0.20181322226037884}","{'tv': 0.5876604619506212, 'mae_binary': 0.5876604619506212, 'rmse_binary': 0.5876604619506212, 'brier_regret': 0.690689637080035, 'kl': 0.7962858019634698}",A,not_A,False,168.70221248827875,mean,mean,10,"{'std_A': 0.0, 'std_not_A': 0.0}",,{},"{'repeat_aggregation': 'mean', 'n_repeats': 10}"
semif_qwen35_4b,Qwen/Qwen3.5-4B@851bf6e806efd8d0a36b00ddf55e13ccb7b8cd0a,explicit_probability__seed_000047__repr_direct,explicit_probability__seed_000047,explicit_probability,1,direct,"(0.10,0.30]","{'parameters': {'p_A': 0.263157894737, 'p_not_A': 0.736842105263}}","{'A': 0.263157894737, 'not_A': 0.736842105263}","{'A': 0.9669140216112957, 'not_A': 0.033085978388704126}","{'tv': 0.7037561268742958, 'mae_binary': 0.7037561268742957, 'rmse_binary': 0.7037561268742957, 'brier_regret': 0.9905453722262199, 'kl': 1.9441536774887516}",A,not_A,False,168.57280284166336,mean,mean,10,"{'std_A': 0.0, 'std_not_A': 0.0}",,{},"{'repeat_aggregation': 'mean', 'n_repeats': 10}"
semif_qwen35_4b,Qwen/Qwen3.5-4B@851bf6e806efd8d0a36b00ddf55e13ccb7b8cd0a,explicit_probability__seed_000047__repr_distractor,explicit_probability__seed_000047,explicit_probability,1,distractor,"(0.10,0.30]","{'parameters': {'p_A': 0.263157894737, 'p_not_A': 0.736842105263}}","{'A': 0.263157894737, 'not_A': 0.736842105263}","{'A': 0.8670357598021706, 'not_A': 0.13296424019782924}","{'tv': 0.6038778650651706, 'mae_binary': 0.6038778650651706, 'rmse_binary': 0.6038778650651706, 'brier_regret': 0.729336951831337, 'kl': 0.9479198772168141}",A,not_A,False,190.93559850007296,mean,mean,10,"{'std_A': 0.0, 'std_not_A': 0.0}",,{},"{'repeat_aggregation': 'mean', 'n_repeats': 10}"
semif_qwen35_4b,Qwen/Qwen3.5-4B@851bf6e806efd8d0a36b00ddf55e13ccb7b8cd0a,explicit_probability__seed_000047__repr_prose,explicit_probability__seed_000047,explicit_probability,1,prose,"(0.10,0.30]","{'parameters': {'p_A': 0.263157894737, 'p_not_A': 0.736842105263}}","{'A': 0.263157894737, 'not_A': 0.736842105263}","{'A': 0.9626731126558706, 'not_A': 0.037326887344129464}","{'tv': 0.6995152179188706, 'mae_binary': 0.6995152179188706, 'rmse_binary': 0.6995152179188706, 'brier_regret': 0.97864308020017, 'kl': 1.8564440860356206}",A,not_A,False,184.0890297666192,mean,mean,10,"{'std_A': 0.0, 'std_not_A': 0.0}",,{},"{'repeat_aggregation': 'mean', 'n_repeats': 10}"
semif_qwen35_4b,Qwen/Qwen3.5-4B@851bf6e806efd8d0a36b00ddf55e13ccb7b8cd0a,explicit_probability__seed_000047__repr_ratio,explicit_probability__seed_000047,explicit_probability,1,ratio,"(0.10,0.30]","{'parameters': {'p_A': 0.263157894737, 'p_not_A': 0.736842105263}}","{'A': 0.263157894737, 'not_A': 0.736842105263}","{'A': 0.8175744761936435, 'not_A': 0.18242552380635632}","{'tv': 0.5544165814566435, 'mae_binary': 0.5544165814566435, 'rmse_binary': 0.5544165814566435, 'brier_regret': 0.6147554915881422, 'kl': 0.7303423081203402}",A,not_A,False,164.86467071808875,mean,mean,10,"{'std_A': 0.0, 'std_not_A': 0.0}",,{},"{'repeat_aggregation': 'mean', 'n_repeats': 10}"
semif_qwen35_4b,Qwen/Qwen3.5-4B@851bf6e806efd8d0a36b00ddf55e13ccb7b8cd0a,explicit_probability__seed_000048__repr_direct,explicit_probability__seed_000048,explicit_probability,1,direct,"(0.30,0.45]","{'parameters': {'p_A': 0.315789473684, 'p_not_A': 0.684210526316}}","{'A': 0.315789473684, 'not_A': 0.684210526316}","{'A': 0.9706877692486436, 'not_A': 0.029312230751356316}","{'tv': 0.6548982955646436, 'mae_binary': 0.6548982955646436, 'rmse_binary': 0.6548982955646436, 'brier_regret': 0.8577835550669507, 'kl': 1.8008324108106748}",A,not_A,False,171.0742027964443,mean,mean,10,"{'std_A': 0.0, 'std_not_A': 0.0}",,{},"{'repeat_aggregation': 'mean', 'n_repeats': 10}"
semif_qwen35_4b,Qwen/Qwen3.5-4B@851bf6e806efd8d0a36b00ddf55e13ccb7b8cd0a,explicit_probability__seed_000048__repr_distractor,explicit_probability__seed_000048,explicit_probability,1,distractor,"(0.30,0.45]","{'parameters': {'p_A': 0.315789473684, 'p_not_A': 0.684210526316}}","{'A': 0.315789473684, 'not_A': 0.684210526316}","{'A': 0.9046505351008906, 'not_A': 0.0953494648991095}","{'tv': 0.5888610614168905, 'mae_binary': 0.5888610614168905, 'rmse_binary': 0.5888610614168905, 'brier_regret': 0.6935146993060539, 'kl': 1.0160253935598014}",A,not_A,False,193.66555027663708,mean,mean,10,"{'std_A': 0.0, 'std_not_A': 0.0}",,{},"{'repeat_aggregation': 'mean', 'n_repeats': 10}"
semif_qwen35_4b,Qwen/Qwen3.5-4B@851bf6e806efd8d0a36b00ddf55e13ccb7b8cd0a,explicit_probability__seed_000048__repr_prose,explicit_probability__seed_000048,explicit_probability,1,prose,"(0.30,0.45]","{'parameters': {'p_A': 0.315789473684, 'p_not_A': 0.684210526316}}","{'A': 0.315789473684, 'not_A': 0.684210526316}","{'A': 0.9740426428022031, 'not_A': 0.02595735719779685}","{'tv': 0.6582531691182032, 'mae_binary': 0.6582531691182031, 'rmse_binary': 0.6582531691182031, 'brier_regret': 0.8665944693083154, 'kl': 1.8829085035144297}",A,not_A,False,186.11530768685043,mean,mean,10,"{'std_A': 0.0, 'std_not_A': 0.0}",,{},"{'repeat_aggregation': 'mean', 'n_repeats': 10}"
semif_qwen35_4b,Qwen/Qwen3.5-4B@851bf6e806efd8d0a36b00ddf55e13ccb7b8cd0a,explicit_probability__seed_000048__repr_ratio,explicit_probability__seed_000048,explicit_probability,1,ratio,"(0.30,0.45]","{'parameters': {'p_A': 0.315789473684, 'p_not_A': 0.684210526316}}","{'A': 0.315789473684, 'not_A': 0.684210526316}","{'A': 0.8175744761936435, 'not_A': 0.18242552380635632}","{'tv': 0.5017850025096435, 'mae_binary': 0.5017850025096435, 'rmse_binary': 0.5017850025096435, 'brier_regret': 0.5035763774872061, 'kl': 0.6040742178888068}",A,not_A,False,167.46402611024678,mean,mean,10,"{'std_A': 0.0, 'std_not_A': 0.0}",,{},"{'repeat_aggregation': 'mean', 'n_repeats': 10}"
semif_qwen35_4b,Qwen/Qwen3.5-4B@851bf6e806efd8d0a36b00ddf55e13ccb7b8cd0a,explicit_probability__seed_000049__repr_direct,explicit_probability__seed_000049,explicit_probability,1,direct,"(0.30,0.45]","{'parameters': {'p_A': 0.368421052632, 'p_not_A': 0.631578947368}}","{'A': 0.368421052632, 'not_A': 0.631578947368}","{'A': 0.9706877692486436, 'not_A': 0.029312230751356316}","{'tv': 0.6022667166166437, 'mae_binary': 0.6022667166166437, 'rmse_binary': 0.6022667166166437, 'brier_regret': 0.7254503958883851, 'kl': 1.5821667465172795}",A,not_A,False,170.15695665031672,mean,mean,10,"{'std_A': 0.0, 'std_not_A': 0.0}",,{},"{'repeat_aggregation': 'mean', 'n_repeats': 10}"
semif_qwen35_4b,Qwen/Qwen3.5-4B@851bf6e806efd8d0a36b00ddf55e13ccb7b8cd0a,explicit_probability__seed_000049__repr_distractor,explicit_probability__seed_000049,explicit_probability,1,distractor,"(0.30,0.45]","{'parameters': {'p_A': 0.368421052632, 'p_not_A': 0.631578947368}}","{'A': 0.368421052632, 'not_A': 0.631578947368}","{'A': 0.9046505351008906, 'not_A': 0.0953494648991095}","{'tv': 0.5362294824688905, 'mae_binary': 0.5362294824688906, 'rmse_binary': 0.5362294824688906, 'brier_regret': 0.5750841157377083, 'kl': 0.863149202951406}",A,not_A,False,193.34668391384184,mean,mean,10,"{'std_A': 0.0, 'std_not_A': 0.0}",,{},"{'repeat_aggregation': 'mean', 'n_repeats': 10}"
semif_qwen35_4b,Qwen/Qwen3.5-4B@851bf6e806efd8d0a36b00ddf55e13ccb7b8cd0a,explicit_probability__seed_000049__repr_prose,explicit_probability__seed_000049,explicit_probability,1,prose,"(0.30,0.45]","{'parameters': {'p_A': 0.368421052632, 'p_not_A': 0.631578947368}}","{'A': 0.368421052632, 'not_A': 0.631578947368}","{'A': 0.9706877692486436, 'not_A': 0.029312230751356316}","{'tv': 0.6022667166166437, 'mae_binary': 0.6022667166166437, 'rmse_binary': 0.6022667166166437, 'brier_regret': 0.7254503958883851, 'kl': 1.5821667465172795}",A,not_A,False,182.82808400690556,mean,mean,10,"{'std_A': 0.0, 'std_not_A': 0.0}",,{},"{'repeat_aggregation': 'mean', 'n_repeats': 10}"
semif_qwen35_4b,Qwen/Qwen3.5-4B@851bf6e806efd8d0a36b00ddf55e13ccb7b8cd0a,explicit_probability__seed_000049__repr_ratio,explicit_probability__seed_000049,explicit_probability,1,ratio,"(0.30,0.45]","{'parameters': {'p_A': 0.368421052632, 'p_not_A': 0.631578947368}}","{'A': 0.368421052632, 'not_A': 0.631578947368}","{'A': 0.8807970779778824, 'not_A': 0.11920292202211755}","{'tv': 0.5123760253458824, 'mae_binary': 0.5123760253458824, 'rmse_binary': 0.5123760253458824, 'brier_regret': 0.5250583826984887, 'kl': 0.7319759182356315}",A,not_A,False,168.0760386865586,mean,mean,10,"{'std_A': 0.0, 'std_not_A': 0.0}",,{},"{'repeat_aggregation': 'mean', 'n_repeats': 10}"
semif_qwen35_4b,Qwen/Qwen3.5-4B@851bf6e806efd8d0a36b00ddf55e13ccb7b8cd0a,explicit_probability__seed_000050__repr_direct,explicit_probability__seed_000050,explicit_probability,1,direct,"(0.30,0.45]","{'parameters': {'p_A': 0.421052631579, 'p_not_A': 0.578947368421}}","{'A': 0.421052631579, 'not_A': 0.578947368421}","{'A': 0.9669140216112957, 'not_A': 0.033085978388704126}","{'tv': 0.5458613900322958, 'mae_binary': 0.5458613900322957, 'rmse_binary': 0.5458613900322957, 'brier_regret': 0.5959293142559804, 'kl': 1.3069635805122337}",A,not_A,False,168.85876110754907,mean,mean,10,"{'std_A': 0.0, 'std_not_A': 0.0}",,{},"{'repeat_aggregation': 'mean', 'n_repeats': 10}"
semif_qwen35_4b,Qwen/Qwen3.5-4B@851bf6e806efd8d0a36b00ddf55e13ccb7b8cd0a,explicit_probability__seed_000050__repr_distractor,explicit_probability__seed_000050,explicit_probability,1,distractor,"(0.30,0.45]","{'parameters': {'p_A': 0.421052631579, 'p_not_A': 0.578947368421}}","{'A': 0.421052631579, 'not_A': 0.578947368421}","{'A': 0.9149009549929797, 'not_A': 0.08509904500702024}","{'tv': 0.4938483234139798, 'mae_binary': 0.4938483234139797, 'rmse_binary': 0.4938483234139797, 'brier_regret': 0.4877723330775975, 'kl': 0.7833099775831336}",A,not_A,False,192.26080724038184,mean,mean,10,"{'std_A': 0.0, 'std_not_A': 0.0}",,{},"{'repeat_aggregation': 'mean', 'n_repeats': 10}"
semif_qwen35_4b,Qwen/Qwen3.5-4B@851bf6e806efd8d0a36b00ddf55e13ccb7b8cd0a,explicit_probability__seed_000050__repr_prose,explicit_probability__seed_000050,explicit_probability,1,prose,"(0.30,0.45]","{'parameters': {'p_A': 0.421052631579, 'p_not_A': 0.578947368421}}","{'A': 0.421052631579, 'not_A': 0.578947368421}","{'A': 0.9669140216112957, 'not_A': 0.033085978388704126}","{'tv': 0.5458613900322958, 'mae_binary': 0.5458613900322957, 'rmse_binary': 0.5458613900322957, 'brier_regret': 0.5959293142559804, 'kl': 1.3069635805122337}",A,not_A,False,186.47936591878533,mean,mean,10,"{'std_A': 0.0, 'std_not_A': 0.0}",,{},"{'repeat_aggregation': 'mean', 'n_repeats': 10}"
semif_qwen35_4b,Qwen/Qwen3.5-4B@851bf6e806efd8d0a36b00ddf55e13ccb7b8cd0a,explicit_probability__seed_000050__repr_ratio,explicit_probability__seed_000050,explicit_probability,1,ratio,"(0.30,0.45]","{'parameters': {'p_A': 0.421052631579, 'p_not_A': 0.578947368421}}","{'A': 0.421052631579, 'not_A': 0.578947368421}","{'A': 0.7310585786300049, 'not_A': 0.2689414213699951}","{'tv': 0.3100059470510049, 'mae_binary': 0.31000594705100487, 'rmse_binary': 0.31000594705100487, 'brier_regret': 0.1922073744139809, 'kl': 0.21157956804754266}",A,not_A,False,165.0464151520282,mean,mean,10,"{'std_A': 0.0, 'std_not_A': 0.0}",,{},"{'repeat_aggregation': 'mean', 'n_repeats': 10}"
semif_qwen35_4b,Qwen/Qwen3.5-4B@851bf6e806efd8d0a36b00ddf55e13ccb7b8cd0a,explicit_probability__seed_000051__repr_direct,explicit_probability__seed_000051,explicit_probability,1,direct,"(0.45,0.55]","{'parameters': {'p_A': 0.473684210526, 'p_not_A': 0.526315789474}}","{'A': 0.473684210526, 'not_A': 0.526315789474}","{'A': 0.9579122720843811, 'not_A': 0.04208772791561884}","{'tv': 0.48422806155838116, 'mae_binary': 0.4842280615583811, 'rmse_binary': 0.4842280615583811, 'brier_regret': 0.4689536312011747, 'kl': 0.9959744224829534}",A,not_A,False,169.45362389087677,mean,mean,10,"{'std_A': 0.0, 'std_not_A': 0.0}",,{},"{'repeat_aggregation': 'mean', 'n_repeats': 10}"
semif_qwen35_4b,Qwen/Qwen3.5-4B@851bf6e806efd8d0a36b00ddf55e13ccb7b8cd0a,explicit_probability__seed_000051__repr_distractor,explicit_probability__seed_000051,explicit_probability,1,distractor,"(0.45,0.55]","{'parameters': {'p_A': 0.473684210526, 'p_not_A': 0.526315789474}}","{'A': 0.473684210526, 'not_A': 0.526315789474}","{'A': 0.8670357598021706, 'not_A': 0.13296424019782924}","{'tv': 0.39335154927617066, 'mae_binary': 0.3933515492761706, 'rmse_binary': 0.3933515492761706, 'brier_regret': 0.30945088263592746, 'kl': 0.4377556640169672}",A,not_A,False,192.47705261223018,mean,mean,10,"{'std_A': 0.0, 'std_not_A': 0.0}",,{},"{'repeat_aggregation': 'mean', 'n_repeats': 10}"
semif_qwen35_4b,Qwen/Qwen3.5-4B@851bf6e806efd8d0a36b00ddf55e13ccb7b8cd0a,explicit_probability__seed_000051__repr_prose,explicit_probability__seed_000051,explicit_probability,1,prose,"(0.45,0.55]","{'parameters': {'p_A': 0.473684210526, 'p_not_A': 0.526315789474}}","{'A': 0.473684210526, 'not_A': 0.526315789474}","{'A': 0.9399133498259925, 'not_A': 0.06008665017400762}","{'tv': 0.46622913929999243, 'mae_binary': 0.4662291392999925, 'rmse_binary': 0.4662291392999925, 'brier_regret': 0.43473922066482357, 'kl': 0.8175745112043142}",A,not_A,False,182.8583215828985,mean,mean,10,"{'std_A': 0.0, 'std_not_A': 0.0}",,{},"{'repeat_aggregation': 'mean', 'n_repeats': 10}"
semif_qwen35_4b,Qwen/Qwen3.5-4B@851bf6e806efd8d0a36b00ddf55e13ccb7b8cd0a,explicit_probability__seed_000051__repr_ratio,explicit_probability__seed_000051,explicit_probability,1,ratio,"(0.45,0.55]","{'parameters': {'p_A': 0.473684210526, 'p_not_A': 0.526315789474}}","{'A': 0.473684210526, 'not_A': 0.526315789474}","{'A': 0.9149009549929797, 'not_A': 0.08509904500702024}","{'tv': 0.4412167444669798, 'mae_binary': 0.4412167444669797, 'rmse_binary': 0.4412167444669797, 'brier_regret': 0.3893444311960802, 'kl': 0.6471779666233042}",A,not_A,False,168.43973007053137,mean,mean,10,"{'std_A': 0.0, 'std_not_A': 0.0}",,{},"{'repeat_aggregation': 'mean', 'n_repeats': 10}"
semif_qwen35_4b,Qwen/Qwen3.5-4B@851bf6e806efd8d0a36b00ddf55e13ccb7b8cd0a,explicit_probability__seed_000052__repr_direct,explicit_probability__seed_000052,explicit_probability,1,direct,"(0.45,0.55]","{'parameters': {'p_A': 0.526315789474, 'p_not_A': 0.47368421052599996}}","{'A': 0.526315789474, 'not_A': 0.47368421052599996}","{'A': 0.9740426428022031, 'not_A': 0.02595735719779685}","{'tv': 0.44772685332820306, 'mae_binary': 0.44772685332820306, 'rmse_binary': 0.44772685332820306, 'brier_regret': 0.4009186703823486, 'kl': 1.0516439594912406}",A,A,True,170.41763528250158,mean,mean,10,"{'std_A': 0.0, 'std_not_A': 0.0}",,{},"{'repeat_aggregation': 'mean', 'n_repeats': 10}"
semif_qwen35_4b,Qwen/Qwen3.5-4B@851bf6e806efd8d0a36b00ddf55e13ccb7b8cd0a,explicit_probability__seed_000052__repr_distractor,explicit_probability__seed_000052,explicit_probability,1,distractor,"(0.45,0.55]","{'parameters': {'p_A': 0.526315789474, 'p_not_A': 0.47368421052599996}}","{'A': 0.526315789474, 'not_A': 0.47368421052599996}","{'A': 0.9579122720843811, 'not_A': 0.04208772791561884}","{'tv': 0.4315964826103811, 'mae_binary': 0.4315964826103811, 'rmse_binary': 0.4315964826103811, 'brier_regret': 0.37255104760330604, 'kl': 0.8315007382704531}",A,A,True,192.8324578795582,mean,mean,10,"{'std_A': 0.0, 'std_not_A': 0.0}",,{},"{'repeat_aggregation': 'mean', 'n_repeats': 10}"
semif_qwen35_4b,Qwen/Qwen3.5-4B@851bf6e806efd8d0a36b00ddf55e13ccb7b8cd0a,explicit_probability__seed_000052__repr_prose,explicit_probability__seed_000052,explicit_probability,1,prose,"(0.45,0.55]","{'parameters': {'p_A': 0.526315789474, 'p_not_A': 0.47368421052599996}}","{'A': 0.526315789474, 'not_A': 0.47368421052599996}","{'A': 0.9706877692486436, 'not_A': 0.029312230751356316}","{'tv': 0.4443719797746436, 'mae_binary': 0.4443719797746436, 'rmse_binary': 0.4443719797746436, 'brier_regret': 0.39493291281767257, 'kl': 0.9958836562612359}",A,A,True,186.5717337001115,mean,mean,10,"{'std_A': 0.0, 'std_not_A': 0.0}",,{},"{'repeat_aggregation': 'mean', 'n_repeats': 10}"
semif_qwen35_4b,Qwen/Qwen3.5-4B@851bf6e806efd8d0a36b00ddf55e13ccb7b8cd0a,explicit_probability__seed_000052__repr_ratio,explicit_probability__seed_000052,explicit_probability,1,ratio,"(0.45,0.55]","{'parameters': {'p_A': 0.526315789474, 'p_not_A': 0.47368421052599996}}","{'A': 0.526315789474, 'not_A': 0.47368421052599996}","{'A': 0.9579122720843811, 'not_A': 0.04208772791561884}","{'tv': 0.4315964826103811, 'mae_binary': 0.4315964826103811, 'rmse_binary': 0.4315964826103811, 'brier_regret': 0.37255104760330604, 'kl': 0.8315007382704531}",A,A,True,167.4761493690312,mean,mean,10,"{'std_A': 0.0, 'std_not_A': 0.0}",,{},"{'repeat_aggregation': 'mean', 'n_repeats': 10}"
semif_qwen35_4b,Qwen/Qwen3.5-4B@851bf6e806efd8d0a36b00ddf55e13ccb7b8cd0a,explicit_probability__seed_000053__repr_direct,explicit_probability__seed_000053,explicit_probability,1,direct,"(0.55,0.70]","{'parameters': {'p_A': 0.578947368421, 'p_not_A': 0.42105263157899997}}","{'A': 0.578947368421, 'not_A': 0.42105263157899997}","{'A': 0.9740426428022031, 'not_A': 0.02595735719779685}","{'tv': 0.39509527438120307, 'mae_binary': 0.39509527438120307, 'rmse_binary': 0.39509527438120307, 'brier_regret': 0.31220055167671634, 'kl': 0.87198649676907}",A,A,True,170.82902933470905,mean,mean,10,"{'std_A': 0.0, 'std_not_A': 0.0}",,{},"{'repeat_aggregation': 'mean', 'n_repeats': 10}"
semif_qwen35_4b,Qwen/Qwen3.5-4B@851bf6e806efd8d0a36b00ddf55e13ccb7b8cd0a,explicit_probability__seed_000053__repr_distractor,explicit_probability__seed_000053,explicit_probability,1,distractor,"(0.55,0.70]","{'parameters': {'p_A': 0.578947368421, 'p_not_A': 0.42105263157899997}}","{'A': 0.578947368421, 'not_A': 0.42105263157899997}","{'A': 0.9465966702001756, 'not_A': 0.05340332979982423}","{'tv': 0.36764930177917565, 'mae_binary': 0.36764930177917554, 'rmse_binary': 0.36764930177917554, 'brier_regret': 0.27033201819743075, 'kl': 0.5847790070560229}",A,A,True,190.51143997348845,mean,mean,10,"{'std_A': 0.0, 'std_not_A': 0.0}",,{},"{'repeat_aggregation': 'mean', 'n_repeats': 10}"
semif_qwen35_4b,Qwen/Qwen3.5-4B@851bf6e806efd8d0a36b00ddf55e13ccb7b8cd0a,explicit_probability__seed_000053__repr_prose,explicit_probability__seed_000053,explicit_probability,1,prose,"(0.55,0.70]","{'parameters': {'p_A': 0.578947368421, 'p_not_A': 0.42105263157899997}}","{'A': 0.578947368421, 'not_A': 0.42105263157899997}","{'A': 0.9740426428022031, 'not_A': 0.02595735719779685}","{'tv': 0.39509527438120307, 'mae_binary': 0.39509527438120307, 'rmse_binary': 0.39509527438120307, 'brier_regret': 0.31220055167671634, 'kl': 0.87198649676907}",A,A,True,188.66389421746135,mean,mean,10,"{'std_A': 0.0, 'std_not_A': 0.0}",,{},"{'repeat_aggregation': 'mean', 'n_repeats': 10}"
semif_qwen35_4b,Qwen/Qwen3.5-4B@851bf6e806efd8d0a36b00ddf55e13ccb7b8cd0a,explicit_probability__seed_000053__repr_ratio,explicit_probability__seed_000053,explicit_probability,1,ratio,"(0.55,0.70]","{'parameters': {'p_A': 0.578947368421, 'p_not_A': 0.42105263157899997}}","{'A': 0.578947368421, 'not_A': 0.42105263157899997}","{'A': 0.932453308860371, 'not_A': 0.0675466911396291}","{'tv': 0.35350594043937095, 'mae_binary': 0.353505940439371, 'rmse_binary': 0.353505940439371, 'brier_regret': 0.24993289985184816, 'kl': 0.49456986964816796}",A,A,True,169.1024860367179,mean,mean,10,"{'std_A': 0.0, 'std_not_A': 0.0}",,{},"{'repeat_aggregation': 'mean', 'n_repeats': 10}"
semif_qwen35_4b,Qwen/Qwen3.5-4B@851bf6e806efd8d0a36b00ddf55e13ccb7b8cd0a,explicit_probability__seed_000054__repr_direct,explicit_probability__seed_000054,explicit_probability,1,direct,"(0.55,0.70]","{'parameters': {'p_A': 0.631578947368, 'p_not_A': 0.368421052632}}","{'A': 0.631578947368, 'not_A': 0.368421052632}","{'A': 0.9770226300899744, 'not_A': 0.02297736991002561}","{'tv': 0.34544368272197434, 'mae_binary': 0.34544368272197434, 'rmse_binary': 0.34544368272197434, 'brier_regret': 0.23866267586504014, 'kl': 0.746714424199084}",A,A,True,171.2611374910921,mean,mean,10,"{'std_A': 0.0, 'std_not_A': 0.0}",,{},"{'repeat_aggregation': 'mean', 'n_repeats': 10}"
semif_qwen35_4b,Qwen/Qwen3.5-4B@851bf6e806efd8d0a36b00ddf55e13ccb7b8cd0a,explicit_probability__seed_000054__repr_distractor,explicit_probability__seed_000054,explicit_probability,1,distractor,"(0.55,0.70]","{'parameters': {'p_A': 0.631578947368, 'p_not_A': 0.368421052632}}","{'A': 0.631578947368, 'not_A': 0.368421052632}","{'A': 0.9525741268224334, 'not_A': 0.04742587317756679}","{'tv': 0.32099517945443323, 'mae_binary': 0.32099517945443334, 'rmse_binary': 0.32099517945443334, 'brier_regret': 0.20607581046596762, 'kl': 0.4957405219264005}",A,A,True,191.09252379275858,mean,mean,10,"{'std_A': 0.0, 'std_not_A': 0.0}",,{},"{'repeat_aggregation': 'mean', 'n_repeats': 10}"
semif_qwen35_4b,Qwen/Qwen3.5-4B@851bf6e806efd8d0a36b00ddf55e13ccb7b8cd0a,explicit_probability__seed_000054__repr_prose,explicit_probability__seed_000054,explicit_probability,1,prose,"(0.55,0.70]","{'parameters': {'p_A': 0.631578947368, 'p_not_A': 0.368421052632}}","{'A': 0.631578947368, 'not_A': 0.368421052632}","{'A': 0.9796676466573413, 'not_A': 0.020332353342658753}","{'tv': 0.3480886992893413, 'mae_binary': 0.3480886992893413, 'rmse_binary': 0.3480886992893413, 'brier_regret': 0.24233148514589087, 'kl': 0.7900634923067558}",A,A,True,185.1422268897295,mean,mean,10,"{'std_A': 0.0, 'std_not_A': 0.0}",,{},"{'repeat_aggregation': 'mean', 'n_repeats': 10}"
semif_qwen35_4b,Qwen/Qwen3.5-4B@851bf6e806efd8d0a36b00ddf55e13ccb7b8cd0a,explicit_probability__seed_000054__repr_ratio,explicit_probability__seed_000054,explicit_probability,1,ratio,"(0.55,0.70]","{'parameters': {'p_A': 0.631578947368, 'p_not_A': 0.368421052632}}","{'A': 0.631578947368, 'not_A': 0.368421052632}","{'A': 0.9669140216112957, 'not_A': 0.033085978388704126}","{'tv': 0.3353350742432958, 'mae_binary': 0.33533507424329567, 'rmse_binary': 0.33533507424329567, 'brier_regret': 0.22489922403551335, 'kl': 0.6189567650726975}",A,A,True,164.99202675186098,mean,mean,10,"{'std_A': 0.0, 'std_not_A': 0.0}",,{},"{'repeat_aggregation': 'mean', 'n_repeats': 10}"
semif_qwen35_4b,Qwen/Qwen3.5-4B@851bf6e806efd8d0a36b00ddf55e13ccb7b8cd0a,explicit_probability__seed_000055__repr_direct,explicit_probability__seed_000055,explicit_probability,1,direct,"(0.55,0.70]","{'parameters': {'p_A': 0.684210526316, 'p_not_A': 0.315789473684}}","{'A': 0.684210526316, 'not_A': 0.315789473684}","{'A': 0.9770226300899744, 'not_A': 0.02297736991002561}","{'tv': 0.2928121037739744, 'mae_binary': 0.2928121037739744, 'rmse_binary': 0.2928121037739744, 'brier_regret': 0.17147785623308148, 'kl': 0.5838011411194796}",A,A,True,169.65698092244565,mean,mean,10,"{'std_A': 0.0, 'std_not_A': 0.0}",,{},"{'repeat_aggregation': 'mean', 'n_repeats': 10}"
semif_qwen35_4b,Qwen/Qwen3.5-4B@851bf6e806efd8d0a36b00ddf55e13ccb7b8cd0a,explicit_probability__seed_000055__repr_distractor,explicit_probability__seed_000055,explicit_probability,1,distractor,"(0.55,0.70]","{'parameters': {'p_A': 0.684210526316, 'p_not_A': 0.315789473684}}","{'A': 0.684210526316, 'not_A': 0.315789473684}","{'A': 0.9706877692486436, 'not_A': 0.029312230751356316}","{'tv': 0.28647724293264365, 'mae_binary': 0.28647724293264365, 'rmse_binary': 0.28647724293264365, 'brier_regret': 0.1641384214365779, 'kl': 0.511358726598675}",A,A,True,193.38090252131224,mean,mean,10,"{'std_A': 0.0, 'std_not_A': 0.0}",,{},"{'repeat_aggregation': 'mean', 'n_repeats': 10}"
semif_qwen35_4b,Qwen/Qwen3.5-4B@851bf6e806efd8d0a36b00ddf55e13ccb7b8cd0a,explicit_probability__seed_000055__repr_prose,explicit_probability__seed_000055,explicit_probability,1,prose,"(0.55,0.70]","{'parameters': {'p_A': 0.684210526316, 'p_not_A': 0.315789473684}}","{'A': 0.684210526316, 'not_A': 0.315789473684}","{'A': 0.9820137900379085, 'not_A': 0.017986209962091555}","{'tv': 0.29780326372190846, 'mae_binary': 0.29780326372190846, 'rmse_binary': 0.29780326372190846, 'brier_regret': 0.17737356776684113, 'kl': 0.6576529730858641}",A,A,True,182.6881119981408,mean,mean,10,"{'std_A': 0.0, 'std_not_A': 0.0}",,{},"{'repeat_aggregation': 'mean', 'n_repeats': 10}"
semif_qwen35_4b,Qwen/Qwen3.5-4B@851bf6e806efd8d0a36b00ddf55e13ccb7b8cd0a,explicit_probability__seed_000055__repr_ratio,explicit_probability__seed_000055,explicit_probability,1,ratio,"(0.55,0.70]","{'parameters': {'p_A': 0.684210526316, 'p_not_A': 0.315789473684}}","{'A': 0.684210526316, 'not_A': 0.315789473684}","{'A': 0.9525741268224334, 'not_A': 0.04742587317756679}","{'tv': 0.26836360050643326, 'mae_binary': 0.2683636005064334, 'rmse_binary': 0.2683636005064334, 'brier_regret': 0.14403804415355304, 'kl': 0.3723009230577963}",A,A,True,167.9957370273769,mean,mean,10,"{'std_A': 0.0, 'std_not_A': 0.0}",,{},"{'repeat_aggregation': 'mean', 'n_repeats': 10}"
semif_qwen35_4b,Qwen/Qwen3.5-4B@851bf6e806efd8d0a36b00ddf55e13ccb7b8cd0a,explicit_probability__seed_000056__repr_direct,explicit_probability__seed_000056,explicit_probability,1,direct,"(0.70,0.90]","{'parameters': {'p_A': 0.736842105263, 'p_not_A': 0.263157894737}}","{'A': 0.736842105263, 'not_A': 0.263157894737}","{'A': 0.9820137900379085, 'not_A': 0.017986209962091555}","{'tv': 0.24517168477490847, 'mae_binary': 0.24517168477490847, 'rmse_binary': 0.24517168477490847, 'brier_regret': 0.12021831003073417, 'kl': 0.49444737910889736}",A,A,True,169.99336211010814,mean,mean,10,"{'std_A': 0.0, 'std_not_A': 0.0}",,{},"{'repeat_aggregation': 'mean', 'n_repeats': 10}"
semif_qwen35_4b,Qwen/Qwen3.5-4B@851bf6e806efd8d0a36b00ddf55e13ccb7b8cd0a,explicit_probability__seed_000056__repr_distractor,explicit_probability__seed_000056,explicit_probability,1,distractor,"(0.70,0.90]","{'parameters': {'p_A': 0.736842105263, 'p_not_A': 0.263157894737}}","{'A': 0.736842105263, 'not_A': 0.263157894737}","{'A': 0.9669140216112957, 'not_A': 0.033085978388704126}","{'tv': 0.2300719163482958, 'mae_binary': 0.2300719163482957, 'rmse_binary': 0.2300719163482957, 'brier_regret': 0.10586617338435445, 'kl': 0.34546946696350156}",A,A,True,192.33436454087496,mean,mean,10,"{'std_A': 0.0, 'std_not_A': 0.0}",,{},"{'repeat_aggregation': 'mean', 'n_repeats': 10}"
semif_qwen35_4b,Qwen/Qwen3.5-4B@851bf6e806efd8d0a36b00ddf55e13ccb7b8cd0a,explicit_probability__seed_000056__repr_prose,explicit_probability__seed_000056,explicit_probability,1,prose,"(0.70,0.90]","{'parameters': {'p_A': 0.736842105263, 'p_not_A': 0.263157894737}}","{'A': 0.736842105263, 'not_A': 0.263157894737}","{'A': 0.9770226300899744, 'not_A': 0.02297736991002561}","{'tv': 0.24018052482697438, 'mae_binary': 0.24018052482697438, 'rmse_binary': 0.24018052482697438, 'brier_regret': 0.11537336901232173, 'kl': 0.4337534418792626}",A,A,True,184.14708585478365,mean,mean,10,"{'std_A': 0.0, 'std_not_A': 0.0}",,{},"{'repeat_aggregation': 'mean', 'n_repeats': 10}"
semif_qwen35_4b,Qwen/Qwen3.5-4B@851bf6e806efd8d0a36b00ddf55e13ccb7b8cd0a,explicit_probability__seed_000056__repr_ratio,explicit_probability__seed_000056,explicit_probability,1,ratio,"(0.70,0.90]","{'parameters': {'p_A': 0.736842105263, 'p_not_A': 0.263157894737}}","{'A': 0.736842105263, 'not_A': 0.263157894737}","{'A': 0.9626731126558706, 'not_A': 0.037326887344129464}","{'tv': 0.2258310073928706, 'mae_binary': 0.22583100739287065, 'rmse_binary': 0.22583100739287065, 'brier_regret': 0.10199928780015755, 'kl': 0.3169704018261206}",A,A,True,165.91644948348403,mean,mean,10,"{'std_A': 0.0, 'std_not_A': 0.0}",,{},"{'repeat_aggregation': 'mean', 'n_repeats': 10}"
semif_qwen35_4b,Qwen/Qwen3.5-4B@851bf6e806efd8d0a36b00ddf55e13ccb7b8cd0a,explicit_probability__seed_000057__repr_direct,explicit_probability__seed_000057,explicit_probability,1,direct,"(0.70,0.90]","{'parameters': {'p_A': 0.789473684211, 'p_not_A': 0.21052631578900005}}","{'A': 0.789473684211, 'not_A': 0.21052631578900005}","{'A': 0.9796676466573413, 'not_A': 0.020332353342658753}","{'tv': 0.19019396244634132, 'mae_binary': 0.19019396244634135, 'rmse_binary': 0.19019396244634135, 'brier_regret': 0.07234748670208058, 'kl': 0.3216782091551688}",A,A,True,171.45387562923133,mean,mean,10,"{'std_A': 0.0, 'std_not_A': 0.0}",,{},"{'repeat_aggregation': 'mean', 'n_repeats': 10}"
semif_qwen35_4b,Qwen/Qwen3.5-4B@851bf6e806efd8d0a36b00ddf55e13ccb7b8cd0a,explicit_probability__seed_000057__repr_distractor,explicit_probability__seed_000057,explicit_probability,1,distractor,"(0.70,0.90]","{'parameters': {'p_A': 0.789473684211, 'p_not_A': 0.21052631578900005}}","{'A': 0.789473684211, 'not_A': 0.21052631578900005}","{'A': 0.9706877692486436, 'not_A': 0.029312230751356316}","{'tv': 0.18121408503764372, 'mae_binary': 0.1812140850376437, 'rmse_binary': 0.1812140850376437, 'brier_regret': 0.06567708923206073, 'kl': 0.2519393581058176}",A,A,True,193.1903939228505,mean,mean,10,"{'std_A': 0.0, 'std_not_A': 0.0}",,{},"{'repeat_aggregation': 'mean', 'n_repeats': 10}"
semif_qwen35_4b,Qwen/Qwen3.5-4B@851bf6e806efd8d0a36b00ddf55e13ccb7b8cd0a,explicit_probability__seed_000057__repr_prose,explicit_probability__seed_000057,explicit_probability,1,prose,"(0.70,0.90]","{'parameters': {'p_A': 0.789473684211, 'p_not_A': 0.21052631578900005}}","{'A': 0.789473684211, 'not_A': 0.21052631578900005}","{'A': 0.9840936082881854, 'not_A': 0.01590639171181471}","{'tv': 0.19461992407718537, 'mae_binary': 0.19461992407718542, 'rmse_binary': 0.19461992407718542, 'brier_regret': 0.07575382969561881, 'kl': 0.3698021432816405}",A,A,True,185.7143651228398,mean,mean,10,"{'std_A': 0.0, 'std_not_A': 0.0}",,{},"{'repeat_aggregation': 'mean', 'n_repeats': 10}"
semif_qwen35_4b,Qwen/Qwen3.5-4B@851bf6e806efd8d0a36b00ddf55e13ccb7b8cd0a,explicit_probability__seed_000057__repr_ratio,explicit_probability__seed_000057,explicit_probability,1,ratio,"(0.70,0.90]","{'parameters': {'p_A': 0.789473684211, 'p_not_A': 0.21052631578900005}}","{'A': 0.789473684211, 'not_A': 0.21052631578900005}","{'A': 0.9706877692486436, 'not_A': 0.029312230751356316}","{'tv': 0.18121408503764372, 'mae_binary': 0.1812140850376437, 'rmse_binary': 0.1812140850376437, 'brier_regret': 0.06567708923206073, 'kl': 0.2519393581058176}",A,A,True,166.83258754201233,mean,mean,10,"{'std_A': 0.0, 'std_not_A': 0.0}",,{},"{'repeat_aggregation': 'mean', 'n_repeats': 10}"
semif_qwen35_4b,Qwen/Qwen3.5-4B@851bf6e806efd8d0a36b00ddf55e13ccb7b8cd0a,explicit_probability__seed_000058__repr_direct,explicit_probability__seed_000058,explicit_probability,1,direct,"(0.70,0.90]","{'parameters': {'p_A': 0.842105263158, 'p_not_A': 0.15789473684199995}}","{'A': 0.842105263158, 'not_A': 0.15789473684199995}","{'A': 0.9740426428022031, 'not_A': 0.02595735719779685}","{'tv': 0.13193737964420307, 'mae_binary': 0.13193737964420305, 'rmse_binary': 0.13193737964420305, 'brier_regret': 0.03481494429475714, 'kl': 0.16250629085395735}",A,A,True,170.4321278259158,mean,mean,10,"{'std_A': 0.0, 'std_not_A': 0.0}",,{},"{'repeat_aggregation': 'mean', 'n_repeats': 10}"
semif_qwen35_4b,Qwen/Qwen3.5-4B@851bf6e806efd8d0a36b00ddf55e13ccb7b8cd0a,explicit_probability__seed_000058__repr_distractor,explicit_probability__seed_000058,explicit_probability,1,distractor,"(0.70,0.90]","{'parameters': {'p_A': 0.842105263158, 'p_not_A': 0.15789473684199995}}","{'A': 0.842105263158, 'not_A': 0.15789473684199995}","{'A': 0.9626731126558706, 'not_A': 0.037326887344129464}","{'tv': 0.12056784949787053, 'mae_binary': 0.12056784949787058, 'rmse_binary': 0.12056784949787058, 'brier_regret': 0.02907321266508232, 'kl': 0.11503694103911496}",A,A,True,192.35566053539515,mean,mean,10,"{'std_A': 0.0, 'std_not_A': 0.0}",,{},"{'repeat_aggregation': 'mean', 'n_repeats': 10}"
semif_qwen35_4b,Qwen/Qwen3.5-4B@851bf6e806efd8d0a36b00ddf55e13ccb7b8cd0a,explicit_probability__seed_000058__repr_prose,explicit_probability__seed_000058,explicit_probability,1,prose,"(0.70,0.90]","{'parameters': {'p_A': 0.842105263158, 'p_not_A': 0.15789473684199995}}","{'A': 0.842105263158, 'not_A': 0.15789473684199995}","{'A': 0.9820137900379085, 'not_A': 0.017986209962091555}","{'tv': 0.1399085268799084, 'mae_binary': 0.1399085268799084, 'rmse_binary': 0.1399085268799084, 'brier_regret': 0.0391487917874121, 'kl': 0.2135665499006417}",A,A,True,190.00122155994177,mean,mean,10,"{'std_A': 0.0, 'std_not_A': 0.0}",,{},"{'repeat_aggregation': 'mean', 'n_repeats': 10}"
semif_qwen35_4b,Qwen/Qwen3.5-4B@851bf6e806efd8d0a36b00ddf55e13ccb7b8cd0a,explicit_probability__seed_000058__repr_ratio,explicit_probability__seed_000058,explicit_probability,1,ratio,"(0.70,0.90]","{'parameters': {'p_A': 0.842105263158, 'p_not_A': 0.15789473684199995}}","{'A': 0.842105263158, 'not_A': 0.15789473684199995}","{'A': 0.9579122720843811, 'not_A': 0.04208772791561884}","{'tv': 0.11580700892638109, 'mae_binary': 0.11580700892638107, 'rmse_binary': 0.11580700892638107, 'brier_regret': 0.026822526632949817, 'kl': 0.10025780647516984}",A,A,True,166.1794827785343,mean,mean,10,"{'std_A': 0.0, 'std_not_A': 0.0}",,{},"{'repeat_aggregation': 'mean', 'n_repeats': 10}"
semif_qwen35_4b,Qwen/Qwen3.5-4B@851bf6e806efd8d0a36b00ddf55e13ccb7b8cd0a,explicit_probability__seed_000059__repr_direct,explicit_probability__seed_000059,explicit_probability,1,direct,"(0.70,0.90]","{'parameters': {'p_A': 0.894736842105, 'p_not_A': 0.10526315789499996}}","{'A': 0.894736842105, 'not_A': 0.10526315789499996}","{'A': 0.9770226300899744, 'not_A': 0.02297736991002561}","{'tv': 0.08228578798497434, 'mae_binary': 0.08228578798497432, 'rmse_binary': 0.08228578798497432, 'brier_regret': 0.013541901808616294, 'kl': 0.08148654889459575}",A,A,True,171.66130398400128,mean,mean,10,"{'std_A': 0.0, 'std_not_A': 0.0}",,{},"{'repeat_aggregation': 'mean', 'n_repeats': 10}"
semif_qwen35_4b,Qwen/Qwen3.5-4B@851bf6e806efd8d0a36b00ddf55e13ccb7b8cd0a,explicit_probability__seed_000059__repr_distractor,explicit_probability__seed_000059,explicit_probability,1,distractor,"(0.70,0.90]","{'parameters': {'p_A': 0.894736842105, 'p_not_A': 0.10526315789499996}}","{'A': 0.894736842105, 'not_A': 0.10526315789499996}","{'A': 0.9669140216112957, 'not_A': 0.033085978388704126}","{'tv': 0.07217717950629574, 'mae_binary': 0.07217717950629565, 'rmse_binary': 0.07217717950629565, 'brier_regret': 0.010419090482968076, 'kl': 0.05241310029458457}",A,A,True,193.095139041543,mean,mean,10,"{'std_A': 0.0, 'std_not_A': 0.0}",,{},"{'repeat_aggregation': 'mean', 'n_repeats': 10}"
semif_qwen35_4b,Qwen/Qwen3.5-4B@851bf6e806efd8d0a36b00ddf55e13ccb7b8cd0a,explicit_probability__seed_000059__repr_prose,explicit_probability__seed_000059,explicit_probability,1,prose,"(0.70,0.90]","{'parameters': {'p_A': 0.894736842105, 'p_not_A': 0.10526315789499996}}","{'A': 0.894736842105, 'not_A': 0.10526315789499996}","{'A': 0.9820137900379085, 'not_A': 0.017986209962091555}","{'tv': 0.08727694793290841, 'mae_binary': 0.08727694793290841, 'rmse_binary': 0.08727694793290841, 'brier_regret': 0.015234531280967212, 'kl': 0.10270680191373044}",A,A,True,185.93048471957445,mean,mean,10,"{'std_A': 0.0, 'std_not_A': 0.0}",,{},"{'repeat_aggregation': 'mean', 'n_repeats': 10}"
semif_qwen35_4b,Qwen/Qwen3.5-4B@851bf6e806efd8d0a36b00ddf55e13ccb7b8cd0a,explicit_probability__seed_000059__repr_ratio,explicit_probability__seed_000059,explicit_probability,1,ratio,"(0.70,0.90]","{'parameters': {'p_A': 0.894736842105, 'p_not_A': 0.10526315789499996}}","{'A': 0.894736842105, 'not_A': 0.10526315789499996}","{'A': 0.9770226300899744, 'not_A': 0.02297736991002561}","{'tv': 0.08228578798497434, 'mae_binary': 0.08228578798497432, 'rmse_binary': 0.08228578798497432, 'brier_regret': 0.013541901808616294, 'kl': 0.08148654889459575}",A,A,True,167.03140190802515,mean,mean,10,"{'std_A': 0.0, 'std_not_A': 0.0}",,{},"{'repeat_aggregation': 'mean', 'n_repeats': 10}"
semif_qwen35_4b,Qwen/Qwen3.5-4B@851bf6e806efd8d0a36b00ddf55e13ccb7b8cd0a,explicit_probability__seed_000060__repr_direct,explicit_probability__seed_000060,explicit_probability,1,direct,"(0.90,0.99]","{'parameters': {'p_A': 0.947368421053, 'p_not_A': 0.05263157894699999}}","{'A': 0.947368421053, 'not_A': 0.05263157894699999}","{'A': 0.9770226300899744, 'not_A': 0.02297736991002561}","{'tv': 0.02965420903697437, 'mae_binary': 0.029654209036974355, 'rmse_binary': 0.029654209036974355, 'brier_regret': 0.0017587442272171444, 'kl': 0.014421834791508142}",A,A,True,169.05304682441056,mean,mean,10,"{'std_A': 0.0, 'std_not_A': 0.0}",,{},"{'repeat_aggregation': 'mean', 'n_repeats': 10}"
semif_qwen35_4b,Qwen/Qwen3.5-4B@851bf6e806efd8d0a36b00ddf55e13ccb7b8cd0a,explicit_probability__seed_000060__repr_distractor,explicit_probability__seed_000060,explicit_probability,1,distractor,"(0.90,0.99]","{'parameters': {'p_A': 0.947368421053, 'p_not_A': 0.05263157894699999}}","{'A': 0.947368421053, 'not_A': 0.05263157894699999}","{'A': 0.9465966702001756, 'not_A': 0.05340332979982423}","{'tv': 0.0007717508528243371, 'mae_binary': 0.0007717508528244377, 'rmse_binary': 0.0007717508528244377, 'brier_regret': 1.1911987576701832e-06, 'kl': 5.917998536511429e-06}",A,A,True,193.0604841094464,mean,mean,10,"{'std_A': 0.0, 'std_not_A': 0.0}",,{},"{'repeat_aggregation': 'mean', 'n_repeats': 10}"
semif_qwen35_4b,Qwen/Qwen3.5-4B@851bf6e806efd8d0a36b00ddf55e13ccb7b8cd0a,explicit_probability__seed_000060__repr_prose,explicit_probability__seed_000060,explicit_probability,1,prose,"(0.90,0.99]","{'parameters': {'p_A': 0.947368421053, 'p_not_A': 0.05263157894699999}}","{'A': 0.947368421053, 'not_A': 0.05263157894699999}","{'A': 0.9820137900379085, 'not_A': 0.017986209962091555}","{'tv': 0.03464536898490844, 'mae_binary': 0.03464536898490844, 'rmse_binary': 0.03464536898490844, 'brier_regret': 0.0024006031842009113, 'kl': 0.022484193073642807}",A,A,True,190.93262539245188,mean,mean,10,"{'std_A': 0.0, 'std_not_A': 0.0}",,{},"{'repeat_aggregation': 'mean', 'n_repeats': 10}"
semif_qwen35_4b,Qwen/Qwen3.5-4B@851bf6e806efd8d0a36b00ddf55e13ccb7b8cd0a,explicit_probability__seed_000060__repr_ratio,explicit_probability__seed_000060,explicit_probability,1,ratio,"(0.90,0.99]","{'parameters': {'p_A': 0.947368421053, 'p_not_A': 0.05263157894699999}}","{'A': 0.947368421053, 'not_A': 0.05263157894699999}","{'A': 0.9525741268224334, 'not_A': 0.04742587317756679}","{'tv': 0.005205705769433279, 'mae_binary': 0.005205705769433355, 'rmse_binary': 0.005205705769433355, 'brier_regret': 5.419874511582185e-05, 'kl': 0.0002900377825749865}",A,A,True,166.08438272960484,mean,mean,10,"{'std_A': 0.0, 'std_not_A': 0.0}",,{},"{'repeat_aggregation': 'mean', 'n_repeats': 10}"
semif_qwen35_4b,Qwen/Qwen3.5-4B@851bf6e806efd8d0a36b00ddf55e13ccb7b8cd0a,explicit_probability__seed_000061__repr_direct,explicit_probability__seed_000061,explicit_probability,1,direct,1,"{'parameters': {'p_A': 1.0, 'p_not_A': 0.0}}","{'A': 1.0, 'not_A': 0.0}","{'A': 0.9820137900379085, 'not_A': 0.017986209962091555}","{'tv': 0.017986209962091552, 'mae_binary': 0.01798620996209155, 'rmse_binary': 0.01798620996209155, 'brier_regret': 0.0006470074976008828, 'kl': 0.01814992791780978}",A,A,True,166.58672206103802,mean,mean,10,"{'std_A': 0.0, 'std_not_A': 0.0}",,{},"{'repeat_aggregation': 'mean', 'n_repeats': 10}"
semif_qwen35_4b,Qwen/Qwen3.5-4B@851bf6e806efd8d0a36b00ddf55e13ccb7b8cd0a,explicit_probability__seed_000061__repr_distractor,explicit_probability__seed_000061,explicit_probability,1,distractor,1,"{'parameters': {'p_A': 1.0, 'p_not_A': 0.0}}","{'A': 1.0, 'not_A': 0.0}","{'A': 0.9525741268224334, 'not_A': 0.04742587317756679}","{'tv': 0.04742587317756671, 'mae_binary': 0.047425873177566635, 'rmse_binary': 0.047425873177566635, 'brier_regret': 0.004498426893309284, 'kl': 0.04858735157374196}",A,A,True,186.2394044175744,mean,mean,10,"{'std_A': 0.0, 'std_not_A': 0.0}",,{},"{'repeat_aggregation': 'mean', 'n_repeats': 10}"
semif_qwen35_4b,Qwen/Qwen3.5-4B@851bf6e806efd8d0a36b00ddf55e13ccb7b8cd0a,explicit_probability__seed_000061__repr_prose,explicit_probability__seed_000061,explicit_probability,1,prose,1,"{'parameters': {'p_A': 1.0, 'p_not_A': 0.0}}","{'A': 1.0, 'not_A': 0.0}","{'A': 0.9902915235185258, 'not_A': 0.009708476481474066}","{'tv': 0.00970847648147414, 'mae_binary': 0.009708476481474215, 'rmse_binary': 0.009708476481474215, 'brier_regret': 0.00018850903118267301, 'kl': 0.009755911000221579}",A,A,True,169.23705213703215,mean,mean,10,"{'std_A': 0.0, 'std_not_A': 0.0}",,{},"{'repeat_aggregation': 'mean', 'n_repeats': 10}"
semif_qwen35_4b,Qwen/Qwen3.5-4B@851bf6e806efd8d0a36b00ddf55e13ccb7b8cd0a,explicit_probability__seed_000061__repr_ratio,explicit_probability__seed_000061,explicit_probability,1,ratio,1,"{'parameters': {'p_A': 1.0, 'p_not_A': 0.0}}","{'A': 1.0, 'not_A': 0.0}","{'A': 0.9579122720843811, 'not_A': 0.04208772791561884}","{'tv': 0.042087727915618864, 'mae_binary': 0.04208772791561888, 'rmse_binary': 0.04208772791561888, 'brier_regret': 0.0035427536821983265, 'kl': 0.04299907922908785}",A,A,True,163.40816300362349,mean,mean,10,"{'std_A': 0.0, 'std_not_A': 0.0}",,{},"{'repeat_aggregation': 'mean', 'n_repeats': 10}"
semif_qwen35_4b,Qwen/Qwen3.5-4B@851bf6e806efd8d0a36b00ddf55e13ccb7b8cd0a,frequency__seed_000042__repr_counts,frequency__seed_000042,frequency,2,counts,"(0.70,0.90]","{'parameters': {'counts': {'nif': 10, 'zor': 40}, 'reduced_counts': {'nif': 1, 'zor': 4}}}","{'nif': 0.2, 'zor': 0.8}","{'nif': 0.4073334000459302, 'zor': 0.5926665999540697}","{'tv': 0.2073334000459303, 'mae_binary': 0.2073334000459302, 'rmse_binary': 0.2073334000459302, 'brier_regret': 0.08597427754921153, 'kl': 0.09772084060165229}",zor,zor,True,170.16551550477743,mean,mean,10,"{'std_nif': 0.0, 'std_zor': 0.0}",,{},"{'repeat_aggregation': 'mean', 'n_repeats': 10}"
semif_qwen35_4b,Qwen/Qwen3.5-4B@851bf6e806efd8d0a36b00ddf55e13ccb7b8cd0a,frequency__seed_000042__repr_distractor,frequency__seed_000042,frequency,2,distractor,"(0.70,0.90]","{'parameters': {'counts': {'nif': 10, 'zor': 40}, 'reduced_counts': {'nif': 1, 'zor': 4}}}","{'nif': 0.2, 'zor': 0.8}","{'nif': 0.2689414213699951, 'zor': 0.7310585786300049}","{'tv': 0.06894142136999512, 'mae_binary': 0.06894142136999509, 'rmse_binary': 0.06894142136999509, 'brier_regret': 0.009505839161030441, 'kl': 0.012859263980034986}",zor,zor,True,191.34754166007042,mean,mean,10,"{'std_nif': 0.0, 'std_zor': 0.0}",,{},"{'repeat_aggregation': 'mean', 'n_repeats': 10}"
semif_qwen35_4b,Qwen/Qwen3.5-4B@851bf6e806efd8d0a36b00ddf55e13ccb7b8cd0a,frequency__seed_000042__repr_prose,frequency__seed_000042,frequency,2,prose,"(0.70,0.90]","{'parameters': {'counts': {'nif': 10, 'zor': 40}, 'reduced_counts': {'nif': 1, 'zor': 4}}}","{'nif': 0.2, 'zor': 0.8}","{'nif': 0.1480471980316895, 'zor': 0.8519528019683106}","{'tv': 0.05195280196831052, 'mae_binary': 0.05195280196831051, 'rmse_binary': 0.05195280196831051, 'brier_regret': 0.00539818726471698, 'kl': 0.009821726899899352}",zor,zor,True,183.8101988658309,mean,mean,10,"{'std_nif': 0.0, 'std_zor': 0.0}",,{},"{'repeat_aggregation': 'mean', 'n_repeats': 10}"
semif_qwen35_4b,Qwen/Qwen3.5-4B@851bf6e806efd8d0a36b00ddf55e13ccb7b8cd0a,frequency__seed_000042__repr_ratio,frequency__seed_000042,frequency,2,ratio,"(0.70,0.90]","{'parameters': {'counts': {'nif': 10, 'zor': 40}, 'reduced_counts': {'nif': 1, 'zor': 4}}}","{'nif': 0.2, 'zor': 0.8}","{'nif': 0.11920292202211755, 'zor': 0.8807970779778824}","{'tv': 0.08079707797788242, 'mae_binary': 0.08079707797788246, 'rmse_binary': 0.08079707797788246, 'brier_regret': 0.013056335619528025, 'kl': 0.026525587504784676}",zor,zor,True,165.45276194810867,mean,mean,10,"{'std_nif': 0.0, 'std_zor': 0.0}",,{},"{'repeat_aggregation': 'mean', 'n_repeats': 10}"
semif_qwen35_4b,Qwen/Qwen3.5-4B@851bf6e806efd8d0a36b00ddf55e13ccb7b8cd0a,frequency__seed_000042__repr_scaled_counts,frequency__seed_000042,frequency,2,scaled_counts,"(0.70,0.90]","{'parameters': {'counts': {'nif': 10, 'zor': 40}, 'reduced_counts': {'nif': 1, 'zor': 4}}}","{'nif': 0.2, 'zor': 0.8}","{'nif': 0.4073334000459302, 'zor': 0.5926665999540697}","{'tv': 0.2073334000459303, 'mae_binary': 0.2073334000459302, 'rmse_binary': 0.2073334000459302, 'brier_regret': 0.08597427754921153, 'kl': 0.09772084060165229}",zor,zor,True,171.59442519769073,mean,mean,10,"{'std_nif': 0.0, 'std_zor': 0.0}",,{},"{'repeat_aggregation': 'mean', 'n_repeats': 10}"
semif_qwen35_4b,Qwen/Qwen3.5-4B@851bf6e806efd8d0a36b00ddf55e13ccb7b8cd0a,frequency__seed_000042__repr_table,frequency__seed_000042,frequency,2,table,"(0.70,0.90]","{'parameters': {'counts': {'nif': 10, 'zor': 40}, 'reduced_counts': {'nif': 1, 'zor': 4}}}","{'nif': 0.2, 'zor': 0.8}","{'nif': 0.1645164628965632, 'zor': 0.8354835371034369}","{'tv': 0.03548353710343685, 'mae_binary': 0.035483537103436824, 'rmse_binary': 0.035483537103436824, 'brier_regret': 0.0025181628107419597, 'kl': 0.0043422118474711335}",zor,zor,True,180.16670192591846,mean,mean,10,"{'std_nif': 0.0, 'std_zor': 0.0}",,{},"{'repeat_aggregation': 'mean', 'n_repeats': 10}"
semif_qwen35_4b,Qwen/Qwen3.5-4B@851bf6e806efd8d0a36b00ddf55e13ccb7b8cd0a,frequency__seed_000046__repr_counts,frequency__seed_000046,frequency,2,counts,"(0.55,0.70]","{'parameters': {'counts': {'nif': 7, 'zor': 13}, 'reduced_counts': {'nif': 7, 'zor': 13}}}","{'nif': 0.35, 'zor': 0.65}","{'nif': 0.32082130082460697, 'zor': 0.679178699175393}","{'tv': 0.02917869917539298, 'mae_binary': 0.029178699175393008, 'rmse_binary': 0.029178699175393008, 'brier_regret': 0.0017027929711361579, 'kl': 0.0019243670802676117}",zor,zor,True,168.34714408032596,mean,mean,10,"{'std_nif': 0.0, 'std_zor': 0.0}",,{},"{'repeat_aggregation': 'mean', 'n_repeats': 10}"
semif_qwen35_4b,Qwen/Qwen3.5-4B@851bf6e806efd8d0a36b00ddf55e13ccb7b8cd0a,frequency__seed_000046__repr_distractor,frequency__seed_000046,frequency,2,distractor,"(0.55,0.70]","{'parameters': {'counts': {'nif': 7, 'zor': 13}, 'reduced_counts': {'nif': 7, 'zor': 13}}}","{'nif': 0.35, 'zor': 0.65}","{'nif': 0.32082130082460697, 'zor': 0.679178699175393}","{'tv': 0.02917869917539298, 'mae_binary': 0.029178699175393008, 'rmse_binary': 0.029178699175393008, 'brier_regret': 0.0017027929711361579, 'kl': 0.0019243670802676117}",zor,zor,True,189.89727972075343,mean,mean,10,"{'std_nif': 0.0, 'std_zor': 0.0}",,{},"{'repeat_aggregation': 'mean', 'n_repeats': 10}"
semif_qwen35_4b,Qwen/Qwen3.5-4B@851bf6e806efd8d0a36b00ddf55e13ccb7b8cd0a,frequency__seed_000046__repr_prose,frequency__seed_000046,frequency,2,prose,"(0.55,0.70]","{'parameters': {'counts': {'nif': 7, 'zor': 13}, 'reduced_counts': {'nif': 7, 'zor': 13}}}","{'nif': 0.35, 'zor': 0.65}","{'nif': 0.20181322226037884, 'zor': 0.7981867777396212}","{'tv': 0.14818677773962116, 'mae_binary': 0.14818677773962113, 'rmse_binary': 0.14818677773962113, 'brier_regret': 0.04391864219370377, 'kl': 0.05921601256701539}",zor,zor,True,183.86689345352352,mean,mean,10,"{'std_nif': 0.0, 'std_zor': 0.0}",,{},"{'repeat_aggregation': 'mean', 'n_repeats': 10}"
semif_qwen35_4b,Qwen/Qwen3.5-4B@851bf6e806efd8d0a36b00ddf55e13ccb7b8cd0a,frequency__seed_000046__repr_ratio,frequency__seed_000046,frequency,2,ratio,"(0.55,0.70]","{'parameters': {'counts': {'nif': 7, 'zor': 13}, 'reduced_counts': {'nif': 7, 'zor': 13}}}","{'nif': 0.35, 'zor': 0.65}","{'nif': 0.07585818002124356, 'zor': 0.9241418199787566}","{'tv': 0.2741418199787565, 'mae_binary': 0.2741418199787564, 'rmse_binary': 0.2741418199787564, 'brier_regret': 0.15030747492252983, 'kl': 0.306443095257917}",zor,zor,True,168.94287043251097,mean,mean,10,"{'std_nif': 0.0, 'std_zor': 0.0}",,{},"{'repeat_aggregation': 'mean', 'n_repeats': 10}"
semif_qwen35_4b,Qwen/Qwen3.5-4B@851bf6e806efd8d0a36b00ddf55e13ccb7b8cd0a,frequency__seed_000046__repr_scaled_counts,frequency__seed_000046,frequency,2,scaled_counts,"(0.55,0.70]","{'parameters': {'counts': {'nif': 7, 'zor': 13}, 'reduced_counts': {'nif': 7, 'zor': 13}}}","{'nif': 0.35, 'zor': 0.65}","{'nif': 0.37754066879814546, 'zor': 0.6224593312018546}","{'tv': 0.027540668798145457, 'mae_binary': 0.027540668798145485, 'rmse_binary': 0.027540668798145485, 'brier_regret': 0.0015169768756982853, 'kl': 0.0016303451454741345}",zor,zor,True,168.89407350681722,mean,mean,10,"{'std_nif': 0.0, 'std_zor': 0.0}",,{},"{'repeat_aggregation': 'mean', 'n_repeats': 10}"
semif_qwen35_4b,Qwen/Qwen3.5-4B@851bf6e806efd8d0a36b00ddf55e13ccb7b8cd0a,frequency__seed_000046__repr_table,frequency__seed_000046,frequency,2,table,"(0.55,0.70]","{'parameters': {'counts': {'nif': 7, 'zor': 13}, 'reduced_counts': {'nif': 7, 'zor': 13}}}","{'nif': 0.35, 'zor': 0.65}","{'nif': 0.18242552380635632, 'zor': 0.8175744761936435}","{'tv': 0.16757447619364357, 'mae_binary': 0.16757447619364366, 'rmse_binary': 0.16757447619364366, 'brier_regret': 0.056162410143148045, 'kl': 0.07896663894812006}",zor,zor,True,180.97054734826088,mean,mean,10,"{'std_nif': 0.0, 'std_zor': 0.0}",,{},"{'repeat_aggregation': 'mean', 'n_repeats': 10}"
semif_qwen35_4b,Qwen/Qwen3.5-4B@851bf6e806efd8d0a36b00ddf55e13ccb7b8cd0a,frequency__seed_000050__repr_counts,frequency__seed_000050,frequency,2,counts,"(0.10,0.30]","{'parameters': {'counts': {'nif': 71, 'zor': 29}, 'reduced_counts': {'nif': 71, 'zor': 29}}}","{'nif': 0.71, 'zor': 0.29}","{'nif': 0.4073334000459302, 'zor': 0.5926665999540697}","{'tv': 0.30266659995406975, 'mae_binary': 0.30266659995406975, 'rmse_binary': 0.30266659995406975, 'brier_regret': 0.18321414145551373, 'kl': 0.1872215815471601}",zor,nif,False,170.28907327912748,mean,mean,10,"{'std_nif': 0.0, 'std_zor': 0.0}",,{},"{'repeat_aggregation': 'mean', 'n_repeats': 10}"
semif_qwen35_4b,Qwen/Qwen3.5-4B@851bf6e806efd8d0a36b00ddf55e13ccb7b8cd0a,frequency__seed_000050__repr_distractor,frequency__seed_000050,frequency,2,distractor,"(0.10,0.30]","{'parameters': {'counts': {'nif': 71, 'zor': 29}, 'reduced_counts': {'nif': 71, 'zor': 29}}}","{'nif': 0.71, 'zor': 0.29}","{'nif': 0.29421497216298875, 'zor': 0.7057850278370112}","{'tv': 0.4157850278370112, 'mae_binary': 0.4157850278370112, 'rmse_binary': 0.4157850278370112, 'brier_regret': 0.34575437874684845, 'kl': 0.3675428984123758}",zor,nif,False,190.87772825732827,mean,mean,10,"{'std_nif': 0.0, 'std_zor': 0.0}",,{},"{'repeat_aggregation': 'mean', 'n_repeats': 10}"
semif_qwen35_4b,Qwen/Qwen3.5-4B@851bf6e806efd8d0a36b00ddf55e13ccb7b8cd0a,frequency__seed_000050__repr_prose,frequency__seed_000050,frequency,2,prose,"(0.10,0.30]","{'parameters': {'counts': {'nif': 71, 'zor': 29}, 'reduced_counts': {'nif': 71, 'zor': 29}}}","{'nif': 0.71, 'zor': 0.29}","{'nif': 0.20181322226037884, 'zor': 0.7981867777396212}","{'tv': 0.5081867777396212, 'mae_binary': 0.5081867777396212, 'rmse_binary': 0.5081867777396212, 'brier_regret': 0.5165076021387582, 'kl': 0.5995109690089677}",zor,nif,False,184.20829107053578,mean,mean,10,"{'std_nif': 0.0, 'std_zor': 0.0}",,{},"{'repeat_aggregation': 'mean', 'n_repeats': 10}"
semif_qwen35_4b,Qwen/Qwen3.5-4B@851bf6e806efd8d0a36b00ddf55e13ccb7b8cd0a,frequency__seed_000050__repr_ratio,frequency__seed_000050,frequency,2,ratio,"(0.10,0.30]","{'parameters': {'counts': {'nif': 71, 'zor': 29}, 'reduced_counts': {'nif': 71, 'zor': 29}}}","{'nif': 0.71, 'zor': 0.29}","{'nif': 0.20181322226037884, 'zor': 0.7981867777396212}","{'tv': 0.5081867777396212, 'mae_binary': 0.5081867777396212, 'rmse_binary': 0.5081867777396212, 'brier_regret': 0.5165076021387582, 'kl': 0.5995109690089677}",zor,nif,False,165.630888286978,mean,mean,10,"{'std_nif': 0.0, 'std_zor': 0.0}",,{},"{'repeat_aggregation': 'mean', 'n_repeats': 10}"
semif_qwen35_4b,Qwen/Qwen3.5-4B@851bf6e806efd8d0a36b00ddf55e13ccb7b8cd0a,frequency__seed_000050__repr_scaled_counts,frequency__seed_000050,frequency,2,scaled_counts,"(0.10,0.30]","{'parameters': {'counts': {'nif': 71, 'zor': 29}, 'reduced_counts': {'nif': 71, 'zor': 29}}}","{'nif': 0.71, 'zor': 0.29}","{'nif': 0.4073334000459302, 'zor': 0.5926665999540697}","{'tv': 0.30266659995406975, 'mae_binary': 0.30266659995406975, 'rmse_binary': 0.30266659995406975, 'brier_regret': 0.18321414145551373, 'kl': 0.1872215815471601}",zor,nif,False,171.02685468271375,mean,mean,10,"{'std_nif': 0.0, 'std_zor': 0.0}",,{},"{'repeat_aggregation': 'mean', 'n_repeats': 10}"
semif_qwen35_4b,Qwen/Qwen3.5-4B@851bf6e806efd8d0a36b00ddf55e13ccb7b8cd0a,frequency__seed_000050__repr_table,frequency__seed_000050,frequency,2,table,"(0.10,0.30]","{'parameters': {'counts': {'nif': 71, 'zor': 29}, 'reduced_counts': {'nif': 71, 'zor': 29}}}","{'nif': 0.71, 'zor': 0.29}","{'nif': 0.37754066879814546, 'zor': 0.6224593312018546}","{'tv': 0.33245933120185456, 'mae_binary': 0.3324593312018545, 'rmse_binary': 0.3324593312018545, 'brier_regret': 0.22105841380636887, 'kl': 0.22692530158742663}",zor,nif,False,183.53646169416606,mean,mean,10,"{'std_nif': 0.0, 'std_zor': 0.0}",,{},"{'repeat_aggregation': 'mean', 'n_repeats': 10}"
semif_qwen35_4b,Qwen/Qwen3.5-4B@851bf6e806efd8d0a36b00ddf55e13ccb7b8cd0a,frequency__seed_000054__repr_counts,frequency__seed_000054,frequency,2,counts,"(0.10,0.30]","{'parameters': {'counts': {'nif': 16, 'zor': 4}, 'reduced_counts': {'nif': 4, 'zor': 1}}}","{'nif': 0.8, 'zor': 0.2}","{'nif': 0.37754066879814546, 'zor': 0.6224593312018546}","{'tv': 0.4224593312018546, 'mae_binary': 0.4224593312018546, 'rmse_binary': 0.4224593312018546, 'brier_regret': 0.3569437730390365, 'kl': 0.37367456064191873}",zor,nif,False,169.58770123310387,mean,mean,10,"{'std_nif': 0.0, 'std_zor': 0.0}",,{},"{'repeat_aggregation': 'mean', 'n_repeats': 10}"
semif_qwen35_4b,Qwen/Qwen3.5-4B@851bf6e806efd8d0a36b00ddf55e13ccb7b8cd0a,frequency__seed_000054__repr_distractor,frequency__seed_000054,frequency,2,distractor,"(0.10,0.30]","{'parameters': {'counts': {'nif': 16, 'zor': 4}, 'reduced_counts': {'nif': 4, 'zor': 1}}}","{'nif': 0.8, 'zor': 0.2}","{'nif': 0.29421497216298875, 'zor': 0.7057850278370112}","{'tv': 0.5057850278370113, 'mae_binary': 0.5057850278370113, 'rmse_binary': 0.5057850278370113, 'brier_regret': 0.5116369887681725, 'kl': 0.5480421574668679}",zor,nif,False,192.015261342749,mean,mean,10,"{'std_nif': 0.0, 'std_zor': 0.0}",,{},"{'repeat_aggregation': 'mean', 'n_repeats': 10}"
semif_qwen35_4b,Qwen/Qwen3.5-4B@851bf6e806efd8d0a36b00ddf55e13ccb7b8cd0a,frequency__seed_000054__repr_prose,frequency__seed_000054,frequency,2,prose,"(0.10,0.30]","{'parameters': {'counts': {'nif': 16, 'zor': 4}, 'reduced_counts': {'nif': 4, 'zor': 1}}}","{'nif': 0.8, 'zor': 0.2}","{'nif': 0.34864513533394575, 'zor': 0.6513548646660542}","{'tv': 0.45135486466605423, 'mae_binary': 0.4513548646660543, 'rmse_binary': 0.4513548646660543, 'brier_regret': 0.40744242771542427, 'kl': 0.42829825473833094}",zor,nif,False,183.60845251008868,mean,mean,10,"{'std_nif': 0.0, 'std_zor': 0.0}",,{},"{'repeat_aggregation': 'mean', 'n_repeats': 10}"
semif_qwen35_4b,Qwen/Qwen3.5-4B@851bf6e806efd8d0a36b00ddf55e13ccb7b8cd0a,frequency__seed_000054__repr_ratio,frequency__seed_000054,frequency,2,ratio,"(0.10,0.30]","{'parameters': {'counts': {'nif': 16, 'zor': 4}, 'reduced_counts': {'nif': 4, 'zor': 1}}}","{'nif': 0.8, 'zor': 0.2}","{'nif': 0.24508501313237172, 'zor': 0.7549149868676283}","{'tv': 0.5549149868676282, 'mae_binary': 0.5549149868676283, 'rmse_binary': 0.5549149868676283, 'brier_regret': 0.6158612853006, 'kl': 0.6807477127101269}",zor,nif,False,164.4730654079467,mean,mean,10,"{'std_nif': 0.0, 'std_zor': 0.0}",,{},"{'repeat_aggregation': 'mean', 'n_repeats': 10}"
semif_qwen35_4b,Qwen/Qwen3.5-4B@851bf6e806efd8d0a36b00ddf55e13ccb7b8cd0a,frequency__seed_000054__repr_scaled_counts,frequency__seed_000054,frequency,2,scaled_counts,"(0.10,0.30]","{'parameters': {'counts': {'nif': 16, 'zor': 4}, 'reduced_counts': {'nif': 4, 'zor': 1}}}","{'nif': 0.8, 'zor': 0.2}","{'nif': 0.4073334000459302, 'zor': 0.5926665999540697}","{'tv': 0.3926665999540697, 'mae_binary': 0.39266659995406983, 'rmse_binary': 0.39266659995406983, 'brier_regret': 0.3083741174389789, 'kl': 0.3227208406016523}",zor,nif,False,171.85593862086535,mean,mean,10,"{'std_nif': 0.0, 'std_zor': 0.0}",,{},"{'repeat_aggregation': 'mean', 'n_repeats': 10}"
semif_qwen35_4b,Qwen/Qwen3.5-4B@851bf6e806efd8d0a36b00ddf55e13ccb7b8cd0a,frequency__seed_000054__repr_table,frequency__seed_000054,frequency,2,table,"(0.10,0.30]","{'parameters': {'counts': {'nif': 16, 'zor': 4}, 'reduced_counts': {'nif': 4, 'zor': 1}}}","{'nif': 0.8, 'zor': 0.2}","{'nif': 0.46879062662624377, 'zor': 0.5312093733737563}","{'tv': 0.3312093733737563, 'mae_binary': 0.3312093733737563, 'rmse_binary': 0.3312093733737563, 'brier_regret': 0.2193992980212726, 'kl': 0.23219661177898115}",zor,nif,False,179.9538373015821,mean,mean,10,"{'std_nif': 0.0, 'std_zor': 0.0}",,{},"{'repeat_aggregation': 'mean', 'n_repeats': 10}"
semif_qwen35_4b,Qwen/Qwen3.5-4B@851bf6e806efd8d0a36b00ddf55e13ccb7b8cd0a,frequency__seed_000058__repr_counts,frequency__seed_000058,frequency,2,counts,"(0.10,0.30]","{'parameters': {'counts': {'nif': 44, 'zor': 6}, 'reduced_counts': {'nif': 22, 'zor': 3}}}","{'nif': 0.88, 'zor': 0.12}","{'nif': 0.43782349911420193, 'zor': 0.5621765008857981}","{'tv': 0.4421765008857981, 'mae_binary': 0.4421765008857981, 'rmse_binary': 0.4421765008857981, 'brier_regret': 0.39104011587121634, 'kl': 0.429014428606134}",zor,nif,False,170.30792478471994,mean,mean,10,"{'std_nif': 0.0, 'std_zor': 0.0}",,{},"{'repeat_aggregation': 'mean', 'n_repeats': 10}"
semif_qwen35_4b,Qwen/Qwen3.5-4B@851bf6e806efd8d0a36b00ddf55e13ccb7b8cd0a,frequency__seed_000058__repr_distractor,frequency__seed_000058,frequency,2,distractor,"(0.10,0.30]","{'parameters': {'counts': {'nif': 44, 'zor': 6}, 'reduced_counts': {'nif': 22, 'zor': 3}}}","{'nif': 0.88, 'zor': 0.12}","{'nif': 0.2689414213699951, 'zor': 0.7310585786300049}","{'tv': 0.6110585786300049, 'mae_binary': 0.6110585786300049, 'rmse_binary': 0.6110585786300049, 'brier_regret': 0.7467851730346438, 'kl': 0.8263366962455132}",zor,nif,False,191.79250160232186,mean,mean,10,"{'std_nif': 0.0, 'std_zor': 0.0}",,{},"{'repeat_aggregation': 'mean', 'n_repeats': 10}"
semif_qwen35_4b,Qwen/Qwen3.5-4B@851bf6e806efd8d0a36b00ddf55e13ccb7b8cd0a,frequency__seed_000058__repr_prose,frequency__seed_000058,frequency,2,prose,"(0.10,0.30]","{'parameters': {'counts': {'nif': 44, 'zor': 6}, 'reduced_counts': {'nif': 22, 'zor': 3}}}","{'nif': 0.88, 'zor': 0.12}","{'nif': 0.32082130082460697, 'zor': 0.679178699175393}","{'tv': 0.5591786991753931, 'mae_binary': 0.5591786991753931, 'rmse_binary': 0.5591786991753931, 'brier_regret': 0.6253616352229694, 'kl': 0.6799460148421906}",zor,nif,False,184.22041097655892,mean,mean,10,"{'std_nif': 0.0, 'std_zor': 0.0}",,{},"{'repeat_aggregation': 'mean', 'n_repeats': 10}"
semif_qwen35_4b,Qwen/Qwen3.5-4B@851bf6e806efd8d0a36b00ddf55e13ccb7b8cd0a,frequency__seed_000058__repr_ratio,frequency__seed_000058,frequency,2,ratio,"(0.10,0.30]","{'parameters': {'counts': {'nif': 44, 'zor': 6}, 'reduced_counts': {'nif': 22, 'zor': 3}}}","{'nif': 0.88, 'zor': 0.12}","{'nif': 0.22270013882530884, 'zor': 0.7772998611746911}","{'tv': 0.6572998611746912, 'mae_binary': 0.6572998611746912, 'rmse_binary': 0.6572998611746912, 'brier_regret': 0.8640862150005364, 'kl': 0.9850040900726633}",zor,nif,False,167.50995232723653,mean,mean,10,"{'std_nif': 0.0, 'std_zor': 0.0}",,{},"{'repeat_aggregation': 'mean', 'n_repeats': 10}"
semif_qwen35_4b,Qwen/Qwen3.5-4B@851bf6e806efd8d0a36b00ddf55e13ccb7b8cd0a,frequency__seed_000058__repr_scaled_counts,frequency__seed_000058,frequency,2,scaled_counts,"(0.10,0.30]","{'parameters': {'counts': {'nif': 44, 'zor': 6}, 'reduced_counts': {'nif': 22, 'zor': 3}}}","{'nif': 0.88, 'zor': 0.12}","{'nif': 0.43782349911420193, 'zor': 0.5621765008857981}","{'tv': 0.4421765008857981, 'mae_binary': 0.4421765008857981, 'rmse_binary': 0.4421765008857981, 'brier_regret': 0.39104011587121634, 'kl': 0.429014428606134}",zor,nif,False,169.46886968798935,mean,mean,10,"{'std_nif': 0.0, 'std_zor': 0.0}",,{},"{'repeat_aggregation': 'mean', 'n_repeats': 10}"
semif_qwen35_4b,Qwen/Qwen3.5-4B@851bf6e806efd8d0a36b00ddf55e13ccb7b8cd0a,frequency__seed_000058__repr_table,frequency__seed_000058,frequency,2,table,"(0.10,0.30]","{'parameters': {'counts': {'nif': 44, 'zor': 6}, 'reduced_counts': {'nif': 22, 'zor': 3}}}","{'nif': 0.88, 'zor': 0.12}","{'nif': 0.5, 'zor': 0.5}","{'tv': 0.38, 'mae_binary': 0.38, 'rmse_binary': 0.38, 'brier_regret': 0.2888, 'kl': 0.3262221892872357}",zor,nif,False,181.12237607128918,mean,mean,10,"{'std_nif': 0.0, 'std_zor': 0.0}",,{},"{'repeat_aggregation': 'mean', 'n_repeats': 10}"
semif_qwen35_4b,Qwen/Qwen3.5-4B@851bf6e806efd8d0a36b00ddf55e13ccb7b8cd0a,sequential_bayes__seed_000042__repr_direct,sequential_bayes__seed_000042,sequential_bayes,6,direct,"(0.70,0.90]","{'parameters': {'conditional_independence': 'Evidence items are conditionally independent given H or not_H.', 'evidence_sequence': [{'E_given_H': 0.445825, 'E_given_not_H': 0.083719}, {'E_given_H': 0.524281, 'E_given_not_H': 0.252322}, {'E_given_H': 0.578817, 'E_given_not_H': 0.410508}, {'E_given_H': 0.730384, 'E_given_not_H': 0.499973}, {'E_given_H': 0.989777, 'E_given_not_H': 0.565735}], 'observed_prefix_length': 5, 'posterior_trajectory': [0.07458, 0.3002905296462592, 0.4713830541128846, 0.5570006071483515, 0.6474876942325162, 0.7626689672812239], 'prior_H': 0.07458}, 'posterior_trajectory': [0.07458, 0.3002905296462592, 0.4713830541128846, 0.5570006071483515, 0.6474876942325162, 0.7626689672812239]}","{'H': 0.7626689672812239, 'not_H': 0.2373310327187761}","{'H': 0.932453308860371, 'not_H': 0.0675466911396291}","{'tv': 0.16978434157914707, 'mae_binary': 0.16978434157914712, 'rmse_binary': 0.16978434157914712, 'brier_regret': 0.057653445290928966, 'kl': 0.1449462730125937}",H,H,True,315.19181774929166,mean,mean,10,"{'std_H': 0.0, 'std_not_H': 0.0}",,{},"{'repeat_aggregation': 'mean', 'n_repeats': 10}"
semif_qwen35_4b,Qwen/Qwen3.5-4B@851bf6e806efd8d0a36b00ddf55e13ccb7b8cd0a,sequential_bayes__seed_000042__repr_prose,sequential_bayes__seed_000042,sequential_bayes,6,prose,"(0.70,0.90]","{'parameters': {'conditional_independence': 'Evidence items are conditionally independent given H or not_H.', 'evidence_sequence': [{'E_given_H': 0.445825, 'E_given_not_H': 0.083719}, {'E_given_H': 0.524281, 'E_given_not_H': 0.252322}, {'E_given_H': 0.578817, 'E_given_not_H': 0.410508}, {'E_given_H': 0.730384, 'E_given_not_H': 0.499973}, {'E_given_H': 0.989777, 'E_given_not_H': 0.565735}], 'observed_prefix_length': 5, 'posterior_trajectory': [0.07458, 0.3002905296462592, 0.4713830541128846, 0.5570006071483515, 0.6474876942325162, 0.7626689672812239], 'prior_H': 0.07458}, 'posterior_trajectory': [0.07458, 0.3002905296462592, 0.4713830541128846, 0.5570006071483515, 0.6474876942325162, 0.7626689672812239]}","{'H': 0.7626689672812239, 'not_H': 0.2373310327187761}","{'H': 0.9796676466573413, 'not_H': 0.020332353342658753}","{'tv': 0.21699867937611736, 'mae_binary': 0.2169986793761174, 'rmse_binary': 0.2169986793761174, 'brier_regret': 0.09417685370195797, 'kl': 0.39221576516718737}",H,H,True,333.8896074797958,mean,mean,10,"{'std_H': 0.0, 'std_not_H': 0.0}",,{},"{'repeat_aggregation': 'mean', 'n_repeats': 10}"
semif_qwen35_4b,Qwen/Qwen3.5-4B@851bf6e806efd8d0a36b00ddf55e13ccb7b8cd0a,sequential_bayes__seed_000042__repr_table,sequential_bayes__seed_000042,sequential_bayes,6,table,"(0.70,0.90]","{'parameters': {'conditional_independence': 'Evidence items are conditionally independent given H or not_H.', 'evidence_sequence': [{'E_given_H': 0.445825, 'E_given_not_H': 0.083719}, {'E_given_H': 0.524281, 'E_given_not_H': 0.252322}, {'E_given_H': 0.578817, 'E_given_not_H': 0.410508}, {'E_given_H': 0.730384, 'E_given_not_H': 0.499973}, {'E_given_H': 0.989777, 'E_given_not_H': 0.565735}], 'observed_prefix_length': 5, 'posterior_trajectory': [0.07458, 0.3002905296462592, 0.4713830541128846, 0.5570006071483515, 0.6474876942325162, 0.7626689672812239], 'prior_H': 0.07458}, 'posterior_trajectory': [0.07458, 0.3002905296462592, 0.4713830541128846, 0.5570006071483515, 0.6474876942325162, 0.7626689672812239]}","{'H': 0.7626689672812239, 'not_H': 0.2373310327187761}","{'H': 0.8807970779778824, 'not_H': 0.11920292202211755}","{'tv': 0.11812811069665853, 'mae_binary': 0.11812811069665852, 'rmse_binary': 0.11812811069665852, 'brier_regret': 0.027908501073524022, 'kl': 0.053606188961357853}",H,H,True,416.1676461342722,mean,mean,10,"{'std_H': 0.0, 'std_not_H': 0.0}",,{},"{'repeat_aggregation': 'mean', 'n_repeats': 10}"
semif_qwen35_4b,Qwen/Qwen3.5-4B@851bf6e806efd8d0a36b00ddf55e13ccb7b8cd0a,sequential_bayes__seed_000043__repr_direct,sequential_bayes__seed_000043,sequential_bayes,6,direct,"[0.01,0.10]","{'parameters': {'conditional_independence': 'Evidence items are conditionally independent given H or not_H.', 'evidence_sequence': [{'E_given_H': 0.476461, 'E_given_not_H': 0.180556}, {'E_given_H': 0.672021, 'E_given_not_H': 0.311353}, {'E_given_H': 0.713418, 'E_given_not_H': 0.48903}, {'E_given_H': 0.936492, 'E_given_not_H': 0.572474}, {'E_given_H': 0.01825, 'E_given_not_H': 0.740022}], 'observed_prefix_length': 5, 'posterior_trajectory': [0.200973, 0.3989410696285355, 0.5889152773068229, 0.6763672181802326, 0.7736960916675097, 0.077757405790055], 'prior_H': 0.200973}, 'posterior_trajectory': [0.200973, 0.3989410696285355, 0.5889152773068229, 0.6763672181802326, 0.7736960916675097, 0.077757405790055]}","{'H': 0.077757405790055, 'not_H': 0.922242594209945}","{'H': 0.7057850278370112, 'not_H': 0.29421497216298875}","{'tv': 0.6280276220469563, 'mae_binary': 0.6280276220469563, 'rmse_binary': 0.6280276220469563, 'brier_regret': 0.7888373881079092, 'kl': 0.8821491341273706}",H,not_H,False,301.1325435247272,mean,mean,10,"{'std_H': 0.0, 'std_not_H': 0.0}",,{},"{'repeat_aggregation': 'mean', 'n_repeats': 10}"
semif_qwen35_4b,Qwen/Qwen3.5-4B@851bf6e806efd8d0a36b00ddf55e13ccb7b8cd0a,sequential_bayes__seed_000043__repr_prose,sequential_bayes__seed_000043,sequential_bayes,6,prose,"[0.01,0.10]","{'parameters': {'conditional_independence': 'Evidence items are conditionally independent given H or not_H.', 'evidence_sequence': [{'E_given_H': 0.476461, 'E_given_not_H': 0.180556}, {'E_given_H': 0.672021, 'E_given_not_H': 0.311353}, {'E_given_H': 0.713418, 'E_given_not_H': 0.48903}, {'E_given_H': 0.936492, 'E_given_not_H': 0.572474}, {'E_given_H': 0.01825, 'E_given_not_H': 0.740022}], 'observed_prefix_length': 5, 'posterior_trajectory': [0.200973, 0.3989410696285355, 0.5889152773068229, 0.6763672181802326, 0.7736960916675097, 0.077757405790055], 'prior_H': 0.200973}, 'posterior_trajectory': [0.200973, 0.3989410696285355, 0.5889152773068229, 0.6763672181802326, 0.7736960916675097, 0.077757405790055]}","{'H': 0.077757405790055, 'not_H': 0.922242594209945}","{'H': 0.9046505351008906, 'not_H': 0.0953494648991095}","{'tv': 0.8268931293108355, 'mae_binary': 0.8268931293108356, 'rmse_binary': 0.8268931293108356, 'brier_regret': 1.3675044946029322, 'kl': 1.9019946790777364}",H,not_H,False,329.3223159853369,mean,mean,10,"{'std_H': 0.0, 'std_not_H': 0.0}",,{},"{'repeat_aggregation': 'mean', 'n_repeats': 10}"
semif_qwen35_4b,Qwen/Qwen3.5-4B@851bf6e806efd8d0a36b00ddf55e13ccb7b8cd0a,sequential_bayes__seed_000043__repr_table,sequential_bayes__seed_000043,sequential_bayes,6,table,"[0.01,0.10]","{'parameters': {'conditional_independence': 'Evidence items are conditionally independent given H or not_H.', 'evidence_sequence': [{'E_given_H': 0.476461, 'E_given_not_H': 0.180556}, {'E_given_H': 0.672021, 'E_given_not_H': 0.311353}, {'E_given_H': 0.713418, 'E_given_not_H': 0.48903}, {'E_given_H': 0.936492, 'E_given_not_H': 0.572474}, {'E_given_H': 0.01825, 'E_given_not_H': 0.740022}], 'observed_prefix_length': 5, 'posterior_trajectory': [0.200973, 0.3989410696285355, 0.5889152773068229, 0.6763672181802326, 0.7736960916675097, 0.077757405790055], 'prior_H': 0.200973}, 'posterior_trajectory': [0.200973, 0.3989410696285355, 0.5889152773068229, 0.6763672181802326, 0.7736960916675097, 0.077757405790055]}","{'H': 0.077757405790055, 'not_H': 0.922242594209945}","{'H': 0.5926665999540697, 'not_H': 0.4073334000459302}","{'tv': 0.5149091941640147, 'mae_binary': 0.5149091941640147, 'rmse_binary': 0.5149091941640147, 'brier_regret': 0.5302629564692701, 'kl': 0.5957065201571826}",H,not_H,False,411.7139818146825,mean,mean,10,"{'std_H': 0.0, 'std_not_H': 0.0}",,{},"{'repeat_aggregation': 'mean', 'n_repeats': 10}"
semif_qwen35_4b,Qwen/Qwen3.5-4B@851bf6e806efd8d0a36b00ddf55e13ccb7b8cd0a,sequential_bayes__seed_000044__repr_direct,sequential_bayes__seed_000044,sequential_bayes,6,direct,"(0.10,0.30]","{'parameters': {'conditional_independence': 'Evidence items are conditionally independent given H or not_H.', 'evidence_sequence': [{'E_given_H': 0.590045, 'E_given_not_H': 0.386229}, {'E_given_H': 0.856858, 'E_given_not_H': 0.497218}, {'E_given_H': 0.961472, 'E_given_not_H': 0.652775}, {'E_given_H': 0.038642, 'E_given_not_H': 0.745681}], 'observed_prefix_length': 4, 'posterior_trajectory': [0.387226, 0.4911960750040619, 0.6245777218432159, 0.7101797586719204, 0.11267528685894272], 'prior_H': 0.387226}, 'posterior_trajectory': [0.387226, 0.4911960750040619, 0.6245777218432159, 0.7101797586719204, 0.11267528685894272]}","{'H': 0.11267528685894272, 'not_H': 0.8873247131410573}","{'H': 0.7549149868676283, 'not_H': 0.24508501313237172}","{'tv': 0.6422397000086856, 'mae_binary': 0.6422397000086856, 'rmse_binary': 0.6422397000086856, 'brier_regret': 0.8249436645344929, 'kl': 0.9273180663089472}",H,not_H,False,284.6782729960978,mean,mean,10,"{'std_H': 0.0, 'std_not_H': 0.0}",,{},"{'repeat_aggregation': 'mean', 'n_repeats': 10}"
semif_qwen35_4b,Qwen/Qwen3.5-4B@851bf6e806efd8d0a36b00ddf55e13ccb7b8cd0a,sequential_bayes__seed_000044__repr_prose,sequential_bayes__seed_000044,sequential_bayes,6,prose,"(0.10,0.30]","{'parameters': {'conditional_independence': 'Evidence items are conditionally independent given H or not_H.', 'evidence_sequence': [{'E_given_H': 0.590045, 'E_given_not_H': 0.386229}, {'E_given_H': 0.856858, 'E_given_not_H': 0.497218}, {'E_given_H': 0.961472, 'E_given_not_H': 0.652775}, {'E_given_H': 0.038642, 'E_given_not_H': 0.745681}], 'observed_prefix_length': 4, 'posterior_trajectory': [0.387226, 0.4911960750040619, 0.6245777218432159, 0.7101797586719204, 0.11267528685894272], 'prior_H': 0.387226}, 'posterior_trajectory': [0.387226, 0.4911960750040619, 0.6245777218432159, 0.7101797586719204, 0.11267528685894272]}","{'H': 0.11267528685894272, 'not_H': 0.8873247131410573}","{'H': 0.9626731126558706, 'not_H': 0.037326887344129464}","{'tv': 0.8499978257969278, 'mae_binary': 0.849997825796928, 'rmse_binary': 0.849997825796928, 'brier_regret': 1.4449926077190092, 'kl': 2.569774317173162}",H,not_H,False,300.60794544406235,mean,mean,10,"{'std_H': 0.0, 'std_not_H': 0.0}",,{},"{'repeat_aggregation': 'mean', 'n_repeats': 10}"
semif_qwen35_4b,Qwen/Qwen3.5-4B@851bf6e806efd8d0a36b00ddf55e13ccb7b8cd0a,sequential_bayes__seed_000044__repr_table,sequential_bayes__seed_000044,sequential_bayes,6,table,"(0.10,0.30]","{'parameters': {'conditional_independence': 'Evidence items are conditionally independent given H or not_H.', 'evidence_sequence': [{'E_given_H': 0.590045, 'E_given_not_H': 0.386229}, {'E_given_H': 0.856858, 'E_given_not_H': 0.497218}, {'E_given_H': 0.961472, 'E_given_not_H': 0.652775}, {'E_given_H': 0.038642, 'E_given_not_H': 0.745681}], 'observed_prefix_length': 4, 'posterior_trajectory': [0.387226, 0.4911960750040619, 0.6245777218432159, 0.7101797586719204, 0.11267528685894272], 'prior_H': 0.387226}, 'posterior_trajectory': [0.387226, 0.4911960750040619, 0.6245777218432159, 0.7101797586719204, 0.11267528685894272]}","{'H': 0.11267528685894272, 'not_H': 0.8873247131410573}","{'H': 0.6224593312018546, 'not_H': 0.37754066879814546}","{'tv': 0.5097840443429118, 'mae_binary': 0.5097840443429119, 'rmse_binary': 0.5097840443429119, 'brier_regret': 0.5197595437332319, 'kl': 0.5656669685275781}",H,not_H,False,371.4176485314965,mean,mean,10,"{'std_H': 0.0, 'std_not_H': 0.0}",,{},"{'repeat_aggregation': 'mean', 'n_repeats': 10}"
semif_qwen35_4b,Qwen/Qwen3.5-4B@851bf6e806efd8d0a36b00ddf55e13ccb7b8cd0a,sequential_bayes__seed_000045__repr_direct,sequential_bayes__seed_000045,sequential_bayes,6,direct,"(0.30,0.45]","{'parameters': {'conditional_independence': 'Evidence items are conditionally independent given H or not_H.', 'evidence_sequence': [{'E_given_H': 0.822143, 'E_given_not_H': 0.542897}, {'E_given_H': 0.936169, 'E_given_not_H': 0.667027}, {'E_given_H': 0.053243, 'E_given_not_H': 0.834742}, {'E_given_H': 0.152645, 'E_given_not_H': 0.939538}, {'E_given_H': 0.44549, 'E_given_not_H': 0.030503}, {'E_given_H': 0.533199, 'E_given_not_H': 0.293377}], 'observed_prefix_length': 6, 'posterior_trajectory': [0.480479, 0.5834302567775527, 0.6628088173304468, 0.11140990136733081, 0.01996332519820646, 0.22928667888620186, 0.3509406267523842], 'prior_H': 0.480479}, 'posterior_trajectory': [0.480479, 0.5834302567775527, 0.6628088173304468, 0.11140990136733081, 0.01996332519820646, 0.22928667888620186, 0.3509406267523842]}","{'H': 0.3509406267523842, 'not_H': 0.6490593732476158}","{'H': 0.7549149868676283, 'not_H': 0.24508501313237172}","{'tv': 0.403974360115244, 'mae_binary': 0.40397436011524407, 'rmse_binary': 0.40397436011524407, 'brier_regret': 0.32639056726104176, 'kl': 0.3633149510433429}",H,not_H,False,338.7882201001048,mean,mean,10,"{'std_H': 0.0, 'std_not_H': 0.0}",,{},"{'repeat_aggregation': 'mean', 'n_repeats': 10}"
semif_qwen35_4b,Qwen/Qwen3.5-4B@851bf6e806efd8d0a36b00ddf55e13ccb7b8cd0a,sequential_bayes__seed_000045__repr_prose,sequential_bayes__seed_000045,sequential_bayes,6,prose,"(0.30,0.45]","{'parameters': {'conditional_independence': 'Evidence items are conditionally independent given H or not_H.', 'evidence_sequence': [{'E_given_H': 0.822143, 'E_given_not_H': 0.542897}, {'E_given_H': 0.936169, 'E_given_not_H': 0.667027}, {'E_given_H': 0.053243, 'E_given_not_H': 0.834742}, {'E_given_H': 0.152645, 'E_given_not_H': 0.939538}, {'E_given_H': 0.44549, 'E_given_not_H': 0.030503}, {'E_given_H': 0.533199, 'E_given_not_H': 0.293377}], 'observed_prefix_length': 6, 'posterior_trajectory': [0.480479, 0.5834302567775527, 0.6628088173304468, 0.11140990136733081, 0.01996332519820646, 0.22928667888620186, 0.3509406267523842], 'prior_H': 0.480479}, 'posterior_trajectory': [0.480479, 0.5834302567775527, 0.6628088173304468, 0.11140990136733081, 0.01996332519820646, 0.22928667888620186, 0.3509406267523842]}","{'H': 0.3509406267523842, 'not_H': 0.6490593732476158}","{'H': 0.9796676466573413, 'not_H': 0.020332353342658753}","{'tv': 0.628727019904957, 'mae_binary': 0.628727019904957, 'rmse_binary': 0.628727019904957, 'brier_regret': 0.7905953311171365, 'kl': 1.8876199921270684}",H,not_H,False,349.94589388370514,mean,mean,10,"{'std_H': 0.0, 'std_not_H': 0.0}",,{},"{'repeat_aggregation': 'mean', 'n_repeats': 10}"
semif_qwen35_4b,Qwen/Qwen3.5-4B@851bf6e806efd8d0a36b00ddf55e13ccb7b8cd0a,sequential_bayes__seed_000045__repr_table,sequential_bayes__seed_000045,sequential_bayes,6,table,"(0.30,0.45]","{'parameters': {'conditional_independence': 'Evidence items are conditionally independent given H or not_H.', 'evidence_sequence': [{'E_given_H': 0.822143, 'E_given_not_H': 0.542897}, {'E_given_H': 0.936169, 'E_given_not_H': 0.667027}, {'E_given_H': 0.053243, 'E_given_not_H': 0.834742}, {'E_given_H': 0.152645, 'E_given_not_H': 0.939538}, {'E_given_H': 0.44549, 'E_given_not_H': 0.030503}, {'E_given_H': 0.533199, 'E_given_not_H': 0.293377}], 'observed_prefix_length': 6, 'posterior_trajectory': [0.480479, 0.5834302567775527, 0.6628088173304468, 0.11140990136733081, 0.01996332519820646, 0.22928667888620186, 0.3509406267523842], 'prior_H': 0.480479}, 'posterior_trajectory': [0.480479, 0.5834302567775527, 0.6628088173304468, 0.11140990136733081, 0.01996332519820646, 0.22928667888620186, 0.3509406267523842]}","{'H': 0.3509406267523842, 'not_H': 0.6490593732476158}","{'H': 0.6513548646660542, 'not_H': 0.34864513533394575}","{'tv': 0.30041423791367, 'mae_binary': 0.30041423791367, 'rmse_binary': 0.30041423791367, 'brier_regret': 0.18049742868250224, 'kl': 0.186335806447739}",H,not_H,False,446.0924529004842,mean,mean,10,"{'std_H': 0.0, 'std_not_H': 0.0}",,{},"{'repeat_aggregation': 'mean', 'n_repeats': 10}"
semif_qwen35_4b,Qwen/Qwen3.5-4B@851bf6e806efd8d0a36b00ddf55e13ccb7b8cd0a,sequential_bayes__seed_000046__repr_direct,sequential_bayes__seed_000046,sequential_bayes,6,direct,"(0.10,0.30]","{'parameters': {'conditional_independence': 'Evidence items are conditionally independent given H or not_H.', 'evidence_sequence': [{'E_given_H': 0.937407, 'E_given_not_H': 0.652731}, {'E_given_H': 0.011657, 'E_given_not_H': 0.818627}, {'E_given_H': 0.135231, 'E_given_not_H': 0.970667}, {'E_given_H': 0.378969, 'E_given_not_H': 0.026991}, {'E_given_H': 0.512249, 'E_given_not_H': 0.239057}, {'E_given_H': 0.612355, 'E_given_not_H': 0.332607}], 'observed_prefix_length': 6, 'posterior_trajectory': [0.64222, 0.7205044267684261, 0.035408370477487204, 0.00508807008357708, 0.0669942424371729, 0.13334561791105332, 0.2207423923319519], 'prior_H': 0.64222}, 'posterior_trajectory': [0.64222, 0.7205044267684261, 0.035408370477487204, 0.00508807008357708, 0.0669942424371729, 0.13334561791105332, 0.2207423923319519]}","{'H': 0.2207423923319519, 'not_H': 0.7792576076680481}","{'H': 0.5926665999540697, 'not_H': 0.4073334000459302}","{'tv': 0.3719242076221178, 'mae_binary': 0.37192420762211775, 'rmse_binary': 0.37192420762211775, 'brier_regret': 0.27665523243068035, 'kl': 0.28749888918349936}",H,not_H,False,340.38795572705567,mean,mean,10,"{'std_H': 0.0, 'std_not_H': 0.0}",,{},"{'repeat_aggregation': 'mean', 'n_repeats': 10}"
semif_qwen35_4b,Qwen/Qwen3.5-4B@851bf6e806efd8d0a36b00ddf55e13ccb7b8cd0a,sequential_bayes__seed_000046__repr_prose,sequential_bayes__seed_000046,sequential_bayes,6,prose,"(0.10,0.30]","{'parameters': {'conditional_independence': 'Evidence items are conditionally independent given H or not_H.', 'evidence_sequence': [{'E_given_H': 0.937407, 'E_given_not_H': 0.652731}, {'E_given_H': 0.011657, 'E_given_not_H': 0.818627}, {'E_given_H': 0.135231, 'E_given_not_H': 0.970667}, {'E_given_H': 0.378969, 'E_given_not_H': 0.026991}, {'E_given_H': 0.512249, 'E_given_not_H': 0.239057}, {'E_given_H': 0.612355, 'E_given_not_H': 0.332607}], 'observed_prefix_length': 6, 'posterior_trajectory': [0.64222, 0.7205044267684261, 0.035408370477487204, 0.00508807008357708, 0.0669942424371729, 0.13334561791105332, 0.2207423923319519], 'prior_H': 0.64222}, 'posterior_trajectory': [0.64222, 0.7205044267684261, 0.035408370477487204, 0.00508807008357708, 0.0669942424371729, 0.13334561791105332, 0.2207423923319519]}","{'H': 0.2207423923319519, 'not_H': 0.7792576076680481}","{'H': 0.9669140216112957, 'not_H': 0.033085978388704126}","{'tv': 0.7461716292793439, 'mae_binary': 0.7461716292793438, 'rmse_binary': 0.7461716292793438, 'brier_regret': 1.1135442006827811, 'kl': 2.1357941480308424}",H,not_H,False,347.23176187835634,mean,mean,10,"{'std_H': 0.0, 'std_not_H': 0.0}",,{},"{'repeat_aggregation': 'mean', 'n_repeats': 10}"
semif_qwen35_4b,Qwen/Qwen3.5-4B@851bf6e806efd8d0a36b00ddf55e13ccb7b8cd0a,sequential_bayes__seed_000046__repr_table,sequential_bayes__seed_000046,sequential_bayes,6,table,"(0.10,0.30]","{'parameters': {'conditional_independence': 'Evidence items are conditionally independent given H or not_H.', 'evidence_sequence': [{'E_given_H': 0.937407, 'E_given_not_H': 0.652731}, {'E_given_H': 0.011657, 'E_given_not_H': 0.818627}, {'E_given_H': 0.135231, 'E_given_not_H': 0.970667}, {'E_given_H': 0.378969, 'E_given_not_H': 0.026991}, {'E_given_H': 0.512249, 'E_given_not_H': 0.239057}, {'E_given_H': 0.612355, 'E_given_not_H': 0.332607}], 'observed_prefix_length': 6, 'posterior_trajectory': [0.64222, 0.7205044267684261, 0.035408370477487204, 0.00508807008357708, 0.0669942424371729, 0.13334561791105332, 0.2207423923319519], 'prior_H': 0.64222}, 'posterior_trajectory': [0.64222, 0.7205044267684261, 0.035408370477487204, 0.00508807008357708, 0.0669942424371729, 0.13334561791105332, 0.2207423923319519]}","{'H': 0.2207423923319519, 'not_H': 0.7792576076680481}","{'H': 0.5621765008857981, 'not_H': 0.43782349911420193}","{'tv': 0.34143410855384615, 'mae_binary': 0.34143410855384615, 'rmse_binary': 0.34143410855384615, 'brier_regret': 0.2331545009679192, 'kl': 0.24290784396399678}",H,not_H,False,451.61156351678073,mean,mean,10,"{'std_H': 0.0, 'std_not_H': 0.0}",,{},"{'repeat_aggregation': 'mean', 'n_repeats': 10}"
semif_qwen35_4b,Qwen/Qwen3.5-4B@851bf6e806efd8d0a36b00ddf55e13ccb7b8cd0a,sequential_bayes__seed_000047__repr_direct,sequential_bayes__seed_000047,sequential_bayes,6,direct,"(0.70,0.90]","{'parameters': {'conditional_independence': 'Evidence items are conditionally independent given H or not_H.', 'evidence_sequence': [{'E_given_H': 0.052817, 'E_given_not_H': 0.710634}, {'E_given_H': 0.26792, 'E_given_not_H': 0.959866}, {'E_given_H': 0.439598, 'E_given_not_H': 0.013463}], 'observed_prefix_length': 3, 'posterior_trajectory': [0.84647, 0.29066723964730085, 0.10263801870994302, 0.7887928911656144], 'prior_H': 0.84647}, 'posterior_trajectory': [0.84647, 0.29066723964730085, 0.10263801870994302, 0.7887928911656144]}","{'H': 0.7887928911656144, 'not_H': 0.21120710883438565}","{'H': 0.7057850278370112, 'not_H': 0.29421497216298875}","{'tv': 0.0830078633286031, 'mae_binary': 0.0830078633286031, 'rmse_binary': 0.0830078633286031, 'brier_regret': 0.013780610748760105, 'kl': 0.017699186822908705}",H,H,True,256.51490772143006,mean,mean,10,"{'std_H': 0.0, 'std_not_H': 0.0}",,{},"{'repeat_aggregation': 'mean', 'n_repeats': 10}"
semif_qwen35_4b,Qwen/Qwen3.5-4B@851bf6e806efd8d0a36b00ddf55e13ccb7b8cd0a,sequential_bayes__seed_000047__repr_prose,sequential_bayes__seed_000047,sequential_bayes,6,prose,"(0.70,0.90]","{'parameters': {'conditional_independence': 'Evidence items are conditionally independent given H or not_H.', 'evidence_sequence': [{'E_given_H': 0.052817, 'E_given_not_H': 0.710634}, {'E_given_H': 0.26792, 'E_given_not_H': 0.959866}, {'E_given_H': 0.439598, 'E_given_not_H': 0.013463}], 'observed_prefix_length': 3, 'posterior_trajectory': [0.84647, 0.29066723964730085, 0.10263801870994302, 0.7887928911656144], 'prior_H': 0.84647}, 'posterior_trajectory': [0.84647, 0.29066723964730085, 0.10263801870994302, 0.7887928911656144]}","{'H': 0.7887928911656144, 'not_H': 0.21120710883438565}","{'H': 0.9820137900379085, 'not_H': 0.017986209962091555}","{'tv': 0.1932208988722941, 'mae_binary': 0.1932208988722941, 'rmse_binary': 0.1932208988722941, 'brier_regret': 0.07466863152203461, 'kl': 0.34742674884311786}",H,H,True,278.7552968133241,mean,mean,10,"{'std_H': 0.0, 'std_not_H': 0.0}",,{},"{'repeat_aggregation': 'mean', 'n_repeats': 10}"
semif_qwen35_4b,Qwen/Qwen3.5-4B@851bf6e806efd8d0a36b00ddf55e13ccb7b8cd0a,sequential_bayes__seed_000047__repr_table,sequential_bayes__seed_000047,sequential_bayes,6,table,"(0.70,0.90]","{'parameters': {'conditional_independence': 'Evidence items are conditionally independent given H or not_H.', 'evidence_sequence': [{'E_given_H': 0.052817, 'E_given_not_H': 0.710634}, {'E_given_H': 0.26792, 'E_given_not_H': 0.959866}, {'E_given_H': 0.439598, 'E_given_not_H': 0.013463}], 'observed_prefix_length': 3, 'posterior_trajectory': [0.84647, 0.29066723964730085, 0.10263801870994302, 0.7887928911656144], 'prior_H': 0.84647}, 'posterior_trajectory': [0.84647, 0.29066723964730085, 0.10263801870994302, 0.7887928911656144]}","{'H': 0.7887928911656144, 'not_H': 0.21120710883438565}","{'H': 0.5312093733737563, 'not_H': 0.46879062662624377}","{'tv': 0.25758351779185806, 'mae_binary': 0.25758351779185806, 'rmse_binary': 0.25758351779185806, 'brier_regret': 0.13269853727605696, 'kl': 0.14344830950923282}",H,H,True,307.4744613841176,mean,mean,10,"{'std_H': 0.0, 'std_not_H': 0.0}",,{},"{'repeat_aggregation': 'mean', 'n_repeats': 10}"
semif_qwen35_4b,Qwen/Qwen3.5-4B@851bf6e806efd8d0a36b00ddf55e13ccb7b8cd0a,sequential_bayes__seed_000048__repr_direct,sequential_bayes__seed_000048,sequential_bayes,6,direct,"(0.90,0.99]","{'parameters': {'conditional_independence': 'Evidence items are conditionally independent given H or not_H.', 'evidence_sequence': [{'E_given_H': 0.275859, 'E_given_not_H': 0.956606}, {'E_given_H': 0.380795, 'E_given_not_H': 0.089245}, {'E_given_H': 0.504762, 'E_given_not_H': 0.222895}], 'observed_prefix_length': 3, 'posterior_trajectory': [0.933733, 0.8025005524944498, 0.9454669778379197, 0.9751627237748509], 'prior_H': 0.933733}, 'posterior_trajectory': [0.933733, 0.8025005524944498, 0.9454669778379197, 0.9751627237748509]}","{'H': 0.9751627237748509, 'not_H': 0.024837276225149085}","{'H': 0.8519528019683106, 'not_H': 0.1480471980316895}","{'tv': 0.12320992180654038, 'mae_binary': 0.12320992180654033, 'rmse_binary': 0.12320992180654033, 'brier_regret': 0.030361369663147588, 'kl': 0.0873792275865537}",H,H,True,255.13789299875498,mean,mean,10,"{'std_H': 0.0, 'std_not_H': 0.0}",,{},"{'repeat_aggregation': 'mean', 'n_repeats': 10}"
semif_qwen35_4b,Qwen/Qwen3.5-4B@851bf6e806efd8d0a36b00ddf55e13ccb7b8cd0a,sequential_bayes__seed_000048__repr_prose,sequential_bayes__seed_000048,sequential_bayes,6,prose,"(0.90,0.99]","{'parameters': {'conditional_independence': 'Evidence items are conditionally independent given H or not_H.', 'evidence_sequence': [{'E_given_H': 0.275859, 'E_given_not_H': 0.956606}, {'E_given_H': 0.380795, 'E_given_not_H': 0.089245}, {'E_given_H': 0.504762, 'E_given_not_H': 0.222895}], 'observed_prefix_length': 3, 'posterior_trajectory': [0.933733, 0.8025005524944498, 0.9454669778379197, 0.9751627237748509], 'prior_H': 0.933733}, 'posterior_trajectory': [0.933733, 0.8025005524944498, 0.9454669778379197, 0.9751627237748509]}","{'H': 0.9751627237748509, 'not_H': 0.024837276225149085}","{'H': 0.9875683491468141, 'not_H': 0.012431650853185818}","{'tv': 0.012405625371963241, 'mae_binary': 0.012405625371963214, 'rmse_binary': 0.012405625371963214, 'brier_regret': 0.0003077990817389962, 'kl': 0.0048624975156562784}",H,H,True,282.85429207608104,mean,mean,10,"{'std_H': 0.0, 'std_not_H': 0.0}",,{},"{'repeat_aggregation': 'mean', 'n_repeats': 10}"
semif_qwen35_4b,Qwen/Qwen3.5-4B@851bf6e806efd8d0a36b00ddf55e13ccb7b8cd0a,sequential_bayes__seed_000048__repr_table,sequential_bayes__seed_000048,sequential_bayes,6,table,"(0.90,0.99]","{'parameters': {'conditional_independence': 'Evidence items are conditionally independent given H or not_H.', 'evidence_sequence': [{'E_given_H': 0.275859, 'E_given_not_H': 0.956606}, {'E_given_H': 0.380795, 'E_given_not_H': 0.089245}, {'E_given_H': 0.504762, 'E_given_not_H': 0.222895}], 'observed_prefix_length': 3, 'posterior_trajectory': [0.933733, 0.8025005524944498, 0.9454669778379197, 0.9751627237748509], 'prior_H': 0.933733}, 'posterior_trajectory': [0.933733, 0.8025005524944498, 0.9454669778379197, 0.9751627237748509]}","{'H': 0.9751627237748509, 'not_H': 0.024837276225149085}","{'H': 0.679178699175393, 'not_H': 0.32082130082460697}","{'tv': 0.29598402459945794, 'mae_binary': 0.29598402459945794, 'rmse_binary': 0.29598402459945794, 'brier_regret': 0.175213085636185, 'kl': 0.2891888070382175}",H,H,True,310.8097733464092,mean,mean,10,"{'std_H': 0.0, 'std_not_H': 0.0}",,{},"{'repeat_aggregation': 'mean', 'n_repeats': 10}"
semif_qwen35_4b,Qwen/Qwen3.5-4B@851bf6e806efd8d0a36b00ddf55e13ccb7b8cd0a,sequential_bayes__seed_000049__repr_direct,sequential_bayes__seed_000049,sequential_bayes,6,direct,"(0.70,0.90]","{'parameters': {'conditional_independence': 'Evidence items are conditionally independent given H or not_H.', 'evidence_sequence': [{'E_given_H': 0.346234, 'E_given_not_H': 0.024629}, {'E_given_H': 0.530049, 'E_given_not_H': 0.251686}, {'E_given_H': 0.619193, 'E_given_not_H': 0.323881}, {'E_given_H': 0.845869, 'E_given_not_H': 0.546818}, {'E_given_H': 0.912848, 'E_given_not_H': 0.658795}], 'observed_prefix_length': 5, 'posterior_trajectory': [0.031994, 0.3172367852341124, 0.49457209137119523, 0.6516564647592755, 0.7431826754290087, 0.8003900273948994], 'prior_H': 0.031994}, 'posterior_trajectory': [0.031994, 0.3172367852341124, 0.49457209137119523, 0.6516564647592755, 0.7431826754290087, 0.8003900273948994]}","{'H': 0.8003900273948994, 'not_H': 0.1996099726051006}","{'H': 0.9399133498259925, 'not_H': 0.06008665017400762}","{'tv': 0.13952332243109306, 'mae_binary': 0.1395233224310931, 'rmse_binary': 0.1395233224310931, 'brier_regret': 0.03893351500442151, 'kl': 0.11103375851855482}",H,H,True,305.3484493866563,mean,mean,10,"{'std_H': 0.0, 'std_not_H': 0.0}",,{},"{'repeat_aggregation': 'mean', 'n_repeats': 10}"
semif_qwen35_4b,Qwen/Qwen3.5-4B@851bf6e806efd8d0a36b00ddf55e13ccb7b8cd0a,sequential_bayes__seed_000049__repr_prose,sequential_bayes__seed_000049,sequential_bayes,6,prose,"(0.70,0.90]","{'parameters': {'conditional_independence': 'Evidence items are conditionally independent given H or not_H.', 'evidence_sequence': [{'E_given_H': 0.346234, 'E_given_not_H': 0.024629}, {'E_given_H': 0.530049, 'E_given_not_H': 0.251686}, {'E_given_H': 0.619193, 'E_given_not_H': 0.323881}, {'E_given_H': 0.845869, 'E_given_not_H': 0.546818}, {'E_given_H': 0.912848, 'E_given_not_H': 0.658795}], 'observed_prefix_length': 5, 'posterior_trajectory': [0.031994, 0.3172367852341124, 0.49457209137119523, 0.6516564647592755, 0.7431826754290087, 0.8003900273948994], 'prior_H': 0.031994}, 'posterior_trajectory': [0.031994, 0.3172367852341124, 0.49457209137119523, 0.6516564647592755, 0.7431826754290087, 0.8003900273948994]}","{'H': 0.8003900273948994, 'not_H': 0.1996099726051006}","{'H': 0.9875683491468141, 'not_H': 0.012431650853185818}","{'tv': 0.18717832175191476, 'mae_binary': 0.18717832175191473, 'rmse_binary': 0.18717832175191473, 'brier_regret': 0.07007144826772665, 'kl': 0.3859419452748182}",H,H,True,337.9905520938337,mean,mean,10,"{'std_H': 0.0, 'std_not_H': 0.0}",,{},"{'repeat_aggregation': 'mean', 'n_repeats': 10}"
semif_qwen35_4b,Qwen/Qwen3.5-4B@851bf6e806efd8d0a36b00ddf55e13ccb7b8cd0a,sequential_bayes__seed_000049__repr_table,sequential_bayes__seed_000049,sequential_bayes,6,table,"(0.70,0.90]","{'parameters': {'conditional_independence': 'Evidence items are conditionally independent given H or not_H.', 'evidence_sequence': [{'E_given_H': 0.346234, 'E_given_not_H': 0.024629}, {'E_given_H': 0.530049, 'E_given_not_H': 0.251686}, {'E_given_H': 0.619193, 'E_given_not_H': 0.323881}, {'E_given_H': 0.845869, 'E_given_not_H': 0.546818}, {'E_given_H': 0.912848, 'E_given_not_H': 0.658795}], 'observed_prefix_length': 5, 'posterior_trajectory': [0.031994, 0.3172367852341124, 0.49457209137119523, 0.6516564647592755, 0.7431826754290087, 0.8003900273948994], 'prior_H': 0.031994}, 'posterior_trajectory': [0.031994, 0.3172367852341124, 0.49457209137119523, 0.6516564647592755, 0.7431826754290087, 0.8003900273948994]}","{'H': 0.8003900273948994, 'not_H': 0.1996099726051006}","{'H': 0.9149009549929797, 'not_H': 0.08509904500702024}","{'tv': 0.11451092759808035, 'mae_binary': 0.11451092759808035, 'rmse_binary': 0.11451092759808035, 'brier_regret': 0.026225505078745603, 'kl': 0.06315189526338227}",H,H,True,412.6357900444418,mean,mean,10,"{'std_H': 0.0, 'std_not_H': 0.0}",,{},"{'repeat_aggregation': 'mean', 'n_repeats': 10}"
semif_qwen35_4b,Qwen/Qwen3.5-4B@851bf6e806efd8d0a36b00ddf55e13ccb7b8cd0a,sequential_bayes__seed_000050__repr_direct,sequential_bayes__seed_000050,sequential_bayes,6,direct,"[0.01,0.10]","{'parameters': {'conditional_independence': 'Evidence items are conditionally independent given H or not_H.', 'evidence_sequence': [{'E_given_H': 0.472127, 'E_given_not_H': 0.191458}, {'E_given_H': 0.631191, 'E_given_not_H': 0.405093}, {'E_given_H': 0.870541, 'E_given_not_H': 0.546792}, {'E_given_H': 0.93722, 'E_given_not_H': 0.612099}, {'E_given_H': 0.075121, 'E_given_not_H': 0.763611}, {'E_given_H': 0.115737, 'E_given_not_H': 0.962357}], 'observed_prefix_length': 6, 'posterior_trajectory': [0.204042, 0.3873082630953835, 0.4962127795907569, 0.6106147948908568, 0.7059762861319588, 0.1910754727564699, 0.02762280113741506], 'prior_H': 0.204042}, 'posterior_trajectory': [0.204042, 0.3873082630953835, 0.4962127795907569, 0.6106147948908568, 0.7059762861319588, 0.1910754727564699, 0.02762280113741506]}","{'H': 0.02762280113741506, 'not_H': 0.9723771988625849}","{'H': 0.6224593312018546, 'not_H': 0.37754066879814546}","{'tv': 0.5948365300644394, 'mae_binary': 0.5948365300644395, 'rmse_binary': 0.5948365300644395, 'brier_regret': 0.7076609949982056, 'kl': 0.8338864796451273}",H,not_H,False,341.24004249460995,mean,mean,10,"{'std_H': 0.0, 'std_not_H': 0.0}",,{},"{'repeat_aggregation': 'mean', 'n_repeats': 10}"
semif_qwen35_4b,Qwen/Qwen3.5-4B@851bf6e806efd8d0a36b00ddf55e13ccb7b8cd0a,sequential_bayes__seed_000050__repr_prose,sequential_bayes__seed_000050,sequential_bayes,6,prose,"[0.01,0.10]","{'parameters': {'conditional_independence': 'Evidence items are conditionally independent given H or not_H.', 'evidence_sequence': [{'E_given_H': 0.472127, 'E_given_not_H': 0.191458}, {'E_given_H': 0.631191, 'E_given_not_H': 0.405093}, {'E_given_H': 0.870541, 'E_given_not_H': 0.546792}, {'E_given_H': 0.93722, 'E_given_not_H': 0.612099}, {'E_given_H': 0.075121, 'E_given_not_H': 0.763611}, {'E_given_H': 0.115737, 'E_given_not_H': 0.962357}], 'observed_prefix_length': 6, 'posterior_trajectory': [0.204042, 0.3873082630953835, 0.4962127795907569, 0.6106147948908568, 0.7059762861319588, 0.1910754727564699, 0.02762280113741506], 'prior_H': 0.204042}, 'posterior_trajectory': [0.204042, 0.3873082630953835, 0.4962127795907569, 0.6106147948908568, 0.7059762861319588, 0.1910754727564699, 0.02762280113741506]}","{'H': 0.02762280113741506, 'not_H': 0.9723771988625849}","{'H': 0.9525741268224334, 'not_H': 0.04742587317756679}","{'tv': 0.9249513256850181, 'mae_binary': 0.9249513256850183, 'rmse_binary': 0.9249513256850183, 'brier_regret': 1.7110699097729452, 'kl': 2.8393398441952247}",H,not_H,False,347.8539925534278,mean,mean,10,"{'std_H': 0.0, 'std_not_H': 0.0}",,{},"{'repeat_aggregation': 'mean', 'n_repeats': 10}"
semif_qwen35_4b,Qwen/Qwen3.5-4B@851bf6e806efd8d0a36b00ddf55e13ccb7b8cd0a,sequential_bayes__seed_000050__repr_table,sequential_bayes__seed_000050,sequential_bayes,6,table,"[0.01,0.10]","{'parameters': {'conditional_independence': 'Evidence items are conditionally independent given H or not_H.', 'evidence_sequence': [{'E_given_H': 0.472127, 'E_given_not_H': 0.191458}, {'E_given_H': 0.631191, 'E_given_not_H': 0.405093}, {'E_given_H': 0.870541, 'E_given_not_H': 0.546792}, {'E_given_H': 0.93722, 'E_given_not_H': 0.612099}, {'E_given_H': 0.075121, 'E_given_not_H': 0.763611}, {'E_given_H': 0.115737, 'E_given_not_H': 0.962357}], 'observed_prefix_length': 6, 'posterior_trajectory': [0.204042, 0.3873082630953835, 0.4962127795907569, 0.6106147948908568, 0.7059762861319588, 0.1910754727564699, 0.02762280113741506], 'prior_H': 0.204042}, 'posterior_trajectory': [0.204042, 0.3873082630953835, 0.4962127795907569, 0.6106147948908568, 0.7059762861319588, 0.1910754727564699, 0.02762280113741506]}","{'H': 0.02762280113741506, 'not_H': 0.9723771988625849}","{'H': 0.5926665999540697, 'not_H': 0.4073334000459302}","{'tv': 0.5650437988166546, 'mae_binary': 0.5650437988166546, 'rmse_binary': 0.5650437988166546, 'brier_regret': 0.6385489891623122, 'kl': 0.7613856097470378}",H,not_H,False,448.8357910886407,mean,mean,10,"{'std_H': 0.0, 'std_not_H': 0.0}",,{},"{'repeat_aggregation': 'mean', 'n_repeats': 10}"
semif_qwen35_4b,Qwen/Qwen3.5-4B@851bf6e806efd8d0a36b00ddf55e13ccb7b8cd0a,sequential_bayes__seed_000051__repr_direct,sequential_bayes__seed_000051,sequential_bayes,6,direct,"[0.01,0.10]","{'parameters': {'conditional_independence': 'Evidence items are conditionally independent given H or not_H.', 'evidence_sequence': [{'E_given_H': 0.556613, 'E_given_not_H': 0.401197}, {'E_given_H': 0.788138, 'E_given_not_H': 0.49524}, {'E_given_H': 0.968742, 'E_given_not_H': 0.55418}, {'E_given_H': 0.022217, 'E_given_not_H': 0.870351}, {'E_given_H': 0.19125, 'E_given_not_H': 0.946898}, {'E_given_H': 0.32951, 'E_given_not_H': 0.055451}], 'observed_prefix_length': 6, 'posterior_trajectory': [0.410511, 0.49139192352202815, 0.6059202315489085, 0.7288318182873215, 0.06420381683042299, 0.013667875069321786, 0.07608014616604873], 'prior_H': 0.410511}, 'posterior_trajectory': [0.410511, 0.49139192352202815, 0.6059202315489085, 0.7288318182873215, 0.06420381683042299, 0.013667875069321786, 0.07608014616604873]}","{'H': 0.07608014616604873, 'not_H': 0.9239198538339513}","{'H': 0.6224593312018546, 'not_H': 0.37754066879814546}","{'tv': 0.5463791850358057, 'mae_binary': 0.5463791850358058, 'rmse_binary': 0.5463791850358058, 'brier_regret': 0.5970604276807826, 'kl': 0.6669471624758193}",H,not_H,False,340.5843411106616,mean,mean,10,"{'std_H': 0.0, 'std_not_H': 0.0}",,{},"{'repeat_aggregation': 'mean', 'n_repeats': 10}"
semif_qwen35_4b,Qwen/Qwen3.5-4B@851bf6e806efd8d0a36b00ddf55e13ccb7b8cd0a,sequential_bayes__seed_000051__repr_prose,sequential_bayes__seed_000051,sequential_bayes,6,prose,"[0.01,0.10]","{'parameters': {'conditional_independence': 'Evidence items are conditionally independent given H or not_H.', 'evidence_sequence': [{'E_given_H': 0.556613, 'E_given_not_H': 0.401197}, {'E_given_H': 0.788138, 'E_given_not_H': 0.49524}, {'E_given_H': 0.968742, 'E_given_not_H': 0.55418}, {'E_given_H': 0.022217, 'E_given_not_H': 0.870351}, {'E_given_H': 0.19125, 'E_given_not_H': 0.946898}, {'E_given_H': 0.32951, 'E_given_not_H': 0.055451}], 'observed_prefix_length': 6, 'posterior_trajectory': [0.410511, 0.49139192352202815, 0.6059202315489085, 0.7288318182873215, 0.06420381683042299, 0.013667875069321786, 0.07608014616604873], 'prior_H': 0.410511}, 'posterior_trajectory': [0.410511, 0.49139192352202815, 0.6059202315489085, 0.7288318182873215, 0.06420381683042299, 0.013667875069321786, 0.07608014616604873]}","{'H': 0.07608014616604873, 'not_H': 0.9239198538339513}","{'H': 0.9241418199787566, 'not_H': 0.07585818002124356}","{'tv': 0.8480616738127078, 'mae_binary': 0.8480616738127078, 'rmse_binary': 0.8480616738127078, 'brier_regret': 1.438417205180023, 'kl': 2.1195996202561647}",H,not_H,False,350.34890938550234,mean,mean,10,"{'std_H': 0.0, 'std_not_H': 0.0}",,{},"{'repeat_aggregation': 'mean', 'n_repeats': 10}"
semif_qwen35_4b,Qwen/Qwen3.5-4B@851bf6e806efd8d0a36b00ddf55e13ccb7b8cd0a,sequential_bayes__seed_000051__repr_table,sequential_bayes__seed_000051,sequential_bayes,6,table,"[0.01,0.10]","{'parameters': {'conditional_independence': 'Evidence items are conditionally independent given H or not_H.', 'evidence_sequence': [{'E_given_H': 0.556613, 'E_given_not_H': 0.401197}, {'E_given_H': 0.788138, 'E_given_not_H': 0.49524}, {'E_given_H': 0.968742, 'E_given_not_H': 0.55418}, {'E_given_H': 0.022217, 'E_given_not_H': 0.870351}, {'E_given_H': 0.19125, 'E_given_not_H': 0.946898}, {'E_given_H': 0.32951, 'E_given_not_H': 0.055451}], 'observed_prefix_length': 6, 'posterior_trajectory': [0.410511, 0.49139192352202815, 0.6059202315489085, 0.7288318182873215, 0.06420381683042299, 0.013667875069321786, 0.07608014616604873], 'prior_H': 0.410511}, 'posterior_trajectory': [0.410511, 0.49139192352202815, 0.6059202315489085, 0.7288318182873215, 0.06420381683042299, 0.013667875069321786, 0.07608014616604873]}","{'H': 0.07608014616604873, 'not_H': 0.9239198538339513}","{'H': 0.5312093733737563, 'not_H': 0.46879062662624377}","{'tv': 0.45512922720770754, 'mae_binary': 0.45512922720770754, 'rmse_binary': 0.45512922720770754, 'brier_regret': 0.41428522691737013, 'kl': 0.47899926842515006}",H,not_H,False,449.55594749189913,mean,mean,10,"{'std_H': 0.0, 'std_not_H': 0.0}",,{},"{'repeat_aggregation': 'mean', 'n_repeats': 10}"
semif_qwen35_4b,Qwen/Qwen3.5-4B@851bf6e806efd8d0a36b00ddf55e13ccb7b8cd0a,sequential_bayes__seed_000052__repr_direct,sequential_bayes__seed_000052,sequential_bayes,6,direct,"(0.10,0.30]","{'parameters': {'conditional_independence': 'Evidence items are conditionally independent given H or not_H.', 'evidence_sequence': [{'E_given_H': 0.879365, 'E_given_not_H': 0.462544}, {'E_given_H': 0.979216, 'E_given_not_H': 0.624609}, {'E_given_H': 0.059074, 'E_given_not_H': 0.804877}], 'observed_prefix_length': 3, 'posterior_trajectory': [0.453999, 0.6125236066700036, 0.7125003896742405, 0.15389933510803008], 'prior_H': 0.453999}, 'posterior_trajectory': [0.453999, 0.6125236066700036, 0.7125003896742405, 0.15389933510803008]}","{'H': 0.15389933510803008, 'not_H': 0.8461006648919699}","{'H': 0.7772998611746911, 'not_H': 0.22270013882530884}","{'tv': 0.6234005260666611, 'mae_binary': 0.623400526066661, 'rmse_binary': 0.623400526066661, 'brier_regret': 0.7772564318003794, 'kl': 0.8801412407370068}",H,not_H,False,258.9678457006812,mean,mean,10,"{'std_H': 0.0, 'std_not_H': 0.0}",,{},"{'repeat_aggregation': 'mean', 'n_repeats': 10}"
semif_qwen35_4b,Qwen/Qwen3.5-4B@851bf6e806efd8d0a36b00ddf55e13ccb7b8cd0a,sequential_bayes__seed_000052__repr_prose,sequential_bayes__seed_000052,sequential_bayes,6,prose,"(0.10,0.30]","{'parameters': {'conditional_independence': 'Evidence items are conditionally independent given H or not_H.', 'evidence_sequence': [{'E_given_H': 0.879365, 'E_given_not_H': 0.462544}, {'E_given_H': 0.979216, 'E_given_not_H': 0.624609}, {'E_given_H': 0.059074, 'E_given_not_H': 0.804877}], 'observed_prefix_length': 3, 'posterior_trajectory': [0.453999, 0.6125236066700036, 0.7125003896742405, 0.15389933510803008], 'prior_H': 0.453999}, 'posterior_trajectory': [0.453999, 0.6125236066700036, 0.7125003896742405, 0.15389933510803008]}","{'H': 0.15389933510803008, 'not_H': 0.8461006648919699}","{'H': 0.9796676466573413, 'not_H': 0.020332353342658753}","{'tv': 0.8257683115493112, 'mae_binary': 0.8257683115493112, 'rmse_binary': 0.8257683115493112, 'brier_regret': 1.3637866087180006, 'kl': 2.869768305634152}",H,not_H,False,282.18572502955794,mean,mean,10,"{'std_H': 0.0, 'std_not_H': 0.0}",,{},"{'repeat_aggregation': 'mean', 'n_repeats': 10}"
semif_qwen35_4b,Qwen/Qwen3.5-4B@851bf6e806efd8d0a36b00ddf55e13ccb7b8cd0a,sequential_bayes__seed_000052__repr_table,sequential_bayes__seed_000052,sequential_bayes,6,table,"(0.10,0.30]","{'parameters': {'conditional_independence': 'Evidence items are conditionally independent given H or not_H.', 'evidence_sequence': [{'E_given_H': 0.879365, 'E_given_not_H': 0.462544}, {'E_given_H': 0.979216, 'E_given_not_H': 0.624609}, {'E_given_H': 0.059074, 'E_given_not_H': 0.804877}], 'observed_prefix_length': 3, 'posterior_trajectory': [0.453999, 0.6125236066700036, 0.7125003896742405, 0.15389933510803008], 'prior_H': 0.453999}, 'posterior_trajectory': [0.453999, 0.6125236066700036, 0.7125003896742405, 0.15389933510803008]}","{'H': 0.15389933510803008, 'not_H': 0.8461006648919699}","{'H': 0.679178699175393, 'not_H': 0.32082130082460697}","{'tv': 0.525279364067363, 'mae_binary': 0.5252793640673629, 'rmse_binary': 0.5252793640673629, 'brier_regret': 0.5518368206300264, 'kl': 0.5920328330605491}",H,not_H,False,309.6857431344688,mean,mean,10,"{'std_H': 0.0, 'std_not_H': 0.0}",,{},"{'repeat_aggregation': 'mean', 'n_repeats': 10}"
semif_qwen35_4b,Qwen/Qwen3.5-4B@851bf6e806efd8d0a36b00ddf55e13ccb7b8cd0a,sequential_bayes__seed_000053__repr_direct,sequential_bayes__seed_000053,sequential_bayes,6,direct,"[0.01,0.10]","{'parameters': {'conditional_independence': 'Evidence items are conditionally independent given H or not_H.', 'evidence_sequence': [{'E_given_H': 0.925288, 'E_given_not_H': 0.660119}, {'E_given_H': 0.031742, 'E_given_not_H': 0.822326}, {'E_given_H': 0.24875, 'E_given_not_H': 0.954675}], 'observed_prefix_length': 3, 'posterior_trajectory': [0.619861, 0.6956446852040687, 0.08107327708820022, 0.02247158859218456], 'prior_H': 0.619861}, 'posterior_trajectory': [0.619861, 0.6956446852040687, 0.08107327708820022, 0.02247158859218456]}","{'H': 0.02247158859218456, 'not_H': 0.9775284114078154}","{'H': 0.679178699175393, 'not_H': 0.32082130082460697}","{'tv': 0.6567071105832085, 'mae_binary': 0.6567071105832084, 'rmse_binary': 0.6567071105832084, 'brier_regret': 0.8625284581810928, 'kl': 1.0125091319380315}",H,not_H,False,255.40088838897645,mean,mean,10,"{'std_H': 0.0, 'std_not_H': 0.0}",,{},"{'repeat_aggregation': 'mean', 'n_repeats': 10}"
semif_qwen35_4b,Qwen/Qwen3.5-4B@851bf6e806efd8d0a36b00ddf55e13ccb7b8cd0a,sequential_bayes__seed_000053__repr_prose,sequential_bayes__seed_000053,sequential_bayes,6,prose,"[0.01,0.10]","{'parameters': {'conditional_independence': 'Evidence items are conditionally independent given H or not_H.', 'evidence_sequence': [{'E_given_H': 0.925288, 'E_given_not_H': 0.660119}, {'E_given_H': 0.031742, 'E_given_not_H': 0.822326}, {'E_given_H': 0.24875, 'E_given_not_H': 0.954675}], 'observed_prefix_length': 3, 'posterior_trajectory': [0.619861, 0.6956446852040687, 0.08107327708820022, 0.02247158859218456], 'prior_H': 0.619861}, 'posterior_trajectory': [0.619861, 0.6956446852040687, 0.08107327708820022, 0.02247158859218456]}","{'H': 0.02247158859218456, 'not_H': 0.9775284114078154}","{'H': 0.9525741268224334, 'not_H': 0.04742587317756679}","{'tv': 0.9301025382302488, 'mae_binary': 0.9301025382302488, 'rmse_binary': 0.9301025382302488, 'brier_regret': 1.7301814632447026, 'kl': 2.8736644030644576}",H,not_H,False,280.026250006631,mean,mean,10,"{'std_H': 0.0, 'std_not_H': 0.0}",,{},"{'repeat_aggregation': 'mean', 'n_repeats': 10}"
semif_qwen35_4b,Qwen/Qwen3.5-4B@851bf6e806efd8d0a36b00ddf55e13ccb7b8cd0a,sequential_bayes__seed_000053__repr_table,sequential_bayes__seed_000053,sequential_bayes,6,table,"[0.01,0.10]","{'parameters': {'conditional_independence': 'Evidence items are conditionally independent given H or not_H.', 'evidence_sequence': [{'E_given_H': 0.925288, 'E_given_not_H': 0.660119}, {'E_given_H': 0.031742, 'E_given_not_H': 0.822326}, {'E_given_H': 0.24875, 'E_given_not_H': 0.954675}], 'observed_prefix_length': 3, 'posterior_trajectory': [0.619861, 0.6956446852040687, 0.08107327708820022, 0.02247158859218456], 'prior_H': 0.619861}, 'posterior_trajectory': [0.619861, 0.6956446852040687, 0.08107327708820022, 0.02247158859218456]}","{'H': 0.02247158859218456, 'not_H': 0.9775284114078154}","{'H': 0.5926665999540697, 'not_H': 0.4073334000459302}","{'tv': 0.5701950113618852, 'mae_binary': 0.5701950113618851, 'rmse_binary': 0.5701950113618851, 'brier_regret': 0.6502447019639607, 'kl': 0.7821882356850408}",H,not_H,False,311.8674927391112,mean,mean,10,"{'std_H': 0.0, 'std_not_H': 0.0}",,{},"{'repeat_aggregation': 'mean', 'n_repeats': 10}"
semif_qwen35_4b,Qwen/Qwen3.5-4B@851bf6e806efd8d0a36b00ddf55e13ccb7b8cd0a,sequential_bayes__seed_000054__repr_direct,sequential_bayes__seed_000054,sequential_bayes,6,direct,"(0.55,0.70]","{'parameters': {'conditional_independence': 'Evidence items are conditionally independent given H or not_H.', 'evidence_sequence': [{'E_given_H': 0.093764, 'E_given_not_H': 0.771322}, {'E_given_H': 0.243778, 'E_given_not_H': 0.924411}, {'E_given_H': 0.325247, 'E_given_not_H': 0.026323}], 'observed_prefix_length': 3, 'posterior_trajectory': [0.808057, 0.33852129492020233, 0.1189103435331514, 0.6251234123859295], 'prior_H': 0.808057}, 'posterior_trajectory': [0.808057, 0.33852129492020233, 0.1189103435331514, 0.6251234123859295]}","{'H': 0.6251234123859295, 'not_H': 0.3748765876140705}","{'H': 0.6224593312018546, 'not_H': 0.37754066879814546}","{'tv': 0.0026640811840749345, 'mae_binary': 0.002664081184074907, 'rmse_binary': 0.002664081184074907, 'brier_regret': 1.4194657110684211e-05, 'kl': 1.5114531591848331e-05}",H,H,True,255.95848034135997,mean,mean,10,"{'std_H': 0.0, 'std_not_H': 0.0}",,{},"{'repeat_aggregation': 'mean', 'n_repeats': 10}"
semif_qwen35_4b,Qwen/Qwen3.5-4B@851bf6e806efd8d0a36b00ddf55e13ccb7b8cd0a,sequential_bayes__seed_000054__repr_prose,sequential_bayes__seed_000054,sequential_bayes,6,prose,"(0.55,0.70]","{'parameters': {'conditional_independence': 'Evidence items are conditionally independent given H or not_H.', 'evidence_sequence': [{'E_given_H': 0.093764, 'E_given_not_H': 0.771322}, {'E_given_H': 0.243778, 'E_given_not_H': 0.924411}, {'E_given_H': 0.325247, 'E_given_not_H': 0.026323}], 'observed_prefix_length': 3, 'posterior_trajectory': [0.808057, 0.33852129492020233, 0.1189103435331514, 0.6251234123859295], 'prior_H': 0.808057}, 'posterior_trajectory': [0.808057, 0.33852129492020233, 0.1189103435331514, 0.6251234123859295]}","{'H': 0.6251234123859295, 'not_H': 0.3748765876140705}","{'H': 0.9626731126558706, 'not_H': 0.037326887344129464}","{'tv': 0.3375497002699411, 'mae_binary': 0.33754970026994113, 'rmse_binary': 0.33754970026994113, 'brier_regret': 0.22787960030465412, 'kl': 0.594890117977962}",H,H,True,280.59490374289453,mean,mean,10,"{'std_H': 0.0, 'std_not_H': 0.0}",,{},"{'repeat_aggregation': 'mean', 'n_repeats': 10}"
semif_qwen35_4b,Qwen/Qwen3.5-4B@851bf6e806efd8d0a36b00ddf55e13ccb7b8cd0a,sequential_bayes__seed_000054__repr_table,sequential_bayes__seed_000054,sequential_bayes,6,table,"(0.55,0.70]","{'parameters': {'conditional_independence': 'Evidence items are conditionally independent given H or not_H.', 'evidence_sequence': [{'E_given_H': 0.093764, 'E_given_not_H': 0.771322}, {'E_given_H': 0.243778, 'E_given_not_H': 0.924411}, {'E_given_H': 0.325247, 'E_given_not_H': 0.026323}], 'observed_prefix_length': 3, 'posterior_trajectory': [0.808057, 0.33852129492020233, 0.1189103435331514, 0.6251234123859295], 'prior_H': 0.808057}, 'posterior_trajectory': [0.808057, 0.33852129492020233, 0.1189103435331514, 0.6251234123859295]}","{'H': 0.6251234123859295, 'not_H': 0.3748765876140705}","{'H': 0.5, 'not_H': 0.5}","{'tv': 0.1251234123859295, 'mae_binary': 0.1251234123859295, 'rmse_binary': 0.1251234123859295, 'brier_regret': 0.03131173665419875, 'kl': 0.03164701710439527}",not_H,H,False,312.26941286586225,mean,mean,10,"{'std_H': 0.0, 'std_not_H': 0.0}",,{},"{'repeat_aggregation': 'mean', 'n_repeats': 10}"
semif_qwen35_4b,Qwen/Qwen3.5-4B@851bf6e806efd8d0a36b00ddf55e13ccb7b8cd0a,sequential_bayes__seed_000055__repr_direct,sequential_bayes__seed_000055,sequential_bayes,6,direct,"(0.99,1)","{'parameters': {'conditional_independence': 'Evidence items are conditionally independent given H or not_H.', 'evidence_sequence': [{'E_given_H': 0.218221, 'E_given_not_H': 0.987522}, {'E_given_H': 0.403645, 'E_given_not_H': 0.018042}, {'E_given_H': 0.467266, 'E_given_not_H': 0.150138}], 'observed_prefix_length': 3, 'posterior_trajectory': [0.92575, 0.7336998524751613, 0.9840357343380087, 0.9948143100686025], 'prior_H': 0.92575}, 'posterior_trajectory': [0.92575, 0.7336998524751613, 0.9840357343380087, 0.9948143100686025]}","{'H': 0.9948143100686025, 'not_H': 0.0051856899313974525}","{'H': 0.8807970779778824, 'not_H': 0.11920292202211755}","{'tv': 0.11401723209072011, 'mae_binary': 0.11401723209072012, 'rmse_binary': 0.11401723209072012, 'brier_regret': 0.02599985842725827, 'kl': 0.10484083504250678}",H,H,True,254.02405592612922,mean,mean,10,"{'std_H': 0.0, 'std_not_H': 0.0}",,{},"{'repeat_aggregation': 'mean', 'n_repeats': 10}"
semif_qwen35_4b,Qwen/Qwen3.5-4B@851bf6e806efd8d0a36b00ddf55e13ccb7b8cd0a,sequential_bayes__seed_000055__repr_prose,sequential_bayes__seed_000055,sequential_bayes,6,prose,"(0.99,1)","{'parameters': {'conditional_independence': 'Evidence items are conditionally independent given H or not_H.', 'evidence_sequence': [{'E_given_H': 0.218221, 'E_given_not_H': 0.987522}, {'E_given_H': 0.403645, 'E_given_not_H': 0.018042}, {'E_given_H': 0.467266, 'E_given_not_H': 0.150138}], 'observed_prefix_length': 3, 'posterior_trajectory': [0.92575, 0.7336998524751613, 0.9840357343380087, 0.9948143100686025], 'prior_H': 0.92575}, 'posterior_trajectory': [0.92575, 0.7336998524751613, 0.9840357343380087, 0.9948143100686025]}","{'H': 0.9948143100686025, 'not_H': 0.0051856899313974525}","{'H': 0.9902915235185258, 'not_H': 0.009708476481474066}","{'tv': 0.004522786550076688, 'mae_binary': 0.004522786550076763, 'rmse_binary': 0.004522786550076763, 'brier_regret': 4.091119635510918e-05, 'kl': 0.0012811710696740376}",H,H,True,278.03667769767344,mean,mean,10,"{'std_H': 0.0, 'std_not_H': 0.0}",,{},"{'repeat_aggregation': 'mean', 'n_repeats': 10}"
semif_qwen35_4b,Qwen/Qwen3.5-4B@851bf6e806efd8d0a36b00ddf55e13ccb7b8cd0a,sequential_bayes__seed_000055__repr_table,sequential_bayes__seed_000055,sequential_bayes,6,table,"(0.99,1)","{'parameters': {'conditional_independence': 'Evidence items are conditionally independent given H or not_H.', 'evidence_sequence': [{'E_given_H': 0.218221, 'E_given_not_H': 0.987522}, {'E_given_H': 0.403645, 'E_given_not_H': 0.018042}, {'E_given_H': 0.467266, 'E_given_not_H': 0.150138}], 'observed_prefix_length': 3, 'posterior_trajectory': [0.92575, 0.7336998524751613, 0.9840357343380087, 0.9948143100686025], 'prior_H': 0.92575}, 'posterior_trajectory': [0.92575, 0.7336998524751613, 0.9840357343380087, 0.9948143100686025]}","{'H': 0.9948143100686025, 'not_H': 0.0051856899313974525}","{'H': 0.7057850278370112, 'not_H': 0.29421497216298875}","{'tv': 0.2890292822315913, 'mae_binary': 0.2890292822315913, 'rmse_binary': 0.2890292822315913, 'brier_regret': 0.16707585197461772, 'kl': 0.32052350383176764}",H,H,True,310.69125323556364,mean,mean,10,"{'std_H': 0.0, 'std_not_H': 0.0}",,{},"{'repeat_aggregation': 'mean', 'n_repeats': 10}"
semif_qwen35_4b,Qwen/Qwen3.5-4B@851bf6e806efd8d0a36b00ddf55e13ccb7b8cd0a,sequential_bayes__seed_000056__repr_direct,sequential_bayes__seed_000056,sequential_bayes,6,direct,"(0.55,0.70]","{'parameters': {'conditional_independence': 'Evidence items are conditionally independent given H or not_H.', 'evidence_sequence': [{'E_given_H': 0.396464, 'E_given_not_H': 0.059517}, {'E_given_H': 0.532697, 'E_given_not_H': 0.217707}, {'E_given_H': 0.581599, 'E_given_not_H': 0.387297}, {'E_given_H': 0.845928, 'E_given_not_H': 0.547247}], 'observed_prefix_length': 4, 'posterior_trajectory': [0.052477, 0.2695015483073548, 0.474434734683435, 0.5754784594058879, 0.6769462255144328], 'prior_H': 0.052477}, 'posterior_trajectory': [0.052477, 0.2695015483073548, 0.474434734683435, 0.5754784594058879, 0.6769462255144328]}","{'H': 0.6769462255144328, 'not_H': 0.32305377448556716}","{'H': 0.8933094060543487, 'not_H': 0.1066905939456512}","{'tv': 0.21636318053991593, 'mae_binary': 0.21636318053991588, 'rmse_binary': 0.21636318053991588, 'brier_regret': 0.0936260517866965, 'kl': 0.17016163520724653}",H,H,True,276.9808820914477,mean,mean,10,"{'std_H': 0.0, 'std_not_H': 0.0}",,{},"{'repeat_aggregation': 'mean', 'n_repeats': 10}"
semif_qwen35_4b,Qwen/Qwen3.5-4B@851bf6e806efd8d0a36b00ddf55e13ccb7b8cd0a,sequential_bayes__seed_000056__repr_prose,sequential_bayes__seed_000056,sequential_bayes,6,prose,"(0.55,0.70]","{'parameters': {'conditional_independence': 'Evidence items are conditionally independent given H or not_H.', 'evidence_sequence': [{'E_given_H': 0.396464, 'E_given_not_H': 0.059517}, {'E_given_H': 0.532697, 'E_given_not_H': 0.217707}, {'E_given_H': 0.581599, 'E_given_not_H': 0.387297}, {'E_given_H': 0.845928, 'E_given_not_H': 0.547247}], 'observed_prefix_length': 4, 'posterior_trajectory': [0.052477, 0.2695015483073548, 0.474434734683435, 0.5754784594058879, 0.6769462255144328], 'prior_H': 0.052477}, 'posterior_trajectory': [0.052477, 0.2695015483073548, 0.474434734683435, 0.5754784594058879, 0.6769462255144328]}","{'H': 0.6769462255144328, 'not_H': 0.32305377448556716}","{'H': 0.9859363729567544, 'not_H': 0.014063627043245475}","{'tv': 0.3089901474423216, 'mae_binary': 0.30899014744232156, 'rmse_binary': 0.30899014744232156, 'brier_regret': 0.1909498224328553, 'kl': 0.7579920841490124}",H,H,True,304.03305157087743,mean,mean,10,"{'std_H': 0.0, 'std_not_H': 0.0}",,{},"{'repeat_aggregation': 'mean', 'n_repeats': 10}"
semif_qwen35_4b,Qwen/Qwen3.5-4B@851bf6e806efd8d0a36b00ddf55e13ccb7b8cd0a,sequential_bayes__seed_000056__repr_table,sequential_bayes__seed_000056,sequential_bayes,6,table,"(0.55,0.70]","{'parameters': {'conditional_independence': 'Evidence items are conditionally independent given H or not_H.', 'evidence_sequence': [{'E_given_H': 0.396464, 'E_given_not_H': 0.059517}, {'E_given_H': 0.532697, 'E_given_not_H': 0.217707}, {'E_given_H': 0.581599, 'E_given_not_H': 0.387297}, {'E_given_H': 0.845928, 'E_given_not_H': 0.547247}], 'observed_prefix_length': 4, 'posterior_trajectory': [0.052477, 0.2695015483073548, 0.474434734683435, 0.5754784594058879, 0.6769462255144328], 'prior_H': 0.052477}, 'posterior_trajectory': [0.052477, 0.2695015483073548, 0.474434734683435, 0.5754784594058879, 0.6769462255144328]}","{'H': 0.6769462255144328, 'not_H': 0.32305377448556716}","{'H': 0.7981867777396212, 'not_H': 0.20181322226037884}","{'tv': 0.12124055222518834, 'mae_binary': 0.12124055222518837, 'rmse_binary': 0.12124055222518837, 'brier_regret': 0.029398543007737244, 'kl': 0.04046167717314965}",H,H,True,371.65124267339706,mean,mean,10,"{'std_H': 0.0, 'std_not_H': 0.0}",,{},"{'repeat_aggregation': 'mean', 'n_repeats': 10}"
semif_qwen35_4b,Qwen/Qwen3.5-4B@851bf6e806efd8d0a36b00ddf55e13ccb7b8cd0a,sequential_bayes__seed_000057__repr_direct,sequential_bayes__seed_000057,sequential_bayes,6,direct,"(0.55,0.70]","{'parameters': {'conditional_independence': 'Evidence items are conditionally independent given H or not_H.', 'evidence_sequence': [{'E_given_H': 0.461393, 'E_given_not_H': 0.20014}, {'E_given_H': 0.559031, 'E_given_not_H': 0.358382}, {'E_given_H': 0.85315, 'E_given_not_H': 0.467545}], 'observed_prefix_length': 3, 'posterior_trajectory': [0.226962, 0.4036420626372667, 0.5135698968067423, 0.6583011485114412], 'prior_H': 0.226962}, 'posterior_trajectory': [0.226962, 0.4036420626372667, 0.5135698968067423, 0.6583011485114412]}","{'H': 0.6583011485114412, 'not_H': 0.34169885148855883}","{'H': 0.8933094060543487, 'not_H': 0.1066905939456512}","{'tv': 0.2350082575429076, 'mae_binary': 0.23500825754290755, 'rmse_binary': 0.23500825754290755, 'brier_regret': 0.11045776222670717, 'kl': 0.19677644745805015}",H,H,True,258.1690438091755,mean,mean,10,"{'std_H': 0.0, 'std_not_H': 0.0}",,{},"{'repeat_aggregation': 'mean', 'n_repeats': 10}"
semif_qwen35_4b,Qwen/Qwen3.5-4B@851bf6e806efd8d0a36b00ddf55e13ccb7b8cd0a,sequential_bayes__seed_000057__repr_prose,sequential_bayes__seed_000057,sequential_bayes,6,prose,"(0.55,0.70]","{'parameters': {'conditional_independence': 'Evidence items are conditionally independent given H or not_H.', 'evidence_sequence': [{'E_given_H': 0.461393, 'E_given_not_H': 0.20014}, {'E_given_H': 0.559031, 'E_given_not_H': 0.358382}, {'E_given_H': 0.85315, 'E_given_not_H': 0.467545}], 'observed_prefix_length': 3, 'posterior_trajectory': [0.226962, 0.4036420626372667, 0.5135698968067423, 0.6583011485114412], 'prior_H': 0.226962}, 'posterior_trajectory': [0.226962, 0.4036420626372667, 0.5135698968067423, 0.6583011485114412]}","{'H': 0.6583011485114412, 'not_H': 0.34169885148855883}","{'H': 0.9890130573694067, 'not_H': 0.01098694263059318}","{'tv': 0.3307119088579656, 'mae_binary': 0.33071190885796553, 'rmse_binary': 0.33071190885796553, 'brier_regret': 0.21874073332095867, 'kl': 0.9065366858204019}",H,H,True,279.23629372380674,mean,mean,10,"{'std_H': 0.0, 'std_not_H': 0.0}",,{},"{'repeat_aggregation': 'mean', 'n_repeats': 10}"
semif_qwen35_4b,Qwen/Qwen3.5-4B@851bf6e806efd8d0a36b00ddf55e13ccb7b8cd0a,sequential_bayes__seed_000057__repr_table,sequential_bayes__seed_000057,sequential_bayes,6,table,"(0.55,0.70]","{'parameters': {'conditional_independence': 'Evidence items are conditionally independent given H or not_H.', 'evidence_sequence': [{'E_given_H': 0.461393, 'E_given_not_H': 0.20014}, {'E_given_H': 0.559031, 'E_given_not_H': 0.358382}, {'E_given_H': 0.85315, 'E_given_not_H': 0.467545}], 'observed_prefix_length': 3, 'posterior_trajectory': [0.226962, 0.4036420626372667, 0.5135698968067423, 0.6583011485114412], 'prior_H': 0.226962}, 'posterior_trajectory': [0.226962, 0.4036420626372667, 0.5135698968067423, 0.6583011485114412]}","{'H': 0.6583011485114412, 'not_H': 0.34169885148855883}","{'H': 0.7772998611746911, 'not_H': 0.22270013882530884}","{'tv': 0.11899871266324995, 'mae_binary': 0.1189987126632499, 'rmse_binary': 0.1189987126632499, 'brier_regret': 0.02832138723102145, 'kl': 0.03689675497936479}",H,H,True,309.87642826512456,mean,mean,10,"{'std_H': 0.0, 'std_not_H': 0.0}",,{},"{'repeat_aggregation': 'mean', 'n_repeats': 10}"
semif_qwen35_4b,Qwen/Qwen3.5-4B@851bf6e806efd8d0a36b00ddf55e13ccb7b8cd0a,sequential_bayes__seed_000058__repr_direct,sequential_bayes__seed_000058,sequential_bayes,6,direct,"(0,0.01)","{'parameters': {'conditional_independence': 'Evidence items are conditionally independent given H or not_H.', 'evidence_sequence': [{'E_given_H': 0.563625, 'E_given_not_H': 0.328919}, {'E_given_H': 0.816449, 'E_given_not_H': 0.498419}, {'E_given_H': 0.940724, 'E_given_not_H': 0.681408}, {'E_given_H': 0.013363, 'E_given_not_H': 0.757399}, {'E_given_H': 0.145011, 'E_given_not_H': 0.927249}], 'observed_prefix_length': 5, 'posterior_trajectory': [0.448231, 0.5819435213764701, 0.6951441561018219, 0.7589202242149086, 0.05261861763270556, 0.008611190063057283], 'prior_H': 0.448231}, 'posterior_trajectory': [0.448231, 0.5819435213764701, 0.6951441561018219, 0.7589202242149086, 0.05261861763270556, 0.008611190063057283]}","{'H': 0.008611190063057283, 'not_H': 0.9913888099369427}","{'H': 0.5312093733737563, 'not_H': 0.46879062662624377}","{'tv': 0.522598183310699, 'mae_binary': 0.522598183310699, 'rmse_binary': 0.522598183310699, 'brier_regret': 0.5462177223992858, 'kl': 0.7070050667040169}",H,not_H,False,307.50591387040913,mean,mean,10,"{'std_H': 0.0, 'std_not_H': 0.0}",,{},"{'repeat_aggregation': 'mean', 'n_repeats': 10}"
semif_qwen35_4b,Qwen/Qwen3.5-4B@851bf6e806efd8d0a36b00ddf55e13ccb7b8cd0a,sequential_bayes__seed_000058__repr_prose,sequential_bayes__seed_000058,sequential_bayes,6,prose,"(0,0.01)","{'parameters': {'conditional_independence': 'Evidence items are conditionally independent given H or not_H.', 'evidence_sequence': [{'E_given_H': 0.563625, 'E_given_not_H': 0.328919}, {'E_given_H': 0.816449, 'E_given_not_H': 0.498419}, {'E_given_H': 0.940724, 'E_given_not_H': 0.681408}, {'E_given_H': 0.013363, 'E_given_not_H': 0.757399}, {'E_given_H': 0.145011, 'E_given_not_H': 0.927249}], 'observed_prefix_length': 5, 'posterior_trajectory': [0.448231, 0.5819435213764701, 0.6951441561018219, 0.7589202242149086, 0.05261861763270556, 0.008611190063057283], 'prior_H': 0.448231}, 'posterior_trajectory': [0.448231, 0.5819435213764701, 0.6951441561018219, 0.7589202242149086, 0.05261861763270556, 0.008611190063057283]}","{'H': 0.008611190063057283, 'not_H': 0.9913888099369427}","{'H': 0.8354835371034369, 'not_H': 0.1645164628965632}","{'tv': 0.8268723470403796, 'mae_binary': 0.8268723470403796, 'rmse_binary': 0.8268723470403796, 'brier_regret': 1.3674357566001318, 'kl': 1.741233881677921}",H,not_H,False,337.8417785745114,mean,mean,10,"{'std_H': 0.0, 'std_not_H': 0.0}",,{},"{'repeat_aggregation': 'mean', 'n_repeats': 10}"
semif_qwen35_4b,Qwen/Qwen3.5-4B@851bf6e806efd8d0a36b00ddf55e13ccb7b8cd0a,sequential_bayes__seed_000058__repr_table,sequential_bayes__seed_000058,sequential_bayes,6,table,"(0,0.01)","{'parameters': {'conditional_independence': 'Evidence items are conditionally independent given H or not_H.', 'evidence_sequence': [{'E_given_H': 0.563625, 'E_given_not_H': 0.328919}, {'E_given_H': 0.816449, 'E_given_not_H': 0.498419}, {'E_given_H': 0.940724, 'E_given_not_H': 0.681408}, {'E_given_H': 0.013363, 'E_given_not_H': 0.757399}, {'E_given_H': 0.145011, 'E_given_not_H': 0.927249}], 'observed_prefix_length': 5, 'posterior_trajectory': [0.448231, 0.5819435213764701, 0.6951441561018219, 0.7589202242149086, 0.05261861763270556, 0.008611190063057283], 'prior_H': 0.448231}, 'posterior_trajectory': [0.448231, 0.5819435213764701, 0.6951441561018219, 0.7589202242149086, 0.05261861763270556, 0.008611190063057283]}","{'H': 0.008611190063057283, 'not_H': 0.9913888099369427}","{'H': 0.5, 'not_H': 0.5}","{'tv': 0.49138880993694267, 'mae_binary': 0.4913888099369427, 'rmse_binary': 0.4913888099369427, 'brier_regret': 0.4829259250624896, 'kl': 0.6436296107046753}",not_H,not_H,True,413.1919471081346,mean,mean,10,"{'std_H': 0.0, 'std_not_H': 0.0}",,{},"{'repeat_aggregation': 'mean', 'n_repeats': 10}"
semif_qwen35_4b,Qwen/Qwen3.5-4B@851bf6e806efd8d0a36b00ddf55e13ccb7b8cd0a,sequential_bayes__seed_000059__repr_direct,sequential_bayes__seed_000059,sequential_bayes,6,direct,"[0.01,0.10]","{'parameters': {'conditional_independence': 'Evidence items are conditionally independent given H or not_H.', 'evidence_sequence': [{'E_given_H': 0.837044, 'E_given_not_H': 0.496548}, {'E_given_H': 0.931117, 'E_given_not_H': 0.572808}, {'E_given_H': 0.053668, 'E_given_not_H': 0.816594}, {'E_given_H': 0.231918, 'E_given_not_H': 0.961978}], 'observed_prefix_length': 4, 'posterior_trajectory': [0.479732, 0.6085163509914692, 0.7164488634677464, 0.1424106338677888, 0.03849325907238422], 'prior_H': 0.479732}, 'posterior_trajectory': [0.479732, 0.6085163509914692, 0.7164488634677464, 0.1424106338677888, 0.03849325907238422]}","{'H': 0.03849325907238422, 'not_H': 0.9615067409276158}","{'H': 0.679178699175393, 'not_H': 0.32082130082460697}","{'tv': 0.6406854401030089, 'mae_binary': 0.6406854401030088, 'rmse_binary': 0.6406854401030088, 'brier_regret': 0.8209556663199722, 'kl': 0.9448753412090414}",H,not_H,False,283.2862279843539,mean,mean,10,"{'std_H': 0.0, 'std_not_H': 0.0}",,{},"{'repeat_aggregation': 'mean', 'n_repeats': 10}"
semif_qwen35_4b,Qwen/Qwen3.5-4B@851bf6e806efd8d0a36b00ddf55e13ccb7b8cd0a,sequential_bayes__seed_000059__repr_prose,sequential_bayes__seed_000059,sequential_bayes,6,prose,"[0.01,0.10]","{'parameters': {'conditional_independence': 'Evidence items are conditionally independent given H or not_H.', 'evidence_sequence': [{'E_given_H': 0.837044, 'E_given_not_H': 0.496548}, {'E_given_H': 0.931117, 'E_given_not_H': 0.572808}, {'E_given_H': 0.053668, 'E_given_not_H': 0.816594}, {'E_given_H': 0.231918, 'E_given_not_H': 0.961978}], 'observed_prefix_length': 4, 'posterior_trajectory': [0.479732, 0.6085163509914692, 0.7164488634677464, 0.1424106338677888, 0.03849325907238422], 'prior_H': 0.479732}, 'posterior_trajectory': [0.479732, 0.6085163509914692, 0.7164488634677464, 0.1424106338677888, 0.03849325907238422]}","{'H': 0.03849325907238422, 'not_H': 0.9615067409276158}","{'H': 0.9796676466573413, 'not_H': 0.020332353342658753}","{'tv': 0.9411743875849571, 'mae_binary': 0.9411743875849571, 'rmse_binary': 0.9411743875849571, 'brier_regret': 1.771618455691838, 'kl': 3.5832548013940375}",H,not_H,False,303.0457486398518,mean,mean,10,"{'std_H': 0.0, 'std_not_H': 0.0}",,{},"{'repeat_aggregation': 'mean', 'n_repeats': 10}"
semif_qwen35_4b,Qwen/Qwen3.5-4B@851bf6e806efd8d0a36b00ddf55e13ccb7b8cd0a,sequential_bayes__seed_000059__repr_table,sequential_bayes__seed_000059,sequential_bayes,6,table,"[0.01,0.10]","{'parameters': {'conditional_independence': 'Evidence items are conditionally independent given H or not_H.', 'evidence_sequence': [{'E_given_H': 0.837044, 'E_given_not_H': 0.496548}, {'E_given_H': 0.931117, 'E_given_not_H': 0.572808}, {'E_given_H': 0.053668, 'E_given_not_H': 0.816594}, {'E_given_H': 0.231918, 'E_given_not_H': 0.961978}], 'observed_prefix_length': 4, 'posterior_trajectory': [0.479732, 0.6085163509914692, 0.7164488634677464, 0.1424106338677888, 0.03849325907238422], 'prior_H': 0.479732}, 'posterior_trajectory': [0.479732, 0.6085163509914692, 0.7164488634677464, 0.1424106338677888, 0.03849325907238422]}","{'H': 0.03849325907238422, 'not_H': 0.9615067409276158}","{'H': 0.5926665999540697, 'not_H': 0.4073334000459302}","{'tv': 0.5541733408816856, 'mae_binary': 0.5541733408816855, 'rmse_binary': 0.5541733408816855, 'brier_regret': 0.6142161834879376, 'kl': 0.7205625713861254}",H,not_H,False,371.199394389987,mean,mean,10,"{'std_H': 0.0, 'std_not_H': 0.0}",,{},"{'repeat_aggregation': 'mean', 'n_repeats': 10}"
semif_qwen35_4b,Qwen/Qwen3.5-4B@851bf6e806efd8d0a36b00ddf55e13ccb7b8cd0a,sequential_bayes__seed_000060__repr_direct,sequential_bayes__seed_000060,sequential_bayes,6,direct,"(0.10,0.30]","{'parameters': {'conditional_independence': 'Evidence items are conditionally independent given H or not_H.', 'evidence_sequence': [{'E_given_H': 0.939675, 'E_given_not_H': 0.667868}, {'E_given_H': 0.01395, 'E_given_not_H': 0.793417}, {'E_given_H': 0.196268, 'E_given_not_H': 0.914188}, {'E_given_H': 0.328341, 'E_given_not_H': 0.022257}], 'observed_prefix_length': 4, 'posterior_trajectory': [0.59555, 0.6744542302135247, 0.035145908606276956, 0.007759683052744734, 0.10343497142093172], 'prior_H': 0.59555}, 'posterior_trajectory': [0.59555, 0.6744542302135247, 0.035145908606276956, 0.007759683052744734, 0.10343497142093172]}","{'H': 0.10343497142093172, 'not_H': 0.8965650285790683}","{'H': 0.6224593312018546, 'not_H': 0.37754066879814546}","{'tv': 0.5190243597809228, 'mae_binary': 0.5190243597809229, 'rmse_binary': 0.5190243597809229, 'brier_regret': 0.5387725720919936, 'kl': 0.5897940158431222}",H,not_H,False,284.84774250537157,mean,mean,10,"{'std_H': 0.0, 'std_not_H': 0.0}",,{},"{'repeat_aggregation': 'mean', 'n_repeats': 10}"
semif_qwen35_4b,Qwen/Qwen3.5-4B@851bf6e806efd8d0a36b00ddf55e13ccb7b8cd0a,sequential_bayes__seed_000060__repr_prose,sequential_bayes__seed_000060,sequential_bayes,6,prose,"(0.10,0.30]","{'parameters': {'conditional_independence': 'Evidence items are conditionally independent given H or not_H.', 'evidence_sequence': [{'E_given_H': 0.939675, 'E_given_not_H': 0.667868}, {'E_given_H': 0.01395, 'E_given_not_H': 0.793417}, {'E_given_H': 0.196268, 'E_given_not_H': 0.914188}, {'E_given_H': 0.328341, 'E_given_not_H': 0.022257}], 'observed_prefix_length': 4, 'posterior_trajectory': [0.59555, 0.6744542302135247, 0.035145908606276956, 0.007759683052744734, 0.10343497142093172], 'prior_H': 0.59555}, 'posterior_trajectory': [0.59555, 0.6744542302135247, 0.035145908606276956, 0.007759683052744734, 0.10343497142093172]}","{'H': 0.10343497142093172, 'not_H': 0.8965650285790683}","{'H': 0.9706877692486436, 'not_H': 0.029312230751356316}","{'tv': 0.8672527978277119, 'mae_binary': 0.8672527978277119, 'rmse_binary': 0.8672527978277119, 'brier_regret': 1.5042548306799883, 'kl': 2.8351625356728407}",H,not_H,False,305.33585473895073,mean,mean,10,"{'std_H': 0.0, 'std_not_H': 0.0}",,{},"{'repeat_aggregation': 'mean', 'n_repeats': 10}"
semif_qwen35_4b,Qwen/Qwen3.5-4B@851bf6e806efd8d0a36b00ddf55e13ccb7b8cd0a,sequential_bayes__seed_000060__repr_table,sequential_bayes__seed_000060,sequential_bayes,6,table,"(0.10,0.30]","{'parameters': {'conditional_independence': 'Evidence items are conditionally independent given H or not_H.', 'evidence_sequence': [{'E_given_H': 0.939675, 'E_given_not_H': 0.667868}, {'E_given_H': 0.01395, 'E_given_not_H': 0.793417}, {'E_given_H': 0.196268, 'E_given_not_H': 0.914188}, {'E_given_H': 0.328341, 'E_given_not_H': 0.022257}], 'observed_prefix_length': 4, 'posterior_trajectory': [0.59555, 0.6744542302135247, 0.035145908606276956, 0.007759683052744734, 0.10343497142093172], 'prior_H': 0.59555}, 'posterior_trajectory': [0.59555, 0.6744542302135247, 0.035145908606276956, 0.007759683052744734, 0.10343497142093172]}","{'H': 0.10343497142093172, 'not_H': 0.8965650285790683}","{'H': 0.5621765008857981, 'not_H': 0.43782349911420193}","{'tv': 0.45874152946486635, 'mae_binary': 0.45874152946486635, 'rmse_binary': 0.45874152946486635, 'brier_regret': 0.4208875817115297, 'kl': 0.467515194397092}",H,not_H,False,376.06398118659854,mean,mean,10,"{'std_H': 0.0, 'std_not_H': 0.0}",,{},"{'repeat_aggregation': 'mean', 'n_repeats': 10}"
semif_qwen35_4b,Qwen/Qwen3.5-4B@851bf6e806efd8d0a36b00ddf55e13ccb7b8cd0a,sequential_bayes__seed_000061__repr_direct,sequential_bayes__seed_000061,sequential_bayes,6,direct,"(0.55,0.70]","{'parameters': {'conditional_independence': 'Evidence items are conditionally independent given H or not_H.', 'evidence_sequence': [{'E_given_H': 0.088961, 'E_given_not_H': 0.893826}, {'E_given_H': 0.12922, 'E_given_not_H': 0.986114}, {'E_given_H': 0.36327, 'E_given_not_H': 0.085042}, {'E_given_H': 0.527252, 'E_given_not_H': 0.126874}, {'E_given_H': 0.554853, 'E_given_not_H': 0.334595}, {'E_given_H': 0.748268, 'E_given_not_H': 0.515369}], 'observed_prefix_length': 6, 'posterior_trajectory': [0.772461, 0.2525509401362523, 0.04239890454210647, 0.159050792052575, 0.4400834170144869, 0.5658548933841624, 0.6542643257081491], 'prior_H': 0.772461}, 'posterior_trajectory': [0.772461, 0.2525509401362523, 0.04239890454210647, 0.159050792052575, 0.4400834170144869, 0.5658548933841624, 0.6542643257081491]}","{'H': 0.6542643257081491, 'not_H': 0.3457356742918509}","{'H': 0.7549149868676283, 'not_H': 0.24508501313237172}","{'tv': 0.1006506611594792, 'mae_binary': 0.10065066115947918, 'rmse_binary': 0.10065066115947918, 'brier_regret': 0.02026111118368059, 'kl': 0.02533595713972618}",H,H,True,335.6129689142108,mean,mean,10,"{'std_H': 0.0, 'std_not_H': 0.0}",,{},"{'repeat_aggregation': 'mean', 'n_repeats': 10}"
semif_qwen35_4b,Qwen/Qwen3.5-4B@851bf6e806efd8d0a36b00ddf55e13ccb7b8cd0a,sequential_bayes__seed_000061__repr_prose,sequential_bayes__seed_000061,sequential_bayes,6,prose,"(0.55,0.70]","{'parameters': {'conditional_independence': 'Evidence items are conditionally independent given H or not_H.', 'evidence_sequence': [{'E_given_H': 0.088961, 'E_given_not_H': 0.893826}, {'E_given_H': 0.12922, 'E_given_not_H': 0.986114}, {'E_given_H': 0.36327, 'E_given_not_H': 0.085042}, {'E_given_H': 0.527252, 'E_given_not_H': 0.126874}, {'E_given_H': 0.554853, 'E_given_not_H': 0.334595}, {'E_given_H': 0.748268, 'E_given_not_H': 0.515369}], 'observed_prefix_length': 6, 'posterior_trajectory': [0.772461, 0.2525509401362523, 0.04239890454210647, 0.159050792052575, 0.4400834170144869, 0.5658548933841624, 0.6542643257081491], 'prior_H': 0.772461}, 'posterior_trajectory': [0.772461, 0.2525509401362523, 0.04239890454210647, 0.159050792052575, 0.4400834170144869, 0.5658548933841624, 0.6542643257081491]}","{'H': 0.6542643257081491, 'not_H': 0.3457356742918509}","{'H': 0.9820137900379085, 'not_H': 0.017986209962091555}","{'tv': 0.3277494643297594, 'mae_binary': 0.3277494643297594, 'rmse_binary': 0.3277494643297594, 'brier_regret': 0.21483942273688844, 'kl': 0.7563258123982926}",H,H,True,346.54703638516366,mean,mean,10,"{'std_H': 0.0, 'std_not_H': 0.0}",,{},"{'repeat_aggregation': 'mean', 'n_repeats': 10}"
semif_qwen35_4b,Qwen/Qwen3.5-4B@851bf6e806efd8d0a36b00ddf55e13ccb7b8cd0a,sequential_bayes__seed_000061__repr_table,sequential_bayes__seed_000061,sequential_bayes,6,table,"(0.55,0.70]","{'parameters': {'conditional_independence': 'Evidence items are conditionally independent given H or not_H.', 'evidence_sequence': [{'E_given_H': 0.088961, 'E_given_not_H': 0.893826}, {'E_given_H': 0.12922, 'E_given_not_H': 0.986114}, {'E_given_H': 0.36327, 'E_given_not_H': 0.085042}, {'E_given_H': 0.527252, 'E_given_not_H': 0.126874}, {'E_given_H': 0.554853, 'E_given_not_H': 0.334595}, {'E_given_H': 0.748268, 'E_given_not_H': 0.515369}], 'observed_prefix_length': 6, 'posterior_trajectory': [0.772461, 0.2525509401362523, 0.04239890454210647, 0.159050792052575, 0.4400834170144869, 0.5658548933841624, 0.6542643257081491], 'prior_H': 0.772461}, 'posterior_trajectory': [0.772461, 0.2525509401362523, 0.04239890454210647, 0.159050792052575, 0.4400834170144869, 0.5658548933841624, 0.6542643257081491]}","{'H': 0.6542643257081491, 'not_H': 0.3457356742918509}","{'H': 0.5926665999540697, 'not_H': 0.4073334000459302}","{'tv': 0.06159772575407935, 'mae_binary': 0.0615977257540794, 'rmse_binary': 0.0615977257540794, 'brier_regret': 0.00758855963614954, 'kl': 0.008007329312363295}",H,H,True,449.5873559266329,mean,mean,10,"{'std_H': 0.0, 'std_not_H': 0.0}",,{},"{'repeat_aggregation': 'mean', 'n_repeats': 10}"
semif_qwen35_4b,Qwen/Qwen3.5-4B@851bf6e806efd8d0a36b00ddf55e13ccb7b8cd0a,bayes__seed_000042__repr_counts,bayes__seed_000042,bayes,5,counts,"[0.01,0.10]","{'parameters': {'likelihood_event': {'H': 0.439104, 'not_H': 0.774864}, 'observed_event': True, 'priors': {'H': 0.07458, 'not_H': 0.92542}}}","{'H': 0.04367480789658851, 'not_H': 0.9563251921034115}","{'H': 0.5312093733737563, 'not_H': 0.46879062662624377}","{'tv': 0.4875345654771678, 'mae_binary': 0.4875345654771678, 'rmse_binary': 0.4875345654771678, 'brier_regret': 0.47537990507002154, 'kl': 0.5726877001888789}",H,not_H,False,183.06482867337763,median,median,10,"{'std_H': 0.0, 'std_not_H': 0.0}",,{},"{'repeat_aggregation': 'median', 'n_repeats': 10}"
semif_qwen35_4b,Qwen/Qwen3.5-4B@851bf6e806efd8d0a36b00ddf55e13ccb7b8cd0a,bayes__seed_000042__repr_direct,bayes__seed_000042,bayes,5,direct,"[0.01,0.10]","{'parameters': {'likelihood_event': {'H': 0.439104, 'not_H': 0.774864}, 'observed_event': True, 'priors': {'H': 0.07458, 'not_H': 0.92542}}}","{'H': 0.04367480789658851, 'not_H': 0.9563251921034115}","{'H': 0.7981867777396212, 'not_H': 0.20181322226037882}","{'tv': 0.7545119698430327, 'mae_binary': 0.7545119698430327, 'rmse_binary': 0.7545119698430327, 'brier_regret': 1.1385766252728269, 'kl': 1.3609078066026226}",H,not_H,False,187.67180447466671,median,median,10,"{'std_H': 0.0, 'std_not_H': 0.0}",,{},"{'repeat_aggregation': 'median', 'n_repeats': 10}"
semif_qwen35_4b,Qwen/Qwen3.5-4B@851bf6e806efd8d0a36b00ddf55e13ccb7b8cd0a,bayes__seed_000042__repr_distractor,bayes__seed_000042,bayes,5,distractor,"[0.01,0.10]","{'parameters': {'likelihood_event': {'H': 0.439104, 'not_H': 0.774864}, 'observed_event': True, 'priors': {'H': 0.07458, 'not_H': 0.92542}}}","{'H': 0.04367480789658851, 'not_H': 0.9563251921034115}","{'H': 0.7981867777396212, 'not_H': 0.20181322226037882}","{'tv': 0.7545119698430327, 'mae_binary': 0.7545119698430327, 'rmse_binary': 0.7545119698430327, 'brier_regret': 1.1385766252728269, 'kl': 1.3609078066026226}",H,not_H,False,207.9264361411333,median,median,10,"{'std_H': 0.0, 'std_not_H': 0.0}",,{},"{'repeat_aggregation': 'median', 'n_repeats': 10}"
semif_qwen35_4b,Qwen/Qwen3.5-4B@851bf6e806efd8d0a36b00ddf55e13ccb7b8cd0a,bayes__seed_000042__repr_prose,bayes__seed_000042,bayes,5,prose,"[0.01,0.10]","{'parameters': {'likelihood_event': {'H': 0.439104, 'not_H': 0.774864}, 'observed_event': True, 'priors': {'H': 0.07458, 'not_H': 0.92542}}}","{'H': 0.04367480789658851, 'not_H': 0.9563251921034115}","{'H': 0.8933094060543487, 'not_H': 0.10669059394565118}","{'tv': 0.8496345981577602, 'mae_binary': 0.8496345981577602, 'rmse_binary': 0.8496345981577602, 'brier_regret': 1.4437579007733976, 'kl': 1.965561327850102}",H,not_H,False,210.5301085859537,median,median,10,"{'std_H': 0.0, 'std_not_H': 0.0}",,{},"{'repeat_aggregation': 'median', 'n_repeats': 10}"
semif_qwen35_4b,Qwen/Qwen3.5-4B@851bf6e806efd8d0a36b00ddf55e13ccb7b8cd0a,bayes__seed_000042__repr_table,bayes__seed_000042,bayes,5,table,"[0.01,0.10]","{'parameters': {'likelihood_event': {'H': 0.439104, 'not_H': 0.774864}, 'observed_event': True, 'priors': {'H': 0.07458, 'not_H': 0.92542}}}","{'H': 0.04367480789658851, 'not_H': 0.9563251921034115}","{'H': 0.7057850278370112, 'not_H': 0.29421497216298875}","{'tv': 0.6621102199404227, 'mae_binary': 0.6621102199404227, 'rmse_binary': 0.6621102199404227, 'brier_regret': 0.87677988669911, 'kl': 1.0057771399543243}",H,not_H,False,218.77953871153295,median,median,10,"{'std_H': 0.0, 'std_not_H': 0.0}",,{},"{'repeat_aggregation': 'median', 'n_repeats': 10}"
semif_qwen35_4b,Qwen/Qwen3.5-4B@851bf6e806efd8d0a36b00ddf55e13ccb7b8cd0a,bayes__seed_000045__repr_counts,bayes__seed_000045,bayes,5,counts,"(0.70,0.90]","{'parameters': {'likelihood_event': {'H': 0.780272, 'not_H': 0.101396}, 'observed_event': True, 'priors': {'H': 0.480479, 'not_H': 0.519521}}}","{'H': 0.8768016590833436, 'not_H': 0.12319834091665638}","{'H': 0.9525741268224334, 'not_H': 0.04742587317756679}","{'tv': 0.07577246773908966, 'mae_binary': 0.07577246773908974, 'rmse_binary': 0.07577246773908974, 'brier_regret': 0.011482933734542768, 'kl': 0.0449329800695098}",H,H,True,182.72877158597112,median,median,10,"{'std_H': 0.0, 'std_not_H': 0.0}",,{},"{'repeat_aggregation': 'median', 'n_repeats': 10}"
semif_qwen35_4b,Qwen/Qwen3.5-4B@851bf6e806efd8d0a36b00ddf55e13ccb7b8cd0a,bayes__seed_000045__repr_direct,bayes__seed_000045,bayes,5,direct,"(0.70,0.90]","{'parameters': {'likelihood_event': {'H': 0.780272, 'not_H': 0.101396}, 'observed_event': True, 'priors': {'H': 0.480479, 'not_H': 0.519521}}}","{'H': 0.8768016590833436, 'not_H': 0.12319834091665638}","{'H': 0.9241418199787566, 'not_H': 0.07585818002124356}","{'tv': 0.047340160895412875, 'mae_binary': 0.04734016089541293, 'rmse_binary': 0.04734016089541293, 'brier_regret': 0.004482181667207157, 'kl': 0.013636192329989201}",H,H,True,186.3438277039677,median,median,10,"{'std_H': 0.0, 'std_not_H': 0.0}",,{},"{'repeat_aggregation': 'median', 'n_repeats': 10}"
semif_qwen35_4b,Qwen/Qwen3.5-4B@851bf6e806efd8d0a36b00ddf55e13ccb7b8cd0a,bayes__seed_000045__repr_distractor,bayes__seed_000045,bayes,5,distractor,"(0.70,0.90]","{'parameters': {'likelihood_event': {'H': 0.780272, 'not_H': 0.101396}, 'observed_event': True, 'priors': {'H': 0.480479, 'not_H': 0.519521}}}","{'H': 0.8768016590833436, 'not_H': 0.12319834091665638}","{'H': 0.9579122720843811, 'not_H': 0.04208772791561884}","{'tv': 0.08111061300103752, 'mae_binary': 0.0811106130010375, 'rmse_binary': 0.0811106130010375, 'brier_regret': 0.013157863082808152, 'kl': 0.05474450033943777}",H,H,True,213.3220243267715,median,median,10,"{'std_H': 0.0, 'std_not_H': 0.0}",,{},"{'repeat_aggregation': 'median', 'n_repeats': 10}"
semif_qwen35_4b,Qwen/Qwen3.5-4B@851bf6e806efd8d0a36b00ddf55e13ccb7b8cd0a,bayes__seed_000045__repr_prose,bayes__seed_000045,bayes,5,prose,"(0.70,0.90]","{'parameters': {'likelihood_event': {'H': 0.780272, 'not_H': 0.101396}, 'observed_event': True, 'priors': {'H': 0.480479, 'not_H': 0.519521}}}","{'H': 0.8768016590833436, 'not_H': 0.12319834091665638}","{'H': 0.9525741268224334, 'not_H': 0.04742587317756679}","{'tv': 0.07577246773908966, 'mae_binary': 0.07577246773908974, 'rmse_binary': 0.07577246773908974, 'brier_regret': 0.011482933734542768, 'kl': 0.0449329800695098}",H,H,True,212.2266234830022,median,median,10,"{'std_H': 0.0, 'std_not_H': 0.0}",,{},"{'repeat_aggregation': 'median', 'n_repeats': 10}"
semif_qwen35_4b,Qwen/Qwen3.5-4B@851bf6e806efd8d0a36b00ddf55e13ccb7b8cd0a,bayes__seed_000045__repr_table,bayes__seed_000045,bayes,5,table,"(0.70,0.90]","{'parameters': {'likelihood_event': {'H': 0.780272, 'not_H': 0.101396}, 'observed_event': True, 'priors': {'H': 0.480479, 'not_H': 0.519521}}}","{'H': 0.8768016590833436, 'not_H': 0.12319834091665638}","{'H': 0.9046505351008906, 'not_H': 0.0953494648991095}","{'tv': 0.027848876017546903, 'mae_binary': 0.02784887601754693, 'rmse_binary': 0.02784887601754693, 'brier_regret': 0.0015511197908813982, 'kl': 0.00415343172502269}",H,H,True,219.80567993596196,median,median,10,"{'std_H': 0.0, 'std_not_H': 0.0}",,{},"{'repeat_aggregation': 'median', 'n_repeats': 10}"
semif_qwen35_4b,Qwen/Qwen3.5-4B@851bf6e806efd8d0a36b00ddf55e13ccb7b8cd0a,bayes__seed_000048__repr_counts,bayes__seed_000048,bayes,5,counts,"(0.70,0.90]","{'parameters': {'likelihood_event': {'H': 0.23861, 'not_H': 0.681894}, 'observed_event': True, 'priors': {'H': 0.933733, 'not_H': 0.06626699999999996}}}","{'H': 0.8313821568498233, 'not_H': 0.1686178431501767}","{'H': 0.9525741268224334, 'not_H': 0.04742587317756679}","{'tv': 0.12119196997260998, 'mae_binary': 0.12119196997261006, 'rmse_binary': 0.12119196997261006, 'brier_regret': 0.029374987171684, 'kl': 0.10075303774850006}",H,H,True,179.2772877495736,median,median,10,"{'std_H': 0.0, 'std_not_H': 0.0}",,{},"{'repeat_aggregation': 'median', 'n_repeats': 10}"
semif_qwen35_4b,Qwen/Qwen3.5-4B@851bf6e806efd8d0a36b00ddf55e13ccb7b8cd0a,bayes__seed_000048__repr_direct,bayes__seed_000048,bayes,5,direct,"(0.70,0.90]","{'parameters': {'likelihood_event': {'H': 0.23861, 'not_H': 0.681894}, 'observed_event': True, 'priors': {'H': 0.933733, 'not_H': 0.06626699999999996}}}","{'H': 0.8313821568498233, 'not_H': 0.1686178431501767}","{'H': 0.8670357598021706, 'not_H': 0.13296424019782924}","{'tv': 0.03565360295234739, 'mae_binary': 0.03565360295234732, 'rmse_binary': 0.03565360295234732, 'brier_regret': 0.002542358806967269, 'kl': 0.0051456702364110485}",H,H,True,193.41604453511536,median,median,10,"{'std_H': 0.0, 'std_not_H': 0.0}",,{},"{'repeat_aggregation': 'median', 'n_repeats': 10}"
semif_qwen35_4b,Qwen/Qwen3.5-4B@851bf6e806efd8d0a36b00ddf55e13ccb7b8cd0a,bayes__seed_000048__repr_distractor,bayes__seed_000048,bayes,5,distractor,"(0.70,0.90]","{'parameters': {'likelihood_event': {'H': 0.23861, 'not_H': 0.681894}, 'observed_event': True, 'priors': {'H': 0.933733, 'not_H': 0.06626699999999996}}}","{'H': 0.8313821568498233, 'not_H': 0.1686178431501767}","{'H': 0.9241418199787566, 'not_H': 0.07585818002124356}","{'tv': 0.09275966312893319, 'mae_binary': 0.09275966312893325, 'rmse_binary': 0.09275966312893325, 'brier_regret': 0.017208710207586336, 'kl': 0.04674649889221938}",H,H,True,212.82143923453987,median,median,10,"{'std_H': 0.0, 'std_not_H': 0.0}",,{},"{'repeat_aggregation': 'median', 'n_repeats': 10}"
semif_qwen35_4b,Qwen/Qwen3.5-4B@851bf6e806efd8d0a36b00ddf55e13ccb7b8cd0a,bayes__seed_000048__repr_prose,bayes__seed_000048,bayes,5,prose,"(0.70,0.90]","{'parameters': {'likelihood_event': {'H': 0.23861, 'not_H': 0.681894}, 'observed_event': True, 'priors': {'H': 0.933733, 'not_H': 0.06626699999999996}}}","{'H': 0.8313821568498233, 'not_H': 0.1686178431501767}","{'H': 0.9149009549929797, 'not_H': 0.08509904500702024}","{'tv': 0.08351879814315644, 'mae_binary': 0.08351879814315644, 'rmse_binary': 0.08351879814315644, 'brier_regret': 0.013950779286554624, 'kl': 0.03571899968083651}",H,H,True,213.43189664185047,median,median,10,"{'std_H': 0.0, 'std_not_H': 0.0}",,{},"{'repeat_aggregation': 'median', 'n_repeats': 10}"
semif_qwen35_4b,Qwen/Qwen3.5-4B@851bf6e806efd8d0a36b00ddf55e13ccb7b8cd0a,bayes__seed_000048__repr_table,bayes__seed_000048,bayes,5,table,"(0.70,0.90]","{'parameters': {'likelihood_event': {'H': 0.23861, 'not_H': 0.681894}, 'observed_event': True, 'priors': {'H': 0.933733, 'not_H': 0.06626699999999996}}}","{'H': 0.8313821568498233, 'not_H': 0.1686178431501767}","{'H': 0.7772998611746911, 'not_H': 0.22270013882530884}","{'tv': 0.05408229567513219, 'mae_binary': 0.05408229567513223, 'rmse_binary': 0.05408229567513223, 'brier_regret': 0.0058497894109848445, 'kl': 0.009013542007321858}",H,H,True,225.54334639571607,median,median,10,"{'std_H': 0.0, 'std_not_H': 0.0}",,{},"{'repeat_aggregation': 'median', 'n_repeats': 10}"
semif_qwen35_4b,Qwen/Qwen3.5-4B@851bf6e806efd8d0a36b00ddf55e13ccb7b8cd0a,bayes__seed_000051__repr_counts,bayes__seed_000051,bayes,5,counts,"(0.90,0.99]","{'parameters': {'likelihood_event': {'H': 0.64129, 'not_H': 0.013968}, 'observed_event': True, 'priors': {'H': 0.410511, 'not_H': 0.5894889999999999}}}","{'H': 0.9696712044107276, 'not_H': 0.030328795589272373}","{'H': 0.9579122720843811, 'not_H': 0.04208772791561884}","{'tv': 0.011758932326346488, 'mae_binary': 0.011758932326346505, 'rmse_binary': 0.011758932326346505, 'brier_regret': 0.00027654497891119287, 'kl': 0.0018933223091172468}",H,H,True,180.38800596259534,median,median,10,"{'std_H': 0.0, 'std_not_H': 0.0}",,{},"{'repeat_aggregation': 'median', 'n_repeats': 10}"
semif_qwen35_4b,Qwen/Qwen3.5-4B@851bf6e806efd8d0a36b00ddf55e13ccb7b8cd0a,bayes__seed_000051__repr_direct,bayes__seed_000051,bayes,5,direct,"(0.90,0.99]","{'parameters': {'likelihood_event': {'H': 0.64129, 'not_H': 0.013968}, 'observed_event': True, 'priors': {'H': 0.410511, 'not_H': 0.5894889999999999}}}","{'H': 0.9696712044107276, 'not_H': 0.030328795589272373}","{'H': 0.9149009549929797, 'not_H': 0.08509904500702024}","{'tv': 0.05477024941774788, 'mae_binary': 0.054770249417747885, 'rmse_binary': 0.054770249417747885, 'brier_regret': 0.005999560442564623, 'kl': 0.02508711186301394}",H,H,True,191.81853448972106,median,median,10,"{'std_H': 0.0, 'std_not_H': 0.0}",,{},"{'repeat_aggregation': 'median', 'n_repeats': 10}"
semif_qwen35_4b,Qwen/Qwen3.5-4B@851bf6e806efd8d0a36b00ddf55e13ccb7b8cd0a,bayes__seed_000051__repr_distractor,bayes__seed_000051,bayes,5,distractor,"(0.90,0.99]","{'parameters': {'likelihood_event': {'H': 0.64129, 'not_H': 0.013968}, 'observed_event': True, 'priors': {'H': 0.410511, 'not_H': 0.5894889999999999}}}","{'H': 0.9696712044107276, 'not_H': 0.030328795589272373}","{'H': 0.9626731126558706, 'not_H': 0.037326887344129464}","{'tv': 0.006998091754857043, 'mae_binary': 0.006998091754856994, 'rmse_binary': 0.006998091754856994, 'brier_regret': 9.794657641879625e-05, 'kl': 0.0007267142164713901}",H,H,True,212.8603860270232,median,median,10,"{'std_H': 0.0, 'std_not_H': 0.0}",,{},"{'repeat_aggregation': 'median', 'n_repeats': 10}"
semif_qwen35_4b,Qwen/Qwen3.5-4B@851bf6e806efd8d0a36b00ddf55e13ccb7b8cd0a,bayes__seed_000051__repr_prose,bayes__seed_000051,bayes,5,prose,"(0.90,0.99]","{'parameters': {'likelihood_event': {'H': 0.64129, 'not_H': 0.013968}, 'observed_event': True, 'priors': {'H': 0.410511, 'not_H': 0.5894889999999999}}}","{'H': 0.9696712044107276, 'not_H': 0.030328795589272373}","{'H': 0.9706877692486436, 'not_H': 0.029312230751356316}","{'tv': 0.0010165648379160345, 'mae_binary': 0.001016564837916012, 'rmse_binary': 0.001016564837916012, 'brier_regret': 2.0668081393745066e-06, 'kl': 1.7959698627137812e-05}",H,H,True,215.1540159713477,median,median,10,"{'std_H': 0.0, 'std_not_H': 0.0}",,{},"{'repeat_aggregation': 'median', 'n_repeats': 10}"
semif_qwen35_4b,Qwen/Qwen3.5-4B@851bf6e806efd8d0a36b00ddf55e13ccb7b8cd0a,bayes__seed_000051__repr_table,bayes__seed_000051,bayes,5,table,"(0.90,0.99]","{'parameters': {'likelihood_event': {'H': 0.64129, 'not_H': 0.013968}, 'observed_event': True, 'priors': {'H': 0.410511, 'not_H': 0.5894889999999999}}}","{'H': 0.9696712044107276, 'not_H': 0.030328795589272373}","{'H': 0.9149009549929797, 'not_H': 0.08509904500702024}","{'tv': 0.05477024941774788, 'mae_binary': 0.054770249417747885, 'rmse_binary': 0.054770249417747885, 'brier_regret': 0.005999560442564623, 'kl': 0.02508711186301394}",H,H,True,223.58357785269618,median,median,10,"{'std_H': 0.0, 'std_not_H': 0.0}",,{},"{'repeat_aggregation': 'median', 'n_repeats': 10}"
semif_qwen35_4b,Qwen/Qwen3.5-4B@851bf6e806efd8d0a36b00ddf55e13ccb7b8cd0a,bayes__seed_000054__repr_counts,bayes__seed_000054,bayes,5,counts,"(0.30,0.45]","{'parameters': {'likelihood_event': {'H': 0.0912, 'not_H': 0.543916}, 'observed_event': True, 'priors': {'H': 0.808057, 'not_H': 0.19194299999999997}}}","{'H': 0.4137933255962194, 'not_H': 0.5862066744037806}","{'H': 0.7772998611746911, 'not_H': 0.22270013882530884}","{'tv': 0.36350653557847173, 'mae_binary': 0.3635065355784717, 'rmse_binary': 0.3635065355784717, 'brier_regret': 0.26427400281652547, 'kl': 0.30647795307127185}",H,not_H,False,181.71780332922935,median,median,10,"{'std_H': 0.0, 'std_not_H': 0.0}",,{},"{'repeat_aggregation': 'median', 'n_repeats': 10}"
semif_qwen35_4b,Qwen/Qwen3.5-4B@851bf6e806efd8d0a36b00ddf55e13ccb7b8cd0a,bayes__seed_000054__repr_direct,bayes__seed_000054,bayes,5,direct,"(0.30,0.45]","{'parameters': {'likelihood_event': {'H': 0.0912, 'not_H': 0.543916}, 'observed_event': True, 'priors': {'H': 0.808057, 'not_H': 0.19194299999999997}}}","{'H': 0.4137933255962194, 'not_H': 0.5862066744037806}","{'H': 0.8807970779778823, 'not_H': 0.11920292202211755}","{'tv': 0.467003752381663, 'mae_binary': 0.4670037523816629, 'rmse_binary': 0.4670037523816629, 'brier_regret': 0.43618500947710714, 'kl': 0.621131888571707}",H,not_H,False,191.8754987884313,median,median,10,"{'std_H': 0.0, 'std_not_H': 0.0}",,{},"{'repeat_aggregation': 'median', 'n_repeats': 10}"
semif_qwen35_4b,Qwen/Qwen3.5-4B@851bf6e806efd8d0a36b00ddf55e13ccb7b8cd0a,bayes__seed_000054__repr_distractor,bayes__seed_000054,bayes,5,distractor,"(0.30,0.45]","{'parameters': {'likelihood_event': {'H': 0.0912, 'not_H': 0.543916}, 'observed_event': True, 'priors': {'H': 0.808057, 'not_H': 0.19194299999999997}}}","{'H': 0.4137933255962194, 'not_H': 0.5862066744037806}","{'H': 0.9399133498259924, 'not_H': 0.06008665017400762}","{'tv': 0.526120024229773, 'mae_binary': 0.526120024229773, 'rmse_binary': 0.526120024229773, 'brier_regret': 0.5536045597910738, 'kl': 0.9958264723347686}",H,not_H,False,212.2241221833974,median,median,10,"{'std_H': 0.0, 'std_not_H': 0.0}",,{},"{'repeat_aggregation': 'median', 'n_repeats': 10}"
semif_qwen35_4b,Qwen/Qwen3.5-4B@851bf6e806efd8d0a36b00ddf55e13ccb7b8cd0a,bayes__seed_000054__repr_prose,bayes__seed_000054,bayes,5,prose,"(0.30,0.45]","{'parameters': {'likelihood_event': {'H': 0.0912, 'not_H': 0.543916}, 'observed_event': True, 'priors': {'H': 0.808057, 'not_H': 0.19194299999999997}}}","{'H': 0.4137933255962194, 'not_H': 0.5862066744037806}","{'H': 0.8175744761936437, 'not_H': 0.18242552380635632}","{'tv': 0.40378115059742425, 'mae_binary': 0.40378115059742425, 'rmse_binary': 0.40378115059742425, 'brier_regret': 0.3260784351555596, 'kl': 0.40251381830959654}",H,not_H,False,215.15032779425383,median,median,10,"{'std_H': 0.0, 'std_not_H': 0.0}",,{},"{'repeat_aggregation': 'median', 'n_repeats': 10}"
semif_qwen35_4b,Qwen/Qwen3.5-4B@851bf6e806efd8d0a36b00ddf55e13ccb7b8cd0a,bayes__seed_000054__repr_table,bayes__seed_000054,bayes,5,table,"(0.30,0.45]","{'parameters': {'likelihood_event': {'H': 0.0912, 'not_H': 0.543916}, 'observed_event': True, 'priors': {'H': 0.808057, 'not_H': 0.19194299999999997}}}","{'H': 0.4137933255962194, 'not_H': 0.5862066744037806}","{'H': 0.8354835371034369, 'not_H': 0.1645164628965632}","{'tv': 0.42169021150721747, 'mae_binary': 0.4216902115072175, 'rmse_binary': 0.4216902115072175, 'brier_regret': 0.35564526896200366, 'kl': 0.45412101001297545}",H,not_H,False,223.9419408608228,median,median,10,"{'std_H': 0.0, 'std_not_H': 0.0}",,{},"{'repeat_aggregation': 'median', 'n_repeats': 10}"
semif_qwen35_4b,Qwen/Qwen3.5-4B@851bf6e806efd8d0a36b00ddf55e13ccb7b8cd0a,bayes__seed_000057__repr_counts,bayes__seed_000057,bayes,5,counts,"(0.10,0.30]","{'parameters': {'likelihood_event': {'H': 0.457145, 'not_H': 0.937508}, 'observed_event': True, 'priors': {'H': 0.226962, 'not_H': 0.773038}}}","{'H': 0.12523423738446504, 'not_H': 0.874765762615535}","{'H': 0.5926665999540697, 'not_H': 0.4073334000459302}","{'tv': 0.4674323625696047, 'mae_binary': 0.46743236256960463, 'rmse_binary': 0.46743236256960463, 'brier_regret': 0.4369860271548047, 'kl': 0.47393470964761675}",H,not_H,False,182.84289622679353,median,median,10,"{'std_H': 0.0, 'std_not_H': 0.0}",,{},"{'repeat_aggregation': 'median', 'n_repeats': 10}"
semif_qwen35_4b,Qwen/Qwen3.5-4B@851bf6e806efd8d0a36b00ddf55e13ccb7b8cd0a,bayes__seed_000057__repr_direct,bayes__seed_000057,bayes,5,direct,"(0.10,0.30]","{'parameters': {'likelihood_event': {'H': 0.457145, 'not_H': 0.937508}, 'observed_event': True, 'priors': {'H': 0.226962, 'not_H': 0.773038}}}","{'H': 0.12523423738446504, 'not_H': 0.874765762615535}","{'H': 0.8519528019683106, 'not_H': 0.1480471980316895}","{'tv': 0.7267185645838454, 'mae_binary': 0.7267185645838455, 'rmse_binary': 0.7267185645838455, 'brier_regret': 1.0562397442216096, 'kl': 1.3138385195422242}",H,not_H,False,186.7624355480075,median,median,10,"{'std_H': 0.0, 'std_not_H': 0.0}",,{},"{'repeat_aggregation': 'median', 'n_repeats': 10}"
semif_qwen35_4b,Qwen/Qwen3.5-4B@851bf6e806efd8d0a36b00ddf55e13ccb7b8cd0a,bayes__seed_000057__repr_distractor,bayes__seed_000057,bayes,5,distractor,"(0.10,0.30]","{'parameters': {'likelihood_event': {'H': 0.457145, 'not_H': 0.937508}, 'observed_event': True, 'priors': {'H': 0.226962, 'not_H': 0.773038}}}","{'H': 0.12523423738446504, 'not_H': 0.874765762615535}","{'H': 0.8519528019683106, 'not_H': 0.1480471980316895}","{'tv': 0.7267185645838454, 'mae_binary': 0.7267185645838455, 'rmse_binary': 0.7267185645838455, 'brier_regret': 1.0562397442216096, 'kl': 1.3138385195422242}",H,not_H,False,212.70357980392873,median,median,10,"{'std_H': 0.0, 'std_not_H': 0.0}",,{},"{'repeat_aggregation': 'median', 'n_repeats': 10}"
semif_qwen35_4b,Qwen/Qwen3.5-4B@851bf6e806efd8d0a36b00ddf55e13ccb7b8cd0a,bayes__seed_000057__repr_prose,bayes__seed_000057,bayes,5,prose,"(0.10,0.30]","{'parameters': {'likelihood_event': {'H': 0.457145, 'not_H': 0.937508}, 'observed_event': True, 'priors': {'H': 0.226962, 'not_H': 0.773038}}}","{'H': 0.12523423738446504, 'not_H': 0.874765762615535}","{'H': 0.8354835371034369, 'not_H': 0.1645164628965632}","{'tv': 0.7102492997189718, 'mae_binary': 0.7102492997189719, 'rmse_binary': 0.7102492997189719, 'brier_regret': 1.0089081355025797, 'kl': 1.2240132841628544}",H,not_H,False,211.8851047474891,median,median,10,"{'std_H': 0.0, 'std_not_H': 0.0}",,{},"{'repeat_aggregation': 'median', 'n_repeats': 10}"
semif_qwen35_4b,Qwen/Qwen3.5-4B@851bf6e806efd8d0a36b00ddf55e13ccb7b8cd0a,bayes__seed_000057__repr_table,bayes__seed_000057,bayes,5,table,"(0.10,0.30]","{'parameters': {'likelihood_event': {'H': 0.457145, 'not_H': 0.937508}, 'observed_event': True, 'priors': {'H': 0.226962, 'not_H': 0.773038}}}","{'H': 0.12523423738446504, 'not_H': 0.874765762615535}","{'H': 0.7772998611746911, 'not_H': 0.22270013882530884}","{'tv': 0.652065623790226, 'mae_binary': 0.652065623790226, 'rmse_binary': 0.652065623790226, 'brier_regret': 0.8503791554578733, 'kl': 0.9681605691417428}",H,not_H,False,220.02149051986635,median,median,10,"{'std_H': 0.0, 'std_not_H': 0.0}",,{},"{'repeat_aggregation': 'median', 'n_repeats': 10}"
semif_qwen35_4b,Qwen/Qwen3.5-4B@851bf6e806efd8d0a36b00ddf55e13ccb7b8cd0a,bayes__seed_000060__repr_counts,bayes__seed_000060,bayes,5,counts,"(0.70,0.90]","{'parameters': {'likelihood_event': {'H': 0.915819, 'not_H': 0.310132}, 'observed_event': True, 'priors': {'H': 0.59555, 'not_H': 0.40445}}}","{'H': 0.8130236350735895, 'not_H': 0.18697636492641045}","{'H': 0.9525741268224334, 'not_H': 0.04742587317756679}","{'tv': 0.13955049174884374, 'mae_binary': 0.13955049174884382, 'rmse_binary': 0.13955049174884382, 'brier_regret': 0.03894867949468821, 'kl': 0.12770760725801752}",H,H,True,183.34620911628008,median,median,10,"{'std_H': 0.0, 'std_not_H': 0.0}",,{},"{'repeat_aggregation': 'median', 'n_repeats': 10}"
semif_qwen35_4b,Qwen/Qwen3.5-4B@851bf6e806efd8d0a36b00ddf55e13ccb7b8cd0a,bayes__seed_000060__repr_direct,bayes__seed_000060,bayes,5,direct,"(0.70,0.90]","{'parameters': {'likelihood_event': {'H': 0.915819, 'not_H': 0.310132}, 'observed_event': True, 'priors': {'H': 0.59555, 'not_H': 0.40445}}}","{'H': 0.8130236350735895, 'not_H': 0.18697636492641045}","{'H': 0.9046505351008906, 'not_H': 0.0953494648991095}","{'tv': 0.09162690002730098, 'mae_binary': 0.091626900027301, 'rmse_binary': 0.091626900027301, 'brier_regret': 0.016790977617226015, 'kl': 0.039094540906214836}",H,H,True,186.87191810458899,median,median,10,"{'std_H': 0.0, 'std_not_H': 0.0}",,{},"{'repeat_aggregation': 'median', 'n_repeats': 10}"
semif_qwen35_4b,Qwen/Qwen3.5-4B@851bf6e806efd8d0a36b00ddf55e13ccb7b8cd0a,bayes__seed_000060__repr_distractor,bayes__seed_000060,bayes,5,distractor,"(0.70,0.90]","{'parameters': {'likelihood_event': {'H': 0.915819, 'not_H': 0.310132}, 'observed_event': True, 'priors': {'H': 0.59555, 'not_H': 0.40445}}}","{'H': 0.8130236350735895, 'not_H': 0.18697636492641045}","{'H': 0.9465966702001757, 'not_H': 0.053403329799824234}","{'tv': 0.1335730351265862, 'mae_binary': 0.13357303512658614, 'rmse_binary': 0.13357303512658614, 'brier_regret': 0.03568351142585645, 'kl': 0.1106303892265524}",H,H,True,211.54629276134074,median,median,10,"{'std_H': 0.0, 'std_not_H': 0.0}",,{},"{'repeat_aggregation': 'median', 'n_repeats': 10}"
semif_qwen35_4b,Qwen/Qwen3.5-4B@851bf6e806efd8d0a36b00ddf55e13ccb7b8cd0a,bayes__seed_000060__repr_prose,bayes__seed_000060,bayes,5,prose,"(0.70,0.90]","{'parameters': {'likelihood_event': {'H': 0.915819, 'not_H': 0.310132}, 'observed_event': True, 'priors': {'H': 0.59555, 'not_H': 0.40445}}}","{'H': 0.8130236350735895, 'not_H': 0.18697636492641045}","{'H': 0.9740426428022031, 'not_H': 0.02595735719779685}","{'tv': 0.16101900772861358, 'mae_binary': 0.16101900772861355, 'rmse_binary': 0.16101900772861355, 'brier_regret': 0.05185424169981463, 'kl': 0.22228067895015743}",H,H,True,209.55360219813883,median,median,10,"{'std_H': 0.0, 'std_not_H': 0.0}",,{},"{'repeat_aggregation': 'median', 'n_repeats': 10}"
semif_qwen35_4b,Qwen/Qwen3.5-4B@851bf6e806efd8d0a36b00ddf55e13ccb7b8cd0a,bayes__seed_000060__repr_table,bayes__seed_000060,bayes,5,table,"(0.70,0.90]","{'parameters': {'likelihood_event': {'H': 0.915819, 'not_H': 0.310132}, 'observed_event': True, 'priors': {'H': 0.59555, 'not_H': 0.40445}}}","{'H': 0.8130236350735895, 'not_H': 0.18697636492641045}","{'H': 0.9046505351008906, 'not_H': 0.0953494648991095}","{'tv': 0.09162690002730098, 'mae_binary': 0.091626900027301, 'rmse_binary': 0.091626900027301, 'brier_regret': 0.016790977617226015, 'kl': 0.039094540906214836}",H,H,True,218.94087679684162,median,median,10,"{'std_H': 0.0, 'std_not_H': 0.0}",,{},"{'repeat_aggregation': 'median', 'n_repeats': 10}"
semif_qwen35_4b,Qwen/Qwen3.5-4B@851bf6e806efd8d0a36b00ddf55e13ccb7b8cd0a,compound__seed_000042__repr_direct,compound__seed_000042,compound,3,direct,"(0.90,0.99]","{'parameters': {'p_A': 0.07458, 'query': 'not_A', 'subtask': 'complement'}}","{'not_target': 0.07457999999999998, 'target': 0.92542}","{'not_target': 0.679178699175393, 'target': 0.32082130082460697}","{'tv': 0.6045986991753931, 'mae_binary': 0.604598699175393, 'rmse_binary': 0.604598699175393, 'brier_regret': 0.7310791740891549, 'kl': 0.81560798474734}",not_target,target,False,170.4471763689071,median,median,10,"{'std_not_target': 0.0, 'std_target': 0.0}",,{},"{'repeat_aggregation': 'median', 'n_repeats': 10}"
semif_qwen35_4b,Qwen/Qwen3.5-4B@851bf6e806efd8d0a36b00ddf55e13ccb7b8cd0a,compound__seed_000042__repr_prose,compound__seed_000042,compound,3,prose,"(0.90,0.99]","{'parameters': {'p_A': 0.07458, 'query': 'not_A', 'subtask': 'complement'}}","{'not_target': 0.07457999999999998, 'target': 0.92542}","{'not_target': 0.5926665999540697, 'target': 0.4073334000459302}","{'tv': 0.5180865999540698, 'mae_binary': 0.5180865999540697, 'rmse_binary': 0.5180865999540697, 'brier_regret': 0.5368274501039366, 'kl': 0.6048277427722801}",not_target,target,False,183.19313158281147,median,median,10,"{'std_not_target': 0.0, 'std_target': 0.0}",,{},"{'repeat_aggregation': 'median', 'n_repeats': 10}"
semif_qwen35_4b,Qwen/Qwen3.5-4B@851bf6e806efd8d0a36b00ddf55e13ccb7b8cd0a,compound__seed_000042__repr_table,compound__seed_000042,compound,3,table,"(0.90,0.99]","{'parameters': {'p_A': 0.07458, 'query': 'not_A', 'subtask': 'complement'}}","{'not_target': 0.07457999999999998, 'target': 0.92542}","{'not_target': 0.8175744761936437, 'target': 0.18242552380635632}","{'tv': 0.7429944761936437, 'mae_binary': 0.7429944761936437, 'rmse_binary': 0.7429944761936437, 'brier_regret': 1.1040815833085338, 'kl': 1.3242152566151923}",not_target,target,False,189.02134993113577,median,median,10,"{'std_not_target': 0.0, 'std_target': 0.0}",,{},"{'repeat_aggregation': 'median', 'n_repeats': 10}"
semif_qwen35_4b,Qwen/Qwen3.5-4B@851bf6e806efd8d0a36b00ddf55e13ccb7b8cd0a,compound__seed_000043__repr_direct,compound__seed_000043,compound,3,direct,"(0.10,0.30]","{'parameters': {'independent': True, 'p_A': 0.200973, 'p_B': 0.665751, 'query': 'A_and_B', 'subtask': 'intersection'}}","{'not_target': 0.866202024277, 'target': 0.133797975723}","{'not_target': 0.08509904500702024, 'target': 0.9149009549929797}","{'tv': 0.7811029792699797, 'mae_binary': 0.7811029792699797, 'rmse_binary': 0.7811029792699797, 'brier_regret': 1.2202437284488767, 'kl': 1.7526260205027278}",target,not_target,False,174.63446808978915,median,median,10,"{'std_not_target': 0.0, 'std_target': 0.0}",,{},"{'repeat_aggregation': 'median', 'n_repeats': 10}"
semif_qwen35_4b,Qwen/Qwen3.5-4B@851bf6e806efd8d0a36b00ddf55e13ccb7b8cd0a,compound__seed_000043__repr_prose,compound__seed_000043,compound,3,prose,"(0.10,0.30]","{'parameters': {'independent': True, 'p_A': 0.200973, 'p_B': 0.665751, 'query': 'A_and_B', 'subtask': 'intersection'}}","{'not_target': 0.866202024277, 'target': 0.133797975723}","{'not_target': 0.37754066879814546, 'target': 0.6224593312018546}","{'tv': 0.4886613554788546, 'mae_binary': 0.48866135547885453, 'rmse_binary': 0.48866135547885453, 'brier_regret': 0.47757984067686293, 'kl': 0.5136347436885206}",target,not_target,False,191.6602216195315,median,median,10,"{'std_not_target': 0.0, 'std_target': 0.0}",,{},"{'repeat_aggregation': 'median', 'n_repeats': 10}"
semif_qwen35_4b,Qwen/Qwen3.5-4B@851bf6e806efd8d0a36b00ddf55e13ccb7b8cd0a,compound__seed_000043__repr_table,compound__seed_000043,compound,3,table,"(0.10,0.30]","{'parameters': {'independent': True, 'p_A': 0.200973, 'p_B': 0.665751, 'query': 'A_and_B', 'subtask': 'intersection'}}","{'not_target': 0.866202024277, 'target': 0.133797975723}","{'not_target': 0.02297736991002561, 'target': 0.9770226300899744}","{'tv': 0.8432246543669744, 'mae_binary': 0.8432246543669744, 'rmse_binary': 0.8432246543669744, 'brier_regret': 1.4220556354646068, 'kl': 2.8779598027810893}",target,not_target,False,213.365828525275,median,median,10,"{'std_not_target': 0.0, 'std_target': 0.0}",,{},"{'repeat_aggregation': 'median', 'n_repeats': 10}"
semif_qwen35_4b,Qwen/Qwen3.5-4B@851bf6e806efd8d0a36b00ddf55e13ccb7b8cd0a,compound__seed_000044__repr_direct,compound__seed_000044,compound,3,direct,"(0.99,1)","{'parameters': {'independent': True, 'p_A': 0.387226, 'p_B': 0.989146, 'query': 'A_or_B', 'subtask': 'union'}}","{'not_target': 0.0066510489960001085, 'target': 0.9933489510039999}","{'not_target': 0.07585818002124356, 'target': 0.9241418199787566}","{'tv': 0.0692071310252434, 'mae_binary': 0.06920713102524345, 'rmse_binary': 0.06920713102524345, 'brier_regret': 0.009579253969490414, 'kl': 0.055546895008004374}",target,target,True,179.56697284244,median,median,10,"{'std_not_target': 0.0, 'std_target': 0.0}",,{},"{'repeat_aggregation': 'median', 'n_repeats': 10}"
semif_qwen35_4b,Qwen/Qwen3.5-4B@851bf6e806efd8d0a36b00ddf55e13ccb7b8cd0a,compound__seed_000044__repr_prose,compound__seed_000044,compound,3,prose,"(0.99,1)","{'parameters': {'independent': True, 'p_A': 0.387226, 'p_B': 0.989146, 'query': 'A_or_B', 'subtask': 'union'}}","{'not_target': 0.0066510489960001085, 'target': 0.9933489510039999}","{'not_target': 0.13296424019782924, 'target': 0.8670357598021706}","{'tv': 0.1263131912018292, 'mae_binary': 0.12631319120182913, 'rmse_binary': 0.12631319120182913, 'brier_regret': 0.03191004454317972, 'kl': 0.11517531269855648}",target,target,True,194.69438027590513,median,median,10,"{'std_not_target': 0.0, 'std_target': 0.0}",,{},"{'repeat_aggregation': 'median', 'n_repeats': 10}"
semif_qwen35_4b,Qwen/Qwen3.5-4B@851bf6e806efd8d0a36b00ddf55e13ccb7b8cd0a,compound__seed_000044__repr_table,compound__seed_000044,compound,3,table,"(0.99,1)","{'parameters': {'independent': True, 'p_A': 0.387226, 'p_B': 0.989146, 'query': 'A_or_B', 'subtask': 'union'}}","{'not_target': 0.0066510489960001085, 'target': 0.9933489510039999}","{'not_target': 0.04742587317756679, 'target': 0.9525741268224334}","{'tv': 0.0407748241815666, 'mae_binary': 0.04077482418156668, 'rmse_binary': 0.04077482418156668, 'brier_regret': 0.003325172574075337, 'kl': 0.028570036787196915}",target,target,True,214.74648243747652,median,median,10,"{'std_not_target': 0.0, 'std_target': 0.0}",,{},"{'repeat_aggregation': 'median', 'n_repeats': 10}"
semif_qwen35_4b,Qwen/Qwen3.5-4B@851bf6e806efd8d0a36b00ddf55e13ccb7b8cd0a,compound__seed_000045__repr_direct,compound__seed_000045,compound,3,direct,"(0.10,0.30]","{'parameters': {'k': 3, 'n': 7, 'query': 'exactly_k_successes', 'subtask': 'repeated_exact', 'success_probability': 0.490136}}","{'not_target': 0.7214935573757005, 'target': 0.27850644262429947}","{'not_target': 0.0953494648991095, 'target': 0.9046505351008906}","{'tv': 0.6261440924765911, 'mae_binary': 0.6261440924765911, 'rmse_binary': 0.6261440924765911, 'brier_regret': 0.7841128490866677, 'kl': 1.1320298917220495}",target,not_target,False,180.70554970763624,median,median,10,"{'std_not_target': 0.0, 'std_target': 0.0}",,{},"{'repeat_aggregation': 'median', 'n_repeats': 10}"
semif_qwen35_4b,Qwen/Qwen3.5-4B@851bf6e806efd8d0a36b00ddf55e13ccb7b8cd0a,compound__seed_000045__repr_prose,compound__seed_000045,compound,3,prose,"(0.10,0.30]","{'parameters': {'k': 3, 'n': 7, 'query': 'exactly_k_successes', 'subtask': 'repeated_exact', 'success_probability': 0.490136}}","{'not_target': 0.7214935573757005, 'target': 0.27850644262429947}","{'not_target': 0.4073334000459302, 'target': 0.5926665999540697}","{'tv': 0.31416015732977026, 'mae_binary': 0.3141601573297703, 'rmse_binary': 0.3141601573297703, 'brier_regret': 0.19739320890693202, 'kl': 0.20214617686570402}",target,not_target,False,196.29854443483055,median,median,10,"{'std_not_target': 0.0, 'std_target': 0.0}",,{},"{'repeat_aggregation': 'median', 'n_repeats': 10}"
semif_qwen35_4b,Qwen/Qwen3.5-4B@851bf6e806efd8d0a36b00ddf55e13ccb7b8cd0a,compound__seed_000045__repr_table,compound__seed_000045,compound,3,table,"(0.10,0.30]","{'parameters': {'k': 3, 'n': 7, 'query': 'exactly_k_successes', 'subtask': 'repeated_exact', 'success_probability': 0.490136}}","{'not_target': 0.7214935573757005, 'target': 0.27850644262429947}","{'not_target': 0.04208772791561884, 'target': 0.9579122720843811}","{'tv': 0.6794058294600817, 'mae_binary': 0.6794058294600817, 'rmse_binary': 0.6794058294600817, 'brier_regret': 0.9231845622086832, 'kl': 1.7061292747381283}",target,not_target,False,216.3095250260085,median,median,10,"{'std_not_target': 0.0, 'std_target': 0.0}",,{},"{'repeat_aggregation': 'median', 'n_repeats': 10}"
semif_qwen35_4b,Qwen/Qwen3.5-4B@851bf6e806efd8d0a36b00ddf55e13ccb7b8cd0a,compound__seed_000046__repr_direct,compound__seed_000046,compound,3,direct,"(0.10,0.30]","{'parameters': {'bad': 14, 'draws_without_replacement': 4, 'good': 6, 'k_good': 2, 'subtask': 'hypergeometric'}}","{'not_target': 0.7182662538699691, 'target': 0.28173374613003094}","{'not_target': 0.11920292202211755, 'target': 0.8807970779778823}","{'tv': 0.5990633318478514, 'mae_binary': 0.5990633318478515, 'rmse_binary': 0.5990633318478515, 'brier_regret': 0.717753751129298, 'kl': 0.968877190357831}",target,not_target,False,170.45356058515608,median,median,10,"{'std_not_target': 0.0, 'std_target': 0.0}",,{},"{'repeat_aggregation': 'median', 'n_repeats': 10}"
semif_qwen35_4b,Qwen/Qwen3.5-4B@851bf6e806efd8d0a36b00ddf55e13ccb7b8cd0a,compound__seed_000046__repr_prose,compound__seed_000046,compound,3,prose,"(0.10,0.30]","{'parameters': {'bad': 14, 'draws_without_replacement': 4, 'good': 6, 'k_good': 2, 'subtask': 'hypergeometric'}}","{'not_target': 0.7182662538699691, 'target': 0.28173374613003094}","{'not_target': 0.11920292202211755, 'target': 0.8807970779778823}","{'tv': 0.5990633318478514, 'mae_binary': 0.5990633318478515, 'rmse_binary': 0.5990633318478515, 'brier_regret': 0.717753751129298, 'kl': 0.968877190357831}",target,not_target,False,189.64031734503806,median,median,10,"{'std_not_target': 0.0, 'std_target': 0.0}",,{},"{'repeat_aggregation': 'median', 'n_repeats': 10}"
semif_qwen35_4b,Qwen/Qwen3.5-4B@851bf6e806efd8d0a36b00ddf55e13ccb7b8cd0a,compound__seed_000046__repr_table,compound__seed_000046,compound,3,table,"(0.10,0.30]","{'parameters': {'bad': 14, 'draws_without_replacement': 4, 'good': 6, 'k_good': 2, 'subtask': 'hypergeometric'}}","{'not_target': 0.7182662538699691, 'target': 0.28173374613003094}","{'not_target': 0.053403329799824234, 'target': 0.9465966702001757}","{'tv': 0.6648629240701448, 'mae_binary': 0.6648629240701449, 'rmse_binary': 0.6648629240701449, 'brier_regret': 0.8840854156062063, 'kl': 1.5253143306091597}",target,not_target,False,212.41606217809021,median,median,10,"{'std_not_target': 0.0, 'std_target': 0.0}",,{},"{'repeat_aggregation': 'median', 'n_repeats': 10}"
semif_qwen35_4b,Qwen/Qwen3.5-4B@851bf6e806efd8d0a36b00ddf55e13ccb7b8cd0a,compound__seed_000047__repr_direct,compound__seed_000047,compound,3,direct,"(0.10,0.30]","{'parameters': {'p_A': 0.84647, 'query': 'not_A', 'subtask': 'complement'}}","{'not_target': 0.84647, 'target': 0.15353000000000006}","{'not_target': 0.7057850278370112, 'target': 0.29421497216298875}","{'tv': 0.1406849721629887, 'mae_binary': 0.1406849721629887, 'rmse_binary': 0.1406849721629887, 'brier_regret': 0.03958452278500181, 'kl': 0.05399965586728278}",not_target,not_target,True,169.7154201567173,median,median,10,"{'std_not_target': 0.0, 'std_target': 0.0}",,{},"{'repeat_aggregation': 'median', 'n_repeats': 10}"
semif_qwen35_4b,Qwen/Qwen3.5-4B@851bf6e806efd8d0a36b00ddf55e13ccb7b8cd0a,compound__seed_000047__repr_prose,compound__seed_000047,compound,3,prose,"(0.10,0.30]","{'parameters': {'p_A': 0.84647, 'query': 'not_A', 'subtask': 'complement'}}","{'not_target': 0.84647, 'target': 0.15353000000000006}","{'not_target': 0.5926665999540697, 'target': 0.4073334000459302}","{'tv': 0.2538034000459302, 'mae_binary': 0.25380340004593027, 'rmse_binary': 0.25380340004593027, 'brier_regret': 0.12883233174974898, 'kl': 0.15191333900206722}",not_target,not_target,True,184.39446208067238,median,median,10,"{'std_not_target': 0.0, 'std_target': 0.0}",,{},"{'repeat_aggregation': 'median', 'n_repeats': 10}"
semif_qwen35_4b,Qwen/Qwen3.5-4B@851bf6e806efd8d0a36b00ddf55e13ccb7b8cd0a,compound__seed_000047__repr_table,compound__seed_000047,compound,3,table,"(0.10,0.30]","{'parameters': {'p_A': 0.84647, 'query': 'not_A', 'subtask': 'complement'}}","{'not_target': 0.84647, 'target': 0.15353000000000006}","{'not_target': 0.8670357598021706, 'target': 0.13296424019782924}","{'tv': 0.02056575980217075, 'mae_binary': 0.02056575980217068, 'rmse_binary': 0.02056575980217068, 'brier_regret': 0.0008459009524811646, 'kl': 0.0017601324678288566}",not_target,not_target,True,188.1814183667302,median,median,10,"{'std_not_target': 0.0, 'std_target': 0.0}",,{},"{'repeat_aggregation': 'median', 'n_repeats': 10}"
semif_qwen35_4b,Qwen/Qwen3.5-4B@851bf6e806efd8d0a36b00ddf55e13ccb7b8cd0a,compound__seed_000048__repr_direct,compound__seed_000048,compound,3,direct,"(0.30,0.45]","{'parameters': {'independent': True, 'p_A': 0.933733, 'p_B': 0.403957, 'query': 'A_and_B', 'subtask': 'intersection'}}","{'not_target': 0.622812018519, 'target': 0.377187981481}","{'not_target': 0.07585818002124356, 'target': 0.9241418199787566}","{'tv': 0.5469538384977566, 'mae_binary': 0.5469538384977565, 'rmse_binary': 0.5469538384977565, 'brier_regret': 0.5983170028948599, 'kl': 0.973249070353768}",target,not_target,False,172.76759860105813,median,median,10,"{'std_not_target': 0.0, 'std_target': 0.0}",,{},"{'repeat_aggregation': 'median', 'n_repeats': 10}"
semif_qwen35_4b,Qwen/Qwen3.5-4B@851bf6e806efd8d0a36b00ddf55e13ccb7b8cd0a,compound__seed_000048__repr_prose,compound__seed_000048,compound,3,prose,"(0.30,0.45]","{'parameters': {'independent': True, 'p_A': 0.933733, 'p_B': 0.403957, 'query': 'A_and_B', 'subtask': 'intersection'}}","{'not_target': 0.622812018519, 'target': 0.377187981481}","{'not_target': 0.22270013882530884, 'target': 0.7772998611746911}","{'tv': 0.4001118796936911, 'mae_binary': 0.4001118796936912, 'rmse_binary': 0.4001118796936912, 'brier_regret': 0.32017903254403757, 'kl': 0.3677733942578412}",target,not_target,False,193.03285889327526,median,median,10,"{'std_not_target': 0.0, 'std_target': 0.0}",,{},"{'repeat_aggregation': 'median', 'n_repeats': 10}"
semif_qwen35_4b,Qwen/Qwen3.5-4B@851bf6e806efd8d0a36b00ddf55e13ccb7b8cd0a,compound__seed_000048__repr_table,compound__seed_000048,compound,3,table,"(0.30,0.45]","{'parameters': {'independent': True, 'p_A': 0.933733, 'p_B': 0.403957, 'query': 'A_and_B', 'subtask': 'intersection'}}","{'not_target': 0.622812018519, 'target': 0.377187981481}","{'not_target': 0.02595735719779685, 'target': 0.9740426428022031}","{'tv': 0.5968546613212031, 'mae_binary': 0.5968546613212031, 'rmse_binary': 0.5968546613212031, 'brier_regret': 0.7124709734816962, 'kl': 1.6213230520819688}",target,not_target,False,213.39543941430748,median,median,10,"{'std_not_target': 0.0, 'std_target': 0.0}",,{},"{'repeat_aggregation': 'median', 'n_repeats': 10}"
semif_qwen35_4b,Qwen/Qwen3.5-4B@851bf6e806efd8d0a36b00ddf55e13ccb7b8cd0a,compound__seed_000049__repr_direct,compound__seed_000049,compound,3,direct,"(0.55,0.70]","{'parameters': {'independent': True, 'p_A': 0.031994, 'p_B': 0.588463, 'query': 'A_or_B', 'subtask': 'union'}}","{'not_target': 0.39837028522200013, 'target': 0.6016297147779999}","{'not_target': 0.0953494648991095, 'target': 0.9046505351008906}","{'tv': 0.3030208203228907, 'mae_binary': 0.3030208203228906, 'rmse_binary': 0.3030208203228906, 'brier_regret': 0.18364323509831515, 'kl': 0.324194361923837}",target,target,True,180.1311886869371,median,median,10,"{'std_not_target': 0.0, 'std_target': 0.0}",,{},"{'repeat_aggregation': 'median', 'n_repeats': 10}"
semif_qwen35_4b,Qwen/Qwen3.5-4B@851bf6e806efd8d0a36b00ddf55e13ccb7b8cd0a,compound__seed_000049__repr_prose,compound__seed_000049,compound,3,prose,"(0.55,0.70]","{'parameters': {'independent': True, 'p_A': 0.031994, 'p_B': 0.588463, 'query': 'A_or_B', 'subtask': 'union'}}","{'not_target': 0.39837028522200013, 'target': 0.6016297147779999}","{'not_target': 0.07585818002124356, 'target': 0.9241418199787566}","{'tv': 0.3225121052007566, 'mae_binary': 0.32251210520075657, 'rmse_binary': 0.32251210520075657, 'brier_regret': 0.20802811600204782, 'kl': 0.4024701086051393}",target,target,True,193.56185006909072,median,median,10,"{'std_not_target': 0.0, 'std_target': 0.0}",,{},"{'repeat_aggregation': 'median', 'n_repeats': 10}"
semif_qwen35_4b,Qwen/Qwen3.5-4B@851bf6e806efd8d0a36b00ddf55e13ccb7b8cd0a,compound__seed_000049__repr_table,compound__seed_000049,compound,3,table,"(0.55,0.70]","{'parameters': {'independent': True, 'p_A': 0.031994, 'p_B': 0.588463, 'query': 'A_or_B', 'subtask': 'union'}}","{'not_target': 0.39837028522200013, 'target': 0.6016297147779999}","{'not_target': 0.033085978388704126, 'target': 0.9669140216112958}","{'tv': 0.36528430683329594, 'mae_binary': 0.365284306833296, 'rmse_binary': 0.365284306833296, 'brier_regret': 0.266865249637363, 'kl': 0.7058000738648789}",target,target,True,215.53275403566658,median,median,10,"{'std_not_target': 0.0, 'std_target': 0.0}",,{},"{'repeat_aggregation': 'median', 'n_repeats': 10}"
semif_qwen35_4b,Qwen/Qwen3.5-4B@851bf6e806efd8d0a36b00ddf55e13ccb7b8cd0a,compound__seed_000050__repr_direct,compound__seed_000050,compound,3,direct,"[0.01,0.10]","{'parameters': {'k': 4, 'n': 9, 'query': 'exactly_k_successes', 'subtask': 'repeated_exact', 'success_probability': 0.2224}}","{'not_target': 0.912362307039702, 'target': 0.08763769296029794}","{'not_target': 0.10669059394565118, 'target': 0.8933094060543487}","{'tv': 0.8056717130940507, 'mae_binary': 0.8056717130940508, 'rmse_binary': 0.8056717130940508, 'brier_regret': 1.2982138185598049, 'kl': 1.7545542153862832}",target,not_target,False,179.4401898048818,median,median,10,"{'std_not_target': 0.0, 'std_target': 0.0}",,{},"{'repeat_aggregation': 'median', 'n_repeats': 10}"
semif_qwen35_4b,Qwen/Qwen3.5-4B@851bf6e806efd8d0a36b00ddf55e13ccb7b8cd0a,compound__seed_000050__repr_prose,compound__seed_000050,compound,3,prose,"[0.01,0.10]","{'parameters': {'k': 4, 'n': 9, 'query': 'exactly_k_successes', 'subtask': 'repeated_exact', 'success_probability': 0.2224}}","{'not_target': 0.912362307039702, 'target': 0.08763769296029794}","{'not_target': 0.4378234991142019, 'target': 0.5621765008857981}","{'tv': 0.47453880792550013, 'mae_binary': 0.47453880792550013, 'rmse_binary': 0.47453880792550013, 'brier_regret': 0.4503741604547094, 'kl': 0.5069920307941163}",target,not_target,False,194.12507568486035,median,median,10,"{'std_not_target': 0.0, 'std_target': 0.0}",,{},"{'repeat_aggregation': 'median', 'n_repeats': 10}"
semif_qwen35_4b,Qwen/Qwen3.5-4B@851bf6e806efd8d0a36b00ddf55e13ccb7b8cd0a,compound__seed_000050__repr_table,compound__seed_000050,compound,3,table,"[0.01,0.10]","{'parameters': {'k': 4, 'n': 9, 'query': 'exactly_k_successes', 'subtask': 'repeated_exact', 'success_probability': 0.2224}}","{'not_target': 0.912362307039702, 'target': 0.08763769296029794}","{'not_target': 0.04208772791561884, 'target': 0.9579122720843811}","{'tv': 0.8702745791240831, 'mae_binary': 0.8702745791240831, 'rmse_binary': 0.8702745791240831, 'brier_regret': 1.5147556861392, 'kl': 2.5970933228835036}",target,not_target,False,215.0531372986734,median,median,10,"{'std_not_target': 0.0, 'std_target': 0.0}",,{},"{'repeat_aggregation': 'median', 'n_repeats': 10}"
semif_qwen35_4b,Qwen/Qwen3.5-4B@851bf6e806efd8d0a36b00ddf55e13ccb7b8cd0a,compound__seed_000051__repr_direct,compound__seed_000051,compound,3,direct,"(0.55,0.70]","{'parameters': {'bad': 14, 'draws_without_replacement': 1, 'good': 19, 'k_good': 1, 'subtask': 'hypergeometric'}}","{'not_target': 0.4242424242424242, 'target': 0.5757575757575758}","{'not_target': 0.13296424019782924, 'target': 0.8670357598021706}","{'tv': 0.2912781840445949, 'mae_binary': 0.29127818404459493, 'rmse_binary': 0.29127818404459493, 'brier_regret': 0.16968596100063377, 'kl': 0.2565051694353634}",target,target,True,169.4332321640104,median,median,10,"{'std_not_target': 0.0, 'std_target': 0.0}",,{},"{'repeat_aggregation': 'median', 'n_repeats': 10}"
semif_qwen35_4b,Qwen/Qwen3.5-4B@851bf6e806efd8d0a36b00ddf55e13ccb7b8cd0a,compound__seed_000051__repr_prose,compound__seed_000051,compound,3,prose,"(0.55,0.70]","{'parameters': {'bad': 14, 'draws_without_replacement': 1, 'good': 19, 'k_good': 1, 'subtask': 'hypergeometric'}}","{'not_target': 0.4242424242424242, 'target': 0.5757575757575758}","{'not_target': 0.1480471980316895, 'target': 0.8519528019683106}","{'tv': 0.2761952262107347, 'mae_binary': 0.27619522621073467, 'rmse_binary': 0.27619522621073467, 'brier_regret': 0.15256760596319785, 'kl': 0.22102395923754584}",target,target,True,187.79171775095165,median,median,10,"{'std_not_target': 0.0, 'std_target': 0.0}",,{},"{'repeat_aggregation': 'median', 'n_repeats': 10}"
semif_qwen35_4b,Qwen/Qwen3.5-4B@851bf6e806efd8d0a36b00ddf55e13ccb7b8cd0a,compound__seed_000051__repr_table,compound__seed_000051,compound,3,table,"(0.55,0.70]","{'parameters': {'bad': 14, 'draws_without_replacement': 1, 'good': 19, 'k_good': 1, 'subtask': 'hypergeometric'}}","{'not_target': 0.4242424242424242, 'target': 0.5757575757575758}","{'not_target': 0.08509904500702024, 'target': 0.9149009549929797}","{'tv': 0.33914337923540394, 'mae_binary': 0.33914337923540394, 'rmse_binary': 0.33914337923540394, 'brier_regret': 0.23003646335841804, 'kl': 0.4148907894259126}",target,target,True,211.1967652104795,median,median,10,"{'std_not_target': 0.0, 'std_target': 0.0}",,{},"{'repeat_aggregation': 'median', 'n_repeats': 10}"
semif_qwen35_4b,Qwen/Qwen3.5-4B@851bf6e806efd8d0a36b00ddf55e13ccb7b8cd0a,compound__seed_000052__repr_direct,compound__seed_000052,compound,3,direct,"(0.45,0.55]","{'parameters': {'p_A': 0.453999, 'query': 'not_A', 'subtask': 'complement'}}","{'not_target': 0.45399900000000004, 'target': 0.546001}","{'not_target': 0.6513548646660542, 'target': 0.34864513533394575}","{'tv': 0.19735586466605418, 'mae_binary': 0.19735586466605415, 'rmse_binary': 0.19735586466605415, 'brier_regret': 0.07789867463617178, 'kl': 0.08104229748566652}",not_target,target,False,168.4391813352704,median,median,10,"{'std_not_target': 0.0, 'std_target': 0.0}",,{},"{'repeat_aggregation': 'median', 'n_repeats': 10}"
semif_qwen35_4b,Qwen/Qwen3.5-4B@851bf6e806efd8d0a36b00ddf55e13ccb7b8cd0a,compound__seed_000052__repr_prose,compound__seed_000052,compound,3,prose,"(0.45,0.55]","{'parameters': {'p_A': 0.453999, 'query': 'not_A', 'subtask': 'complement'}}","{'not_target': 0.45399900000000004, 'target': 0.546001}","{'not_target': 0.4378234991142019, 'target': 0.5621765008857981}","{'tv': 0.01617550088579814, 'mae_binary': 0.016175500885798166, 'rmse_binary': 0.016175500885798166, 'brier_regret': 0.0005232936578129127, 'kl': 0.0005301640879914783}",target,target,True,182.8400980681181,median,median,10,"{'std_not_target': 0.0, 'std_target': 0.0}",,{},"{'repeat_aggregation': 'median', 'n_repeats': 10}"
semif_qwen35_4b,Qwen/Qwen3.5-4B@851bf6e806efd8d0a36b00ddf55e13ccb7b8cd0a,compound__seed_000052__repr_table,compound__seed_000052,compound,3,table,"(0.45,0.55]","{'parameters': {'p_A': 0.453999, 'query': 'not_A', 'subtask': 'complement'}}","{'not_target': 0.45399900000000004, 'target': 0.546001}","{'not_target': 0.8354835371034369, 'target': 0.1645164628965632}","{'tv': 0.3814845371034368, 'mae_binary': 0.3814845371034369, 'rmse_binary': 0.3814845371034369, 'brier_regret': 0.29106090409804697, 'kl': 0.3780872545948068}",not_target,target,False,191.2302595563233,median,median,10,"{'std_not_target': 0.0, 'std_target': 0.0}",,{},"{'repeat_aggregation': 'median', 'n_repeats': 10}"
semif_qwen35_4b,Qwen/Qwen3.5-4B@851bf6e806efd8d0a36b00ddf55e13ccb7b8cd0a,compound__seed_000053__repr_direct,compound__seed_000053,compound,3,direct,"(0,0.01)","{'parameters': {'independent': True, 'p_A': 0.619861, 'p_B': 0.0114, 'query': 'A_and_B', 'subtask': 'intersection'}}","{'not_target': 0.9929335846, 'target': 0.0070664154000000005}","{'not_target': 0.10669059394565118, 'target': 0.8933094060543487}","{'tv': 0.8862429906543488, 'mae_binary': 0.8862429906543489, 'rmse_binary': 0.8862429906543489, 'brier_regret': 1.5708532769679284, 'kl': 2.180769027419398}",target,not_target,False,173.85089043527842,median,median,10,"{'std_not_target': 0.0, 'std_target': 0.0}",,{},"{'repeat_aggregation': 'median', 'n_repeats': 10}"
semif_qwen35_4b,Qwen/Qwen3.5-4B@851bf6e806efd8d0a36b00ddf55e13ccb7b8cd0a,compound__seed_000053__repr_prose,compound__seed_000053,compound,3,prose,"(0,0.01)","{'parameters': {'independent': True, 'p_A': 0.619861, 'p_B': 0.0114, 'query': 'A_and_B', 'subtask': 'intersection'}}","{'not_target': 0.9929335846, 'target': 0.0070664154000000005}","{'not_target': 0.29421497216298875, 'target': 0.7057850278370112}","{'tv': 0.6987186124370113, 'mae_binary': 0.6987186124370113, 'rmse_binary': 0.6987186124370113, 'brier_regret': 0.9764153987318047, 'kl': 1.1752243489028842}",target,not_target,False,191.52884781360626,median,median,10,"{'std_not_target': 0.0, 'std_target': 0.0}",,{},"{'repeat_aggregation': 'median', 'n_repeats': 10}"
semif_qwen35_4b,Qwen/Qwen3.5-4B@851bf6e806efd8d0a36b00ddf55e13ccb7b8cd0a,compound__seed_000053__repr_table,compound__seed_000053,compound,3,table,"(0,0.01)","{'parameters': {'independent': True, 'p_A': 0.619861, 'p_B': 0.0114, 'query': 'A_and_B', 'subtask': 'intersection'}}","{'not_target': 0.9929335846, 'target': 0.0070664154000000005}","{'not_target': 0.02297736991002561, 'target': 0.9770226300899744}","{'tv': 0.9699562146899744, 'mae_binary': 0.9699562146899744, 'rmse_binary': 0.9699562146899744, 'brier_regret': 1.8816301168314074, 'kl': 3.7047092879952537}",target,not_target,False,212.04849891364574,median,median,10,"{'std_not_target': 0.0, 'std_target': 0.0}",,{},"{'repeat_aggregation': 'median', 'n_repeats': 10}"
semif_qwen35_4b,Qwen/Qwen3.5-4B@851bf6e806efd8d0a36b00ddf55e13ccb7b8cd0a,compound__seed_000054__repr_direct,compound__seed_000054,compound,3,direct,"(0.70,0.90]","{'parameters': {'independent': True, 'p_A': 0.808057, 'p_B': 0.435333, 'query': 'A_or_B', 'subtask': 'union'}}","{'not_target': 0.10838387798100002, 'target': 0.891616122019}","{'not_target': 0.053403329799824234, 'target': 0.9465966702001757}","{'tv': 0.054980548181175745, 'mae_binary': 0.05498054818117579, 'rmse_binary': 0.05498054818117579, 'brier_regret': 0.006045721356605175, 'kl': 0.023362781221427938}",target,target,True,180.81908421590924,median,median,10,"{'std_not_target': 0.0, 'std_target': 0.0}",,{},"{'repeat_aggregation': 'median', 'n_repeats': 10}"
semif_qwen35_4b,Qwen/Qwen3.5-4B@851bf6e806efd8d0a36b00ddf55e13ccb7b8cd0a,compound__seed_000054__repr_prose,compound__seed_000054,compound,3,prose,"(0.70,0.90]","{'parameters': {'independent': True, 'p_A': 0.808057, 'p_B': 0.435333, 'query': 'A_or_B', 'subtask': 'union'}}","{'not_target': 0.10838387798100002, 'target': 0.891616122019}","{'not_target': 0.20181322226037882, 'target': 0.7981867777396212}","{'tv': 0.09342934427937878, 'mae_binary': 0.0934293442793788, 'rmse_binary': 0.0934293442793788, 'brier_regret': 0.01745808474494938, 'kl': 0.0313174366934976}",target,target,True,192.33757266774774,median,median,10,"{'std_not_target': 0.0, 'std_target': 0.0}",,{},"{'repeat_aggregation': 'median', 'n_repeats': 10}"
semif_qwen35_4b,Qwen/Qwen3.5-4B@851bf6e806efd8d0a36b00ddf55e13ccb7b8cd0a,compound__seed_000054__repr_table,compound__seed_000054,compound,3,table,"(0.70,0.90]","{'parameters': {'independent': True, 'p_A': 0.808057, 'p_B': 0.435333, 'query': 'A_or_B', 'subtask': 'union'}}","{'not_target': 0.10838387798100002, 'target': 0.891616122019}","{'not_target': 0.037326887344129464, 'target': 0.9626731126558706}","{'tv': 0.0710569906368706, 'mae_binary': 0.07105699063687056, 'rmse_binary': 0.07105699063687056, 'brier_regret': 0.010098191836736634, 'kl': 0.04716592799400775}",target,target,True,215.37784161046147,median,median,10,"{'std_not_target': 0.0, 'std_target': 0.0}",,{},"{'repeat_aggregation': 'median', 'n_repeats': 10}"
semif_qwen35_4b,Qwen/Qwen3.5-4B@851bf6e806efd8d0a36b00ddf55e13ccb7b8cd0a,compound__seed_000055__repr_direct,compound__seed_000055,compound,3,direct,"(0,0.01)","{'parameters': {'k': 3, 'n': 7, 'query': 'exactly_k_successes', 'subtask': 'repeated_exact', 'success_probability': 0.963857}}","{'not_target': 0.9999465186141359, 'target': 5.348138586410087e-05}","{'not_target': 0.07585818002124356, 'target': 0.9241418199787566}","{'tv': 0.9240883385928924, 'mae_binary': 0.9240883385928923, 'rmse_binary': 0.9240883385928923, 'brier_regret': 1.7078785150467442, 'kl': 2.578176498500371}",target,not_target,False,180.01108677126467,median,median,10,"{'std_not_target': 0.0, 'std_target': 0.0}",,{},"{'repeat_aggregation': 'median', 'n_repeats': 10}"
semif_qwen35_4b,Qwen/Qwen3.5-4B@851bf6e806efd8d0a36b00ddf55e13ccb7b8cd0a,compound__seed_000055__repr_prose,compound__seed_000055,compound,3,prose,"(0,0.01)","{'parameters': {'k': 3, 'n': 7, 'query': 'exactly_k_successes', 'subtask': 'repeated_exact', 'success_probability': 0.963857}}","{'not_target': 0.9999465186141359, 'target': 5.348138586410087e-05}","{'not_target': 0.32082130082460697, 'target': 0.679178699175393}","{'tv': 0.6791252177895288, 'mae_binary': 0.6791252177895288, 'rmse_binary': 0.6791252177895288, 'brier_regret': 0.92242212287535, 'kl': 1.1362513627479842}",target,not_target,False,196.6509015765041,median,median,10,"{'std_not_target': 0.0, 'std_target': 0.0}",,{},"{'repeat_aggregation': 'median', 'n_repeats': 10}"
semif_qwen35_4b,Qwen/Qwen3.5-4B@851bf6e806efd8d0a36b00ddf55e13ccb7b8cd0a,compound__seed_000055__repr_table,compound__seed_000055,compound,3,table,"(0,0.01)","{'parameters': {'k': 3, 'n': 7, 'query': 'exactly_k_successes', 'subtask': 'repeated_exact', 'success_probability': 0.963857}}","{'not_target': 0.9999465186141359, 'target': 5.348138586410087e-05}","{'not_target': 0.037326887344129464, 'target': 0.9626731126558706}","{'tv': 0.9626196312700064, 'mae_binary': 0.9626196312700064, 'rmse_binary': 0.9626196312700064, 'brier_regret': 1.8532731090128063, 'kl': 3.287288024856206}",target,not_target,False,214.70271763391793,median,median,10,"{'std_not_target': 0.0, 'std_target': 0.0}",,{},"{'repeat_aggregation': 'median', 'n_repeats': 10}"
semif_qwen35_4b,Qwen/Qwen3.5-4B@851bf6e806efd8d0a36b00ddf55e13ccb7b8cd0a,compound__seed_000056__repr_direct,compound__seed_000056,compound,3,direct,"(0.10,0.30]","{'parameters': {'bad': 20, 'draws_without_replacement': 2, 'good': 17, 'k_good': 2, 'subtask': 'hypergeometric'}}","{'not_target': 0.7957957957957957, 'target': 0.2042042042042042}","{'not_target': 0.10669059394565118, 'target': 0.8933094060543487}","{'tv': 0.6891052018501445, 'mae_binary': 0.6891052018501446, 'rmse_binary': 0.6891052018501446, 'brier_regret': 0.9497319584338568, 'kl': 1.297712605122429}",target,not_target,False,172.35285816714168,median,median,10,"{'std_not_target': 0.0, 'std_target': 0.0}",,{},"{'repeat_aggregation': 'median', 'n_repeats': 10}"
semif_qwen35_4b,Qwen/Qwen3.5-4B@851bf6e806efd8d0a36b00ddf55e13ccb7b8cd0a,compound__seed_000056__repr_prose,compound__seed_000056,compound,3,prose,"(0.10,0.30]","{'parameters': {'bad': 20, 'draws_without_replacement': 2, 'good': 17, 'k_good': 2, 'subtask': 'hypergeometric'}}","{'not_target': 0.7957957957957957, 'target': 0.2042042042042042}","{'not_target': 0.18242552380635632, 'target': 0.8175744761936437}","{'tv': 0.6133702719894394, 'mae_binary': 0.6133702719894394, 'rmse_binary': 0.6133702719894394, 'brier_regret': 0.7524461811207978, 'kl': 0.8889312319612397}",target,not_target,False,189.33130926452577,median,median,10,"{'std_not_target': 0.0, 'std_target': 0.0}",,{},"{'repeat_aggregation': 'median', 'n_repeats': 10}"
semif_qwen35_4b,Qwen/Qwen3.5-4B@851bf6e806efd8d0a36b00ddf55e13ccb7b8cd0a,compound__seed_000056__repr_table,compound__seed_000056,compound,3,table,"(0.10,0.30]","{'parameters': {'bad': 20, 'draws_without_replacement': 2, 'good': 17, 'k_good': 2, 'subtask': 'hypergeometric'}}","{'not_target': 0.7957957957957957, 'target': 0.2042042042042042}","{'not_target': 0.04208772791561884, 'target': 0.9579122720843811}","{'tv': 0.7537080678801769, 'mae_binary': 0.7537080678801769, 'rmse_binary': 0.7537080678801769, 'brier_regret': 1.1361517031753385, 'kl': 2.023685201375743}",target,not_target,False,210.03661723807454,median,median,10,"{'std_not_target': 0.0, 'std_target': 0.0}",,{},"{'repeat_aggregation': 'median', 'n_repeats': 10}"
semif_qwen35_4b,Qwen/Qwen3.5-4B@851bf6e806efd8d0a36b00ddf55e13ccb7b8cd0a,compound__seed_000057__repr_direct,compound__seed_000057,compound,3,direct,"(0.70,0.90]","{'parameters': {'p_A': 0.226962, 'query': 'not_A', 'subtask': 'complement'}}","{'not_target': 0.226962, 'target': 0.773038}","{'not_target': 0.7057850278370112, 'target': 0.29421497216298875}","{'tv': 0.47882302783701125, 'mae_binary': 0.47882302783701125, 'rmse_binary': 0.47882302783701125, 'brier_regret': 0.4585429839740065, 'kl': 0.4892734771672586}",not_target,target,False,169.4422162603587,median,median,10,"{'std_not_target': 0.0, 'std_target': 0.0}",,{},"{'repeat_aggregation': 'median', 'n_repeats': 10}"
semif_qwen35_4b,Qwen/Qwen3.5-4B@851bf6e806efd8d0a36b00ddf55e13ccb7b8cd0a,compound__seed_000057__repr_prose,compound__seed_000057,compound,3,prose,"(0.70,0.90]","{'parameters': {'p_A': 0.226962, 'query': 'not_A', 'subtask': 'complement'}}","{'not_target': 0.226962, 'target': 0.773038}","{'not_target': 0.5621765008857981, 'target': 0.4378234991142019}","{'tv': 0.3352145008857981, 'mae_binary': 0.3352145008857981, 'rmse_binary': 0.3352145008857981, 'brier_regret': 0.22473752320822948, 'kl': 0.23361956604104633}",not_target,target,False,184.08063002862036,median,median,10,"{'std_not_target': 0.0, 'std_target': 0.0}",,{},"{'repeat_aggregation': 'median', 'n_repeats': 10}"
semif_qwen35_4b,Qwen/Qwen3.5-4B@851bf6e806efd8d0a36b00ddf55e13ccb7b8cd0a,compound__seed_000057__repr_table,compound__seed_000057,compound,3,table,"(0.70,0.90]","{'parameters': {'p_A': 0.226962, 'query': 'not_A', 'subtask': 'complement'}}","{'not_target': 0.226962, 'target': 0.773038}","{'not_target': 0.8354835371034369, 'target': 0.1645164628965632}","{'tv': 0.6085215371034369, 'mae_binary': 0.6085215371034369, 'rmse_binary': 0.6085215371034369, 'brier_regret': 0.740596922237459, 'kl': 0.9003520315478618}",not_target,target,False,191.24379446730018,median,median,10,"{'std_not_target': 0.0, 'std_target': 0.0}",,{},"{'repeat_aggregation': 'median', 'n_repeats': 10}"
semif_qwen35_4b,Qwen/Qwen3.5-4B@851bf6e806efd8d0a36b00ddf55e13ccb7b8cd0a,compound__seed_000058__repr_direct,compound__seed_000058,compound,3,direct,"(0.30,0.45]","{'parameters': {'independent': True, 'p_A': 0.448231, 'p_B': 0.751995, 'query': 'A_and_B', 'subtask': 'intersection'}}","{'not_target': 0.662932529155, 'target': 0.337067470845}","{'not_target': 0.07585818002124356, 'target': 0.9241418199787566}","{'tv': 0.5870743491337564, 'mae_binary': 0.5870743491337564, 'rmse_binary': 0.5870743491337564, 'brier_regret': 0.6893125828216476, 'kl': 1.0971498974217642}",target,not_target,False,173.84379697032273,median,median,10,"{'std_not_target': 0.0, 'std_target': 0.0}",,{},"{'repeat_aggregation': 'median', 'n_repeats': 10}"
semif_qwen35_4b,Qwen/Qwen3.5-4B@851bf6e806efd8d0a36b00ddf55e13ccb7b8cd0a,compound__seed_000058__repr_prose,compound__seed_000058,compound,3,prose,"(0.30,0.45]","{'parameters': {'independent': True, 'p_A': 0.448231, 'p_B': 0.751995, 'query': 'A_and_B', 'subtask': 'intersection'}}","{'not_target': 0.662932529155, 'target': 0.337067470845}","{'not_target': 0.32082130082460697, 'target': 0.679178699175393}","{'tv': 0.342111228330393, 'mae_binary': 0.34211122833039304, 'rmse_binary': 0.34211122833039304, 'brier_regret': 0.2340801850994606, 'kl': 0.24499924322286457}",target,not_target,False,192.2531323041767,median,median,10,"{'std_not_target': 0.0, 'std_target': 0.0}",,{},"{'repeat_aggregation': 'median', 'n_repeats': 10}"
semif_qwen35_4b,Qwen/Qwen3.5-4B@851bf6e806efd8d0a36b00ddf55e13ccb7b8cd0a,compound__seed_000058__repr_table,compound__seed_000058,compound,3,table,"(0.30,0.45]","{'parameters': {'independent': True, 'p_A': 0.448231, 'p_B': 0.751995, 'query': 'A_and_B', 'subtask': 'intersection'}}","{'not_target': 0.662932529155, 'target': 0.337067470845}","{'not_target': 0.029312230751356316, 'target': 0.9706877692486436}","{'tv': 0.6336202984036436, 'mae_binary': 0.6336202984036436, 'rmse_binary': 0.6336202984036436, 'brier_regret': 0.8029493650982449, 'kl': 1.710943110556835}",target,not_target,False,213.87784373946488,median,median,10,"{'std_not_target': 0.0, 'std_target': 0.0}",,{},"{'repeat_aggregation': 'median', 'n_repeats': 10}"
semif_qwen35_4b,Qwen/Qwen3.5-4B@851bf6e806efd8d0a36b00ddf55e13ccb7b8cd0a,compound__seed_000059__repr_direct,compound__seed_000059,compound,3,direct,"(0.45,0.55]","{'parameters': {'independent': True, 'p_A': 0.479732, 'p_B': 0.030902, 'query': 'A_or_B', 'subtask': 'union'}}","{'not_target': 0.504190678264, 'target': 0.495809321736}","{'not_target': 0.08509904500702024, 'target': 0.9149009549929797}","{'tv': 0.41909163325697973, 'mae_binary': 0.41909163325697973, 'rmse_binary': 0.41909163325697973, 'brier_regret': 0.3512755941320056, 'kl': 0.5932802697718513}",target,not_target,False,179.31593437679112,median,median,10,"{'std_not_target': 0.0, 'std_target': 0.0}",,{},"{'repeat_aggregation': 'median', 'n_repeats': 10}"
semif_qwen35_4b,Qwen/Qwen3.5-4B@851bf6e806efd8d0a36b00ddf55e13ccb7b8cd0a,compound__seed_000059__repr_prose,compound__seed_000059,compound,3,prose,"(0.45,0.55]","{'parameters': {'independent': True, 'p_A': 0.479732, 'p_B': 0.030902, 'query': 'A_or_B', 'subtask': 'union'}}","{'not_target': 0.504190678264, 'target': 0.495809321736}","{'not_target': 0.11920292202211755, 'target': 0.8807970779778823}","{'tv': 0.38498775624188236, 'mae_binary': 0.3849877562418824, 'rmse_binary': 0.3849877562418824, 'brier_regret': 0.29643114491231803, 'kl': 0.44219731099088533}",target,not_target,False,195.17258242703974,median,median,10,"{'std_not_target': 0.0, 'std_target': 0.0}",,{},"{'repeat_aggregation': 'median', 'n_repeats': 10}"
semif_qwen35_4b,Qwen/Qwen3.5-4B@851bf6e806efd8d0a36b00ddf55e13ccb7b8cd0a,compound__seed_000059__repr_table,compound__seed_000059,compound,3,table,"(0.45,0.55]","{'parameters': {'independent': True, 'p_A': 0.479732, 'p_B': 0.030902, 'query': 'A_or_B', 'subtask': 'union'}}","{'not_target': 0.504190678264, 'target': 0.495809321736}","{'not_target': 0.029312230751356316, 'target': 0.9706877692486436}","{'tv': 0.47487844751264363, 'mae_binary': 0.4748784475126437, 'rmse_binary': 0.4748784475126437, 'brier_regret': 0.45101907982403733, 'kl': 1.1013057356165332}",target,not_target,False,214.54399339854717,median,median,10,"{'std_not_target': 0.0, 'std_target': 0.0}",,{},"{'repeat_aggregation': 'median', 'n_repeats': 10}"
semif_qwen35_4b,Qwen/Qwen3.5-4B@851bf6e806efd8d0a36b00ddf55e13ccb7b8cd0a,compound__seed_000060__repr_direct,compound__seed_000060,compound,3,direct,"[0.01,0.10]","{'parameters': {'k': 1, 'n': 7, 'query': 'exactly_k_successes', 'subtask': 'repeated_exact', 'success_probability': 0.576366}}","{'not_target': 0.9766793181437634, 'target': 0.023320681856236536}","{'not_target': 0.0953494648991095, 'target': 0.9046505351008906}","{'tv': 0.881329853244654, 'mae_binary': 0.8813298532446538, 'rmse_binary': 0.8813298532446538, 'brier_regret': 1.5534846204404866, 'kl': 2.1870396158170418}",target,not_target,False,180.0443034619093,median,median,10,"{'std_not_target': 0.0, 'std_target': 0.0}",,{},"{'repeat_aggregation': 'median', 'n_repeats': 10}"
semif_qwen35_4b,Qwen/Qwen3.5-4B@851bf6e806efd8d0a36b00ddf55e13ccb7b8cd0a,compound__seed_000060__repr_prose,compound__seed_000060,compound,3,prose,"[0.01,0.10]","{'parameters': {'k': 1, 'n': 7, 'query': 'exactly_k_successes', 'subtask': 'repeated_exact', 'success_probability': 0.576366}}","{'not_target': 0.9766793181437634, 'target': 0.023320681856236536}","{'not_target': 0.4073334000459302, 'target': 0.5926665999540697}","{'tv': 0.5693459180978331, 'mae_binary': 0.5693459180978332, 'rmse_binary': 0.5693459180978332, 'brier_regret': 0.648309548909329, 'kl': 0.7786825995205783}",target,not_target,False,195.87751287035644,median,median,10,"{'std_not_target': 0.0, 'std_target': 0.0}",,{},"{'repeat_aggregation': 'median', 'n_repeats': 10}"
semif_qwen35_4b,Qwen/Qwen3.5-4B@851bf6e806efd8d0a36b00ddf55e13ccb7b8cd0a,compound__seed_000060__repr_table,compound__seed_000060,compound,3,table,"[0.01,0.10]","{'parameters': {'k': 1, 'n': 7, 'query': 'exactly_k_successes', 'subtask': 'repeated_exact', 'success_probability': 0.576366}}","{'not_target': 0.9766793181437634, 'target': 0.023320681856236536}","{'not_target': 0.06008665017400762, 'target': 0.9399133498259924}","{'tv': 0.9165926679697558, 'mae_binary': 0.9165926679697558, 'rmse_binary': 0.9165926679697558, 'brier_regret': 1.68028423795183, 'kl': 2.637140304975375}",target,not_target,False,215.32720010727644,median,median,10,"{'std_not_target': 0.0, 'std_target': 0.0}",,{},"{'repeat_aggregation': 'median', 'n_repeats': 10}"
semif_qwen35_4b,Qwen/Qwen3.5-4B@851bf6e806efd8d0a36b00ddf55e13ccb7b8cd0a,compound__seed_000061__repr_direct,compound__seed_000061,compound,3,direct,"[0.01,0.10]","{'parameters': {'bad': 13, 'draws_without_replacement': 4, 'good': 13, 'k_good': 4, 'subtask': 'hypergeometric'}}","{'not_target': 0.9521739130434783, 'target': 0.04782608695652174}","{'not_target': 0.11920292202211755, 'target': 0.8807970779778823}","{'tv': 0.8329709910213606, 'mae_binary': 0.8329709910213607, 'rmse_binary': 0.8329709910213607, 'brier_regret': 1.3876813437662152, 'kl': 1.839211992687585}",target,not_target,False,172.131461603567,median,median,10,"{'std_not_target': 0.0, 'std_target': 0.0}",,{},"{'repeat_aggregation': 'median', 'n_repeats': 10}"
semif_qwen35_4b,Qwen/Qwen3.5-4B@851bf6e806efd8d0a36b00ddf55e13ccb7b8cd0a,compound__seed_000061__repr_prose,compound__seed_000061,compound,3,prose,"[0.01,0.10]","{'parameters': {'bad': 13, 'draws_without_replacement': 4, 'good': 13, 'k_good': 4, 'subtask': 'hypergeometric'}}","{'not_target': 0.9521739130434783, 'target': 0.04782608695652174}","{'not_target': 0.11920292202211755, 'target': 0.8807970779778823}","{'tv': 0.8329709910213606, 'mae_binary': 0.8329709910213607, 'rmse_binary': 0.8329709910213607, 'brier_regret': 1.3876813437662152, 'kl': 1.839211992687585}",target,not_target,False,193.18885002285242,median,median,10,"{'std_not_target': 0.0, 'std_target': 0.0}",,{},"{'repeat_aggregation': 'median', 'n_repeats': 10}"
semif_qwen35_4b,Qwen/Qwen3.5-4B@851bf6e806efd8d0a36b00ddf55e13ccb7b8cd0a,compound__seed_000061__repr_table,compound__seed_000061,compound,3,table,"[0.01,0.10]","{'parameters': {'bad': 13, 'draws_without_replacement': 4, 'good': 13, 'k_good': 4, 'subtask': 'hypergeometric'}}","{'not_target': 0.9521739130434783, 'target': 0.04782608695652174}","{'not_target': 0.06008665017400762, 'target': 0.9399133498259924}","{'tv': 0.8920872628694707, 'mae_binary': 0.8920872628694707, 'rmse_binary': 0.8920872628694707, 'brier_regret': 1.5916393691478883, 'kl': 2.4883820054304198}",target,not_target,False,212.28110250085592,median,median,10,"{'std_not_target': 0.0, 'std_target': 0.0}",,{},"{'repeat_aggregation': 'median', 'n_repeats': 10}"
semif_qwen35_4b,Qwen/Qwen3.5-4B@851bf6e806efd8d0a36b00ddf55e13ccb7b8cd0a,conditional__seed_000042__repr_direct,conditional__seed_000042,conditional,4,direct,"(0.45,0.55]","{'parameters': {'boundary_rule': 'include records exactly at cutoff T', 'contingency': {'A': {'B': 74, 'not_B': 48}, 'not_A': {'B': 79, 'not_B': 55}}, 'query': 'P(A|B)', 'sampling': 'uniform among records satisfying B', 'temporal_filter': 'all records observed before cutoff T'}}","{'A': 0.48366013071895425, 'not_A': 0.5163398692810457}","{'A': 0.8175744761936437, 'not_A': 0.18242552380635632}","{'tv': 0.33391434547468934, 'mae_binary': 0.3339143454746894, 'rmse_binary': 0.3339143454746894, 'brier_regret': 0.22299758022758043, 'kl': 0.28330997908707023}",A,not_A,False,193.78797668032348,median,median,10,"{'std_A': 0.0, 'std_not_A': 0.0}",,{},"{'repeat_aggregation': 'median', 'n_repeats': 10}"
semif_qwen35_4b,Qwen/Qwen3.5-4B@851bf6e806efd8d0a36b00ddf55e13ccb7b8cd0a,conditional__seed_000042__repr_distractor,conditional__seed_000042,conditional,4,distractor,"(0.45,0.55]","{'parameters': {'boundary_rule': 'include records exactly at cutoff T', 'contingency': {'A': {'B': 74, 'not_B': 48}, 'not_A': {'B': 79, 'not_B': 55}}, 'query': 'P(A|B)', 'sampling': 'uniform among records satisfying B', 'temporal_filter': 'all records observed before cutoff T'}}","{'A': 0.48366013071895425, 'not_A': 0.5163398692810457}","{'A': 0.8807970779778823, 'not_A': 0.11920292202211755}","{'tv': 0.3971369472589281, 'mae_binary': 0.39713694725892806, 'rmse_binary': 0.39713694725892806, 'brier_regret': 0.31543550975628126, 'kl': 0.46699464678781316}",A,not_A,False,218.4531138278544,median,median,10,"{'std_A': 0.0, 'std_not_A': 0.0}",,{},"{'repeat_aggregation': 'median', 'n_repeats': 10}"
semif_qwen35_4b,Qwen/Qwen3.5-4B@851bf6e806efd8d0a36b00ddf55e13ccb7b8cd0a,conditional__seed_000042__repr_nested,conditional__seed_000042,conditional,4,nested,"(0.45,0.55]","{'parameters': {'boundary_rule': 'include records exactly at cutoff T', 'contingency': {'A': {'B': 74, 'not_B': 48}, 'not_A': {'B': 79, 'not_B': 55}}, 'query': 'P(A|B)', 'sampling': 'uniform among records satisfying B', 'temporal_filter': 'all records observed before cutoff T'}}","{'A': 0.48366013071895425, 'not_A': 0.5163398692810457}","{'A': 0.7981867777396212, 'not_A': 0.20181322226037882}","{'tv': 0.3145266470206669, 'mae_binary': 0.31452664702066696, 'rmse_binary': 0.31452664702066696, 'brier_regret': 0.19785402337212643, 'kl': 0.24276686904583497}",A,not_A,False,194.89638549275696,median,median,10,"{'std_A': 0.0, 'std_not_A': 0.0}",,{},"{'repeat_aggregation': 'median', 'n_repeats': 10}"
semif_qwen35_4b,Qwen/Qwen3.5-4B@851bf6e806efd8d0a36b00ddf55e13ccb7b8cd0a,conditional__seed_000042__repr_prose,conditional__seed_000042,conditional,4,prose,"(0.45,0.55]","{'parameters': {'boundary_rule': 'include records exactly at cutoff T', 'contingency': {'A': {'B': 74, 'not_B': 48}, 'not_A': {'B': 79, 'not_B': 55}}, 'query': 'P(A|B)', 'sampling': 'uniform among records satisfying B', 'temporal_filter': 'all records observed before cutoff T'}}","{'A': 0.48366013071895425, 'not_A': 0.5163398692810457}","{'A': 0.8354835371034369, 'not_A': 0.1645164628965632}","{'tv': 0.3518234063844826, 'mae_binary': 0.3518234063844827, 'rmse_binary': 0.3518234063844827, 'brier_regret': 0.24755941855996155, 'kl': 0.32618382015010744}",A,not_A,False,210.0584447849542,median,median,10,"{'std_A': 0.0, 'std_not_A': 0.0}",,{},"{'repeat_aggregation': 'median', 'n_repeats': 10}"
semif_qwen35_4b,Qwen/Qwen3.5-4B@851bf6e806efd8d0a36b00ddf55e13ccb7b8cd0a,conditional__seed_000042__repr_table,conditional__seed_000042,conditional,4,table,"(0.45,0.55]","{'parameters': {'boundary_rule': 'include records exactly at cutoff T', 'contingency': {'A': {'B': 74, 'not_B': 48}, 'not_A': {'B': 79, 'not_B': 55}}, 'query': 'P(A|B)', 'sampling': 'uniform among records satisfying B', 'temporal_filter': 'all records observed before cutoff T'}}","{'A': 0.48366013071895425, 'not_A': 0.5163398692810457}","{'A': 0.8519528019683106, 'not_A': 0.1480471980316895}","{'tv': 0.3682926712493563, 'mae_binary': 0.36829267124935633, 'rmse_binary': 0.36829267124935633, 'brier_regret': 0.27127898339197276, 'kl': 0.3712058188626663}",A,not_A,False,211.39466585591435,median,median,10,"{'std_A': 0.0, 'std_not_A': 0.0}",,{},"{'repeat_aggregation': 'median', 'n_repeats': 10}"
semif_qwen35_4b,Qwen/Qwen3.5-4B@851bf6e806efd8d0a36b00ddf55e13ccb7b8cd0a,conditional__seed_000043__repr_direct,conditional__seed_000043,conditional,4,direct,"(0.55,0.70]","{'parameters': {'boundary_rule': 'include records exactly at cutoff T', 'contingency': {'A': {'B': 65, 'not_B': 81}, 'not_A': {'B': 48, 'not_B': 34}}, 'query': 'P(A|B)', 'sampling': 'uniform among records satisfying B', 'temporal_filter': 'all records observed before cutoff T'}}","{'A': 0.5752212389380531, 'not_A': 0.4247787610619469}","{'A': 0.7981867777396212, 'not_A': 0.20181322226037882}","{'tv': 0.2229655388015681, 'mae_binary': 0.2229655388015681, 'rmse_binary': 0.2229655388015681, 'brier_regret': 0.09942726298614714, 'kl': 0.1276958157813001}",A,A,True,191.32474302314222,median,median,10,"{'std_A': 0.0, 'std_not_A': 0.0}",,{},"{'repeat_aggregation': 'median', 'n_repeats': 10}"
semif_qwen35_4b,Qwen/Qwen3.5-4B@851bf6e806efd8d0a36b00ddf55e13ccb7b8cd0a,conditional__seed_000043__repr_distractor,conditional__seed_000043,conditional,4,distractor,"(0.55,0.70]","{'parameters': {'boundary_rule': 'include records exactly at cutoff T', 'contingency': {'A': {'B': 65, 'not_B': 81}, 'not_A': {'B': 48, 'not_B': 34}}, 'query': 'P(A|B)', 'sampling': 'uniform among records satisfying B', 'temporal_filter': 'all records observed before cutoff T'}}","{'A': 0.5752212389380531, 'not_A': 0.4247787610619469}","{'A': 0.8933094060543487, 'not_A': 0.10669059394565118}","{'tv': 0.3180881671162957, 'mae_binary': 0.3180881671162956, 'rmse_binary': 0.3180881671162956, 'brier_regret': 0.2023601641188089, 'kl': 0.33368951374768174}",A,A,True,216.12395788542926,median,median,10,"{'std_A': 0.0, 'std_not_A': 0.0}",,{},"{'repeat_aggregation': 'median', 'n_repeats': 10}"
semif_qwen35_4b,Qwen/Qwen3.5-4B@851bf6e806efd8d0a36b00ddf55e13ccb7b8cd0a,conditional__seed_000043__repr_nested,conditional__seed_000043,conditional,4,nested,"(0.55,0.70]","{'parameters': {'boundary_rule': 'include records exactly at cutoff T', 'contingency': {'A': {'B': 65, 'not_B': 81}, 'not_A': {'B': 48, 'not_B': 34}}, 'query': 'P(A|B)', 'sampling': 'uniform among records satisfying B', 'temporal_filter': 'all records observed before cutoff T'}}","{'A': 0.5752212389380531, 'not_A': 0.4247787610619469}","{'A': 0.7981867777396212, 'not_A': 0.20181322226037882}","{'tv': 0.2229655388015681, 'mae_binary': 0.2229655388015681, 'rmse_binary': 0.2229655388015681, 'brier_regret': 0.09942726298614714, 'kl': 0.1276958157813001}",A,A,True,194.87402266822755,median,median,10,"{'std_A': 0.0, 'std_not_A': 0.0}",,{},"{'repeat_aggregation': 'median', 'n_repeats': 10}"
semif_qwen35_4b,Qwen/Qwen3.5-4B@851bf6e806efd8d0a36b00ddf55e13ccb7b8cd0a,conditional__seed_000043__repr_prose,conditional__seed_000043,conditional,4,prose,"(0.55,0.70]","{'parameters': {'boundary_rule': 'include records exactly at cutoff T', 'contingency': {'A': {'B': 65, 'not_B': 81}, 'not_A': {'B': 48, 'not_B': 34}}, 'query': 'P(A|B)', 'sampling': 'uniform among records satisfying B', 'temporal_filter': 'all records observed before cutoff T'}}","{'A': 0.5752212389380531, 'not_A': 0.4247787610619469}","{'A': 0.8354835371034369, 'not_A': 0.1645164628965632}","{'tv': 0.26026229816538377, 'mae_binary': 0.2602622981653838, 'rmse_binary': 0.2602622981653838, 'brier_regret': 0.13547292769265423, 'kl': 0.1882224898307977}",A,A,True,208.18000598810613,median,median,10,"{'std_A': 0.0, 'std_not_A': 0.0}",,{},"{'repeat_aggregation': 'median', 'n_repeats': 10}"
semif_qwen35_4b,Qwen/Qwen3.5-4B@851bf6e806efd8d0a36b00ddf55e13ccb7b8cd0a,conditional__seed_000043__repr_table,conditional__seed_000043,conditional,4,table,"(0.55,0.70]","{'parameters': {'boundary_rule': 'include records exactly at cutoff T', 'contingency': {'A': {'B': 65, 'not_B': 81}, 'not_A': {'B': 48, 'not_B': 34}}, 'query': 'P(A|B)', 'sampling': 'uniform among records satisfying B', 'temporal_filter': 'all records observed before cutoff T'}}","{'A': 0.5752212389380531, 'not_A': 0.4247787610619469}","{'A': 0.8519528019683106, 'not_A': 0.1480471980316895}","{'tv': 0.2767315630302574, 'mae_binary': 0.2767315630302575, 'rmse_binary': 0.2767315630302575, 'brier_regret': 0.15316071595433867, 'kl': 0.22179935001596934}",A,A,True,217.29718390852213,median,median,10,"{'std_A': 0.0, 'std_not_A': 0.0}",,{},"{'repeat_aggregation': 'median', 'n_repeats': 10}"
semif_qwen35_4b,Qwen/Qwen3.5-4B@851bf6e806efd8d0a36b00ddf55e13ccb7b8cd0a,conditional__seed_000044__repr_direct,conditional__seed_000044,conditional,4,direct,"(0.45,0.55]","{'parameters': {'boundary_rule': 'include records exactly at cutoff T', 'contingency': {'A': {'B': 75, 'not_B': 6}, 'not_A': {'B': 81, 'not_B': 24}}, 'query': 'P(A|B)', 'sampling': 'uniform among records satisfying B', 'temporal_filter': 'all records observed before cutoff T'}}","{'A': 0.4807692307692308, 'not_A': 0.5192307692307692}","{'A': 0.8519528019683106, 'not_A': 0.1480471980316895}","{'tv': 0.37118357119907974, 'mae_binary': 0.3711835711990798, 'rmse_binary': 0.3711835711990798, 'brier_regret': 0.27555448705620456, 'kl': 0.3764706434686193}",A,not_A,False,192.39252423867583,median,median,10,"{'std_A': 0.0, 'std_not_A': 0.0}",,{},"{'repeat_aggregation': 'median', 'n_repeats': 10}"
semif_qwen35_4b,Qwen/Qwen3.5-4B@851bf6e806efd8d0a36b00ddf55e13ccb7b8cd0a,conditional__seed_000044__repr_distractor,conditional__seed_000044,conditional,4,distractor,"(0.45,0.55]","{'parameters': {'boundary_rule': 'include records exactly at cutoff T', 'contingency': {'A': {'B': 75, 'not_B': 6}, 'not_A': {'B': 81, 'not_B': 24}}, 'query': 'P(A|B)', 'sampling': 'uniform among records satisfying B', 'temporal_filter': 'all records observed before cutoff T'}}","{'A': 0.4807692307692308, 'not_A': 0.5192307692307692}","{'A': 0.9046505351008906, 'not_A': 0.0953494648991095}","{'tv': 0.4238813043316597, 'mae_binary': 0.42388130433165977, 'rmse_binary': 0.42388130433165977, 'brier_regret': 0.3593507203238182, 'kl': 0.5760684365626638}",A,not_A,False,215.84162930957973,median,median,10,"{'std_A': 0.0, 'std_not_A': 0.0}",,{},"{'repeat_aggregation': 'median', 'n_repeats': 10}"
semif_qwen35_4b,Qwen/Qwen3.5-4B@851bf6e806efd8d0a36b00ddf55e13ccb7b8cd0a,conditional__seed_000044__repr_nested,conditional__seed_000044,conditional,4,nested,"(0.45,0.55]","{'parameters': {'boundary_rule': 'include records exactly at cutoff T', 'contingency': {'A': {'B': 75, 'not_B': 6}, 'not_A': {'B': 81, 'not_B': 24}}, 'query': 'P(A|B)', 'sampling': 'uniform among records satisfying B', 'temporal_filter': 'all records observed before cutoff T'}}","{'A': 0.4807692307692308, 'not_A': 0.5192307692307692}","{'A': 0.8354835371034369, 'not_A': 0.1645164628965632}","{'tv': 0.3547143063342061, 'mae_binary': 0.35471430633420614, 'rmse_binary': 0.35471430633420614, 'brier_regret': 0.251644478236314, 'kl': 0.331087282262345}",A,not_A,False,196.34775072336197,median,median,10,"{'std_A': 0.0, 'std_not_A': 0.0}",,{},"{'repeat_aggregation': 'median', 'n_repeats': 10}"
semif_qwen35_4b,Qwen/Qwen3.5-4B@851bf6e806efd8d0a36b00ddf55e13ccb7b8cd0a,conditional__seed_000044__repr_prose,conditional__seed_000044,conditional,4,prose,"(0.45,0.55]","{'parameters': {'boundary_rule': 'include records exactly at cutoff T', 'contingency': {'A': {'B': 75, 'not_B': 6}, 'not_A': {'B': 81, 'not_B': 24}}, 'query': 'P(A|B)', 'sampling': 'uniform among records satisfying B', 'temporal_filter': 'all records observed before cutoff T'}}","{'A': 0.4807692307692308, 'not_A': 0.5192307692307692}","{'A': 0.7772998611746911, 'not_A': 0.22270013882530884}","{'tv': 0.29653063040546035, 'mae_binary': 0.2965306304054603, 'rmse_binary': 0.2965306304054603, 'brier_regret': 0.1758608295373194, 'kl': 0.20856018976052065}",A,not_A,False,210.420860350132,median,median,10,"{'std_A': 0.0, 'std_not_A': 0.0}",,{},"{'repeat_aggregation': 'median', 'n_repeats': 10}"
semif_qwen35_4b,Qwen/Qwen3.5-4B@851bf6e806efd8d0a36b00ddf55e13ccb7b8cd0a,conditional__seed_000044__repr_table,conditional__seed_000044,conditional,4,table,"(0.45,0.55]","{'parameters': {'boundary_rule': 'include records exactly at cutoff T', 'contingency': {'A': {'B': 75, 'not_B': 6}, 'not_A': {'B': 81, 'not_B': 24}}, 'query': 'P(A|B)', 'sampling': 'uniform among records satisfying B', 'temporal_filter': 'all records observed before cutoff T'}}","{'A': 0.4807692307692308, 'not_A': 0.5192307692307692}","{'A': 0.9046505351008906, 'not_A': 0.0953494648991095}","{'tv': 0.4238813043316597, 'mae_binary': 0.42388130433165977, 'rmse_binary': 0.42388130433165977, 'brier_regret': 0.3593507203238182, 'kl': 0.5760684365626638}",A,not_A,False,213.2092381361872,median,median,10,"{'std_A': 0.0, 'std_not_A': 0.0}",,{},"{'repeat_aggregation': 'median', 'n_repeats': 10}"
semif_qwen35_4b,Qwen/Qwen3.5-4B@851bf6e806efd8d0a36b00ddf55e13ccb7b8cd0a,conditional__seed_000045__repr_direct,conditional__seed_000045,conditional,4,direct,"(0.30,0.45]","{'parameters': {'boundary_rule': 'include records exactly at cutoff T', 'contingency': {'A': {'B': 40, 'not_B': 42}, 'not_A': {'B': 52, 'not_B': 79}}, 'query': 'P(A|B)', 'sampling': 'uniform among records satisfying B', 'temporal_filter': 'all records observed before cutoff T'}}","{'A': 0.43478260869565216, 'not_A': 0.5652173913043479}","{'A': 0.7981867777396212, 'not_A': 0.20181322226037882}","{'tv': 0.3634041690439691, 'mae_binary': 0.36340416904396905, 'rmse_binary': 0.36340416904396905, 'brier_regret': 0.2641251801570753, 'kl': 0.3179702868438216}",A,not_A,False,192.99709899351,median,median,10,"{'std_A': 0.0, 'std_not_A': 0.0}",,{},"{'repeat_aggregation': 'median', 'n_repeats': 10}"
semif_qwen35_4b,Qwen/Qwen3.5-4B@851bf6e806efd8d0a36b00ddf55e13ccb7b8cd0a,conditional__seed_000045__repr_distractor,conditional__seed_000045,conditional,4,distractor,"(0.30,0.45]","{'parameters': {'boundary_rule': 'include records exactly at cutoff T', 'contingency': {'A': {'B': 40, 'not_B': 42}, 'not_A': {'B': 52, 'not_B': 79}}, 'query': 'P(A|B)', 'sampling': 'uniform among records satisfying B', 'temporal_filter': 'all records observed before cutoff T'}}","{'A': 0.43478260869565216, 'not_A': 0.5652173913043479}","{'A': 0.8519528019683106, 'not_A': 0.1480471980316895}","{'tv': 0.41717019327265836, 'mae_binary': 0.4171701932726584, 'rmse_binary': 0.4171701932726584, 'brier_regret': 0.3480619403102943, 'kl': 0.46473830741939115}",A,not_A,False,217.53883436322212,median,median,10,"{'std_A': 0.0, 'std_not_A': 0.0}",,{},"{'repeat_aggregation': 'median', 'n_repeats': 10}"
semif_qwen35_4b,Qwen/Qwen3.5-4B@851bf6e806efd8d0a36b00ddf55e13ccb7b8cd0a,conditional__seed_000045__repr_nested,conditional__seed_000045,conditional,4,nested,"(0.30,0.45]","{'parameters': {'boundary_rule': 'include records exactly at cutoff T', 'contingency': {'A': {'B': 40, 'not_B': 42}, 'not_A': {'B': 52, 'not_B': 79}}, 'query': 'P(A|B)', 'sampling': 'uniform among records satisfying B', 'temporal_filter': 'all records observed before cutoff T'}}","{'A': 0.43478260869565216, 'not_A': 0.5652173913043479}","{'A': 0.7549149868676283, 'not_A': 0.24508501313237172}","{'tv': 0.32013237817197615, 'mae_binary': 0.3201323781719761, 'rmse_binary': 0.3201323781719761, 'brier_regret': 0.20496947910809027, 'kl': 0.2324034236644016}",A,not_A,False,194.65021081268787,median,median,10,"{'std_A': 0.0, 'std_not_A': 0.0}",,{},"{'repeat_aggregation': 'median', 'n_repeats': 10}"
semif_qwen35_4b,Qwen/Qwen3.5-4B@851bf6e806efd8d0a36b00ddf55e13ccb7b8cd0a,conditional__seed_000045__repr_prose,conditional__seed_000045,conditional,4,prose,"(0.30,0.45]","{'parameters': {'boundary_rule': 'include records exactly at cutoff T', 'contingency': {'A': {'B': 40, 'not_B': 42}, 'not_A': {'B': 52, 'not_B': 79}}, 'query': 'P(A|B)', 'sampling': 'uniform among records satisfying B', 'temporal_filter': 'all records observed before cutoff T'}}","{'A': 0.43478260869565216, 'not_A': 0.5652173913043479}","{'A': 0.7549149868676283, 'not_A': 0.24508501313237172}","{'tv': 0.32013237817197615, 'mae_binary': 0.3201323781719761, 'rmse_binary': 0.3201323781719761, 'brier_regret': 0.20496947910809027, 'kl': 0.2324034236644016}",A,not_A,False,210.24922113865614,median,median,10,"{'std_A': 0.0, 'std_not_A': 0.0}",,{},"{'repeat_aggregation': 'median', 'n_repeats': 10}"
semif_qwen35_4b,Qwen/Qwen3.5-4B@851bf6e806efd8d0a36b00ddf55e13ccb7b8cd0a,conditional__seed_000045__repr_table,conditional__seed_000045,conditional,4,table,"(0.30,0.45]","{'parameters': {'boundary_rule': 'include records exactly at cutoff T', 'contingency': {'A': {'B': 40, 'not_B': 42}, 'not_A': {'B': 52, 'not_B': 79}}, 'query': 'P(A|B)', 'sampling': 'uniform among records satisfying B', 'temporal_filter': 'all records observed before cutoff T'}}","{'A': 0.43478260869565216, 'not_A': 0.5652173913043479}","{'A': 0.8175744761936437, 'not_A': 0.18242552380635632}","{'tv': 0.38279186749799154, 'mae_binary': 0.3827918674979915, 'rmse_binary': 0.3827918674979915, 'brier_regret': 0.29305922764519976, 'kl': 0.36462308713796965}",A,not_A,False,216.28601443953812,median,median,10,"{'std_A': 0.0, 'std_not_A': 0.0}",,{},"{'repeat_aggregation': 'median', 'n_repeats': 10}"
semif_qwen35_4b,Qwen/Qwen3.5-4B@851bf6e806efd8d0a36b00ddf55e13ccb7b8cd0a,conditional__seed_000046__repr_direct,conditional__seed_000046,conditional,4,direct,"(0.55,0.70]","{'parameters': {'boundary_rule': 'include records exactly at cutoff T', 'contingency': {'A': {'B': 79, 'not_B': 17}, 'not_A': {'B': 50, 'not_B': 54}}, 'query': 'P(A|B)', 'sampling': 'uniform among records satisfying B', 'temporal_filter': 'all records observed before cutoff T'}}","{'A': 0.6124031007751938, 'not_A': 0.3875968992248062}","{'A': 0.8354835371034369, 'not_A': 0.1645164628965632}","{'tv': 0.2230804363282431, 'mae_binary': 0.22308043632824315, 'rmse_binary': 0.22308043632824315, 'brier_regret': 0.09952976214479864, 'kl': 0.14192859239066893}",A,A,True,190.18842242658138,median,median,10,"{'std_A': 0.0, 'std_not_A': 0.0}",,{},"{'repeat_aggregation': 'median', 'n_repeats': 10}"
semif_qwen35_4b,Qwen/Qwen3.5-4B@851bf6e806efd8d0a36b00ddf55e13ccb7b8cd0a,conditional__seed_000046__repr_distractor,conditional__seed_000046,conditional,4,distractor,"(0.55,0.70]","{'parameters': {'boundary_rule': 'include records exactly at cutoff T', 'contingency': {'A': {'B': 79, 'not_B': 17}, 'not_A': {'B': 50, 'not_B': 54}}, 'query': 'P(A|B)', 'sampling': 'uniform among records satisfying B', 'temporal_filter': 'all records observed before cutoff T'}}","{'A': 0.6124031007751938, 'not_A': 0.3875968992248062}","{'A': 0.9046505351008906, 'not_A': 0.0953494648991095}","{'tv': 0.2922474343256968, 'mae_binary': 0.2922474343256968, 'rmse_binary': 0.2922474343256968, 'brier_regret': 0.17081712573990487, 'kl': 0.3046385779372612}",A,A,True,217.22555444575846,median,median,10,"{'std_A': 0.0, 'std_not_A': 0.0}",,{},"{'repeat_aggregation': 'median', 'n_repeats': 10}"
semif_qwen35_4b,Qwen/Qwen3.5-4B@851bf6e806efd8d0a36b00ddf55e13ccb7b8cd0a,conditional__seed_000046__repr_nested,conditional__seed_000046,conditional,4,nested,"(0.55,0.70]","{'parameters': {'boundary_rule': 'include records exactly at cutoff T', 'contingency': {'A': {'B': 79, 'not_B': 17}, 'not_A': {'B': 50, 'not_B': 54}}, 'query': 'P(A|B)', 'sampling': 'uniform among records satisfying B', 'temporal_filter': 'all records observed before cutoff T'}}","{'A': 0.6124031007751938, 'not_A': 0.3875968992248062}","{'A': 0.8175744761936437, 'not_A': 0.18242552380635632}","{'tv': 0.20517137541844988, 'mae_binary': 0.20517137541844988, 'rmse_binary': 0.20517137541844988, 'brier_regret': 0.08419058658219701, 'kl': 0.11514762258466177}",A,A,True,195.18956621177495,median,median,10,"{'std_A': 0.0, 'std_not_A': 0.0}",,{},"{'repeat_aggregation': 'median', 'n_repeats': 10}"
semif_qwen35_4b,Qwen/Qwen3.5-4B@851bf6e806efd8d0a36b00ddf55e13ccb7b8cd0a,conditional__seed_000046__repr_prose,conditional__seed_000046,conditional,4,prose,"(0.55,0.70]","{'parameters': {'boundary_rule': 'include records exactly at cutoff T', 'contingency': {'A': {'B': 79, 'not_B': 17}, 'not_A': {'B': 50, 'not_B': 54}}, 'query': 'P(A|B)', 'sampling': 'uniform among records satisfying B', 'temporal_filter': 'all records observed before cutoff T'}}","{'A': 0.6124031007751938, 'not_A': 0.3875968992248062}","{'A': 0.8519528019683106, 'not_A': 0.1480471980316895}","{'tv': 0.23954970119311675, 'mae_binary': 0.2395497011931168, 'rmse_binary': 0.2395497011931168, 'brier_regret': 0.11476811868342306, 'kl': 0.17085771984619805}",A,A,True,211.65991672314703,median,median,10,"{'std_A': 0.0, 'std_not_A': 0.0}",,{},"{'repeat_aggregation': 'median', 'n_repeats': 10}"
semif_qwen35_4b,Qwen/Qwen3.5-4B@851bf6e806efd8d0a36b00ddf55e13ccb7b8cd0a,conditional__seed_000046__repr_table,conditional__seed_000046,conditional,4,table,"(0.55,0.70]","{'parameters': {'boundary_rule': 'include records exactly at cutoff T', 'contingency': {'A': {'B': 79, 'not_B': 17}, 'not_A': {'B': 50, 'not_B': 54}}, 'query': 'P(A|B)', 'sampling': 'uniform among records satisfying B', 'temporal_filter': 'all records observed before cutoff T'}}","{'A': 0.6124031007751938, 'not_A': 0.3875968992248062}","{'A': 0.8933094060543487, 'not_A': 0.10669059394565118}","{'tv': 0.280906305279155, 'mae_binary': 0.28090630527915494, 'rmse_binary': 0.28090630527915494, 'brier_regret': 0.15781670469117165, 'kl': 0.2688046853889826}",A,A,True,215.08445404469967,median,median,10,"{'std_A': 0.0, 'std_not_A': 0.0}",,{},"{'repeat_aggregation': 'median', 'n_repeats': 10}"
semif_qwen35_4b,Qwen/Qwen3.5-4B@851bf6e806efd8d0a36b00ddf55e13ccb7b8cd0a,conditional__seed_000047__repr_direct,conditional__seed_000047,conditional,4,direct,"(0.10,0.30]","{'parameters': {'boundary_rule': 'include records exactly at cutoff T', 'contingency': {'A': {'B': 9, 'not_B': 61}, 'not_A': {'B': 25, 'not_B': 7}}, 'query': 'P(A|B)', 'sampling': 'uniform among records satisfying B', 'temporal_filter': 'all records observed before cutoff T'}}","{'A': 0.2647058823529412, 'not_A': 0.7352941176470589}","{'A': 0.8175744761936437, 'not_A': 0.18242552380635632}","{'tv': 0.5528685938407025, 'mae_binary': 0.5528685938407025, 'rmse_binary': 0.5528685938407025, 'brier_regret': 0.6113273641107914, 'kl': 0.7264326597704438}",A,not_A,False,191.42209677956998,median,median,10,"{'std_A': 0.0, 'std_not_A': 0.0}",,{},"{'repeat_aggregation': 'median', 'n_repeats': 10}"
semif_qwen35_4b,Qwen/Qwen3.5-4B@851bf6e806efd8d0a36b00ddf55e13ccb7b8cd0a,conditional__seed_000047__repr_distractor,conditional__seed_000047,conditional,4,distractor,"(0.10,0.30]","{'parameters': {'boundary_rule': 'include records exactly at cutoff T', 'contingency': {'A': {'B': 9, 'not_B': 61}, 'not_A': {'B': 25, 'not_B': 7}}, 'query': 'P(A|B)', 'sampling': 'uniform among records satisfying B', 'temporal_filter': 'all records observed before cutoff T'}}","{'A': 0.2647058823529412, 'not_A': 0.7352941176470589}","{'A': 0.8670357598021706, 'not_A': 0.13296424019782924}","{'tv': 0.6023298774492295, 'mae_binary': 0.6023298774492294, 'rmse_binary': 0.6023298774492294, 'brier_regret': 0.7256025625360076, 'kl': 0.9434297335109403}",A,not_A,False,214.88795718178153,median,median,10,"{'std_A': 0.0, 'std_not_A': 0.0}",,{},"{'repeat_aggregation': 'median', 'n_repeats': 10}"
semif_qwen35_4b,Qwen/Qwen3.5-4B@851bf6e806efd8d0a36b00ddf55e13ccb7b8cd0a,conditional__seed_000047__repr_nested,conditional__seed_000047,conditional,4,nested,"(0.10,0.30]","{'parameters': {'boundary_rule': 'include records exactly at cutoff T', 'contingency': {'A': {'B': 9, 'not_B': 61}, 'not_A': {'B': 25, 'not_B': 7}}, 'query': 'P(A|B)', 'sampling': 'uniform among records satisfying B', 'temporal_filter': 'all records observed before cutoff T'}}","{'A': 0.2647058823529412, 'not_A': 0.7352941176470589}","{'A': 0.8175744761936437, 'not_A': 0.18242552380635632}","{'tv': 0.5528685938407025, 'mae_binary': 0.5528685938407025, 'rmse_binary': 0.5528685938407025, 'brier_regret': 0.6113273641107914, 'kl': 0.7264326597704438}",A,not_A,False,193.49565138109028,median,median,10,"{'std_A': 0.0, 'std_not_A': 0.0}",,{},"{'repeat_aggregation': 'median', 'n_repeats': 10}"
semif_qwen35_4b,Qwen/Qwen3.5-4B@851bf6e806efd8d0a36b00ddf55e13ccb7b8cd0a,conditional__seed_000047__repr_prose,conditional__seed_000047,conditional,4,prose,"(0.10,0.30]","{'parameters': {'boundary_rule': 'include records exactly at cutoff T', 'contingency': {'A': {'B': 9, 'not_B': 61}, 'not_A': {'B': 25, 'not_B': 7}}, 'query': 'P(A|B)', 'sampling': 'uniform among records satisfying B', 'temporal_filter': 'all records observed before cutoff T'}}","{'A': 0.2647058823529412, 'not_A': 0.7352941176470589}","{'A': 0.7772998611746911, 'not_A': 0.22270013882530884}","{'tv': 0.51259397882175, 'mae_binary': 0.51259397882175, 'rmse_binary': 0.51259397882175, 'brier_regret': 0.5255051742486254, 'kl': 0.5931249337212998}",A,not_A,False,210.9781350940466,median,median,10,"{'std_A': 0.0, 'std_not_A': 0.0}",,{},"{'repeat_aggregation': 'median', 'n_repeats': 10}"
semif_qwen35_4b,Qwen/Qwen3.5-4B@851bf6e806efd8d0a36b00ddf55e13ccb7b8cd0a,conditional__seed_000047__repr_table,conditional__seed_000047,conditional,4,table,"(0.10,0.30]","{'parameters': {'boundary_rule': 'include records exactly at cutoff T', 'contingency': {'A': {'B': 9, 'not_B': 61}, 'not_A': {'B': 25, 'not_B': 7}}, 'query': 'P(A|B)', 'sampling': 'uniform among records satisfying B', 'temporal_filter': 'all records observed before cutoff T'}}","{'A': 0.2647058823529412, 'not_A': 0.7352941176470589}","{'A': 0.8670357598021706, 'not_A': 0.13296424019782924}","{'tv': 0.6023298774492295, 'mae_binary': 0.6023298774492294, 'rmse_binary': 0.6023298774492294, 'brier_regret': 0.7256025625360076, 'kl': 0.9434297335109403}",A,not_A,False,215.98087986931205,median,median,10,"{'std_A': 0.0, 'std_not_A': 0.0}",,{},"{'repeat_aggregation': 'median', 'n_repeats': 10}"
semif_qwen35_4b,Qwen/Qwen3.5-4B@851bf6e806efd8d0a36b00ddf55e13ccb7b8cd0a,conditional__seed_000048__repr_direct,conditional__seed_000048,conditional,4,direct,"(0.30,0.45]","{'parameters': {'boundary_rule': 'include records exactly at cutoff T', 'contingency': {'A': {'B': 48, 'not_B': 44}, 'not_A': {'B': 89, 'not_B': 16}}, 'query': 'P(A|B)', 'sampling': 'uniform among records satisfying B', 'temporal_filter': 'all records observed before cutoff T'}}","{'A': 0.35036496350364965, 'not_A': 0.6496350364963503}","{'A': 0.8354835371034369, 'not_A': 0.1645164628965632}","{'tv': 0.4851185735997872, 'mae_binary': 0.4851185735997873, 'rmse_binary': 0.4851185735997873, 'brier_regret': 0.4706800609029843, 'kl': 0.5877292966359223}",A,not_A,False,191.7992307804525,median,median,10,"{'std_A': 0.0, 'std_not_A': 0.0}",,{},"{'repeat_aggregation': 'median', 'n_repeats': 10}"
semif_qwen35_4b,Qwen/Qwen3.5-4B@851bf6e806efd8d0a36b00ddf55e13ccb7b8cd0a,conditional__seed_000048__repr_distractor,conditional__seed_000048,conditional,4,distractor,"(0.30,0.45]","{'parameters': {'boundary_rule': 'include records exactly at cutoff T', 'contingency': {'A': {'B': 48, 'not_B': 44}, 'not_A': {'B': 89, 'not_B': 16}}, 'query': 'P(A|B)', 'sampling': 'uniform among records satisfying B', 'temporal_filter': 'all records observed before cutoff T'}}","{'A': 0.35036496350364965, 'not_A': 0.6496350364963503}","{'A': 0.8933094060543487, 'not_A': 0.10669059394565118}","{'tv': 0.5429444425506991, 'mae_binary': 0.5429444425506991, 'rmse_binary': 0.5429444425506991, 'brier_regret': 0.5895773353933789, 'kl': 0.845624458270008}",A,not_A,False,218.1171851232648,median,median,10,"{'std_A': 0.0, 'std_not_A': 0.0}",,{},"{'repeat_aggregation': 'median', 'n_repeats': 10}"
semif_qwen35_4b,Qwen/Qwen3.5-4B@851bf6e806efd8d0a36b00ddf55e13ccb7b8cd0a,conditional__seed_000048__repr_nested,conditional__seed_000048,conditional,4,nested,"(0.30,0.45]","{'parameters': {'boundary_rule': 'include records exactly at cutoff T', 'contingency': {'A': {'B': 48, 'not_B': 44}, 'not_A': {'B': 89, 'not_B': 16}}, 'query': 'P(A|B)', 'sampling': 'uniform among records satisfying B', 'temporal_filter': 'all records observed before cutoff T'}}","{'A': 0.35036496350364965, 'not_A': 0.6496350364963503}","{'A': 0.8354835371034369, 'not_A': 0.1645164628965632}","{'tv': 0.4851185735997872, 'mae_binary': 0.4851185735997873, 'rmse_binary': 0.4851185735997873, 'brier_regret': 0.4706800609029843, 'kl': 0.5877292966359223}",A,not_A,False,193.4941510669887,median,median,10,"{'std_A': 0.0, 'std_not_A': 0.0}",,{},"{'repeat_aggregation': 'median', 'n_repeats': 10}"
semif_qwen35_4b,Qwen/Qwen3.5-4B@851bf6e806efd8d0a36b00ddf55e13ccb7b8cd0a,conditional__seed_000048__repr_prose,conditional__seed_000048,conditional,4,prose,"(0.30,0.45]","{'parameters': {'boundary_rule': 'include records exactly at cutoff T', 'contingency': {'A': {'B': 48, 'not_B': 44}, 'not_A': {'B': 89, 'not_B': 16}}, 'query': 'P(A|B)', 'sampling': 'uniform among records satisfying B', 'temporal_filter': 'all records observed before cutoff T'}}","{'A': 0.35036496350364965, 'not_A': 0.6496350364963503}","{'A': 0.7772998611746911, 'not_A': 0.22270013882530884}","{'tv': 0.4269348976710415, 'mae_binary': 0.4269348976710414, 'rmse_binary': 0.4269348976710414, 'brier_regret': 0.3645468136987653, 'kl': 0.4163006039095049}",A,not_A,False,209.66180358082056,median,median,10,"{'std_A': 0.0, 'std_not_A': 0.0}",,{},"{'repeat_aggregation': 'median', 'n_repeats': 10}"
semif_qwen35_4b,Qwen/Qwen3.5-4B@851bf6e806efd8d0a36b00ddf55e13ccb7b8cd0a,conditional__seed_000048__repr_table,conditional__seed_000048,conditional,4,table,"(0.30,0.45]","{'parameters': {'boundary_rule': 'include records exactly at cutoff T', 'contingency': {'A': {'B': 48, 'not_B': 44}, 'not_A': {'B': 89, 'not_B': 16}}, 'query': 'P(A|B)', 'sampling': 'uniform among records satisfying B', 'temporal_filter': 'all records observed before cutoff T'}}","{'A': 0.35036496350364965, 'not_A': 0.6496350364963503}","{'A': 0.8670357598021706, 'not_A': 0.13296424019782924}","{'tv': 0.5166707962985211, 'mae_binary': 0.516670796298521, 'rmse_binary': 0.516670796298521, 'brier_regret': 0.5338974234954956, 'kl': 0.7130684779799528}",A,not_A,False,217.36997598782182,median,median,10,"{'std_A': 0.0, 'std_not_A': 0.0}",,{},"{'repeat_aggregation': 'median', 'n_repeats': 10}"
semif_qwen35_4b,Qwen/Qwen3.5-4B@851bf6e806efd8d0a36b00ddf55e13ccb7b8cd0a,conditional__seed_000049__repr_direct,conditional__seed_000049,conditional,4,direct,"(0.45,0.55]","{'parameters': {'boundary_rule': 'include records exactly at cutoff T', 'contingency': {'A': {'B': 32, 'not_B': 39}, 'not_A': {'B': 33, 'not_B': 40}}, 'query': 'P(A|B)', 'sampling': 'uniform among records satisfying B', 'temporal_filter': 'all records observed before cutoff T'}}","{'A': 0.49230769230769234, 'not_A': 0.5076923076923077}","{'A': 0.8175744761936437, 'not_A': 0.18242552380635632}","{'tv': 0.3252667838859513, 'mae_binary': 0.3252667838859513, 'rmse_binary': 0.3252667838859513, 'brier_regret': 0.21159696139902032, 'kl': 0.2699229068253476}",A,not_A,False,191.58111694268882,median,median,10,"{'std_A': 0.0, 'std_not_A': 0.0}",,{},"{'repeat_aggregation': 'median', 'n_repeats': 10}"
semif_qwen35_4b,Qwen/Qwen3.5-4B@851bf6e806efd8d0a36b00ddf55e13ccb7b8cd0a,conditional__seed_000049__repr_distractor,conditional__seed_000049,conditional,4,distractor,"(0.45,0.55]","{'parameters': {'boundary_rule': 'include records exactly at cutoff T', 'contingency': {'A': {'B': 32, 'not_B': 39}, 'not_A': {'B': 33, 'not_B': 40}}, 'query': 'P(A|B)', 'sampling': 'uniform among records satisfying B', 'temporal_filter': 'all records observed before cutoff T'}}","{'A': 0.49230769230769234, 'not_A': 0.5076923076923077}","{'A': 0.9149009549929797, 'not_A': 0.08509904500702024}","{'tv': 0.4225932626852874, 'mae_binary': 0.4225932626852874, 'rmse_binary': 0.4225932626852874, 'brier_regret': 0.35717013133399267, 'kl': 0.601679863548303}",A,not_A,False,214.89573903381824,median,median,10,"{'std_A': 0.0, 'std_not_A': 0.0}",,{},"{'repeat_aggregation': 'median', 'n_repeats': 10}"
semif_qwen35_4b,Qwen/Qwen3.5-4B@851bf6e806efd8d0a36b00ddf55e13ccb7b8cd0a,conditional__seed_000049__repr_nested,conditional__seed_000049,conditional,4,nested,"(0.45,0.55]","{'parameters': {'boundary_rule': 'include records exactly at cutoff T', 'contingency': {'A': {'B': 32, 'not_B': 39}, 'not_A': {'B': 33, 'not_B': 40}}, 'query': 'P(A|B)', 'sampling': 'uniform among records satisfying B', 'temporal_filter': 'all records observed before cutoff T'}}","{'A': 0.49230769230769234, 'not_A': 0.5076923076923077}","{'A': 0.7772998611746911, 'not_A': 0.22270013882530884}","{'tv': 0.2849921688669988, 'mae_binary': 0.28499216886699874, 'rmse_binary': 0.28499216886699874, 'brier_regret': 0.1624410726310319, 'kl': 0.1935156332648911}",A,not_A,False,194.11885584704578,median,median,10,"{'std_A': 0.0, 'std_not_A': 0.0}",,{},"{'repeat_aggregation': 'median', 'n_repeats': 10}"
semif_qwen35_4b,Qwen/Qwen3.5-4B@851bf6e806efd8d0a36b00ddf55e13ccb7b8cd0a,conditional__seed_000049__repr_prose,conditional__seed_000049,conditional,4,prose,"(0.45,0.55]","{'parameters': {'boundary_rule': 'include records exactly at cutoff T', 'contingency': {'A': {'B': 32, 'not_B': 39}, 'not_A': {'B': 33, 'not_B': 40}}, 'query': 'P(A|B)', 'sampling': 'uniform among records satisfying B', 'temporal_filter': 'all records observed before cutoff T'}}","{'A': 0.49230769230769234, 'not_A': 0.5076923076923077}","{'A': 0.7981867777396212, 'not_A': 0.20181322226037882}","{'tv': 0.3058790854319289, 'mae_binary': 0.3058790854319289, 'rmse_binary': 0.3058790854319289, 'brier_regret': 0.18712402980934648, 'kl': 0.2304607419827046}",A,not_A,False,210.43143193237484,median,median,10,"{'std_A': 0.0, 'std_not_A': 0.0}",,{},"{'repeat_aggregation': 'median', 'n_repeats': 10}"
semif_qwen35_4b,Qwen/Qwen3.5-4B@851bf6e806efd8d0a36b00ddf55e13ccb7b8cd0a,conditional__seed_000049__repr_table,conditional__seed_000049,conditional,4,table,"(0.45,0.55]","{'parameters': {'boundary_rule': 'include records exactly at cutoff T', 'contingency': {'A': {'B': 32, 'not_B': 39}, 'not_A': {'B': 33, 'not_B': 40}}, 'query': 'P(A|B)', 'sampling': 'uniform among records satisfying B', 'temporal_filter': 'all records observed before cutoff T'}}","{'A': 0.49230769230769234, 'not_A': 0.5076923076923077}","{'A': 0.8354835371034369, 'not_A': 0.1645164628965632}","{'tv': 0.34317584479574453, 'mae_binary': 0.3431758447957446, 'rmse_binary': 0.3431758447957446, 'brier_regret': 0.23553932090254587, 'kl': 0.31171580268979254}",A,not_A,False,216.36224808171391,median,median,10,"{'std_A': 0.0, 'std_not_A': 0.0}",,{},"{'repeat_aggregation': 'median', 'n_repeats': 10}"
semif_qwen35_4b,Qwen/Qwen3.5-4B@851bf6e806efd8d0a36b00ddf55e13ccb7b8cd0a,conditional__seed_000050__repr_direct,conditional__seed_000050,conditional,4,direct,"(0.55,0.70]","{'parameters': {'boundary_rule': 'include records exactly at cutoff T', 'contingency': {'A': {'B': 67, 'not_B': 52}, 'not_A': {'B': 29, 'not_B': 79}}, 'query': 'P(A|B)', 'sampling': 'uniform among records satisfying B', 'temporal_filter': 'all records observed before cutoff T'}}","{'A': 0.6979166666666666, 'not_A': 0.30208333333333337}","{'A': 0.7549149868676283, 'not_A': 0.24508501313237172}","{'tv': 0.05699832020096164, 'mae_binary': 0.05699832020096163, 'rmse_binary': 0.05699832020096163, 'brier_regret': 0.006497617011462704, 'kl': 0.008374700705504307}",A,A,True,190.70434938184917,median,median,10,"{'std_A': 0.0, 'std_not_A': 0.0}",,{},"{'repeat_aggregation': 'median', 'n_repeats': 10}"
semif_qwen35_4b,Qwen/Qwen3.5-4B@851bf6e806efd8d0a36b00ddf55e13ccb7b8cd0a,conditional__seed_000050__repr_distractor,conditional__seed_000050,conditional,4,distractor,"(0.55,0.70]","{'parameters': {'boundary_rule': 'include records exactly at cutoff T', 'contingency': {'A': {'B': 67, 'not_B': 52}, 'not_A': {'B': 29, 'not_B': 79}}, 'query': 'P(A|B)', 'sampling': 'uniform among records satisfying B', 'temporal_filter': 'all records observed before cutoff T'}}","{'A': 0.6979166666666666, 'not_A': 0.30208333333333337}","{'A': 0.8807970779778823, 'not_A': 0.11920292202211755}","{'tv': 0.18288041131121574, 'mae_binary': 0.18288041131121568, 'rmse_binary': 0.18288041131121568, 'brier_regret': 0.0668904896827189, 'kl': 0.11847549216682887}",A,A,True,217.7478862926364,median,median,10,"{'std_A': 0.0, 'std_not_A': 0.0}",,{},"{'repeat_aggregation': 'median', 'n_repeats': 10}"
semif_qwen35_4b,Qwen/Qwen3.5-4B@851bf6e806efd8d0a36b00ddf55e13ccb7b8cd0a,conditional__seed_000050__repr_nested,conditional__seed_000050,conditional,4,nested,"(0.55,0.70]","{'parameters': {'boundary_rule': 'include records exactly at cutoff T', 'contingency': {'A': {'B': 67, 'not_B': 52}, 'not_A': {'B': 29, 'not_B': 79}}, 'query': 'P(A|B)', 'sampling': 'uniform among records satisfying B', 'temporal_filter': 'all records observed before cutoff T'}}","{'A': 0.6979166666666666, 'not_A': 0.30208333333333337}","{'A': 0.7549149868676283, 'not_A': 0.24508501313237172}","{'tv': 0.05699832020096164, 'mae_binary': 0.05699832020096163, 'rmse_binary': 0.05699832020096163, 'brier_regret': 0.006497617011462704, 'kl': 0.008374700705504307}",A,A,True,196.45196301862597,median,median,10,"{'std_A': 0.0, 'std_not_A': 0.0}",,{},"{'repeat_aggregation': 'median', 'n_repeats': 10}"
semif_qwen35_4b,Qwen/Qwen3.5-4B@851bf6e806efd8d0a36b00ddf55e13ccb7b8cd0a,conditional__seed_000050__repr_prose,conditional__seed_000050,conditional,4,prose,"(0.55,0.70]","{'parameters': {'boundary_rule': 'include records exactly at cutoff T', 'contingency': {'A': {'B': 67, 'not_B': 52}, 'not_A': {'B': 29, 'not_B': 79}}, 'query': 'P(A|B)', 'sampling': 'uniform among records satisfying B', 'temporal_filter': 'all records observed before cutoff T'}}","{'A': 0.6979166666666666, 'not_A': 0.30208333333333337}","{'A': 0.7981867777396212, 'not_A': 0.20181322226037882}","{'tv': 0.10027011107295457, 'mae_binary': 0.10027011107295458, 'rmse_binary': 0.10027011107295458, 'brier_regret': 0.020108190349165292, 'kl': 0.028158049392170773}",A,A,True,208.94469893537462,median,median,10,"{'std_A': 0.0, 'std_not_A': 0.0}",,{},"{'repeat_aggregation': 'median', 'n_repeats': 10}"
semif_qwen35_4b,Qwen/Qwen3.5-4B@851bf6e806efd8d0a36b00ddf55e13ccb7b8cd0a,conditional__seed_000050__repr_table,conditional__seed_000050,conditional,4,table,"(0.55,0.70]","{'parameters': {'boundary_rule': 'include records exactly at cutoff T', 'contingency': {'A': {'B': 67, 'not_B': 52}, 'not_A': {'B': 29, 'not_B': 79}}, 'query': 'P(A|B)', 'sampling': 'uniform among records satisfying B', 'temporal_filter': 'all records observed before cutoff T'}}","{'A': 0.6979166666666666, 'not_A': 0.30208333333333337}","{'A': 0.8670357598021706, 'not_A': 0.13296424019782924}","{'tv': 0.16911909313550405, 'mae_binary': 0.169119093135504, 'rmse_binary': 0.169119093135504, 'brier_regret': 0.0572025353259506, 'kl': 0.09646212206279123}",A,A,True,217.18643680214882,median,median,10,"{'std_A': 0.0, 'std_not_A': 0.0}",,{},"{'repeat_aggregation': 'median', 'n_repeats': 10}"
semif_qwen35_4b,Qwen/Qwen3.5-4B@851bf6e806efd8d0a36b00ddf55e13ccb7b8cd0a,conditional__seed_000051__repr_direct,conditional__seed_000051,conditional,4,direct,"(0.55,0.70]","{'parameters': {'boundary_rule': 'include records exactly at cutoff T', 'contingency': {'A': {'B': 72, 'not_B': 78}, 'not_A': {'B': 51, 'not_B': 6}}, 'query': 'P(A|B)', 'sampling': 'uniform among records satisfying B', 'temporal_filter': 'all records observed before cutoff T'}}","{'A': 0.5853658536585366, 'not_A': 0.41463414634146345}","{'A': 0.7981867777396212, 'not_A': 0.20181322226037882}","{'tv': 0.21282092408108466, 'mae_binary': 0.21282092408108466, 'rmse_binary': 0.21282092408108466, 'brier_regret': 0.0905854914534536, 'kl': 0.11703372580725149}",A,A,True,189.82716873288155,median,median,10,"{'std_A': 0.0, 'std_not_A': 0.0}",,{},"{'repeat_aggregation': 'median', 'n_repeats': 10}"
semif_qwen35_4b,Qwen/Qwen3.5-4B@851bf6e806efd8d0a36b00ddf55e13ccb7b8cd0a,conditional__seed_000051__repr_distractor,conditional__seed_000051,conditional,4,distractor,"(0.55,0.70]","{'parameters': {'boundary_rule': 'include records exactly at cutoff T', 'contingency': {'A': {'B': 72, 'not_B': 78}, 'not_A': {'B': 51, 'not_B': 6}}, 'query': 'P(A|B)', 'sampling': 'uniform among records satisfying B', 'temporal_filter': 'all records observed before cutoff T'}}","{'A': 0.5853658536585366, 'not_A': 0.41463414634146345}","{'A': 0.8807970779778823, 'not_A': 0.11920292202211755}","{'tv': 0.2954312243193458, 'mae_binary': 0.29543122431934576, 'rmse_binary': 0.29543122431934576, 'brier_regret': 0.17455921660565527, 'kl': 0.2776954267119909}",A,A,True,217.35578067600727,median,median,10,"{'std_A': 0.0, 'std_not_A': 0.0}",,{},"{'repeat_aggregation': 'median', 'n_repeats': 10}"
semif_qwen35_4b,Qwen/Qwen3.5-4B@851bf6e806efd8d0a36b00ddf55e13ccb7b8cd0a,conditional__seed_000051__repr_nested,conditional__seed_000051,conditional,4,nested,"(0.55,0.70]","{'parameters': {'boundary_rule': 'include records exactly at cutoff T', 'contingency': {'A': {'B': 72, 'not_B': 78}, 'not_A': {'B': 51, 'not_B': 6}}, 'query': 'P(A|B)', 'sampling': 'uniform among records satisfying B', 'temporal_filter': 'all records observed before cutoff T'}}","{'A': 0.5853658536585366, 'not_A': 0.41463414634146345}","{'A': 0.8354835371034369, 'not_A': 0.1645164628965632}","{'tv': 0.2501176834449003, 'mae_binary': 0.2501176834449004, 'rmse_binary': 0.2501176834449004, 'brier_regret': 0.12511771114368672, 'kl': 0.17502424617662843}",A,A,True,191.50011171586812,median,median,10,"{'std_A': 0.0, 'std_not_A': 0.0}",,{},"{'repeat_aggregation': 'median', 'n_repeats': 10}"
semif_qwen35_4b,Qwen/Qwen3.5-4B@851bf6e806efd8d0a36b00ddf55e13ccb7b8cd0a,conditional__seed_000051__repr_prose,conditional__seed_000051,conditional,4,prose,"(0.55,0.70]","{'parameters': {'boundary_rule': 'include records exactly at cutoff T', 'contingency': {'A': {'B': 72, 'not_B': 78}, 'not_A': {'B': 51, 'not_B': 6}}, 'query': 'P(A|B)', 'sampling': 'uniform among records satisfying B', 'temporal_filter': 'all records observed before cutoff T'}}","{'A': 0.5853658536585366, 'not_A': 0.41463414634146345}","{'A': 0.8807970779778823, 'not_A': 0.11920292202211755}","{'tv': 0.2954312243193458, 'mae_binary': 0.29543122431934576, 'rmse_binary': 0.29543122431934576, 'brier_regret': 0.17455921660565527, 'kl': 0.2776954267119909}",A,A,True,213.60261240042746,median,median,10,"{'std_A': 0.0, 'std_not_A': 0.0}",,{},"{'repeat_aggregation': 'median', 'n_repeats': 10}"
semif_qwen35_4b,Qwen/Qwen3.5-4B@851bf6e806efd8d0a36b00ddf55e13ccb7b8cd0a,conditional__seed_000051__repr_table,conditional__seed_000051,conditional,4,table,"(0.55,0.70]","{'parameters': {'boundary_rule': 'include records exactly at cutoff T', 'contingency': {'A': {'B': 72, 'not_B': 78}, 'not_A': {'B': 51, 'not_B': 6}}, 'query': 'P(A|B)', 'sampling': 'uniform among records satisfying B', 'temporal_filter': 'all records observed before cutoff T'}}","{'A': 0.5853658536585366, 'not_A': 0.41463414634146345}","{'A': 0.8933094060543487, 'not_A': 0.10669059394565118}","{'tv': 0.3079435523958122, 'mae_binary': 0.30794355239581217, 'rmse_binary': 0.30794355239581217, 'brier_regret': 0.18965846292430472, 'kl': 0.31541896273327064}",A,A,True,214.2820619046688,median,median,10,"{'std_A': 0.0, 'std_not_A': 0.0}",,{},"{'repeat_aggregation': 'median', 'n_repeats': 10}"
semif_qwen35_4b,Qwen/Qwen3.5-4B@851bf6e806efd8d0a36b00ddf55e13ccb7b8cd0a,conditional__seed_000052__repr_direct,conditional__seed_000052,conditional,4,direct,"(0.10,0.30]","{'parameters': {'boundary_rule': 'include records exactly at cutoff T', 'contingency': {'A': {'B': 6, 'not_B': 27}, 'not_A': {'B': 15, 'not_B': 59}}, 'query': 'P(A|B)', 'sampling': 'uniform among records satisfying B', 'temporal_filter': 'all records observed before cutoff T'}}","{'A': 0.2857142857142857, 'not_A': 0.7142857142857143}","{'A': 0.8354835371034369, 'not_A': 0.1645164628965632}","{'tv': 0.5497692513891512, 'mae_binary': 0.5497692513891512, 'rmse_binary': 0.5497692513891512, 'brier_regret': 0.6044924595459754, 'kl': 0.7421893325146875}",A,not_A,False,188.5375971905887,median,median,10,"{'std_A': 0.0, 'std_not_A': 0.0}",,{},"{'repeat_aggregation': 'median', 'n_repeats': 10}"
semif_qwen35_4b,Qwen/Qwen3.5-4B@851bf6e806efd8d0a36b00ddf55e13ccb7b8cd0a,conditional__seed_000052__repr_distractor,conditional__seed_000052,conditional,4,distractor,"(0.10,0.30]","{'parameters': {'boundary_rule': 'include records exactly at cutoff T', 'contingency': {'A': {'B': 6, 'not_B': 27}, 'not_A': {'B': 15, 'not_B': 59}}, 'query': 'P(A|B)', 'sampling': 'uniform among records satisfying B', 'temporal_filter': 'all records observed before cutoff T'}}","{'A': 0.2857142857142857, 'not_A': 0.7142857142857143}","{'A': 0.8670357598021706, 'not_A': 0.13296424019782924}","{'tv': 0.5813214740878849, 'mae_binary': 0.5813214740878849, 'rmse_binary': 0.5813214740878849, 'brier_regret': 0.675869312471423, 'kl': 0.8836911833060588}",A,not_A,False,215.3883378021419,median,median,10,"{'std_A': 0.0, 'std_not_A': 0.0}",,{},"{'repeat_aggregation': 'median', 'n_repeats': 10}"
semif_qwen35_4b,Qwen/Qwen3.5-4B@851bf6e806efd8d0a36b00ddf55e13ccb7b8cd0a,conditional__seed_000052__repr_nested,conditional__seed_000052,conditional,4,nested,"(0.10,0.30]","{'parameters': {'boundary_rule': 'include records exactly at cutoff T', 'contingency': {'A': {'B': 6, 'not_B': 27}, 'not_A': {'B': 15, 'not_B': 59}}, 'query': 'P(A|B)', 'sampling': 'uniform among records satisfying B', 'temporal_filter': 'all records observed before cutoff T'}}","{'A': 0.2857142857142857, 'not_A': 0.7142857142857143}","{'A': 0.7981867777396212, 'not_A': 0.20181322226037882}","{'tv': 0.5124724920253355, 'mae_binary': 0.5124724920253355, 'rmse_binary': 0.5124724920253355, 'brier_regret': 0.5252561101653151, 'kl': 0.6092859201592478}",A,not_A,False,193.34125146269798,median,median,10,"{'std_A': 0.0, 'std_not_A': 0.0}",,{},"{'repeat_aggregation': 'median', 'n_repeats': 10}"
semif_qwen35_4b,Qwen/Qwen3.5-4B@851bf6e806efd8d0a36b00ddf55e13ccb7b8cd0a,conditional__seed_000052__repr_prose,conditional__seed_000052,conditional,4,prose,"(0.10,0.30]","{'parameters': {'boundary_rule': 'include records exactly at cutoff T', 'contingency': {'A': {'B': 6, 'not_B': 27}, 'not_A': {'B': 15, 'not_B': 59}}, 'query': 'P(A|B)', 'sampling': 'uniform among records satisfying B', 'temporal_filter': 'all records observed before cutoff T'}}","{'A': 0.2857142857142857, 'not_A': 0.7142857142857143}","{'A': 0.8175744761936437, 'not_A': 0.18242552380635632}","{'tv': 0.531860190479358, 'mae_binary': 0.531860190479358, 'rmse_binary': 0.531860190479358, 'brier_regret': 0.5657505244334778, 'kl': 0.6745722608260667}",A,not_A,False,212.31301608495414,median,median,10,"{'std_A': 0.0, 'std_not_A': 0.0}",,{},"{'repeat_aggregation': 'median', 'n_repeats': 10}"
semif_qwen35_4b,Qwen/Qwen3.5-4B@851bf6e806efd8d0a36b00ddf55e13ccb7b8cd0a,conditional__seed_000052__repr_table,conditional__seed_000052,conditional,4,table,"(0.10,0.30]","{'parameters': {'boundary_rule': 'include records exactly at cutoff T', 'contingency': {'A': {'B': 6, 'not_B': 27}, 'not_A': {'B': 15, 'not_B': 59}}, 'query': 'P(A|B)', 'sampling': 'uniform among records satisfying B', 'temporal_filter': 'all records observed before cutoff T'}}","{'A': 0.2857142857142857, 'not_A': 0.7142857142857143}","{'A': 0.8354835371034369, 'not_A': 0.1645164628965632}","{'tv': 0.5497692513891512, 'mae_binary': 0.5497692513891512, 'rmse_binary': 0.5497692513891512, 'brier_regret': 0.6044924595459754, 'kl': 0.7421893325146875}",A,not_A,False,215.51362317986786,median,median,10,"{'std_A': 0.0, 'std_not_A': 0.0}",,{},"{'repeat_aggregation': 'median', 'n_repeats': 10}"
semif_qwen35_4b,Qwen/Qwen3.5-4B@851bf6e806efd8d0a36b00ddf55e13ccb7b8cd0a,conditional__seed_000053__repr_direct,conditional__seed_000053,conditional,4,direct,"(0.90,0.99]","{'parameters': {'boundary_rule': 'include records exactly at cutoff T', 'contingency': {'A': {'B': 60, 'not_B': 90}, 'not_A': {'B': 2, 'not_B': 36}}, 'query': 'P(A|B)', 'sampling': 'uniform among records satisfying B', 'temporal_filter': 'all records observed before cutoff T'}}","{'A': 0.967741935483871, 'not_A': 0.032258064516129004}","{'A': 0.8354835371034369, 'not_A': 0.1645164628965632}","{'tv': 0.13225839838043413, 'mae_binary': 0.13225839838043407, 'rmse_binary': 0.13225839838043407, 'brier_regret': 0.03498456788431524, 'kl': 0.08965812283163083}",A,A,True,191.76041027531028,median,median,10,"{'std_A': 0.0, 'std_not_A': 0.0}",,{},"{'repeat_aggregation': 'median', 'n_repeats': 10}"
semif_qwen35_4b,Qwen/Qwen3.5-4B@851bf6e806efd8d0a36b00ddf55e13ccb7b8cd0a,conditional__seed_000053__repr_distractor,conditional__seed_000053,conditional,4,distractor,"(0.90,0.99]","{'parameters': {'boundary_rule': 'include records exactly at cutoff T', 'contingency': {'A': {'B': 60, 'not_B': 90}, 'not_A': {'B': 2, 'not_B': 36}}, 'query': 'P(A|B)', 'sampling': 'uniform among records satisfying B', 'temporal_filter': 'all records observed before cutoff T'}}","{'A': 0.967741935483871, 'not_A': 0.032258064516129004}","{'A': 0.8670357598021706, 'not_A': 0.13296424019782924}","{'tv': 0.1007061756817003, 'mae_binary': 0.10070617568170037, 'rmse_binary': 0.10070617568170037, 'brier_regret': 0.02028346764086697, 'kl': 0.060653061180605816}",A,A,True,217.7919399458915,median,median,10,"{'std_A': 0.0, 'std_not_A': 0.0}",,{},"{'repeat_aggregation': 'median', 'n_repeats': 10}"
semif_qwen35_4b,Qwen/Qwen3.5-4B@851bf6e806efd8d0a36b00ddf55e13ccb7b8cd0a,conditional__seed_000053__repr_nested,conditional__seed_000053,conditional,4,nested,"(0.90,0.99]","{'parameters': {'boundary_rule': 'include records exactly at cutoff T', 'contingency': {'A': {'B': 60, 'not_B': 90}, 'not_A': {'B': 2, 'not_B': 36}}, 'query': 'P(A|B)', 'sampling': 'uniform among records satisfying B', 'temporal_filter': 'all records observed before cutoff T'}}","{'A': 0.967741935483871, 'not_A': 0.032258064516129004}","{'A': 0.7981867777396212, 'not_A': 0.20181322226037882}","{'tv': 0.16955515774424978, 'mae_binary': 0.16955515774424978, 'rmse_binary': 0.16955515774424978, 'brier_regret': 0.05749790303535486, 'kl': 0.1272616229185875}",A,A,True,193.43891376629472,median,median,10,"{'std_A': 0.0, 'std_not_A': 0.0}",,{},"{'repeat_aggregation': 'median', 'n_repeats': 10}"
semif_qwen35_4b,Qwen/Qwen3.5-4B@851bf6e806efd8d0a36b00ddf55e13ccb7b8cd0a,conditional__seed_000053__repr_prose,conditional__seed_000053,conditional,4,prose,"(0.90,0.99]","{'parameters': {'boundary_rule': 'include records exactly at cutoff T', 'contingency': {'A': {'B': 60, 'not_B': 90}, 'not_A': {'B': 2, 'not_B': 36}}, 'query': 'P(A|B)', 'sampling': 'uniform among records satisfying B', 'temporal_filter': 'all records observed before cutoff T'}}","{'A': 0.967741935483871, 'not_A': 0.032258064516129004}","{'A': 0.7310585786300049, 'not_A': 0.2689414213699951}","{'tv': 0.2366833568538661, 'mae_binary': 0.2366833568538661, 'rmse_binary': 0.2366833568538661, 'brier_regret': 0.11203802282322906, 'kl': 0.20301388464161407}",A,A,True,209.94949671439826,median,median,10,"{'std_A': 0.0, 'std_not_A': 0.0}",,{},"{'repeat_aggregation': 'median', 'n_repeats': 10}"
semif_qwen35_4b,Qwen/Qwen3.5-4B@851bf6e806efd8d0a36b00ddf55e13ccb7b8cd0a,conditional__seed_000053__repr_table,conditional__seed_000053,conditional,4,table,"(0.90,0.99]","{'parameters': {'boundary_rule': 'include records exactly at cutoff T', 'contingency': {'A': {'B': 60, 'not_B': 90}, 'not_A': {'B': 2, 'not_B': 36}}, 'query': 'P(A|B)', 'sampling': 'uniform among records satisfying B', 'temporal_filter': 'all records observed before cutoff T'}}","{'A': 0.967741935483871, 'not_A': 0.032258064516129004}","{'A': 0.8354835371034369, 'not_A': 0.1645164628965632}","{'tv': 0.13225839838043413, 'mae_binary': 0.13225839838043407, 'rmse_binary': 0.13225839838043407, 'brier_regret': 0.03498456788431524, 'kl': 0.08965812283163083}",A,A,True,213.38404780253768,median,median,10,"{'std_A': 0.0, 'std_not_A': 0.0}",,{},"{'repeat_aggregation': 'median', 'n_repeats': 10}"
semif_qwen35_4b,Qwen/Qwen3.5-4B@851bf6e806efd8d0a36b00ddf55e13ccb7b8cd0a,conditional__seed_000054__repr_direct,conditional__seed_000054,conditional,4,direct,"(0.70,0.90]","{'parameters': {'boundary_rule': 'include records exactly at cutoff T', 'contingency': {'A': {'B': 70, 'not_B': 25}, 'not_A': {'B': 14, 'not_B': 46}}, 'query': 'P(A|B)', 'sampling': 'uniform among records satisfying B', 'temporal_filter': 'all records observed before cutoff T'}}","{'A': 0.8333333333333334, 'not_A': 0.16666666666666663}","{'A': 0.8175744761936437, 'not_A': 0.18242552380635632}","{'tv': 0.015758857139689705, 'mae_binary': 0.01575885713968972, 'rmse_binary': 0.01575885713968972, 'brier_regret': 0.0004966831566982984, 'kl': 0.0008520691164477564}",A,A,True,190.99507671780884,median,median,10,"{'std_A': 0.0, 'std_not_A': 0.0}",,{},"{'repeat_aggregation': 'median', 'n_repeats': 10}"
semif_qwen35_4b,Qwen/Qwen3.5-4B@851bf6e806efd8d0a36b00ddf55e13ccb7b8cd0a,conditional__seed_000054__repr_distractor,conditional__seed_000054,conditional,4,distractor,"(0.70,0.90]","{'parameters': {'boundary_rule': 'include records exactly at cutoff T', 'contingency': {'A': {'B': 70, 'not_B': 25}, 'not_A': {'B': 14, 'not_B': 46}}, 'query': 'P(A|B)', 'sampling': 'uniform among records satisfying B', 'temporal_filter': 'all records observed before cutoff T'}}","{'A': 0.8333333333333334, 'not_A': 0.16666666666666663}","{'A': 0.8670357598021706, 'not_A': 0.13296424019782924}","{'tv': 0.033702426468837324, 'mae_binary': 0.033702426468837254, 'rmse_binary': 0.033702426468837254, 'brier_regret': 0.002271707099774773, 'kl': 0.004613848739296961}",A,A,True,216.46349583752453,median,median,10,"{'std_A': 0.0, 'std_not_A': 0.0}",,{},"{'repeat_aggregation': 'median', 'n_repeats': 10}"
semif_qwen35_4b,Qwen/Qwen3.5-4B@851bf6e806efd8d0a36b00ddf55e13ccb7b8cd0a,conditional__seed_000054__repr_nested,conditional__seed_000054,conditional,4,nested,"(0.70,0.90]","{'parameters': {'boundary_rule': 'include records exactly at cutoff T', 'contingency': {'A': {'B': 70, 'not_B': 25}, 'not_A': {'B': 14, 'not_B': 46}}, 'query': 'P(A|B)', 'sampling': 'uniform among records satisfying B', 'temporal_filter': 'all records observed before cutoff T'}}","{'A': 0.8333333333333334, 'not_A': 0.16666666666666663}","{'A': 0.8175744761936437, 'not_A': 0.18242552380635632}","{'tv': 0.015758857139689705, 'mae_binary': 0.01575885713968972, 'rmse_binary': 0.01575885713968972, 'brier_regret': 0.0004966831566982984, 'kl': 0.0008520691164477564}",A,A,True,193.08616328053176,median,median,10,"{'std_A': 0.0, 'std_not_A': 0.0}",,{},"{'repeat_aggregation': 'median', 'n_repeats': 10}"
semif_qwen35_4b,Qwen/Qwen3.5-4B@851bf6e806efd8d0a36b00ddf55e13ccb7b8cd0a,conditional__seed_000054__repr_prose,conditional__seed_000054,conditional,4,prose,"(0.70,0.90]","{'parameters': {'boundary_rule': 'include records exactly at cutoff T', 'contingency': {'A': {'B': 70, 'not_B': 25}, 'not_A': {'B': 14, 'not_B': 46}}, 'query': 'P(A|B)', 'sampling': 'uniform among records satisfying B', 'temporal_filter': 'all records observed before cutoff T'}}","{'A': 0.8333333333333334, 'not_A': 0.16666666666666663}","{'A': 0.7549149868676283, 'not_A': 0.24508501313237172}","{'tv': 0.0784183464657051, 'mae_binary': 0.07841834646570511, 'rmse_binary': 0.07841834646570511, 'brier_regret': 0.012298874124830727, 'kl': 0.018088927382010137}",A,A,True,210.94430428929627,median,median,10,"{'std_A': 0.0, 'std_not_A': 0.0}",,{},"{'repeat_aggregation': 'median', 'n_repeats': 10}"
semif_qwen35_4b,Qwen/Qwen3.5-4B@851bf6e806efd8d0a36b00ddf55e13ccb7b8cd0a,conditional__seed_000054__repr_table,conditional__seed_000054,conditional,4,table,"(0.70,0.90]","{'parameters': {'boundary_rule': 'include records exactly at cutoff T', 'contingency': {'A': {'B': 70, 'not_B': 25}, 'not_A': {'B': 14, 'not_B': 46}}, 'query': 'P(A|B)', 'sampling': 'uniform among records satisfying B', 'temporal_filter': 'all records observed before cutoff T'}}","{'A': 0.8333333333333334, 'not_A': 0.16666666666666663}","{'A': 0.8807970779778823, 'not_A': 0.11920292202211755}","{'tv': 0.047463744644549014, 'mae_binary': 0.047463744644548944, 'rmse_binary': 0.047463744644548944, 'brier_regret': 0.00450561411136591, 'kl': 0.009700135510001241}",A,A,True,214.81907330453396,median,median,10,"{'std_A': 0.0, 'std_not_A': 0.0}",,{},"{'repeat_aggregation': 'median', 'n_repeats': 10}"
semif_qwen35_4b,Qwen/Qwen3.5-4B@851bf6e806efd8d0a36b00ddf55e13ccb7b8cd0a,conditional__seed_000055__repr_direct,conditional__seed_000055,conditional,4,direct,"(0.70,0.90]","{'parameters': {'boundary_rule': 'include records exactly at cutoff T', 'contingency': {'A': {'B': 37, 'not_B': 40}, 'not_A': {'B': 12, 'not_B': 76}}, 'query': 'P(A|B)', 'sampling': 'uniform among records satisfying B', 'temporal_filter': 'all records observed before cutoff T'}}","{'A': 0.7551020408163265, 'not_A': 0.24489795918367352}","{'A': 0.7549149868676283, 'not_A': 0.24508501313237172}","{'tv': 0.0001870539486982098, 'mae_binary': 0.00018705394869822367, 'rmse_binary': 0.00018705394869822367, 'brier_regret': 6.997835944718501e-08, 'kl': 9.457222506376321e-08}",A,A,True,192.12329164147377,median,median,10,"{'std_A': 0.0, 'std_not_A': 0.0}",,{},"{'repeat_aggregation': 'median', 'n_repeats': 10}"
semif_qwen35_4b,Qwen/Qwen3.5-4B@851bf6e806efd8d0a36b00ddf55e13ccb7b8cd0a,conditional__seed_000055__repr_distractor,conditional__seed_000055,conditional,4,distractor,"(0.70,0.90]","{'parameters': {'boundary_rule': 'include records exactly at cutoff T', 'contingency': {'A': {'B': 37, 'not_B': 40}, 'not_A': {'B': 12, 'not_B': 76}}, 'query': 'P(A|B)', 'sampling': 'uniform among records satisfying B', 'temporal_filter': 'all records observed before cutoff T'}}","{'A': 0.7551020408163265, 'not_A': 0.24489795918367352}","{'A': 0.8670357598021706, 'not_A': 0.13296424019782924}","{'tv': 0.11193371898584421, 'mae_binary': 0.11193371898584414, 'rmse_binary': 0.11193371898584414, 'brier_regret': 0.025058314892003882, 'kl': 0.04519848531726711}",A,A,True,217.08870865404606,median,median,10,"{'std_A': 0.0, 'std_not_A': 0.0}",,{},"{'repeat_aggregation': 'median', 'n_repeats': 10}"
semif_qwen35_4b,Qwen/Qwen3.5-4B@851bf6e806efd8d0a36b00ddf55e13ccb7b8cd0a,conditional__seed_000055__repr_nested,conditional__seed_000055,conditional,4,nested,"(0.70,0.90]","{'parameters': {'boundary_rule': 'include records exactly at cutoff T', 'contingency': {'A': {'B': 37, 'not_B': 40}, 'not_A': {'B': 12, 'not_B': 76}}, 'query': 'P(A|B)', 'sampling': 'uniform among records satisfying B', 'temporal_filter': 'all records observed before cutoff T'}}","{'A': 0.7551020408163265, 'not_A': 0.24489795918367352}","{'A': 0.7057850278370112, 'not_A': 0.29421497216298875}","{'tv': 0.04931701297931523, 'mae_binary': 0.04931701297931523, 'rmse_binary': 0.04931701297931523, 'brier_regret': 0.004864335538403894, 'kl': 0.006070049533047579}",A,A,True,194.3201237358153,median,median,10,"{'std_A': 0.0, 'std_not_A': 0.0}",,{},"{'repeat_aggregation': 'median', 'n_repeats': 10}"
semif_qwen35_4b,Qwen/Qwen3.5-4B@851bf6e806efd8d0a36b00ddf55e13ccb7b8cd0a,conditional__seed_000055__repr_prose,conditional__seed_000055,conditional,4,prose,"(0.70,0.90]","{'parameters': {'boundary_rule': 'include records exactly at cutoff T', 'contingency': {'A': {'B': 37, 'not_B': 40}, 'not_A': {'B': 12, 'not_B': 76}}, 'query': 'P(A|B)', 'sampling': 'uniform among records satisfying B', 'temporal_filter': 'all records observed before cutoff T'}}","{'A': 0.7551020408163265, 'not_A': 0.24489795918367352}","{'A': 0.7549149868676283, 'not_A': 0.24508501313237172}","{'tv': 0.0001870539486982098, 'mae_binary': 0.00018705394869822367, 'rmse_binary': 0.00018705394869822367, 'brier_regret': 6.997835944718501e-08, 'kl': 9.457222506376321e-08}",A,A,True,210.71936963126063,median,median,10,"{'std_A': 0.0, 'std_not_A': 0.0}",,{},"{'repeat_aggregation': 'median', 'n_repeats': 10}"
semif_qwen35_4b,Qwen/Qwen3.5-4B@851bf6e806efd8d0a36b00ddf55e13ccb7b8cd0a,conditional__seed_000055__repr_table,conditional__seed_000055,conditional,4,table,"(0.70,0.90]","{'parameters': {'boundary_rule': 'include records exactly at cutoff T', 'contingency': {'A': {'B': 37, 'not_B': 40}, 'not_A': {'B': 12, 'not_B': 76}}, 'query': 'P(A|B)', 'sampling': 'uniform among records satisfying B', 'temporal_filter': 'all records observed before cutoff T'}}","{'A': 0.7551020408163265, 'not_A': 0.24489795918367352}","{'A': 0.7549149868676283, 'not_A': 0.24508501313237172}","{'tv': 0.0001870539486982098, 'mae_binary': 0.00018705394869822367, 'rmse_binary': 0.00018705394869822367, 'brier_regret': 6.997835944718501e-08, 'kl': 9.457222506376321e-08}",A,A,True,213.9462667517364,median,median,10,"{'std_A': 0.0, 'std_not_A': 0.0}",,{},"{'repeat_aggregation': 'median', 'n_repeats': 10}"
semif_qwen35_4b,Qwen/Qwen3.5-4B@851bf6e806efd8d0a36b00ddf55e13ccb7b8cd0a,conditional__seed_000056__repr_direct,conditional__seed_000056,conditional,4,direct,"(0.55,0.70]","{'parameters': {'boundary_rule': 'include records exactly at cutoff T', 'contingency': {'A': {'B': 61, 'not_B': 73}, 'not_A': {'B': 28, 'not_B': 83}}, 'query': 'P(A|B)', 'sampling': 'uniform among records satisfying B', 'temporal_filter': 'all records observed before cutoff T'}}","{'A': 0.6853932584269663, 'not_A': 0.3146067415730337}","{'A': 0.7772998611746911, 'not_A': 0.22270013882530884}","{'tv': 0.09190660274772482, 'mae_binary': 0.09190660274772477, 'rmse_binary': 0.09190660274772477, 'brier_regret': 0.0168936472572562, 'kl': 0.022450374528712805}",A,A,True,190.88355503045022,median,median,10,"{'std_A': 0.0, 'std_not_A': 0.0}",,{},"{'repeat_aggregation': 'median', 'n_repeats': 10}"
semif_qwen35_4b,Qwen/Qwen3.5-4B@851bf6e806efd8d0a36b00ddf55e13ccb7b8cd0a,conditional__seed_000056__repr_distractor,conditional__seed_000056,conditional,4,distractor,"(0.55,0.70]","{'parameters': {'boundary_rule': 'include records exactly at cutoff T', 'contingency': {'A': {'B': 61, 'not_B': 73}, 'not_A': {'B': 28, 'not_B': 83}}, 'query': 'P(A|B)', 'sampling': 'uniform among records satisfying B', 'temporal_filter': 'all records observed before cutoff T'}}","{'A': 0.6853932584269663, 'not_A': 0.3146067415730337}","{'A': 0.8670357598021706, 'not_A': 0.13296424019782924}","{'tv': 0.18164250137520438, 'mae_binary': 0.18164250137520432, 'rmse_binary': 0.18164250137520432, 'brier_regret': 0.06598799661168225, 'kl': 0.10982556427208759}",A,A,True,217.09751533344388,median,median,10,"{'std_A': 0.0, 'std_not_A': 0.0}",,{},"{'repeat_aggregation': 'median', 'n_repeats': 10}"
semif_qwen35_4b,Qwen/Qwen3.5-4B@851bf6e806efd8d0a36b00ddf55e13ccb7b8cd0a,conditional__seed_000056__repr_nested,conditional__seed_000056,conditional,4,nested,"(0.55,0.70]","{'parameters': {'boundary_rule': 'include records exactly at cutoff T', 'contingency': {'A': {'B': 61, 'not_B': 73}, 'not_A': {'B': 28, 'not_B': 83}}, 'query': 'P(A|B)', 'sampling': 'uniform among records satisfying B', 'temporal_filter': 'all records observed before cutoff T'}}","{'A': 0.6853932584269663, 'not_A': 0.3146067415730337}","{'A': 0.7310585786300049, 'not_A': 0.2689414213699951}","{'tv': 0.045665320203038595, 'mae_binary': 0.045665320203038595, 'rmse_binary': 0.045665320203038595, 'brier_regret': 0.00417064293849209, 'kl': 0.0051312953083043275}",A,A,True,192.98035725951195,median,median,10,"{'std_A': 0.0, 'std_not_A': 0.0}",,{},"{'repeat_aggregation': 'median', 'n_repeats': 10}"
semif_qwen35_4b,Qwen/Qwen3.5-4B@851bf6e806efd8d0a36b00ddf55e13ccb7b8cd0a,conditional__seed_000056__repr_prose,conditional__seed_000056,conditional,4,prose,"(0.55,0.70]","{'parameters': {'boundary_rule': 'include records exactly at cutoff T', 'contingency': {'A': {'B': 61, 'not_B': 73}, 'not_A': {'B': 28, 'not_B': 83}}, 'query': 'P(A|B)', 'sampling': 'uniform among records satisfying B', 'temporal_filter': 'all records observed before cutoff T'}}","{'A': 0.6853932584269663, 'not_A': 0.3146067415730337}","{'A': 0.7549149868676283, 'not_A': 0.24508501313237172}","{'tv': 0.06952172844066197, 'mae_binary': 0.06952172844066196, 'rmse_binary': 0.06952172844066196, 'brier_regret': 0.009666541450754296, 'kl': 0.012345586735025463}",A,A,True,208.55825911276042,median,median,10,"{'std_A': 0.0, 'std_not_A': 0.0}",,{},"{'repeat_aggregation': 'median', 'n_repeats': 10}"
semif_qwen35_4b,Qwen/Qwen3.5-4B@851bf6e806efd8d0a36b00ddf55e13ccb7b8cd0a,conditional__seed_000056__repr_table,conditional__seed_000056,conditional,4,table,"(0.55,0.70]","{'parameters': {'boundary_rule': 'include records exactly at cutoff T', 'contingency': {'A': {'B': 61, 'not_B': 73}, 'not_A': {'B': 28, 'not_B': 83}}, 'query': 'P(A|B)', 'sampling': 'uniform among records satisfying B', 'temporal_filter': 'all records observed before cutoff T'}}","{'A': 0.6853932584269663, 'not_A': 0.3146067415730337}","{'A': 0.8354835371034369, 'not_A': 0.1645164628965632}","{'tv': 0.15009027867647057, 'mae_binary': 0.15009027867647062, 'rmse_binary': 0.15009027867647062, 'brier_regret': 0.04505418350636119, 'kl': 0.06824345665888651}",A,A,True,217.25788149051368,median,median,10,"{'std_A': 0.0, 'std_not_A': 0.0}",,{},"{'repeat_aggregation': 'median', 'n_repeats': 10}"
semif_qwen35_4b,Qwen/Qwen3.5-4B@851bf6e806efd8d0a36b00ddf55e13ccb7b8cd0a,conditional__seed_000057__repr_direct,conditional__seed_000057,conditional,4,direct,"(0.70,0.90]","{'parameters': {'boundary_rule': 'include records exactly at cutoff T', 'contingency': {'A': {'B': 82, 'not_B': 10}, 'not_A': {'B': 15, 'not_B': 54}}, 'query': 'P(A|B)', 'sampling': 'uniform among records satisfying B', 'temporal_filter': 'all records observed before cutoff T'}}","{'A': 0.845360824742268, 'not_A': 0.15463917525773196}","{'A': 0.8670357598021706, 'not_A': 0.13296424019782924}","{'tv': 0.02167493505990266, 'mae_binary': 0.02167493505990259, 'rmse_binary': 0.02167493505990259, 'brier_regret': 0.0009396056197019948, 'kl': 0.0019509996403827834}",A,A,True,192.07890923134983,median,median,10,"{'std_A': 0.0, 'std_not_A': 0.0}",,{},"{'repeat_aggregation': 'median', 'n_repeats': 10}"
semif_qwen35_4b,Qwen/Qwen3.5-4B@851bf6e806efd8d0a36b00ddf55e13ccb7b8cd0a,conditional__seed_000057__repr_distractor,conditional__seed_000057,conditional,4,distractor,"(0.70,0.90]","{'parameters': {'boundary_rule': 'include records exactly at cutoff T', 'contingency': {'A': {'B': 82, 'not_B': 10}, 'not_A': {'B': 15, 'not_B': 54}}, 'query': 'P(A|B)', 'sampling': 'uniform among records satisfying B', 'temporal_filter': 'all records observed before cutoff T'}}","{'A': 0.845360824742268, 'not_A': 0.15463917525773196}","{'A': 0.9046505351008906, 'not_A': 0.0953494648991095}","{'tv': 0.05928971035862249, 'mae_binary': 0.059289710358622516, 'rmse_binary': 0.059289710358622516, 'brier_regret': 0.007030539508818694, 'kl': 0.01747219167317783}",A,A,True,216.47227671928704,median,median,10,"{'std_A': 0.0, 'std_not_A': 0.0}",,{},"{'repeat_aggregation': 'median', 'n_repeats': 10}"
semif_qwen35_4b,Qwen/Qwen3.5-4B@851bf6e806efd8d0a36b00ddf55e13ccb7b8cd0a,conditional__seed_000057__repr_nested,conditional__seed_000057,conditional,4,nested,"(0.70,0.90]","{'parameters': {'boundary_rule': 'include records exactly at cutoff T', 'contingency': {'A': {'B': 82, 'not_B': 10}, 'not_A': {'B': 15, 'not_B': 54}}, 'query': 'P(A|B)', 'sampling': 'uniform among records satisfying B', 'temporal_filter': 'all records observed before cutoff T'}}","{'A': 0.845360824742268, 'not_A': 0.15463917525773196}","{'A': 0.8175744761936437, 'not_A': 0.18242552380635632}","{'tv': 0.02778634854862437, 'mae_binary': 0.027786348548624384, 'rmse_binary': 0.027786348548624384, 'brier_regret': 0.0015441623313312792, 'kl': 0.0026995292958841947}",A,A,True,193.5214259661734,median,median,10,"{'std_A': 0.0, 'std_not_A': 0.0}",,{},"{'repeat_aggregation': 'median', 'n_repeats': 10}"
semif_qwen35_4b,Qwen/Qwen3.5-4B@851bf6e806efd8d0a36b00ddf55e13ccb7b8cd0a,conditional__seed_000057__repr_prose,conditional__seed_000057,conditional,4,prose,"(0.70,0.90]","{'parameters': {'boundary_rule': 'include records exactly at cutoff T', 'contingency': {'A': {'B': 82, 'not_B': 10}, 'not_A': {'B': 15, 'not_B': 54}}, 'query': 'P(A|B)', 'sampling': 'uniform among records satisfying B', 'temporal_filter': 'all records observed before cutoff T'}}","{'A': 0.845360824742268, 'not_A': 0.15463917525773196}","{'A': 0.7772998611746911, 'not_A': 0.22270013882530884}","{'tv': 0.06806096356757692, 'mae_binary': 0.06806096356757696, 'rmse_binary': 0.06806096356757696, 'brier_regret': 0.009264589523494064, 'kl': 0.014555538844071701}",A,A,True,211.70274293981493,median,median,10,"{'std_A': 0.0, 'std_not_A': 0.0}",,{},"{'repeat_aggregation': 'median', 'n_repeats': 10}"
semif_qwen35_4b,Qwen/Qwen3.5-4B@851bf6e806efd8d0a36b00ddf55e13ccb7b8cd0a,conditional__seed_000057__repr_table,conditional__seed_000057,conditional,4,table,"(0.70,0.90]","{'parameters': {'boundary_rule': 'include records exactly at cutoff T', 'contingency': {'A': {'B': 82, 'not_B': 10}, 'not_A': {'B': 15, 'not_B': 54}}, 'query': 'P(A|B)', 'sampling': 'uniform among records satisfying B', 'temporal_filter': 'all records observed before cutoff T'}}","{'A': 0.845360824742268, 'not_A': 0.15463917525773196}","{'A': 0.8670357598021706, 'not_A': 0.13296424019782924}","{'tv': 0.02167493505990266, 'mae_binary': 0.02167493505990259, 'rmse_binary': 0.02167493505990259, 'brier_regret': 0.0009396056197019948, 'kl': 0.0019509996403827834}",A,A,True,214.8718587588519,median,median,10,"{'std_A': 0.0, 'std_not_A': 0.0}",,{},"{'repeat_aggregation': 'median', 'n_repeats': 10}"
semif_qwen35_4b,Qwen/Qwen3.5-4B@851bf6e806efd8d0a36b00ddf55e13ccb7b8cd0a,conditional__seed_000058__repr_direct,conditional__seed_000058,conditional,4,direct,"(0.70,0.90]","{'parameters': {'boundary_rule': 'include records exactly at cutoff T', 'contingency': {'A': {'B': 69, 'not_B': 34}, 'not_A': {'B': 12, 'not_B': 42}}, 'query': 'P(A|B)', 'sampling': 'uniform among records satisfying B', 'temporal_filter': 'all records observed before cutoff T'}}","{'A': 0.8518518518518519, 'not_A': 0.14814814814814814}","{'A': 0.8354835371034369, 'not_A': 0.1645164628965632}","{'tv': 0.01636831474841499, 'mae_binary': 0.016368314748414936, 'rmse_binary': 0.016368314748414936, 'brier_regret': 0.0005358434554063594, 'kl': 0.0010020068202189706}",A,A,True,192.8514854516834,median,median,10,"{'std_A': 0.0, 'std_not_A': 0.0}",,{},"{'repeat_aggregation': 'median', 'n_repeats': 10}"
semif_qwen35_4b,Qwen/Qwen3.5-4B@851bf6e806efd8d0a36b00ddf55e13ccb7b8cd0a,conditional__seed_000058__repr_distractor,conditional__seed_000058,conditional,4,distractor,"(0.70,0.90]","{'parameters': {'boundary_rule': 'include records exactly at cutoff T', 'contingency': {'A': {'B': 69, 'not_B': 34}, 'not_A': {'B': 12, 'not_B': 42}}, 'query': 'P(A|B)', 'sampling': 'uniform among records satisfying B', 'temporal_filter': 'all records observed before cutoff T'}}","{'A': 0.8518518518518519, 'not_A': 0.14814814814814814}","{'A': 0.9046505351008906, 'not_A': 0.0953494648991095}","{'tv': 0.052798683249038664, 'mae_binary': 0.05279868324903869, 'rmse_binary': 0.05279868324903869, 'brier_regret': 0.0055754019056646325, 'kl': 0.014056522943899821}",A,A,True,216.90976205281913,median,median,10,"{'std_A': 0.0, 'std_not_A': 0.0}",,{},"{'repeat_aggregation': 'median', 'n_repeats': 10}"
semif_qwen35_4b,Qwen/Qwen3.5-4B@851bf6e806efd8d0a36b00ddf55e13ccb7b8cd0a,conditional__seed_000058__repr_nested,conditional__seed_000058,conditional,4,nested,"(0.70,0.90]","{'parameters': {'boundary_rule': 'include records exactly at cutoff T', 'contingency': {'A': {'B': 69, 'not_B': 34}, 'not_A': {'B': 12, 'not_B': 42}}, 'query': 'P(A|B)', 'sampling': 'uniform among records satisfying B', 'temporal_filter': 'all records observed before cutoff T'}}","{'A': 0.8518518518518519, 'not_A': 0.14814814814814814}","{'A': 0.8519528019683106, 'not_A': 0.1480471980316895}","{'tv': 0.00010095011645867846, 'mae_binary': 0.0001009501164587201, 'rmse_binary': 0.0001009501164587201, 'brier_regret': 2.0381852026041488e-08, 'kl': 4.0391165703553716e-08}",A,A,True,193.8738205935806,median,median,10,"{'std_A': 0.0, 'std_not_A': 0.0}",,{},"{'repeat_aggregation': 'median', 'n_repeats': 10}"
semif_qwen35_4b,Qwen/Qwen3.5-4B@851bf6e806efd8d0a36b00ddf55e13ccb7b8cd0a,conditional__seed_000058__repr_prose,conditional__seed_000058,conditional,4,prose,"(0.70,0.90]","{'parameters': {'boundary_rule': 'include records exactly at cutoff T', 'contingency': {'A': {'B': 69, 'not_B': 34}, 'not_A': {'B': 12, 'not_B': 42}}, 'query': 'P(A|B)', 'sampling': 'uniform among records satisfying B', 'temporal_filter': 'all records observed before cutoff T'}}","{'A': 0.8518518518518519, 'not_A': 0.14814814814814814}","{'A': 0.8175744761936437, 'not_A': 0.18242552380635632}","{'tv': 0.034277375658208195, 'mae_binary': 0.03427737565820821, 'rmse_binary': 0.03427737565820821, 'brier_regret': 0.002349876964027847, 'kl': 0.004152130898793838}",A,A,True,210.9814484603703,median,median,10,"{'std_A': 0.0, 'std_not_A': 0.0}",,{},"{'repeat_aggregation': 'median', 'n_repeats': 10}"
semif_qwen35_4b,Qwen/Qwen3.5-4B@851bf6e806efd8d0a36b00ddf55e13ccb7b8cd0a,conditional__seed_000058__repr_table,conditional__seed_000058,conditional,4,table,"(0.70,0.90]","{'parameters': {'boundary_rule': 'include records exactly at cutoff T', 'contingency': {'A': {'B': 69, 'not_B': 34}, 'not_A': {'B': 12, 'not_B': 42}}, 'query': 'P(A|B)', 'sampling': 'uniform among records satisfying B', 'temporal_filter': 'all records observed before cutoff T'}}","{'A': 0.8518518518518519, 'not_A': 0.14814814814814814}","{'A': 0.8933094060543487, 'not_A': 0.10669059394565118}","{'tv': 0.04145755420249691, 'mae_binary': 0.04145755420249686, 'rmse_binary': 0.04145755420249686, 'brier_regret': 0.0034374576009059384, 'kl': 0.008153724280203403}",A,A,True,214.65106806717813,median,median,10,"{'std_A': 0.0, 'std_not_A': 0.0}",,{},"{'repeat_aggregation': 'median', 'n_repeats': 10}"
semif_qwen35_4b,Qwen/Qwen3.5-4B@851bf6e806efd8d0a36b00ddf55e13ccb7b8cd0a,conditional__seed_000059__repr_direct,conditional__seed_000059,conditional,4,direct,"(0.55,0.70]","{'parameters': {'boundary_rule': 'include records exactly at cutoff T', 'contingency': {'A': {'B': 39, 'not_B': 17}, 'not_A': {'B': 30, 'not_B': 88}}, 'query': 'P(A|B)', 'sampling': 'uniform among records satisfying B', 'temporal_filter': 'all records observed before cutoff T'}}","{'A': 0.5652173913043478, 'not_A': 0.4347826086956522}","{'A': 0.8354835371034369, 'not_A': 0.1645164628965632}","{'tv': 0.2702661457990891, 'mae_binary': 0.27026614579908914, 'rmse_binary': 0.27026614579908914, 'brier_regret': 0.14608757913018897, 'kl': 0.20165009671478906}",A,A,True,189.62925258092582,median,median,10,"{'std_A': 0.0, 'std_not_A': 0.0}",,{},"{'repeat_aggregation': 'median', 'n_repeats': 10}"
semif_qwen35_4b,Qwen/Qwen3.5-4B@851bf6e806efd8d0a36b00ddf55e13ccb7b8cd0a,conditional__seed_000059__repr_distractor,conditional__seed_000059,conditional,4,distractor,"(0.55,0.70]","{'parameters': {'boundary_rule': 'include records exactly at cutoff T', 'contingency': {'A': {'B': 39, 'not_B': 17}, 'not_A': {'B': 30, 'not_B': 88}}, 'query': 'P(A|B)', 'sampling': 'uniform among records satisfying B', 'temporal_filter': 'all records observed before cutoff T'}}","{'A': 0.5652173913043478, 'not_A': 0.4347826086956522}","{'A': 0.8933094060543487, 'not_A': 0.10669059394565118}","{'tv': 0.328092014750001, 'mae_binary': 0.32809201475000094, 'rmse_binary': 0.32809201475000094, 'brier_regret': 0.21528874028542974, 'kl': 0.3521190444485256}",A,A,True,214.14728709496558,median,median,10,"{'std_A': 0.0, 'std_not_A': 0.0}",,{},"{'repeat_aggregation': 'median', 'n_repeats': 10}"
semif_qwen35_4b,Qwen/Qwen3.5-4B@851bf6e806efd8d0a36b00ddf55e13ccb7b8cd0a,conditional__seed_000059__repr_nested,conditional__seed_000059,conditional,4,nested,"(0.55,0.70]","{'parameters': {'boundary_rule': 'include records exactly at cutoff T', 'contingency': {'A': {'B': 39, 'not_B': 17}, 'not_A': {'B': 30, 'not_B': 88}}, 'query': 'P(A|B)', 'sampling': 'uniform among records satisfying B', 'temporal_filter': 'all records observed before cutoff T'}}","{'A': 0.5652173913043478, 'not_A': 0.4347826086956522}","{'A': 0.7981867777396212, 'not_A': 0.20181322226037882}","{'tv': 0.23296938643527343, 'mae_binary': 0.23296938643527343, 'rmse_binary': 0.23296938643527343, 'brier_regret': 0.1085494700320555, 'kl': 0.13862246075686502}",A,A,True,194.24216928891838,median,median,10,"{'std_A': 0.0, 'std_not_A': 0.0}",,{},"{'repeat_aggregation': 'median', 'n_repeats': 10}"
semif_qwen35_4b,Qwen/Qwen3.5-4B@851bf6e806efd8d0a36b00ddf55e13ccb7b8cd0a,conditional__seed_000059__repr_prose,conditional__seed_000059,conditional,4,prose,"(0.55,0.70]","{'parameters': {'boundary_rule': 'include records exactly at cutoff T', 'contingency': {'A': {'B': 39, 'not_B': 17}, 'not_A': {'B': 30, 'not_B': 88}}, 'query': 'P(A|B)', 'sampling': 'uniform among records satisfying B', 'temporal_filter': 'all records observed before cutoff T'}}","{'A': 0.5652173913043478, 'not_A': 0.4347826086956522}","{'A': 0.7549149868676283, 'not_A': 0.24508501313237172}","{'tv': 0.18969759556328047, 'mae_binary': 0.18969759556328047, 'rmse_binary': 0.18969759556328047, 'brier_regret': 0.07197035552497986, 'kl': 0.0856642932296188}",A,A,True,210.7564846985042,median,median,10,"{'std_A': 0.0, 'std_not_A': 0.0}",,{},"{'repeat_aggregation': 'median', 'n_repeats': 10}"
semif_qwen35_4b,Qwen/Qwen3.5-4B@851bf6e806efd8d0a36b00ddf55e13ccb7b8cd0a,conditional__seed_000059__repr_table,conditional__seed_000059,conditional,4,table,"(0.55,0.70]","{'parameters': {'boundary_rule': 'include records exactly at cutoff T', 'contingency': {'A': {'B': 39, 'not_B': 17}, 'not_A': {'B': 30, 'not_B': 88}}, 'query': 'P(A|B)', 'sampling': 'uniform among records satisfying B', 'temporal_filter': 'all records observed before cutoff T'}}","{'A': 0.5652173913043478, 'not_A': 0.4347826086956522}","{'A': 0.8807970779778823, 'not_A': 0.11920292202211755}","{'tv': 0.3155796866735346, 'mae_binary': 0.31557968667353453, 'rmse_binary': 0.31557968667353453, 'brier_regret': 0.19918107728193252, 'kl': 0.3118769506329724}",A,A,True,216.78899750113487,median,median,10,"{'std_A': 0.0, 'std_not_A': 0.0}",,{},"{'repeat_aggregation': 'median', 'n_repeats': 10}"
semif_qwen35_4b,Qwen/Qwen3.5-4B@851bf6e806efd8d0a36b00ddf55e13ccb7b8cd0a,conditional__seed_000060__repr_direct,conditional__seed_000060,conditional,4,direct,"(0.55,0.70]","{'parameters': {'boundary_rule': 'include records exactly at cutoff T', 'contingency': {'A': {'B': 39, 'not_B': 14}, 'not_A': {'B': 23, 'not_B': 57}}, 'query': 'P(A|B)', 'sampling': 'uniform among records satisfying B', 'temporal_filter': 'all records observed before cutoff T'}}","{'A': 0.6290322580645161, 'not_A': 0.3709677419354839}","{'A': 0.8175744761936437, 'not_A': 0.18242552380635632}","{'tv': 0.18854221812912753, 'mae_binary': 0.18854221812912753, 'rmse_binary': 0.18854221812912753, 'brier_regret': 0.07109633603410302, 'kl': 0.09839616979938104}",A,A,True,194.07538482919335,median,median,10,"{'std_A': 0.0, 'std_not_A': 0.0}",,{},"{'repeat_aggregation': 'median', 'n_repeats': 10}"
semif_qwen35_4b,Qwen/Qwen3.5-4B@851bf6e806efd8d0a36b00ddf55e13ccb7b8cd0a,conditional__seed_000060__repr_distractor,conditional__seed_000060,conditional,4,distractor,"(0.55,0.70]","{'parameters': {'boundary_rule': 'include records exactly at cutoff T', 'contingency': {'A': {'B': 39, 'not_B': 14}, 'not_A': {'B': 23, 'not_B': 57}}, 'query': 'P(A|B)', 'sampling': 'uniform among records satisfying B', 'temporal_filter': 'all records observed before cutoff T'}}","{'A': 0.6290322580645161, 'not_A': 0.3709677419354839}","{'A': 0.9046505351008906, 'not_A': 0.0953494648991095}","{'tv': 0.2756182770363744, 'mae_binary': 0.2756182770363744, 'rmse_binary': 0.2756182770363744, 'brier_regret': 0.15193086927299926, 'kl': 0.2754152571849887}",A,A,True,215.26246862486005,median,median,10,"{'std_A': 0.0, 'std_not_A': 0.0}",,{},"{'repeat_aggregation': 'median', 'n_repeats': 10}"
semif_qwen35_4b,Qwen/Qwen3.5-4B@851bf6e806efd8d0a36b00ddf55e13ccb7b8cd0a,conditional__seed_000060__repr_nested,conditional__seed_000060,conditional,4,nested,"(0.55,0.70]","{'parameters': {'boundary_rule': 'include records exactly at cutoff T', 'contingency': {'A': {'B': 39, 'not_B': 14}, 'not_A': {'B': 23, 'not_B': 57}}, 'query': 'P(A|B)', 'sampling': 'uniform among records satisfying B', 'temporal_filter': 'all records observed before cutoff T'}}","{'A': 0.6290322580645161, 'not_A': 0.3709677419354839}","{'A': 0.8175744761936437, 'not_A': 0.18242552380635632}","{'tv': 0.18854221812912753, 'mae_binary': 0.18854221812912753, 'rmse_binary': 0.18854221812912753, 'brier_regret': 0.07109633603410302, 'kl': 0.09839616979938104}",A,A,True,191.48374353535473,median,median,10,"{'std_A': 0.0, 'std_not_A': 0.0}",,{},"{'repeat_aggregation': 'median', 'n_repeats': 10}"
semif_qwen35_4b,Qwen/Qwen3.5-4B@851bf6e806efd8d0a36b00ddf55e13ccb7b8cd0a,conditional__seed_000060__repr_prose,conditional__seed_000060,conditional,4,prose,"(0.55,0.70]","{'parameters': {'boundary_rule': 'include records exactly at cutoff T', 'contingency': {'A': {'B': 39, 'not_B': 14}, 'not_A': {'B': 23, 'not_B': 57}}, 'query': 'P(A|B)', 'sampling': 'uniform among records satisfying B', 'temporal_filter': 'all records observed before cutoff T'}}","{'A': 0.6290322580645161, 'not_A': 0.3709677419354839}","{'A': 0.7772998611746911, 'not_A': 0.22270013882530884}","{'tv': 0.148267603110175, 'mae_binary': 0.14826760311017495, 'rmse_binary': 0.14826760311017495, 'brier_regret': 0.04396656426407275, 'kl': 0.05617003767813064}",A,A,True,210.62014726921916,median,median,10,"{'std_A': 0.0, 'std_not_A': 0.0}",,{},"{'repeat_aggregation': 'median', 'n_repeats': 10}"
semif_qwen35_4b,Qwen/Qwen3.5-4B@851bf6e806efd8d0a36b00ddf55e13ccb7b8cd0a,conditional__seed_000060__repr_table,conditional__seed_000060,conditional,4,table,"(0.55,0.70]","{'parameters': {'boundary_rule': 'include records exactly at cutoff T', 'contingency': {'A': {'B': 39, 'not_B': 14}, 'not_A': {'B': 23, 'not_B': 57}}, 'query': 'P(A|B)', 'sampling': 'uniform among records satisfying B', 'temporal_filter': 'all records observed before cutoff T'}}","{'A': 0.6290322580645161, 'not_A': 0.3709677419354839}","{'A': 0.8670357598021706, 'not_A': 0.13296424019782924}","{'tv': 0.23800350173765455, 'mae_binary': 0.2380035017376545, 'rmse_binary': 0.2380035017376545, 'brier_regret': 0.11329133367877148, 'kl': 0.17877085264803672}",A,A,True,211.57719725742936,median,median,10,"{'std_A': 0.0, 'std_not_A': 0.0}",,{},"{'repeat_aggregation': 'median', 'n_repeats': 10}"
semif_qwen35_4b,Qwen/Qwen3.5-4B@851bf6e806efd8d0a36b00ddf55e13ccb7b8cd0a,conditional__seed_000061__repr_direct,conditional__seed_000061,conditional,4,direct,"(0.45,0.55]","{'parameters': {'boundary_rule': 'include records exactly at cutoff T', 'contingency': {'A': {'B': 47, 'not_B': 48}, 'not_A': {'B': 55, 'not_B': 80}}, 'query': 'P(A|B)', 'sampling': 'uniform among records satisfying B', 'temporal_filter': 'all records observed before cutoff T'}}","{'A': 0.46078431372549017, 'not_A': 0.5392156862745099}","{'A': 0.7772998611746911, 'not_A': 0.22270013882530884}","{'tv': 0.31651554744920096, 'mae_binary': 0.3165155474492009, 'rmse_binary': 0.3165155474492009, 'brier_regret': 0.20036418355413482, 'kl': 0.23588040990579465}",A,not_A,False,191.66994066908956,median,median,10,"{'std_A': 0.0, 'std_not_A': 0.0}",,{},"{'repeat_aggregation': 'median', 'n_repeats': 10}"
semif_qwen35_4b,Qwen/Qwen3.5-4B@851bf6e806efd8d0a36b00ddf55e13ccb7b8cd0a,conditional__seed_000061__repr_distractor,conditional__seed_000061,conditional,4,distractor,"(0.45,0.55]","{'parameters': {'boundary_rule': 'include records exactly at cutoff T', 'contingency': {'A': {'B': 47, 'not_B': 48}, 'not_A': {'B': 55, 'not_B': 80}}, 'query': 'P(A|B)', 'sampling': 'uniform among records satisfying B', 'temporal_filter': 'all records observed before cutoff T'}}","{'A': 0.46078431372549017, 'not_A': 0.5392156862745099}","{'A': 0.8670357598021706, 'not_A': 0.13296424019782924}","{'tv': 0.4062514460766805, 'mae_binary': 0.40625144607668046, 'rmse_binary': 0.40625144607668046, 'brier_regret': 0.3300804748787881, 'kl': 0.46363619008759205}",A,not_A,False,217.74834585376084,median,median,10,"{'std_A': 0.0, 'std_not_A': 0.0}",,{},"{'repeat_aggregation': 'median', 'n_repeats': 10}"
semif_qwen35_4b,Qwen/Qwen3.5-4B@851bf6e806efd8d0a36b00ddf55e13ccb7b8cd0a,conditional__seed_000061__repr_nested,conditional__seed_000061,conditional,4,nested,"(0.45,0.55]","{'parameters': {'boundary_rule': 'include records exactly at cutoff T', 'contingency': {'A': {'B': 47, 'not_B': 48}, 'not_A': {'B': 55, 'not_B': 80}}, 'query': 'P(A|B)', 'sampling': 'uniform among records satisfying B', 'temporal_filter': 'all records observed before cutoff T'}}","{'A': 0.46078431372549017, 'not_A': 0.5392156862745099}","{'A': 0.7549149868676283, 'not_A': 0.24508501313237172}","{'tv': 0.29413067314213814, 'mae_binary': 0.2941306731421381, 'rmse_binary': 0.2941306731421381, 'brier_regret': 0.17302570576609458, 'kl': 0.19769950402442277}",A,not_A,False,194.86727649345994,median,median,10,"{'std_A': 0.0, 'std_not_A': 0.0}",,{},"{'repeat_aggregation': 'median', 'n_repeats': 10}"
semif_qwen35_4b,Qwen/Qwen3.5-4B@851bf6e806efd8d0a36b00ddf55e13ccb7b8cd0a,conditional__seed_000061__repr_prose,conditional__seed_000061,conditional,4,prose,"(0.45,0.55]","{'parameters': {'boundary_rule': 'include records exactly at cutoff T', 'contingency': {'A': {'B': 47, 'not_B': 48}, 'not_A': {'B': 55, 'not_B': 80}}, 'query': 'P(A|B)', 'sampling': 'uniform among records satisfying B', 'temporal_filter': 'all records observed before cutoff T'}}","{'A': 0.46078431372549017, 'not_A': 0.5392156862745099}","{'A': 0.7772998611746911, 'not_A': 0.22270013882530884}","{'tv': 0.31651554744920096, 'mae_binary': 0.3165155474492009, 'rmse_binary': 0.3165155474492009, 'brier_regret': 0.20036418355413482, 'kl': 0.23588040990579465}",A,not_A,False,211.18814293295145,median,median,10,"{'std_A': 0.0, 'std_not_A': 0.0}",,{},"{'repeat_aggregation': 'median', 'n_repeats': 10}"
semif_qwen35_4b,Qwen/Qwen3.5-4B@851bf6e806efd8d0a36b00ddf55e13ccb7b8cd0a,conditional__seed_000061__repr_table,conditional__seed_000061,conditional,4,table,"(0.45,0.55]","{'parameters': {'boundary_rule': 'include records exactly at cutoff T', 'contingency': {'A': {'B': 47, 'not_B': 48}, 'not_A': {'B': 55, 'not_B': 80}}, 'query': 'P(A|B)', 'sampling': 'uniform among records satisfying B', 'temporal_filter': 'all records observed before cutoff T'}}","{'A': 0.46078431372549017, 'not_A': 0.5392156862745099}","{'A': 0.8519528019683106, 'not_A': 0.1480471980316895}","{'tv': 0.39116848824282036, 'mae_binary': 0.3911684882428204, 'rmse_binary': 0.3911684882428204, 'brier_regret': 0.30602557238834704, 'kl': 0.41378332213576385}",A,not_A,False,215.00377883203328,median,median,10,"{'std_A': 0.0, 'std_not_A': 0.0}",,{},"{'repeat_aggregation': 'median', 'n_repeats': 10}"
semif_qwen35_4b,Qwen/Qwen3.5-4B@851bf6e806efd8d0a36b00ddf55e13ccb7b8cd0a,explicit_probability__seed_000042__repr_direct,explicit_probability__seed_000042,explicit_probability,1,direct,0,"{'parameters': {'p_A': 0.0, 'p_not_A': 1.0}}","{'A': 0.0, 'not_A': 1.0}","{'A': 0.7549149868676283, 'not_A': 0.24508501313237172}","{'tv': 0.7549149868676283, 'mae_binary': 0.7549149868676283, 'rmse_binary': 0.7549149868676283, 'brier_regret': 1.1397932747947026, 'kl': 1.4061501362483146}",A,not_A,False,1336.8059589527547,median,median,10,"{'std_A': 0.0, 'std_not_A': 0.0}",,{},"{'repeat_aggregation': 'median', 'n_repeats': 10}"
semif_qwen35_4b,Qwen/Qwen3.5-4B@851bf6e806efd8d0a36b00ddf55e13ccb7b8cd0a,explicit_probability__seed_000042__repr_distractor,explicit_probability__seed_000042,explicit_probability,1,distractor,0,"{'parameters': {'p_A': 0.0, 'p_not_A': 1.0}}","{'A': 0.0, 'not_A': 1.0}","{'A': 0.24508501313237172, 'not_A': 0.7549149868676283}","{'tv': 0.24508501313237174, 'mae_binary': 0.24508501313237172, 'rmse_binary': 0.24508501313237172, 'brier_regret': 0.12013332732418965, 'kl': 0.2811501362483148}",not_A,not_A,True,196.69025191105902,median,median,10,"{'std_A': 0.0, 'std_not_A': 0.0}",,{},"{'repeat_aggregation': 'median', 'n_repeats': 10}"
semif_qwen35_4b,Qwen/Qwen3.5-4B@851bf6e806efd8d0a36b00ddf55e13ccb7b8cd0a,explicit_probability__seed_000042__repr_prose,explicit_probability__seed_000042,explicit_probability,1,prose,0,"{'parameters': {'p_A': 0.0, 'p_not_A': 1.0}}","{'A': 0.0, 'not_A': 1.0}","{'A': 0.5926665999540697, 'not_A': 0.4073334000459302}","{'tv': 0.5926665999540697, 'mae_binary': 0.5926665999540697, 'rmse_binary': 0.5926665999540697, 'brier_regret': 0.7025073974022347, 'kl': 0.8981232641398402}",A,not_A,False,172.89867661893368,median,median,10,"{'std_A': 0.0, 'std_not_A': 0.0}",,{},"{'repeat_aggregation': 'median', 'n_repeats': 10}"
semif_qwen35_4b,Qwen/Qwen3.5-4B@851bf6e806efd8d0a36b00ddf55e13ccb7b8cd0a,explicit_probability__seed_000042__repr_ratio,explicit_probability__seed_000042,explicit_probability,1,ratio,0,"{'parameters': {'p_A': 0.0, 'p_not_A': 1.0}}","{'A': 0.0, 'not_A': 1.0}","{'A': 0.4378234991142019, 'not_A': 0.5621765008857981}","{'tv': 0.43782349911420193, 'mae_binary': 0.4378234991142019, 'rmse_binary': 0.4378234991142019, 'brier_regret': 0.3833788327532071, 'kl': 0.5759394198788437}",not_A,not_A,True,165.2718858793378,median,median,10,"{'std_A': 0.0, 'std_not_A': 0.0}",,{},"{'repeat_aggregation': 'median', 'n_repeats': 10}"
semif_qwen35_4b,Qwen/Qwen3.5-4B@851bf6e806efd8d0a36b00ddf55e13ccb7b8cd0a,explicit_probability__seed_000043__repr_direct,explicit_probability__seed_000043,explicit_probability,1,direct,"[0.01,0.10]","{'parameters': {'p_A': 0.052631578947, 'p_not_A': 0.947368421053}}","{'A': 0.052631578947, 'not_A': 0.947368421053}","{'A': 0.9669140216112958, 'not_A': 0.033085978388704126}","{'tv': 0.9142824426642959, 'mae_binary': 0.9142824426642958, 'rmse_binary': 0.9142824426642958, 'brier_regret': 1.6718247699283828, 'kl': 3.024822070404747}",A,not_A,False,168.12568679451942,median,median,10,"{'std_A': 0.0, 'std_not_A': 0.0}",,{},"{'repeat_aggregation': 'median', 'n_repeats': 10}"
semif_qwen35_4b,Qwen/Qwen3.5-4B@851bf6e806efd8d0a36b00ddf55e13ccb7b8cd0a,explicit_probability__seed_000043__repr_distractor,explicit_probability__seed_000043,explicit_probability,1,distractor,"[0.01,0.10]","{'parameters': {'p_A': 0.052631578947, 'p_not_A': 0.947368421053}}","{'A': 0.052631578947, 'not_A': 0.947368421053}","{'A': 0.8354835371034369, 'not_A': 0.1645164628965632}","{'tv': 0.7828519581564368, 'mae_binary': 0.7828519581564369, 'rmse_binary': 0.7828519581564369, 'brier_regret': 1.2257143767787353, 'kl': 1.513026268964617}",A,not_A,False,199.08539801836014,median,median,10,"{'std_A': 0.0, 'std_not_A': 0.0}",,{},"{'repeat_aggregation': 'median', 'n_repeats': 10}"
semif_qwen35_4b,Qwen/Qwen3.5-4B@851bf6e806efd8d0a36b00ddf55e13ccb7b8cd0a,explicit_probability__seed_000043__repr_prose,explicit_probability__seed_000043,explicit_probability,1,prose,"[0.01,0.10]","{'parameters': {'p_A': 0.052631578947, 'p_not_A': 0.947368421053}}","{'A': 0.052631578947, 'not_A': 0.947368421053}","{'A': 0.9669140216112958, 'not_A': 0.033085978388704126}","{'tv': 0.9142824426642959, 'mae_binary': 0.9142824426642958, 'rmse_binary': 0.9142824426642958, 'brier_regret': 1.6718247699283828, 'kl': 3.024822070404747}",A,not_A,False,186.4774149376899,median,median,10,"{'std_A': 0.0, 'std_not_A': 0.0}",,{},"{'repeat_aggregation': 'median', 'n_repeats': 10}"
semif_qwen35_4b,Qwen/Qwen3.5-4B@851bf6e806efd8d0a36b00ddf55e13ccb7b8cd0a,explicit_probability__seed_000043__repr_ratio,explicit_probability__seed_000043,explicit_probability,1,ratio,"[0.01,0.10]","{'parameters': {'p_A': 0.052631578947, 'p_not_A': 0.947368421053}}","{'A': 0.052631578947, 'not_A': 0.947368421053}","{'A': 0.7549149868676283, 'not_A': 0.24508501313237172}","{'tv': 0.7022834079206283, 'mae_binary': 0.7022834079206283, 'rmse_binary': 0.7022834079206283, 'brier_regret': 0.9864039700812232, 'kl': 1.1407475593007728}",A,not_A,False,165.7339423429221,median,median,10,"{'std_A': 0.0, 'std_not_A': 0.0}",,{},"{'repeat_aggregation': 'median', 'n_repeats': 10}"
semif_qwen35_4b,Qwen/Qwen3.5-4B@851bf6e806efd8d0a36b00ddf55e13ccb7b8cd0a,explicit_probability__seed_000044__repr_direct,explicit_probability__seed_000044,explicit_probability,1,direct,"(0.10,0.30]","{'parameters': {'p_A': 0.105263157895, 'p_not_A': 0.894736842105}}","{'A': 0.105263157895, 'not_A': 0.894736842105}","{'A': 0.9706877692486436, 'not_A': 0.029312230751356316}","{'tv': 0.8654246113536437, 'mae_binary': 0.8654246113536437, 'rmse_binary': 0.8654246113536437, 'brier_regret': 1.4979195158732104, 'kl': 2.824833608056042}",A,not_A,False,175.29963734559715,median,median,10,"{'std_A': 0.0, 'std_not_A': 0.0}",,{},"{'repeat_aggregation': 'median', 'n_repeats': 10}"
semif_qwen35_4b,Qwen/Qwen3.5-4B@851bf6e806efd8d0a36b00ddf55e13ccb7b8cd0a,explicit_probability__seed_000044__repr_distractor,explicit_probability__seed_000044,explicit_probability,1,distractor,"(0.10,0.30]","{'parameters': {'p_A': 0.105263157895, 'p_not_A': 0.894736842105}}","{'A': 0.105263157895, 'not_A': 0.894736842105}","{'A': 0.8807970779778823, 'not_A': 0.11920292202211755}","{'tv': 0.7755339200828824, 'mae_binary': 0.7755339200828824, 'rmse_binary': 0.7755339200828824, 'brier_regret': 1.2029057223982453, 'kl': 1.5799059376688935}",A,not_A,False,192.61287241242826,median,median,10,"{'std_A': 0.0, 'std_not_A': 0.0}",,{},"{'repeat_aggregation': 'median', 'n_repeats': 10}"
semif_qwen35_4b,Qwen/Qwen3.5-4B@851bf6e806efd8d0a36b00ddf55e13ccb7b8cd0a,explicit_probability__seed_000044__repr_prose,explicit_probability__seed_000044,explicit_probability,1,prose,"(0.10,0.30]","{'parameters': {'p_A': 0.105263157895, 'p_not_A': 0.894736842105}}","{'A': 0.105263157895, 'not_A': 0.894736842105}","{'A': 0.9669140216112958, 'not_A': 0.033085978388704126}","{'tv': 0.8616508637162958, 'mae_binary': 0.8616508637162958, 'rmse_binary': 0.8616508637162958, 'brier_regret': 1.4848844218860775, 'kl': 2.716886784503335}",A,not_A,False,183.25764308683574,median,median,10,"{'std_A': 0.0, 'std_not_A': 0.0}",,{},"{'repeat_aggregation': 'median', 'n_repeats': 10}"
semif_qwen35_4b,Qwen/Qwen3.5-4B@851bf6e806efd8d0a36b00ddf55e13ccb7b8cd0a,explicit_probability__seed_000044__repr_ratio,explicit_probability__seed_000044,explicit_probability,1,ratio,"(0.10,0.30]","{'parameters': {'p_A': 0.105263157895, 'p_not_A': 0.894736842105}}","{'A': 0.105263157895, 'not_A': 0.894736842105}","{'A': 0.7310585786300049, 'not_A': 0.2689414213699951}","{'tv': 0.6257954207350049, 'mae_binary': 0.6257954207350049, 'rmse_binary': 0.6257954207350049, 'brier_regret': 0.7832398172258037, 'kl': 0.8715027720391437}",A,not_A,False,164.80728732421994,median,median,10,"{'std_A': 0.0, 'std_not_A': 0.0}",,{},"{'repeat_aggregation': 'median', 'n_repeats': 10}"
semif_qwen35_4b,Qwen/Qwen3.5-4B@851bf6e806efd8d0a36b00ddf55e13ccb7b8cd0a,explicit_probability__seed_000045__repr_direct,explicit_probability__seed_000045,explicit_probability,1,direct,"(0.10,0.30]","{'parameters': {'p_A': 0.157894736842, 'p_not_A': 0.8421052631579999}}","{'A': 0.157894736842, 'not_A': 0.8421052631579999}","{'A': 0.9669140216112958, 'not_A': 0.033085978388704126}","{'tv': 0.8090192847692959, 'mae_binary': 0.8090192847692959, 'rmse_binary': 0.8090192847692959, 'brier_regret': 1.309024406257246, 'kl': 2.4395886377561204}",A,not_A,False,171.63133025169373,median,median,10,"{'std_A': 0.0, 'std_not_A': 0.0}",,{},"{'repeat_aggregation': 'median', 'n_repeats': 10}"
semif_qwen35_4b,Qwen/Qwen3.5-4B@851bf6e806efd8d0a36b00ddf55e13ccb7b8cd0a,explicit_probability__seed_000045__repr_distractor,explicit_probability__seed_000045,explicit_probability,1,distractor,"(0.10,0.30]","{'parameters': {'p_A': 0.157894736842, 'p_not_A': 0.8421052631579999}}","{'A': 0.157894736842, 'not_A': 0.8421052631579999}","{'A': 0.9149009549929797, 'not_A': 0.08509904500702024}","{'tv': 0.7570062181509798, 'mae_binary': 0.7570062181509798, 'rmse_binary': 0.7570062181509798, 'brier_regret': 1.1461168286384975, 'kl': 1.6527771400900206}",A,not_A,False,190.71772187016904,median,median,10,"{'std_A': 0.0, 'std_not_A': 0.0}",,{},"{'repeat_aggregation': 'median', 'n_repeats': 10}"
semif_qwen35_4b,Qwen/Qwen3.5-4B@851bf6e806efd8d0a36b00ddf55e13ccb7b8cd0a,explicit_probability__seed_000045__repr_prose,explicit_probability__seed_000045,explicit_probability,1,prose,"(0.10,0.30]","{'parameters': {'p_A': 0.157894736842, 'p_not_A': 0.8421052631579999}}","{'A': 0.157894736842, 'not_A': 0.8421052631579999}","{'A': 0.9626731126558706, 'not_A': 0.037326887344129464}","{'tv': 0.8047783758138706, 'mae_binary': 0.8047783758138707, 'rmse_binary': 0.8047783758138707, 'brier_regret': 1.2953364683552229, 'kl': 2.338721151566115}",A,not_A,False,187.43599355220795,median,median,10,"{'std_A': 0.0, 'std_not_A': 0.0}",,{},"{'repeat_aggregation': 'median', 'n_repeats': 10}"
semif_qwen35_4b,Qwen/Qwen3.5-4B@851bf6e806efd8d0a36b00ddf55e13ccb7b8cd0a,explicit_probability__seed_000045__repr_ratio,explicit_probability__seed_000045,explicit_probability,1,ratio,"(0.10,0.30]","{'parameters': {'p_A': 0.157894736842, 'p_not_A': 0.8421052631579999}}","{'A': 0.157894736842, 'not_A': 0.8421052631579999}","{'A': 0.7772998611746911, 'not_A': 0.22270013882530884}","{'tv': 0.619405124332691, 'mae_binary': 0.619405124332691, 'rmse_binary': 0.619405124332691, 'brier_regret': 0.7673254160991929, 'kl': 0.8683983349077048}",A,not_A,False,167.30081946589053,median,median,10,"{'std_A': 0.0, 'std_not_A': 0.0}",,{},"{'repeat_aggregation': 'median', 'n_repeats': 10}"
semif_qwen35_4b,Qwen/Qwen3.5-4B@851bf6e806efd8d0a36b00ddf55e13ccb7b8cd0a,explicit_probability__seed_000046__repr_direct,explicit_probability__seed_000046,explicit_probability,1,direct,"(0.10,0.30]","{'parameters': {'p_A': 0.210526315789, 'p_not_A': 0.789473684211}}","{'A': 0.210526315789, 'not_A': 0.789473684211}","{'A': 0.9706877692486436, 'not_A': 0.029312230751356316}","{'tv': 0.7601614534596437, 'mae_binary': 0.7601614534596437, 'rmse_binary': 0.7601614534596437, 'brier_regret': 1.155690870651756, 'kl': 2.2782551475828177}",A,not_A,False,169.85221770592034,median,median,10,"{'std_A': 0.0, 'std_not_A': 0.0}",,{},"{'repeat_aggregation': 'median', 'n_repeats': 10}"
semif_qwen35_4b,Qwen/Qwen3.5-4B@851bf6e806efd8d0a36b00ddf55e13ccb7b8cd0a,explicit_probability__seed_000046__repr_distractor,explicit_probability__seed_000046,explicit_probability,1,distractor,"(0.10,0.30]","{'parameters': {'p_A': 0.210526315789, 'p_not_A': 0.789473684211}}","{'A': 0.210526315789, 'not_A': 0.789473684211}","{'A': 0.9046505351008906, 'not_A': 0.0953494648991095}","{'tv': 0.6941242193118905, 'mae_binary': 0.6941242193118906, 'rmse_binary': 0.6941242193118906, 'brier_regret': 0.963616863670683, 'kl': 1.3618691829631941}",A,not_A,False,191.44273744896054,median,median,10,"{'std_A': 0.0, 'std_not_A': 0.0}",,{},"{'repeat_aggregation': 'median', 'n_repeats': 10}"
semif_qwen35_4b,Qwen/Qwen3.5-4B@851bf6e806efd8d0a36b00ddf55e13ccb7b8cd0a,explicit_probability__seed_000046__repr_prose,explicit_probability__seed_000046,explicit_probability,1,prose,"(0.10,0.30]","{'parameters': {'p_A': 0.210526315789, 'p_not_A': 0.789473684211}}","{'A': 0.210526315789, 'not_A': 0.789473684211}","{'A': 0.9669140216112958, 'not_A': 0.033085978388704126}","{'tv': 0.7563877058222959, 'mae_binary': 0.7563877058222959, 'rmse_binary': 0.7563877058222959, 'brier_regret': 1.144244723038232, 'kl': 2.1834662187668608}",A,not_A,False,184.5885121729225,median,median,10,"{'std_A': 0.0, 'std_not_A': 0.0}",,{},"{'repeat_aggregation': 'median', 'n_repeats': 10}"
semif_qwen35_4b,Qwen/Qwen3.5-4B@851bf6e806efd8d0a36b00ddf55e13ccb7b8cd0a,explicit_probability__seed_000046__repr_ratio,explicit_probability__seed_000046,explicit_probability,1,ratio,"(0.10,0.30]","{'parameters': {'p_A': 0.210526315789, 'p_not_A': 0.789473684211}}","{'A': 0.210526315789, 'not_A': 0.789473684211}","{'A': 0.7981867777396212, 'not_A': 0.20181322226037882}","{'tv': 0.5876604619506212, 'mae_binary': 0.5876604619506212, 'rmse_binary': 0.5876604619506212, 'brier_regret': 0.690689637080035, 'kl': 0.7962858019634698}",A,not_A,False,168.70221248827875,median,median,10,"{'std_A': 0.0, 'std_not_A': 0.0}",,{},"{'repeat_aggregation': 'median', 'n_repeats': 10}"
semif_qwen35_4b,Qwen/Qwen3.5-4B@851bf6e806efd8d0a36b00ddf55e13ccb7b8cd0a,explicit_probability__seed_000047__repr_direct,explicit_probability__seed_000047,explicit_probability,1,direct,"(0.10,0.30]","{'parameters': {'p_A': 0.263157894737, 'p_not_A': 0.736842105263}}","{'A': 0.263157894737, 'not_A': 0.736842105263}","{'A': 0.9669140216112958, 'not_A': 0.033085978388704126}","{'tv': 0.7037561268742958, 'mae_binary': 0.7037561268742958, 'rmse_binary': 0.7037561268742958, 'brier_regret': 0.99054537222622, 'kl': 1.9441536774887516}",A,not_A,False,168.57280284166336,median,median,10,"{'std_A': 0.0, 'std_not_A': 0.0}",,{},"{'repeat_aggregation': 'median', 'n_repeats': 10}"
semif_qwen35_4b,Qwen/Qwen3.5-4B@851bf6e806efd8d0a36b00ddf55e13ccb7b8cd0a,explicit_probability__seed_000047__repr_distractor,explicit_probability__seed_000047,explicit_probability,1,distractor,"(0.10,0.30]","{'parameters': {'p_A': 0.263157894737, 'p_not_A': 0.736842105263}}","{'A': 0.263157894737, 'not_A': 0.736842105263}","{'A': 0.8670357598021706, 'not_A': 0.13296424019782924}","{'tv': 0.6038778650651706, 'mae_binary': 0.6038778650651706, 'rmse_binary': 0.6038778650651706, 'brier_regret': 0.729336951831337, 'kl': 0.9479198772168141}",A,not_A,False,190.93559850007296,median,median,10,"{'std_A': 0.0, 'std_not_A': 0.0}",,{},"{'repeat_aggregation': 'median', 'n_repeats': 10}"
semif_qwen35_4b,Qwen/Qwen3.5-4B@851bf6e806efd8d0a36b00ddf55e13ccb7b8cd0a,explicit_probability__seed_000047__repr_prose,explicit_probability__seed_000047,explicit_probability,1,prose,"(0.10,0.30]","{'parameters': {'p_A': 0.263157894737, 'p_not_A': 0.736842105263}}","{'A': 0.263157894737, 'not_A': 0.736842105263}","{'A': 0.9626731126558706, 'not_A': 0.037326887344129464}","{'tv': 0.6995152179188706, 'mae_binary': 0.6995152179188706, 'rmse_binary': 0.6995152179188706, 'brier_regret': 0.97864308020017, 'kl': 1.8564440860356206}",A,not_A,False,184.0890297666192,median,median,10,"{'std_A': 0.0, 'std_not_A': 0.0}",,{},"{'repeat_aggregation': 'median', 'n_repeats': 10}"
semif_qwen35_4b,Qwen/Qwen3.5-4B@851bf6e806efd8d0a36b00ddf55e13ccb7b8cd0a,explicit_probability__seed_000047__repr_ratio,explicit_probability__seed_000047,explicit_probability,1,ratio,"(0.10,0.30]","{'parameters': {'p_A': 0.263157894737, 'p_not_A': 0.736842105263}}","{'A': 0.263157894737, 'not_A': 0.736842105263}","{'A': 0.8175744761936437, 'not_A': 0.18242552380635632}","{'tv': 0.5544165814566436, 'mae_binary': 0.5544165814566436, 'rmse_binary': 0.5544165814566436, 'brier_regret': 0.6147554915881424, 'kl': 0.7303423081203402}",A,not_A,False,164.86467071808875,median,median,10,"{'std_A': 0.0, 'std_not_A': 0.0}",,{},"{'repeat_aggregation': 'median', 'n_repeats': 10}"
semif_qwen35_4b,Qwen/Qwen3.5-4B@851bf6e806efd8d0a36b00ddf55e13ccb7b8cd0a,explicit_probability__seed_000048__repr_direct,explicit_probability__seed_000048,explicit_probability,1,direct,"(0.30,0.45]","{'parameters': {'p_A': 0.315789473684, 'p_not_A': 0.684210526316}}","{'A': 0.315789473684, 'not_A': 0.684210526316}","{'A': 0.9706877692486436, 'not_A': 0.029312230751356316}","{'tv': 0.6548982955646436, 'mae_binary': 0.6548982955646436, 'rmse_binary': 0.6548982955646436, 'brier_regret': 0.8577835550669507, 'kl': 1.8008324108106748}",A,not_A,False,171.0742027964443,median,median,10,"{'std_A': 0.0, 'std_not_A': 0.0}",,{},"{'repeat_aggregation': 'median', 'n_repeats': 10}"
semif_qwen35_4b,Qwen/Qwen3.5-4B@851bf6e806efd8d0a36b00ddf55e13ccb7b8cd0a,explicit_probability__seed_000048__repr_distractor,explicit_probability__seed_000048,explicit_probability,1,distractor,"(0.30,0.45]","{'parameters': {'p_A': 0.315789473684, 'p_not_A': 0.684210526316}}","{'A': 0.315789473684, 'not_A': 0.684210526316}","{'A': 0.9046505351008906, 'not_A': 0.0953494648991095}","{'tv': 0.5888610614168905, 'mae_binary': 0.5888610614168905, 'rmse_binary': 0.5888610614168905, 'brier_regret': 0.6935146993060539, 'kl': 1.0160253935598014}",A,not_A,False,193.66555027663708,median,median,10,"{'std_A': 0.0, 'std_not_A': 0.0}",,{},"{'repeat_aggregation': 'median', 'n_repeats': 10}"
semif_qwen35_4b,Qwen/Qwen3.5-4B@851bf6e806efd8d0a36b00ddf55e13ccb7b8cd0a,explicit_probability__seed_000048__repr_prose,explicit_probability__seed_000048,explicit_probability,1,prose,"(0.30,0.45]","{'parameters': {'p_A': 0.315789473684, 'p_not_A': 0.684210526316}}","{'A': 0.315789473684, 'not_A': 0.684210526316}","{'A': 0.9740426428022031, 'not_A': 0.02595735719779685}","{'tv': 0.6582531691182032, 'mae_binary': 0.6582531691182031, 'rmse_binary': 0.6582531691182031, 'brier_regret': 0.8665944693083154, 'kl': 1.8829085035144297}",A,not_A,False,186.11530768685043,median,median,10,"{'std_A': 0.0, 'std_not_A': 0.0}",,{},"{'repeat_aggregation': 'median', 'n_repeats': 10}"
semif_qwen35_4b,Qwen/Qwen3.5-4B@851bf6e806efd8d0a36b00ddf55e13ccb7b8cd0a,explicit_probability__seed_000048__repr_ratio,explicit_probability__seed_000048,explicit_probability,1,ratio,"(0.30,0.45]","{'parameters': {'p_A': 0.315789473684, 'p_not_A': 0.684210526316}}","{'A': 0.315789473684, 'not_A': 0.684210526316}","{'A': 0.8175744761936437, 'not_A': 0.18242552380635632}","{'tv': 0.5017850025096436, 'mae_binary': 0.5017850025096436, 'rmse_binary': 0.5017850025096436, 'brier_regret': 0.5035763774872062, 'kl': 0.6040742178888068}",A,not_A,False,167.46402611024678,median,median,10,"{'std_A': 0.0, 'std_not_A': 0.0}",,{},"{'repeat_aggregation': 'median', 'n_repeats': 10}"
semif_qwen35_4b,Qwen/Qwen3.5-4B@851bf6e806efd8d0a36b00ddf55e13ccb7b8cd0a,explicit_probability__seed_000049__repr_direct,explicit_probability__seed_000049,explicit_probability,1,direct,"(0.30,0.45]","{'parameters': {'p_A': 0.368421052632, 'p_not_A': 0.631578947368}}","{'A': 0.368421052632, 'not_A': 0.631578947368}","{'A': 0.9706877692486436, 'not_A': 0.029312230751356316}","{'tv': 0.6022667166166437, 'mae_binary': 0.6022667166166437, 'rmse_binary': 0.6022667166166437, 'brier_regret': 0.7254503958883851, 'kl': 1.5821667465172795}",A,not_A,False,170.15695665031672,median,median,10,"{'std_A': 0.0, 'std_not_A': 0.0}",,{},"{'repeat_aggregation': 'median', 'n_repeats': 10}"
semif_qwen35_4b,Qwen/Qwen3.5-4B@851bf6e806efd8d0a36b00ddf55e13ccb7b8cd0a,explicit_probability__seed_000049__repr_distractor,explicit_probability__seed_000049,explicit_probability,1,distractor,"(0.30,0.45]","{'parameters': {'p_A': 0.368421052632, 'p_not_A': 0.631578947368}}","{'A': 0.368421052632, 'not_A': 0.631578947368}","{'A': 0.9046505351008906, 'not_A': 0.0953494648991095}","{'tv': 0.5362294824688905, 'mae_binary': 0.5362294824688906, 'rmse_binary': 0.5362294824688906, 'brier_regret': 0.5750841157377083, 'kl': 0.863149202951406}",A,not_A,False,193.34668391384184,median,median,10,"{'std_A': 0.0, 'std_not_A': 0.0}",,{},"{'repeat_aggregation': 'median', 'n_repeats': 10}"
semif_qwen35_4b,Qwen/Qwen3.5-4B@851bf6e806efd8d0a36b00ddf55e13ccb7b8cd0a,explicit_probability__seed_000049__repr_prose,explicit_probability__seed_000049,explicit_probability,1,prose,"(0.30,0.45]","{'parameters': {'p_A': 0.368421052632, 'p_not_A': 0.631578947368}}","{'A': 0.368421052632, 'not_A': 0.631578947368}","{'A': 0.9706877692486436, 'not_A': 0.029312230751356316}","{'tv': 0.6022667166166437, 'mae_binary': 0.6022667166166437, 'rmse_binary': 0.6022667166166437, 'brier_regret': 0.7254503958883851, 'kl': 1.5821667465172795}",A,not_A,False,182.82808400690556,median,median,10,"{'std_A': 0.0, 'std_not_A': 0.0}",,{},"{'repeat_aggregation': 'median', 'n_repeats': 10}"
semif_qwen35_4b,Qwen/Qwen3.5-4B@851bf6e806efd8d0a36b00ddf55e13ccb7b8cd0a,explicit_probability__seed_000049__repr_ratio,explicit_probability__seed_000049,explicit_probability,1,ratio,"(0.30,0.45]","{'parameters': {'p_A': 0.368421052632, 'p_not_A': 0.631578947368}}","{'A': 0.368421052632, 'not_A': 0.631578947368}","{'A': 0.8807970779778823, 'not_A': 0.11920292202211755}","{'tv': 0.5123760253458824, 'mae_binary': 0.5123760253458823, 'rmse_binary': 0.5123760253458823, 'brier_regret': 0.5250583826984886, 'kl': 0.7319759182356315}",A,not_A,False,168.0760386865586,median,median,10,"{'std_A': 0.0, 'std_not_A': 0.0}",,{},"{'repeat_aggregation': 'median', 'n_repeats': 10}"
semif_qwen35_4b,Qwen/Qwen3.5-4B@851bf6e806efd8d0a36b00ddf55e13ccb7b8cd0a,explicit_probability__seed_000050__repr_direct,explicit_probability__seed_000050,explicit_probability,1,direct,"(0.30,0.45]","{'parameters': {'p_A': 0.421052631579, 'p_not_A': 0.578947368421}}","{'A': 0.421052631579, 'not_A': 0.578947368421}","{'A': 0.9669140216112958, 'not_A': 0.033085978388704126}","{'tv': 0.5458613900322958, 'mae_binary': 0.5458613900322957, 'rmse_binary': 0.5458613900322957, 'brier_regret': 0.5959293142559804, 'kl': 1.3069635805122337}",A,not_A,False,168.85876110754907,median,median,10,"{'std_A': 0.0, 'std_not_A': 0.0}",,{},"{'repeat_aggregation': 'median', 'n_repeats': 10}"
semif_qwen35_4b,Qwen/Qwen3.5-4B@851bf6e806efd8d0a36b00ddf55e13ccb7b8cd0a,explicit_probability__seed_000050__repr_distractor,explicit_probability__seed_000050,explicit_probability,1,distractor,"(0.30,0.45]","{'parameters': {'p_A': 0.421052631579, 'p_not_A': 0.578947368421}}","{'A': 0.421052631579, 'not_A': 0.578947368421}","{'A': 0.9149009549929797, 'not_A': 0.08509904500702024}","{'tv': 0.4938483234139798, 'mae_binary': 0.4938483234139797, 'rmse_binary': 0.4938483234139797, 'brier_regret': 0.4877723330775975, 'kl': 0.7833099775831336}",A,not_A,False,192.26080724038184,median,median,10,"{'std_A': 0.0, 'std_not_A': 0.0}",,{},"{'repeat_aggregation': 'median', 'n_repeats': 10}"
semif_qwen35_4b,Qwen/Qwen3.5-4B@851bf6e806efd8d0a36b00ddf55e13ccb7b8cd0a,explicit_probability__seed_000050__repr_prose,explicit_probability__seed_000050,explicit_probability,1,prose,"(0.30,0.45]","{'parameters': {'p_A': 0.421052631579, 'p_not_A': 0.578947368421}}","{'A': 0.421052631579, 'not_A': 0.578947368421}","{'A': 0.9669140216112958, 'not_A': 0.033085978388704126}","{'tv': 0.5458613900322958, 'mae_binary': 0.5458613900322957, 'rmse_binary': 0.5458613900322957, 'brier_regret': 0.5959293142559804, 'kl': 1.3069635805122337}",A,not_A,False,186.47936591878533,median,median,10,"{'std_A': 0.0, 'std_not_A': 0.0}",,{},"{'repeat_aggregation': 'median', 'n_repeats': 10}"
semif_qwen35_4b,Qwen/Qwen3.5-4B@851bf6e806efd8d0a36b00ddf55e13ccb7b8cd0a,explicit_probability__seed_000050__repr_ratio,explicit_probability__seed_000050,explicit_probability,1,ratio,"(0.30,0.45]","{'parameters': {'p_A': 0.421052631579, 'p_not_A': 0.578947368421}}","{'A': 0.421052631579, 'not_A': 0.578947368421}","{'A': 0.7310585786300049, 'not_A': 0.2689414213699951}","{'tv': 0.3100059470510049, 'mae_binary': 0.31000594705100487, 'rmse_binary': 0.31000594705100487, 'brier_regret': 0.1922073744139809, 'kl': 0.21157956804754266}",A,not_A,False,165.0464151520282,median,median,10,"{'std_A': 0.0, 'std_not_A': 0.0}",,{},"{'repeat_aggregation': 'median', 'n_repeats': 10}"
semif_qwen35_4b,Qwen/Qwen3.5-4B@851bf6e806efd8d0a36b00ddf55e13ccb7b8cd0a,explicit_probability__seed_000051__repr_direct,explicit_probability__seed_000051,explicit_probability,1,direct,"(0.45,0.55]","{'parameters': {'p_A': 0.473684210526, 'p_not_A': 0.526315789474}}","{'A': 0.473684210526, 'not_A': 0.526315789474}","{'A': 0.9579122720843811, 'not_A': 0.04208772791561884}","{'tv': 0.48422806155838116, 'mae_binary': 0.4842280615583811, 'rmse_binary': 0.4842280615583811, 'brier_regret': 0.4689536312011747, 'kl': 0.9959744224829534}",A,not_A,False,169.45362389087677,median,median,10,"{'std_A': 0.0, 'std_not_A': 0.0}",,{},"{'repeat_aggregation': 'median', 'n_repeats': 10}"
semif_qwen35_4b,Qwen/Qwen3.5-4B@851bf6e806efd8d0a36b00ddf55e13ccb7b8cd0a,explicit_probability__seed_000051__repr_distractor,explicit_probability__seed_000051,explicit_probability,1,distractor,"(0.45,0.55]","{'parameters': {'p_A': 0.473684210526, 'p_not_A': 0.526315789474}}","{'A': 0.473684210526, 'not_A': 0.526315789474}","{'A': 0.8670357598021706, 'not_A': 0.13296424019782924}","{'tv': 0.39335154927617066, 'mae_binary': 0.3933515492761706, 'rmse_binary': 0.3933515492761706, 'brier_regret': 0.30945088263592746, 'kl': 0.4377556640169672}",A,not_A,False,192.47705261223018,median,median,10,"{'std_A': 0.0, 'std_not_A': 0.0}",,{},"{'repeat_aggregation': 'median', 'n_repeats': 10}"
semif_qwen35_4b,Qwen/Qwen3.5-4B@851bf6e806efd8d0a36b00ddf55e13ccb7b8cd0a,explicit_probability__seed_000051__repr_prose,explicit_probability__seed_000051,explicit_probability,1,prose,"(0.45,0.55]","{'parameters': {'p_A': 0.473684210526, 'p_not_A': 0.526315789474}}","{'A': 0.473684210526, 'not_A': 0.526315789474}","{'A': 0.9399133498259924, 'not_A': 0.06008665017400762}","{'tv': 0.46622913929999243, 'mae_binary': 0.4662291392999924, 'rmse_binary': 0.4662291392999924, 'brier_regret': 0.43473922066482346, 'kl': 0.8175745112043142}",A,not_A,False,182.8583215828985,median,median,10,"{'std_A': 0.0, 'std_not_A': 0.0}",,{},"{'repeat_aggregation': 'median', 'n_repeats': 10}"
semif_qwen35_4b,Qwen/Qwen3.5-4B@851bf6e806efd8d0a36b00ddf55e13ccb7b8cd0a,explicit_probability__seed_000051__repr_ratio,explicit_probability__seed_000051,explicit_probability,1,ratio,"(0.45,0.55]","{'parameters': {'p_A': 0.473684210526, 'p_not_A': 0.526315789474}}","{'A': 0.473684210526, 'not_A': 0.526315789474}","{'A': 0.9149009549929797, 'not_A': 0.08509904500702024}","{'tv': 0.4412167444669798, 'mae_binary': 0.4412167444669797, 'rmse_binary': 0.4412167444669797, 'brier_regret': 0.3893444311960802, 'kl': 0.6471779666233042}",A,not_A,False,168.43973007053137,median,median,10,"{'std_A': 0.0, 'std_not_A': 0.0}",,{},"{'repeat_aggregation': 'median', 'n_repeats': 10}"
semif_qwen35_4b,Qwen/Qwen3.5-4B@851bf6e806efd8d0a36b00ddf55e13ccb7b8cd0a,explicit_probability__seed_000052__repr_direct,explicit_probability__seed_000052,explicit_probability,1,direct,"(0.45,0.55]","{'parameters': {'p_A': 0.526315789474, 'p_not_A': 0.47368421052599996}}","{'A': 0.526315789474, 'not_A': 0.47368421052599996}","{'A': 0.9740426428022031, 'not_A': 0.02595735719779685}","{'tv': 0.44772685332820306, 'mae_binary': 0.44772685332820306, 'rmse_binary': 0.44772685332820306, 'brier_regret': 0.4009186703823486, 'kl': 1.0516439594912406}",A,A,True,170.41763528250158,median,median,10,"{'std_A': 0.0, 'std_not_A': 0.0}",,{},"{'repeat_aggregation': 'median', 'n_repeats': 10}"
semif_qwen35_4b,Qwen/Qwen3.5-4B@851bf6e806efd8d0a36b00ddf55e13ccb7b8cd0a,explicit_probability__seed_000052__repr_distractor,explicit_probability__seed_000052,explicit_probability,1,distractor,"(0.45,0.55]","{'parameters': {'p_A': 0.526315789474, 'p_not_A': 0.47368421052599996}}","{'A': 0.526315789474, 'not_A': 0.47368421052599996}","{'A': 0.9579122720843811, 'not_A': 0.04208772791561884}","{'tv': 0.4315964826103811, 'mae_binary': 0.4315964826103811, 'rmse_binary': 0.4315964826103811, 'brier_regret': 0.37255104760330604, 'kl': 0.8315007382704531}",A,A,True,192.8324578795582,median,median,10,"{'std_A': 0.0, 'std_not_A': 0.0}",,{},"{'repeat_aggregation': 'median', 'n_repeats': 10}"
semif_qwen35_4b,Qwen/Qwen3.5-4B@851bf6e806efd8d0a36b00ddf55e13ccb7b8cd0a,explicit_probability__seed_000052__repr_prose,explicit_probability__seed_000052,explicit_probability,1,prose,"(0.45,0.55]","{'parameters': {'p_A': 0.526315789474, 'p_not_A': 0.47368421052599996}}","{'A': 0.526315789474, 'not_A': 0.47368421052599996}","{'A': 0.9706877692486436, 'not_A': 0.029312230751356316}","{'tv': 0.4443719797746436, 'mae_binary': 0.4443719797746436, 'rmse_binary': 0.4443719797746436, 'brier_regret': 0.39493291281767257, 'kl': 0.9958836562612359}",A,A,True,186.5717337001115,median,median,10,"{'std_A': 0.0, 'std_not_A': 0.0}",,{},"{'repeat_aggregation': 'median', 'n_repeats': 10}"
semif_qwen35_4b,Qwen/Qwen3.5-4B@851bf6e806efd8d0a36b00ddf55e13ccb7b8cd0a,explicit_probability__seed_000052__repr_ratio,explicit_probability__seed_000052,explicit_probability,1,ratio,"(0.45,0.55]","{'parameters': {'p_A': 0.526315789474, 'p_not_A': 0.47368421052599996}}","{'A': 0.526315789474, 'not_A': 0.47368421052599996}","{'A': 0.9579122720843811, 'not_A': 0.04208772791561884}","{'tv': 0.4315964826103811, 'mae_binary': 0.4315964826103811, 'rmse_binary': 0.4315964826103811, 'brier_regret': 0.37255104760330604, 'kl': 0.8315007382704531}",A,A,True,167.4761493690312,median,median,10,"{'std_A': 0.0, 'std_not_A': 0.0}",,{},"{'repeat_aggregation': 'median', 'n_repeats': 10}"
semif_qwen35_4b,Qwen/Qwen3.5-4B@851bf6e806efd8d0a36b00ddf55e13ccb7b8cd0a,explicit_probability__seed_000053__repr_direct,explicit_probability__seed_000053,explicit_probability,1,direct,"(0.55,0.70]","{'parameters': {'p_A': 0.578947368421, 'p_not_A': 0.42105263157899997}}","{'A': 0.578947368421, 'not_A': 0.42105263157899997}","{'A': 0.9740426428022031, 'not_A': 0.02595735719779685}","{'tv': 0.39509527438120307, 'mae_binary': 0.39509527438120307, 'rmse_binary': 0.39509527438120307, 'brier_regret': 0.31220055167671634, 'kl': 0.87198649676907}",A,A,True,170.82902933470905,median,median,10,"{'std_A': 0.0, 'std_not_A': 0.0}",,{},"{'repeat_aggregation': 'median', 'n_repeats': 10}"
semif_qwen35_4b,Qwen/Qwen3.5-4B@851bf6e806efd8d0a36b00ddf55e13ccb7b8cd0a,explicit_probability__seed_000053__repr_distractor,explicit_probability__seed_000053,explicit_probability,1,distractor,"(0.55,0.70]","{'parameters': {'p_A': 0.578947368421, 'p_not_A': 0.42105263157899997}}","{'A': 0.578947368421, 'not_A': 0.42105263157899997}","{'A': 0.9465966702001757, 'not_A': 0.053403329799824234}","{'tv': 0.3676493017791757, 'mae_binary': 0.36764930177917565, 'rmse_binary': 0.36764930177917565, 'brier_regret': 0.2703320181974308, 'kl': 0.5847790070560228}",A,A,True,190.51143997348845,median,median,10,"{'std_A': 0.0, 'std_not_A': 0.0}",,{},"{'repeat_aggregation': 'median', 'n_repeats': 10}"
semif_qwen35_4b,Qwen/Qwen3.5-4B@851bf6e806efd8d0a36b00ddf55e13ccb7b8cd0a,explicit_probability__seed_000053__repr_prose,explicit_probability__seed_000053,explicit_probability,1,prose,"(0.55,0.70]","{'parameters': {'p_A': 0.578947368421, 'p_not_A': 0.42105263157899997}}","{'A': 0.578947368421, 'not_A': 0.42105263157899997}","{'A': 0.9740426428022031, 'not_A': 0.02595735719779685}","{'tv': 0.39509527438120307, 'mae_binary': 0.39509527438120307, 'rmse_binary': 0.39509527438120307, 'brier_regret': 0.31220055167671634, 'kl': 0.87198649676907}",A,A,True,188.66389421746135,median,median,10,"{'std_A': 0.0, 'std_not_A': 0.0}",,{},"{'repeat_aggregation': 'median', 'n_repeats': 10}"
semif_qwen35_4b,Qwen/Qwen3.5-4B@851bf6e806efd8d0a36b00ddf55e13ccb7b8cd0a,explicit_probability__seed_000053__repr_ratio,explicit_probability__seed_000053,explicit_probability,1,ratio,"(0.55,0.70]","{'parameters': {'p_A': 0.578947368421, 'p_not_A': 0.42105263157899997}}","{'A': 0.578947368421, 'not_A': 0.42105263157899997}","{'A': 0.9324533088603709, 'not_A': 0.0675466911396291}","{'tv': 0.3535059404393709, 'mae_binary': 0.3535059404393709, 'rmse_binary': 0.3535059404393709, 'brier_regret': 0.24993289985184808, 'kl': 0.4945698696481681}",A,A,True,169.1024860367179,median,median,10,"{'std_A': 0.0, 'std_not_A': 0.0}",,{},"{'repeat_aggregation': 'median', 'n_repeats': 10}"
semif_qwen35_4b,Qwen/Qwen3.5-4B@851bf6e806efd8d0a36b00ddf55e13ccb7b8cd0a,explicit_probability__seed_000054__repr_direct,explicit_probability__seed_000054,explicit_probability,1,direct,"(0.55,0.70]","{'parameters': {'p_A': 0.631578947368, 'p_not_A': 0.368421052632}}","{'A': 0.631578947368, 'not_A': 0.368421052632}","{'A': 0.9770226300899744, 'not_A': 0.02297736991002561}","{'tv': 0.34544368272197434, 'mae_binary': 0.34544368272197434, 'rmse_binary': 0.34544368272197434, 'brier_regret': 0.23866267586504014, 'kl': 0.746714424199084}",A,A,True,171.2611374910921,median,median,10,"{'std_A': 0.0, 'std_not_A': 0.0}",,{},"{'repeat_aggregation': 'median', 'n_repeats': 10}"
semif_qwen35_4b,Qwen/Qwen3.5-4B@851bf6e806efd8d0a36b00ddf55e13ccb7b8cd0a,explicit_probability__seed_000054__repr_distractor,explicit_probability__seed_000054,explicit_probability,1,distractor,"(0.55,0.70]","{'parameters': {'p_A': 0.631578947368, 'p_not_A': 0.368421052632}}","{'A': 0.631578947368, 'not_A': 0.368421052632}","{'A': 0.9525741268224334, 'not_A': 0.04742587317756679}","{'tv': 0.32099517945443323, 'mae_binary': 0.32099517945443334, 'rmse_binary': 0.32099517945443334, 'brier_regret': 0.20607581046596762, 'kl': 0.4957405219264005}",A,A,True,191.09252379275858,median,median,10,"{'std_A': 0.0, 'std_not_A': 0.0}",,{},"{'repeat_aggregation': 'median', 'n_repeats': 10}"
semif_qwen35_4b,Qwen/Qwen3.5-4B@851bf6e806efd8d0a36b00ddf55e13ccb7b8cd0a,explicit_probability__seed_000054__repr_prose,explicit_probability__seed_000054,explicit_probability,1,prose,"(0.55,0.70]","{'parameters': {'p_A': 0.631578947368, 'p_not_A': 0.368421052632}}","{'A': 0.631578947368, 'not_A': 0.368421052632}","{'A': 0.9796676466573412, 'not_A': 0.020332353342658753}","{'tv': 0.34808869928934116, 'mae_binary': 0.34808869928934116, 'rmse_binary': 0.34808869928934116, 'brier_regret': 0.2423314851458908, 'kl': 0.7900634923067558}",A,A,True,185.1422268897295,median,median,10,"{'std_A': 0.0, 'std_not_A': 0.0}",,{},"{'repeat_aggregation': 'median', 'n_repeats': 10}"
semif_qwen35_4b,Qwen/Qwen3.5-4B@851bf6e806efd8d0a36b00ddf55e13ccb7b8cd0a,explicit_probability__seed_000054__repr_ratio,explicit_probability__seed_000054,explicit_probability,1,ratio,"(0.55,0.70]","{'parameters': {'p_A': 0.631578947368, 'p_not_A': 0.368421052632}}","{'A': 0.631578947368, 'not_A': 0.368421052632}","{'A': 0.9669140216112958, 'not_A': 0.033085978388704126}","{'tv': 0.3353350742432958, 'mae_binary': 0.3353350742432958, 'rmse_binary': 0.3353350742432958, 'brier_regret': 0.22489922403551343, 'kl': 0.6189567650726974}",A,A,True,164.99202675186098,median,median,10,"{'std_A': 0.0, 'std_not_A': 0.0}",,{},"{'repeat_aggregation': 'median', 'n_repeats': 10}"
semif_qwen35_4b,Qwen/Qwen3.5-4B@851bf6e806efd8d0a36b00ddf55e13ccb7b8cd0a,explicit_probability__seed_000055__repr_direct,explicit_probability__seed_000055,explicit_probability,1,direct,"(0.55,0.70]","{'parameters': {'p_A': 0.684210526316, 'p_not_A': 0.315789473684}}","{'A': 0.684210526316, 'not_A': 0.315789473684}","{'A': 0.9770226300899744, 'not_A': 0.02297736991002561}","{'tv': 0.2928121037739744, 'mae_binary': 0.2928121037739744, 'rmse_binary': 0.2928121037739744, 'brier_regret': 0.17147785623308148, 'kl': 0.5838011411194796}",A,A,True,169.65698092244565,median,median,10,"{'std_A': 0.0, 'std_not_A': 0.0}",,{},"{'repeat_aggregation': 'median', 'n_repeats': 10}"
semif_qwen35_4b,Qwen/Qwen3.5-4B@851bf6e806efd8d0a36b00ddf55e13ccb7b8cd0a,explicit_probability__seed_000055__repr_distractor,explicit_probability__seed_000055,explicit_probability,1,distractor,"(0.55,0.70]","{'parameters': {'p_A': 0.684210526316, 'p_not_A': 0.315789473684}}","{'A': 0.684210526316, 'not_A': 0.315789473684}","{'A': 0.9706877692486436, 'not_A': 0.029312230751356316}","{'tv': 0.28647724293264365, 'mae_binary': 0.28647724293264365, 'rmse_binary': 0.28647724293264365, 'brier_regret': 0.1641384214365779, 'kl': 0.511358726598675}",A,A,True,193.38090252131224,median,median,10,"{'std_A': 0.0, 'std_not_A': 0.0}",,{},"{'repeat_aggregation': 'median', 'n_repeats': 10}"
semif_qwen35_4b,Qwen/Qwen3.5-4B@851bf6e806efd8d0a36b00ddf55e13ccb7b8cd0a,explicit_probability__seed_000055__repr_prose,explicit_probability__seed_000055,explicit_probability,1,prose,"(0.55,0.70]","{'parameters': {'p_A': 0.684210526316, 'p_not_A': 0.315789473684}}","{'A': 0.684210526316, 'not_A': 0.315789473684}","{'A': 0.9820137900379085, 'not_A': 0.017986209962091555}","{'tv': 0.29780326372190846, 'mae_binary': 0.29780326372190846, 'rmse_binary': 0.29780326372190846, 'brier_regret': 0.17737356776684113, 'kl': 0.6576529730858641}",A,A,True,182.6881119981408,median,median,10,"{'std_A': 0.0, 'std_not_A': 0.0}",,{},"{'repeat_aggregation': 'median', 'n_repeats': 10}"
semif_qwen35_4b,Qwen/Qwen3.5-4B@851bf6e806efd8d0a36b00ddf55e13ccb7b8cd0a,explicit_probability__seed_000055__repr_ratio,explicit_probability__seed_000055,explicit_probability,1,ratio,"(0.55,0.70]","{'parameters': {'p_A': 0.684210526316, 'p_not_A': 0.315789473684}}","{'A': 0.684210526316, 'not_A': 0.315789473684}","{'A': 0.9525741268224334, 'not_A': 0.04742587317756679}","{'tv': 0.26836360050643326, 'mae_binary': 0.2683636005064334, 'rmse_binary': 0.2683636005064334, 'brier_regret': 0.14403804415355304, 'kl': 0.3723009230577963}",A,A,True,167.9957370273769,median,median,10,"{'std_A': 0.0, 'std_not_A': 0.0}",,{},"{'repeat_aggregation': 'median', 'n_repeats': 10}"
semif_qwen35_4b,Qwen/Qwen3.5-4B@851bf6e806efd8d0a36b00ddf55e13ccb7b8cd0a,explicit_probability__seed_000056__repr_direct,explicit_probability__seed_000056,explicit_probability,1,direct,"(0.70,0.90]","{'parameters': {'p_A': 0.736842105263, 'p_not_A': 0.263157894737}}","{'A': 0.736842105263, 'not_A': 0.263157894737}","{'A': 0.9820137900379085, 'not_A': 0.017986209962091555}","{'tv': 0.24517168477490847, 'mae_binary': 0.24517168477490847, 'rmse_binary': 0.24517168477490847, 'brier_regret': 0.12021831003073417, 'kl': 0.49444737910889736}",A,A,True,169.99336211010814,median,median,10,"{'std_A': 0.0, 'std_not_A': 0.0}",,{},"{'repeat_aggregation': 'median', 'n_repeats': 10}"
semif_qwen35_4b,Qwen/Qwen3.5-4B@851bf6e806efd8d0a36b00ddf55e13ccb7b8cd0a,explicit_probability__seed_000056__repr_distractor,explicit_probability__seed_000056,explicit_probability,1,distractor,"(0.70,0.90]","{'parameters': {'p_A': 0.736842105263, 'p_not_A': 0.263157894737}}","{'A': 0.736842105263, 'not_A': 0.263157894737}","{'A': 0.9669140216112958, 'not_A': 0.033085978388704126}","{'tv': 0.23007191634829585, 'mae_binary': 0.23007191634829582, 'rmse_binary': 0.23007191634829582, 'brier_regret': 0.10586617338435449, 'kl': 0.34546946696350145}",A,A,True,192.33436454087496,median,median,10,"{'std_A': 0.0, 'std_not_A': 0.0}",,{},"{'repeat_aggregation': 'median', 'n_repeats': 10}"
semif_qwen35_4b,Qwen/Qwen3.5-4B@851bf6e806efd8d0a36b00ddf55e13ccb7b8cd0a,explicit_probability__seed_000056__repr_prose,explicit_probability__seed_000056,explicit_probability,1,prose,"(0.70,0.90]","{'parameters': {'p_A': 0.736842105263, 'p_not_A': 0.263157894737}}","{'A': 0.736842105263, 'not_A': 0.263157894737}","{'A': 0.9770226300899744, 'not_A': 0.02297736991002561}","{'tv': 0.24018052482697438, 'mae_binary': 0.24018052482697438, 'rmse_binary': 0.24018052482697438, 'brier_regret': 0.11537336901232173, 'kl': 0.4337534418792626}",A,A,True,184.14708585478365,median,median,10,"{'std_A': 0.0, 'std_not_A': 0.0}",,{},"{'repeat_aggregation': 'median', 'n_repeats': 10}"
semif_qwen35_4b,Qwen/Qwen3.5-4B@851bf6e806efd8d0a36b00ddf55e13ccb7b8cd0a,explicit_probability__seed_000056__repr_ratio,explicit_probability__seed_000056,explicit_probability,1,ratio,"(0.70,0.90]","{'parameters': {'p_A': 0.736842105263, 'p_not_A': 0.263157894737}}","{'A': 0.736842105263, 'not_A': 0.263157894737}","{'A': 0.9626731126558706, 'not_A': 0.037326887344129464}","{'tv': 0.2258310073928706, 'mae_binary': 0.22583100739287065, 'rmse_binary': 0.22583100739287065, 'brier_regret': 0.10199928780015755, 'kl': 0.3169704018261206}",A,A,True,165.91644948348403,median,median,10,"{'std_A': 0.0, 'std_not_A': 0.0}",,{},"{'repeat_aggregation': 'median', 'n_repeats': 10}"
semif_qwen35_4b,Qwen/Qwen3.5-4B@851bf6e806efd8d0a36b00ddf55e13ccb7b8cd0a,explicit_probability__seed_000057__repr_direct,explicit_probability__seed_000057,explicit_probability,1,direct,"(0.70,0.90]","{'parameters': {'p_A': 0.789473684211, 'p_not_A': 0.21052631578900005}}","{'A': 0.789473684211, 'not_A': 0.21052631578900005}","{'A': 0.9796676466573412, 'not_A': 0.020332353342658753}","{'tv': 0.19019396244634126, 'mae_binary': 0.19019396244634124, 'rmse_binary': 0.19019396244634124, 'brier_regret': 0.07234748670208055, 'kl': 0.3216782091551689}",A,A,True,171.45387562923133,median,median,10,"{'std_A': 0.0, 'std_not_A': 0.0}",,{},"{'repeat_aggregation': 'median', 'n_repeats': 10}"
semif_qwen35_4b,Qwen/Qwen3.5-4B@851bf6e806efd8d0a36b00ddf55e13ccb7b8cd0a,explicit_probability__seed_000057__repr_distractor,explicit_probability__seed_000057,explicit_probability,1,distractor,"(0.70,0.90]","{'parameters': {'p_A': 0.789473684211, 'p_not_A': 0.21052631578900005}}","{'A': 0.789473684211, 'not_A': 0.21052631578900005}","{'A': 0.9706877692486436, 'not_A': 0.029312230751356316}","{'tv': 0.18121408503764372, 'mae_binary': 0.1812140850376437, 'rmse_binary': 0.1812140850376437, 'brier_regret': 0.06567708923206073, 'kl': 0.2519393581058176}",A,A,True,193.1903939228505,median,median,10,"{'std_A': 0.0, 'std_not_A': 0.0}",,{},"{'repeat_aggregation': 'median', 'n_repeats': 10}"
semif_qwen35_4b,Qwen/Qwen3.5-4B@851bf6e806efd8d0a36b00ddf55e13ccb7b8cd0a,explicit_probability__seed_000057__repr_prose,explicit_probability__seed_000057,explicit_probability,1,prose,"(0.70,0.90]","{'parameters': {'p_A': 0.789473684211, 'p_not_A': 0.21052631578900005}}","{'A': 0.789473684211, 'not_A': 0.21052631578900005}","{'A': 0.9840936082881853, 'not_A': 0.01590639171181471}","{'tv': 0.1946199240771853, 'mae_binary': 0.1946199240771853, 'rmse_binary': 0.1946199240771853, 'brier_regret': 0.07575382969561877, 'kl': 0.3698021432816406}",A,A,True,185.7143651228398,median,median,10,"{'std_A': 0.0, 'std_not_A': 0.0}",,{},"{'repeat_aggregation': 'median', 'n_repeats': 10}"
semif_qwen35_4b,Qwen/Qwen3.5-4B@851bf6e806efd8d0a36b00ddf55e13ccb7b8cd0a,explicit_probability__seed_000057__repr_ratio,explicit_probability__seed_000057,explicit_probability,1,ratio,"(0.70,0.90]","{'parameters': {'p_A': 0.789473684211, 'p_not_A': 0.21052631578900005}}","{'A': 0.789473684211, 'not_A': 0.21052631578900005}","{'A': 0.9706877692486436, 'not_A': 0.029312230751356316}","{'tv': 0.18121408503764372, 'mae_binary': 0.1812140850376437, 'rmse_binary': 0.1812140850376437, 'brier_regret': 0.06567708923206073, 'kl': 0.2519393581058176}",A,A,True,166.83258754201233,median,median,10,"{'std_A': 0.0, 'std_not_A': 0.0}",,{},"{'repeat_aggregation': 'median', 'n_repeats': 10}"
semif_qwen35_4b,Qwen/Qwen3.5-4B@851bf6e806efd8d0a36b00ddf55e13ccb7b8cd0a,explicit_probability__seed_000058__repr_direct,explicit_probability__seed_000058,explicit_probability,1,direct,"(0.70,0.90]","{'parameters': {'p_A': 0.842105263158, 'p_not_A': 0.15789473684199995}}","{'A': 0.842105263158, 'not_A': 0.15789473684199995}","{'A': 0.9740426428022031, 'not_A': 0.02595735719779685}","{'tv': 0.13193737964420307, 'mae_binary': 0.13193737964420305, 'rmse_binary': 0.13193737964420305, 'brier_regret': 0.03481494429475714, 'kl': 0.16250629085395735}",A,A,True,170.4321278259158,median,median,10,"{'std_A': 0.0, 'std_not_A': 0.0}",,{},"{'repeat_aggregation': 'median', 'n_repeats': 10}"
semif_qwen35_4b,Qwen/Qwen3.5-4B@851bf6e806efd8d0a36b00ddf55e13ccb7b8cd0a,explicit_probability__seed_000058__repr_distractor,explicit_probability__seed_000058,explicit_probability,1,distractor,"(0.70,0.90]","{'parameters': {'p_A': 0.842105263158, 'p_not_A': 0.15789473684199995}}","{'A': 0.842105263158, 'not_A': 0.15789473684199995}","{'A': 0.9626731126558706, 'not_A': 0.037326887344129464}","{'tv': 0.12056784949787053, 'mae_binary': 0.12056784949787058, 'rmse_binary': 0.12056784949787058, 'brier_regret': 0.02907321266508232, 'kl': 0.11503694103911496}",A,A,True,192.35566053539515,median,median,10,"{'std_A': 0.0, 'std_not_A': 0.0}",,{},"{'repeat_aggregation': 'median', 'n_repeats': 10}"
semif_qwen35_4b,Qwen/Qwen3.5-4B@851bf6e806efd8d0a36b00ddf55e13ccb7b8cd0a,explicit_probability__seed_000058__repr_prose,explicit_probability__seed_000058,explicit_probability,1,prose,"(0.70,0.90]","{'parameters': {'p_A': 0.842105263158, 'p_not_A': 0.15789473684199995}}","{'A': 0.842105263158, 'not_A': 0.15789473684199995}","{'A': 0.9820137900379085, 'not_A': 0.017986209962091555}","{'tv': 0.1399085268799084, 'mae_binary': 0.1399085268799084, 'rmse_binary': 0.1399085268799084, 'brier_regret': 0.0391487917874121, 'kl': 0.2135665499006417}",A,A,True,190.00122155994177,median,median,10,"{'std_A': 0.0, 'std_not_A': 0.0}",,{},"{'repeat_aggregation': 'median', 'n_repeats': 10}"
semif_qwen35_4b,Qwen/Qwen3.5-4B@851bf6e806efd8d0a36b00ddf55e13ccb7b8cd0a,explicit_probability__seed_000058__repr_ratio,explicit_probability__seed_000058,explicit_probability,1,ratio,"(0.70,0.90]","{'parameters': {'p_A': 0.842105263158, 'p_not_A': 0.15789473684199995}}","{'A': 0.842105263158, 'not_A': 0.15789473684199995}","{'A': 0.9579122720843811, 'not_A': 0.04208772791561884}","{'tv': 0.11580700892638109, 'mae_binary': 0.11580700892638107, 'rmse_binary': 0.11580700892638107, 'brier_regret': 0.026822526632949817, 'kl': 0.10025780647516984}",A,A,True,166.1794827785343,median,median,10,"{'std_A': 0.0, 'std_not_A': 0.0}",,{},"{'repeat_aggregation': 'median', 'n_repeats': 10}"
semif_qwen35_4b,Qwen/Qwen3.5-4B@851bf6e806efd8d0a36b00ddf55e13ccb7b8cd0a,explicit_probability__seed_000059__repr_direct,explicit_probability__seed_000059,explicit_probability,1,direct,"(0.70,0.90]","{'parameters': {'p_A': 0.894736842105, 'p_not_A': 0.10526315789499996}}","{'A': 0.894736842105, 'not_A': 0.10526315789499996}","{'A': 0.9770226300899744, 'not_A': 0.02297736991002561}","{'tv': 0.08228578798497434, 'mae_binary': 0.08228578798497432, 'rmse_binary': 0.08228578798497432, 'brier_regret': 0.013541901808616294, 'kl': 0.08148654889459575}",A,A,True,171.66130398400128,median,median,10,"{'std_A': 0.0, 'std_not_A': 0.0}",,{},"{'repeat_aggregation': 'median', 'n_repeats': 10}"
semif_qwen35_4b,Qwen/Qwen3.5-4B@851bf6e806efd8d0a36b00ddf55e13ccb7b8cd0a,explicit_probability__seed_000059__repr_distractor,explicit_probability__seed_000059,explicit_probability,1,distractor,"(0.70,0.90]","{'parameters': {'p_A': 0.894736842105, 'p_not_A': 0.10526315789499996}}","{'A': 0.894736842105, 'not_A': 0.10526315789499996}","{'A': 0.9669140216112958, 'not_A': 0.033085978388704126}","{'tv': 0.07217717950629579, 'mae_binary': 0.07217717950629576, 'rmse_binary': 0.07217717950629576, 'brier_regret': 0.010419090482968092, 'kl': 0.05241310029458446}",A,A,True,193.095139041543,median,median,10,"{'std_A': 0.0, 'std_not_A': 0.0}",,{},"{'repeat_aggregation': 'median', 'n_repeats': 10}"
semif_qwen35_4b,Qwen/Qwen3.5-4B@851bf6e806efd8d0a36b00ddf55e13ccb7b8cd0a,explicit_probability__seed_000059__repr_prose,explicit_probability__seed_000059,explicit_probability,1,prose,"(0.70,0.90]","{'parameters': {'p_A': 0.894736842105, 'p_not_A': 0.10526315789499996}}","{'A': 0.894736842105, 'not_A': 0.10526315789499996}","{'A': 0.9820137900379085, 'not_A': 0.017986209962091555}","{'tv': 0.08727694793290841, 'mae_binary': 0.08727694793290841, 'rmse_binary': 0.08727694793290841, 'brier_regret': 0.015234531280967212, 'kl': 0.10270680191373044}",A,A,True,185.93048471957445,median,median,10,"{'std_A': 0.0, 'std_not_A': 0.0}",,{},"{'repeat_aggregation': 'median', 'n_repeats': 10}"
semif_qwen35_4b,Qwen/Qwen3.5-4B@851bf6e806efd8d0a36b00ddf55e13ccb7b8cd0a,explicit_probability__seed_000059__repr_ratio,explicit_probability__seed_000059,explicit_probability,1,ratio,"(0.70,0.90]","{'parameters': {'p_A': 0.894736842105, 'p_not_A': 0.10526315789499996}}","{'A': 0.894736842105, 'not_A': 0.10526315789499996}","{'A': 0.9770226300899744, 'not_A': 0.02297736991002561}","{'tv': 0.08228578798497434, 'mae_binary': 0.08228578798497432, 'rmse_binary': 0.08228578798497432, 'brier_regret': 0.013541901808616294, 'kl': 0.08148654889459575}",A,A,True,167.03140190802515,median,median,10,"{'std_A': 0.0, 'std_not_A': 0.0}",,{},"{'repeat_aggregation': 'median', 'n_repeats': 10}"
semif_qwen35_4b,Qwen/Qwen3.5-4B@851bf6e806efd8d0a36b00ddf55e13ccb7b8cd0a,explicit_probability__seed_000060__repr_direct,explicit_probability__seed_000060,explicit_probability,1,direct,"(0.90,0.99]","{'parameters': {'p_A': 0.947368421053, 'p_not_A': 0.05263157894699999}}","{'A': 0.947368421053, 'not_A': 0.05263157894699999}","{'A': 0.9770226300899744, 'not_A': 0.02297736991002561}","{'tv': 0.02965420903697437, 'mae_binary': 0.029654209036974355, 'rmse_binary': 0.029654209036974355, 'brier_regret': 0.0017587442272171444, 'kl': 0.014421834791508142}",A,A,True,169.05304682441056,median,median,10,"{'std_A': 0.0, 'std_not_A': 0.0}",,{},"{'repeat_aggregation': 'median', 'n_repeats': 10}"
semif_qwen35_4b,Qwen/Qwen3.5-4B@851bf6e806efd8d0a36b00ddf55e13ccb7b8cd0a,explicit_probability__seed_000060__repr_distractor,explicit_probability__seed_000060,explicit_probability,1,distractor,"(0.90,0.99]","{'parameters': {'p_A': 0.947368421053, 'p_not_A': 0.05263157894699999}}","{'A': 0.947368421053, 'not_A': 0.05263157894699999}","{'A': 0.9465966702001757, 'not_A': 0.053403329799824234}","{'tv': 0.000771750852824285, 'mae_binary': 0.0007717508528243266, 'rmse_binary': 0.0007717508528243266, 'brier_regret': 1.1911987576700225e-06, 'kl': 5.917998536295347e-06}",A,A,True,193.0604841094464,median,median,10,"{'std_A': 0.0, 'std_not_A': 0.0}",,{},"{'repeat_aggregation': 'median', 'n_repeats': 10}"
semif_qwen35_4b,Qwen/Qwen3.5-4B@851bf6e806efd8d0a36b00ddf55e13ccb7b8cd0a,explicit_probability__seed_000060__repr_prose,explicit_probability__seed_000060,explicit_probability,1,prose,"(0.90,0.99]","{'parameters': {'p_A': 0.947368421053, 'p_not_A': 0.05263157894699999}}","{'A': 0.947368421053, 'not_A': 0.05263157894699999}","{'A': 0.9820137900379085, 'not_A': 0.017986209962091555}","{'tv': 0.03464536898490844, 'mae_binary': 0.03464536898490844, 'rmse_binary': 0.03464536898490844, 'brier_regret': 0.0024006031842009113, 'kl': 0.022484193073642807}",A,A,True,190.93262539245188,median,median,10,"{'std_A': 0.0, 'std_not_A': 0.0}",,{},"{'repeat_aggregation': 'median', 'n_repeats': 10}"
semif_qwen35_4b,Qwen/Qwen3.5-4B@851bf6e806efd8d0a36b00ddf55e13ccb7b8cd0a,explicit_probability__seed_000060__repr_ratio,explicit_probability__seed_000060,explicit_probability,1,ratio,"(0.90,0.99]","{'parameters': {'p_A': 0.947368421053, 'p_not_A': 0.05263157894699999}}","{'A': 0.947368421053, 'not_A': 0.05263157894699999}","{'A': 0.9525741268224334, 'not_A': 0.04742587317756679}","{'tv': 0.005205705769433279, 'mae_binary': 0.005205705769433355, 'rmse_binary': 0.005205705769433355, 'brier_regret': 5.419874511582185e-05, 'kl': 0.0002900377825749865}",A,A,True,166.08438272960484,median,median,10,"{'std_A': 0.0, 'std_not_A': 0.0}",,{},"{'repeat_aggregation': 'median', 'n_repeats': 10}"
semif_qwen35_4b,Qwen/Qwen3.5-4B@851bf6e806efd8d0a36b00ddf55e13ccb7b8cd0a,explicit_probability__seed_000061__repr_direct,explicit_probability__seed_000061,explicit_probability,1,direct,1,"{'parameters': {'p_A': 1.0, 'p_not_A': 0.0}}","{'A': 1.0, 'not_A': 0.0}","{'A': 0.9820137900379085, 'not_A': 0.017986209962091555}","{'tv': 0.017986209962091552, 'mae_binary': 0.01798620996209155, 'rmse_binary': 0.01798620996209155, 'brier_regret': 0.0006470074976008828, 'kl': 0.01814992791780978}",A,A,True,166.58672206103802,median,median,10,"{'std_A': 0.0, 'std_not_A': 0.0}",,{},"{'repeat_aggregation': 'median', 'n_repeats': 10}"
semif_qwen35_4b,Qwen/Qwen3.5-4B@851bf6e806efd8d0a36b00ddf55e13ccb7b8cd0a,explicit_probability__seed_000061__repr_distractor,explicit_probability__seed_000061,explicit_probability,1,distractor,1,"{'parameters': {'p_A': 1.0, 'p_not_A': 0.0}}","{'A': 1.0, 'not_A': 0.0}","{'A': 0.9525741268224334, 'not_A': 0.04742587317756679}","{'tv': 0.04742587317756671, 'mae_binary': 0.047425873177566635, 'rmse_binary': 0.047425873177566635, 'brier_regret': 0.004498426893309284, 'kl': 0.04858735157374196}",A,A,True,186.2394044175744,median,median,10,"{'std_A': 0.0, 'std_not_A': 0.0}",,{},"{'repeat_aggregation': 'median', 'n_repeats': 10}"
semif_qwen35_4b,Qwen/Qwen3.5-4B@851bf6e806efd8d0a36b00ddf55e13ccb7b8cd0a,explicit_probability__seed_000061__repr_prose,explicit_probability__seed_000061,explicit_probability,1,prose,1,"{'parameters': {'p_A': 1.0, 'p_not_A': 0.0}}","{'A': 1.0, 'not_A': 0.0}","{'A': 0.9902915235185259, 'not_A': 0.009708476481474066}","{'tv': 0.009708476481474085, 'mae_binary': 0.009708476481474104, 'rmse_binary': 0.009708476481474104, 'brier_regret': 0.00018850903118267087, 'kl': 0.00975591100022136}",A,A,True,169.23705213703215,median,median,10,"{'std_A': 0.0, 'std_not_A': 0.0}",,{},"{'repeat_aggregation': 'median', 'n_repeats': 10}"
semif_qwen35_4b,Qwen/Qwen3.5-4B@851bf6e806efd8d0a36b00ddf55e13ccb7b8cd0a,explicit_probability__seed_000061__repr_ratio,explicit_probability__seed_000061,explicit_probability,1,ratio,1,"{'parameters': {'p_A': 1.0, 'p_not_A': 0.0}}","{'A': 1.0, 'not_A': 0.0}","{'A': 0.9579122720843811, 'not_A': 0.04208772791561884}","{'tv': 0.042087727915618864, 'mae_binary': 0.04208772791561888, 'rmse_binary': 0.04208772791561888, 'brier_regret': 0.0035427536821983265, 'kl': 0.04299907922908785}",A,A,True,163.40816300362349,median,median,10,"{'std_A': 0.0, 'std_not_A': 0.0}",,{},"{'repeat_aggregation': 'median', 'n_repeats': 10}"
semif_qwen35_4b,Qwen/Qwen3.5-4B@851bf6e806efd8d0a36b00ddf55e13ccb7b8cd0a,frequency__seed_000042__repr_counts,frequency__seed_000042,frequency,2,counts,"(0.70,0.90]","{'parameters': {'counts': {'nif': 10, 'zor': 40}, 'reduced_counts': {'nif': 1, 'zor': 4}}}","{'nif': 0.2, 'zor': 0.8}","{'nif': 0.4073334000459302, 'zor': 0.5926665999540697}","{'tv': 0.2073334000459303, 'mae_binary': 0.2073334000459302, 'rmse_binary': 0.2073334000459302, 'brier_regret': 0.08597427754921153, 'kl': 0.09772084060165229}",zor,zor,True,170.16551550477743,median,median,10,"{'std_nif': 0.0, 'std_zor': 0.0}",,{},"{'repeat_aggregation': 'median', 'n_repeats': 10}"
semif_qwen35_4b,Qwen/Qwen3.5-4B@851bf6e806efd8d0a36b00ddf55e13ccb7b8cd0a,frequency__seed_000042__repr_distractor,frequency__seed_000042,frequency,2,distractor,"(0.70,0.90]","{'parameters': {'counts': {'nif': 10, 'zor': 40}, 'reduced_counts': {'nif': 1, 'zor': 4}}}","{'nif': 0.2, 'zor': 0.8}","{'nif': 0.2689414213699951, 'zor': 0.7310585786300049}","{'tv': 0.06894142136999512, 'mae_binary': 0.06894142136999509, 'rmse_binary': 0.06894142136999509, 'brier_regret': 0.009505839161030441, 'kl': 0.012859263980034986}",zor,zor,True,191.34754166007042,median,median,10,"{'std_nif': 0.0, 'std_zor': 0.0}",,{},"{'repeat_aggregation': 'median', 'n_repeats': 10}"
semif_qwen35_4b,Qwen/Qwen3.5-4B@851bf6e806efd8d0a36b00ddf55e13ccb7b8cd0a,frequency__seed_000042__repr_prose,frequency__seed_000042,frequency,2,prose,"(0.70,0.90]","{'parameters': {'counts': {'nif': 10, 'zor': 40}, 'reduced_counts': {'nif': 1, 'zor': 4}}}","{'nif': 0.2, 'zor': 0.8}","{'nif': 0.1480471980316895, 'zor': 0.8519528019683106}","{'tv': 0.05195280196831052, 'mae_binary': 0.05195280196831051, 'rmse_binary': 0.05195280196831051, 'brier_regret': 0.00539818726471698, 'kl': 0.009821726899899352}",zor,zor,True,183.8101988658309,median,median,10,"{'std_nif': 0.0, 'std_zor': 0.0}",,{},"{'repeat_aggregation': 'median', 'n_repeats': 10}"
semif_qwen35_4b,Qwen/Qwen3.5-4B@851bf6e806efd8d0a36b00ddf55e13ccb7b8cd0a,frequency__seed_000042__repr_ratio,frequency__seed_000042,frequency,2,ratio,"(0.70,0.90]","{'parameters': {'counts': {'nif': 10, 'zor': 40}, 'reduced_counts': {'nif': 1, 'zor': 4}}}","{'nif': 0.2, 'zor': 0.8}","{'nif': 0.11920292202211755, 'zor': 0.8807970779778823}","{'tv': 0.08079707797788237, 'mae_binary': 0.08079707797788246, 'rmse_binary': 0.08079707797788246, 'brier_regret': 0.013056335619528008, 'kl': 0.026525587504784787}",zor,zor,True,165.45276194810867,median,median,10,"{'std_nif': 0.0, 'std_zor': 0.0}",,{},"{'repeat_aggregation': 'median', 'n_repeats': 10}"
semif_qwen35_4b,Qwen/Qwen3.5-4B@851bf6e806efd8d0a36b00ddf55e13ccb7b8cd0a,frequency__seed_000042__repr_scaled_counts,frequency__seed_000042,frequency,2,scaled_counts,"(0.70,0.90]","{'parameters': {'counts': {'nif': 10, 'zor': 40}, 'reduced_counts': {'nif': 1, 'zor': 4}}}","{'nif': 0.2, 'zor': 0.8}","{'nif': 0.4073334000459302, 'zor': 0.5926665999540697}","{'tv': 0.2073334000459303, 'mae_binary': 0.2073334000459302, 'rmse_binary': 0.2073334000459302, 'brier_regret': 0.08597427754921153, 'kl': 0.09772084060165229}",zor,zor,True,171.59442519769073,median,median,10,"{'std_nif': 0.0, 'std_zor': 0.0}",,{},"{'repeat_aggregation': 'median', 'n_repeats': 10}"
semif_qwen35_4b,Qwen/Qwen3.5-4B@851bf6e806efd8d0a36b00ddf55e13ccb7b8cd0a,frequency__seed_000042__repr_table,frequency__seed_000042,frequency,2,table,"(0.70,0.90]","{'parameters': {'counts': {'nif': 10, 'zor': 40}, 'reduced_counts': {'nif': 1, 'zor': 4}}}","{'nif': 0.2, 'zor': 0.8}","{'nif': 0.1645164628965632, 'zor': 0.8354835371034369}","{'tv': 0.03548353710343685, 'mae_binary': 0.035483537103436824, 'rmse_binary': 0.035483537103436824, 'brier_regret': 0.0025181628107419597, 'kl': 0.0043422118474711335}",zor,zor,True,180.16670192591846,median,median,10,"{'std_nif': 0.0, 'std_zor': 0.0}",,{},"{'repeat_aggregation': 'median', 'n_repeats': 10}"
semif_qwen35_4b,Qwen/Qwen3.5-4B@851bf6e806efd8d0a36b00ddf55e13ccb7b8cd0a,frequency__seed_000046__repr_counts,frequency__seed_000046,frequency,2,counts,"(0.55,0.70]","{'parameters': {'counts': {'nif': 7, 'zor': 13}, 'reduced_counts': {'nif': 7, 'zor': 13}}}","{'nif': 0.35, 'zor': 0.65}","{'nif': 0.32082130082460697, 'zor': 0.679178699175393}","{'tv': 0.02917869917539298, 'mae_binary': 0.029178699175393008, 'rmse_binary': 0.029178699175393008, 'brier_regret': 0.0017027929711361579, 'kl': 0.0019243670802676117}",zor,zor,True,168.34714408032596,median,median,10,"{'std_nif': 0.0, 'std_zor': 0.0}",,{},"{'repeat_aggregation': 'median', 'n_repeats': 10}"
semif_qwen35_4b,Qwen/Qwen3.5-4B@851bf6e806efd8d0a36b00ddf55e13ccb7b8cd0a,frequency__seed_000046__repr_distractor,frequency__seed_000046,frequency,2,distractor,"(0.55,0.70]","{'parameters': {'counts': {'nif': 7, 'zor': 13}, 'reduced_counts': {'nif': 7, 'zor': 13}}}","{'nif': 0.35, 'zor': 0.65}","{'nif': 0.32082130082460697, 'zor': 0.679178699175393}","{'tv': 0.02917869917539298, 'mae_binary': 0.029178699175393008, 'rmse_binary': 0.029178699175393008, 'brier_regret': 0.0017027929711361579, 'kl': 0.0019243670802676117}",zor,zor,True,189.89727972075343,median,median,10,"{'std_nif': 0.0, 'std_zor': 0.0}",,{},"{'repeat_aggregation': 'median', 'n_repeats': 10}"
semif_qwen35_4b,Qwen/Qwen3.5-4B@851bf6e806efd8d0a36b00ddf55e13ccb7b8cd0a,frequency__seed_000046__repr_prose,frequency__seed_000046,frequency,2,prose,"(0.55,0.70]","{'parameters': {'counts': {'nif': 7, 'zor': 13}, 'reduced_counts': {'nif': 7, 'zor': 13}}}","{'nif': 0.35, 'zor': 0.65}","{'nif': 0.20181322226037882, 'zor': 0.7981867777396212}","{'tv': 0.1481867777396212, 'mae_binary': 0.14818677773962116, 'rmse_binary': 0.14818677773962116, 'brier_regret': 0.04391864219370377, 'kl': 0.05921601256701545}",zor,zor,True,183.86689345352352,median,median,10,"{'std_nif': 0.0, 'std_zor': 0.0}",,{},"{'repeat_aggregation': 'median', 'n_repeats': 10}"
semif_qwen35_4b,Qwen/Qwen3.5-4B@851bf6e806efd8d0a36b00ddf55e13ccb7b8cd0a,frequency__seed_000046__repr_ratio,frequency__seed_000046,frequency,2,ratio,"(0.55,0.70]","{'parameters': {'counts': {'nif': 7, 'zor': 13}, 'reduced_counts': {'nif': 7, 'zor': 13}}}","{'nif': 0.35, 'zor': 0.65}","{'nif': 0.07585818002124356, 'zor': 0.9241418199787566}","{'tv': 0.2741418199787565, 'mae_binary': 0.2741418199787564, 'rmse_binary': 0.2741418199787564, 'brier_regret': 0.15030747492252983, 'kl': 0.306443095257917}",zor,zor,True,168.94287043251097,median,median,10,"{'std_nif': 0.0, 'std_zor': 0.0}",,{},"{'repeat_aggregation': 'median', 'n_repeats': 10}"
semif_qwen35_4b,Qwen/Qwen3.5-4B@851bf6e806efd8d0a36b00ddf55e13ccb7b8cd0a,frequency__seed_000046__repr_scaled_counts,frequency__seed_000046,frequency,2,scaled_counts,"(0.55,0.70]","{'parameters': {'counts': {'nif': 7, 'zor': 13}, 'reduced_counts': {'nif': 7, 'zor': 13}}}","{'nif': 0.35, 'zor': 0.65}","{'nif': 0.37754066879814546, 'zor': 0.6224593312018546}","{'tv': 0.027540668798145457, 'mae_binary': 0.027540668798145485, 'rmse_binary': 0.027540668798145485, 'brier_regret': 0.0015169768756982853, 'kl': 0.0016303451454741345}",zor,zor,True,168.89407350681722,median,median,10,"{'std_nif': 0.0, 'std_zor': 0.0}",,{},"{'repeat_aggregation': 'median', 'n_repeats': 10}"
semif_qwen35_4b,Qwen/Qwen3.5-4B@851bf6e806efd8d0a36b00ddf55e13ccb7b8cd0a,frequency__seed_000046__repr_table,frequency__seed_000046,frequency,2,table,"(0.55,0.70]","{'parameters': {'counts': {'nif': 7, 'zor': 13}, 'reduced_counts': {'nif': 7, 'zor': 13}}}","{'nif': 0.35, 'zor': 0.65}","{'nif': 0.18242552380635632, 'zor': 0.8175744761936437}","{'tv': 0.16757447619364363, 'mae_binary': 0.16757447619364366, 'rmse_binary': 0.16757447619364366, 'brier_regret': 0.05616241014314808, 'kl': 0.07896663894811998}",zor,zor,True,180.97054734826088,median,median,10,"{'std_nif': 0.0, 'std_zor': 0.0}",,{},"{'repeat_aggregation': 'median', 'n_repeats': 10}"
semif_qwen35_4b,Qwen/Qwen3.5-4B@851bf6e806efd8d0a36b00ddf55e13ccb7b8cd0a,frequency__seed_000050__repr_counts,frequency__seed_000050,frequency,2,counts,"(0.10,0.30]","{'parameters': {'counts': {'nif': 71, 'zor': 29}, 'reduced_counts': {'nif': 71, 'zor': 29}}}","{'nif': 0.71, 'zor': 0.29}","{'nif': 0.4073334000459302, 'zor': 0.5926665999540697}","{'tv': 0.30266659995406975, 'mae_binary': 0.30266659995406975, 'rmse_binary': 0.30266659995406975, 'brier_regret': 0.18321414145551373, 'kl': 0.1872215815471601}",zor,nif,False,170.28907327912748,median,median,10,"{'std_nif': 0.0, 'std_zor': 0.0}",,{},"{'repeat_aggregation': 'median', 'n_repeats': 10}"
semif_qwen35_4b,Qwen/Qwen3.5-4B@851bf6e806efd8d0a36b00ddf55e13ccb7b8cd0a,frequency__seed_000050__repr_distractor,frequency__seed_000050,frequency,2,distractor,"(0.10,0.30]","{'parameters': {'counts': {'nif': 71, 'zor': 29}, 'reduced_counts': {'nif': 71, 'zor': 29}}}","{'nif': 0.71, 'zor': 0.29}","{'nif': 0.29421497216298875, 'zor': 0.7057850278370112}","{'tv': 0.4157850278370112, 'mae_binary': 0.4157850278370112, 'rmse_binary': 0.4157850278370112, 'brier_regret': 0.34575437874684845, 'kl': 0.3675428984123758}",zor,nif,False,190.87772825732827,median,median,10,"{'std_nif': 0.0, 'std_zor': 0.0}",,{},"{'repeat_aggregation': 'median', 'n_repeats': 10}"
semif_qwen35_4b,Qwen/Qwen3.5-4B@851bf6e806efd8d0a36b00ddf55e13ccb7b8cd0a,frequency__seed_000050__repr_prose,frequency__seed_000050,frequency,2,prose,"(0.10,0.30]","{'parameters': {'counts': {'nif': 71, 'zor': 29}, 'reduced_counts': {'nif': 71, 'zor': 29}}}","{'nif': 0.71, 'zor': 0.29}","{'nif': 0.20181322226037882, 'zor': 0.7981867777396212}","{'tv': 0.5081867777396212, 'mae_binary': 0.5081867777396212, 'rmse_binary': 0.5081867777396212, 'brier_regret': 0.5165076021387582, 'kl': 0.5995109690089679}",zor,nif,False,184.20829107053578,median,median,10,"{'std_nif': 0.0, 'std_zor': 0.0}",,{},"{'repeat_aggregation': 'median', 'n_repeats': 10}"
semif_qwen35_4b,Qwen/Qwen3.5-4B@851bf6e806efd8d0a36b00ddf55e13ccb7b8cd0a,frequency__seed_000050__repr_ratio,frequency__seed_000050,frequency,2,ratio,"(0.10,0.30]","{'parameters': {'counts': {'nif': 71, 'zor': 29}, 'reduced_counts': {'nif': 71, 'zor': 29}}}","{'nif': 0.71, 'zor': 0.29}","{'nif': 0.20181322226037882, 'zor': 0.7981867777396212}","{'tv': 0.5081867777396212, 'mae_binary': 0.5081867777396212, 'rmse_binary': 0.5081867777396212, 'brier_regret': 0.5165076021387582, 'kl': 0.5995109690089679}",zor,nif,False,165.630888286978,median,median,10,"{'std_nif': 0.0, 'std_zor': 0.0}",,{},"{'repeat_aggregation': 'median', 'n_repeats': 10}"
semif_qwen35_4b,Qwen/Qwen3.5-4B@851bf6e806efd8d0a36b00ddf55e13ccb7b8cd0a,frequency__seed_000050__repr_scaled_counts,frequency__seed_000050,frequency,2,scaled_counts,"(0.10,0.30]","{'parameters': {'counts': {'nif': 71, 'zor': 29}, 'reduced_counts': {'nif': 71, 'zor': 29}}}","{'nif': 0.71, 'zor': 0.29}","{'nif': 0.4073334000459302, 'zor': 0.5926665999540697}","{'tv': 0.30266659995406975, 'mae_binary': 0.30266659995406975, 'rmse_binary': 0.30266659995406975, 'brier_regret': 0.18321414145551373, 'kl': 0.1872215815471601}",zor,nif,False,171.02685468271375,median,median,10,"{'std_nif': 0.0, 'std_zor': 0.0}",,{},"{'repeat_aggregation': 'median', 'n_repeats': 10}"
semif_qwen35_4b,Qwen/Qwen3.5-4B@851bf6e806efd8d0a36b00ddf55e13ccb7b8cd0a,frequency__seed_000050__repr_table,frequency__seed_000050,frequency,2,table,"(0.10,0.30]","{'parameters': {'counts': {'nif': 71, 'zor': 29}, 'reduced_counts': {'nif': 71, 'zor': 29}}}","{'nif': 0.71, 'zor': 0.29}","{'nif': 0.37754066879814546, 'zor': 0.6224593312018546}","{'tv': 0.33245933120185456, 'mae_binary': 0.3324593312018545, 'rmse_binary': 0.3324593312018545, 'brier_regret': 0.22105841380636887, 'kl': 0.22692530158742663}",zor,nif,False,183.53646169416606,median,median,10,"{'std_nif': 0.0, 'std_zor': 0.0}",,{},"{'repeat_aggregation': 'median', 'n_repeats': 10}"
semif_qwen35_4b,Qwen/Qwen3.5-4B@851bf6e806efd8d0a36b00ddf55e13ccb7b8cd0a,frequency__seed_000054__repr_counts,frequency__seed_000054,frequency,2,counts,"(0.10,0.30]","{'parameters': {'counts': {'nif': 16, 'zor': 4}, 'reduced_counts': {'nif': 4, 'zor': 1}}}","{'nif': 0.8, 'zor': 0.2}","{'nif': 0.37754066879814546, 'zor': 0.6224593312018546}","{'tv': 0.4224593312018546, 'mae_binary': 0.4224593312018546, 'rmse_binary': 0.4224593312018546, 'brier_regret': 0.3569437730390365, 'kl': 0.37367456064191873}",zor,nif,False,169.58770123310387,median,median,10,"{'std_nif': 0.0, 'std_zor': 0.0}",,{},"{'repeat_aggregation': 'median', 'n_repeats': 10}"
semif_qwen35_4b,Qwen/Qwen3.5-4B@851bf6e806efd8d0a36b00ddf55e13ccb7b8cd0a,frequency__seed_000054__repr_distractor,frequency__seed_000054,frequency,2,distractor,"(0.10,0.30]","{'parameters': {'counts': {'nif': 16, 'zor': 4}, 'reduced_counts': {'nif': 4, 'zor': 1}}}","{'nif': 0.8, 'zor': 0.2}","{'nif': 0.29421497216298875, 'zor': 0.7057850278370112}","{'tv': 0.5057850278370113, 'mae_binary': 0.5057850278370113, 'rmse_binary': 0.5057850278370113, 'brier_regret': 0.5116369887681725, 'kl': 0.5480421574668679}",zor,nif,False,192.015261342749,median,median,10,"{'std_nif': 0.0, 'std_zor': 0.0}",,{},"{'repeat_aggregation': 'median', 'n_repeats': 10}"
semif_qwen35_4b,Qwen/Qwen3.5-4B@851bf6e806efd8d0a36b00ddf55e13ccb7b8cd0a,frequency__seed_000054__repr_prose,frequency__seed_000054,frequency,2,prose,"(0.10,0.30]","{'parameters': {'counts': {'nif': 16, 'zor': 4}, 'reduced_counts': {'nif': 4, 'zor': 1}}}","{'nif': 0.8, 'zor': 0.2}","{'nif': 0.34864513533394575, 'zor': 0.6513548646660542}","{'tv': 0.45135486466605423, 'mae_binary': 0.4513548646660543, 'rmse_binary': 0.4513548646660543, 'brier_regret': 0.40744242771542427, 'kl': 0.42829825473833094}",zor,nif,False,183.60845251008868,median,median,10,"{'std_nif': 0.0, 'std_zor': 0.0}",,{},"{'repeat_aggregation': 'median', 'n_repeats': 10}"
semif_qwen35_4b,Qwen/Qwen3.5-4B@851bf6e806efd8d0a36b00ddf55e13ccb7b8cd0a,frequency__seed_000054__repr_ratio,frequency__seed_000054,frequency,2,ratio,"(0.10,0.30]","{'parameters': {'counts': {'nif': 16, 'zor': 4}, 'reduced_counts': {'nif': 4, 'zor': 1}}}","{'nif': 0.8, 'zor': 0.2}","{'nif': 0.24508501313237172, 'zor': 0.7549149868676283}","{'tv': 0.5549149868676282, 'mae_binary': 0.5549149868676283, 'rmse_binary': 0.5549149868676283, 'brier_regret': 0.6158612853006, 'kl': 0.6807477127101269}",zor,nif,False,164.4730654079467,median,median,10,"{'std_nif': 0.0, 'std_zor': 0.0}",,{},"{'repeat_aggregation': 'median', 'n_repeats': 10}"
semif_qwen35_4b,Qwen/Qwen3.5-4B@851bf6e806efd8d0a36b00ddf55e13ccb7b8cd0a,frequency__seed_000054__repr_scaled_counts,frequency__seed_000054,frequency,2,scaled_counts,"(0.10,0.30]","{'parameters': {'counts': {'nif': 16, 'zor': 4}, 'reduced_counts': {'nif': 4, 'zor': 1}}}","{'nif': 0.8, 'zor': 0.2}","{'nif': 0.4073334000459302, 'zor': 0.5926665999540697}","{'tv': 0.3926665999540697, 'mae_binary': 0.39266659995406983, 'rmse_binary': 0.39266659995406983, 'brier_regret': 0.3083741174389789, 'kl': 0.3227208406016523}",zor,nif,False,171.85593862086535,median,median,10,"{'std_nif': 0.0, 'std_zor': 0.0}",,{},"{'repeat_aggregation': 'median', 'n_repeats': 10}"
semif_qwen35_4b,Qwen/Qwen3.5-4B@851bf6e806efd8d0a36b00ddf55e13ccb7b8cd0a,frequency__seed_000054__repr_table,frequency__seed_000054,frequency,2,table,"(0.10,0.30]","{'parameters': {'counts': {'nif': 16, 'zor': 4}, 'reduced_counts': {'nif': 4, 'zor': 1}}}","{'nif': 0.8, 'zor': 0.2}","{'nif': 0.46879062662624377, 'zor': 0.5312093733737563}","{'tv': 0.3312093733737563, 'mae_binary': 0.3312093733737563, 'rmse_binary': 0.3312093733737563, 'brier_regret': 0.2193992980212726, 'kl': 0.23219661177898115}",zor,nif,False,179.9538373015821,median,median,10,"{'std_nif': 0.0, 'std_zor': 0.0}",,{},"{'repeat_aggregation': 'median', 'n_repeats': 10}"
semif_qwen35_4b,Qwen/Qwen3.5-4B@851bf6e806efd8d0a36b00ddf55e13ccb7b8cd0a,frequency__seed_000058__repr_counts,frequency__seed_000058,frequency,2,counts,"(0.10,0.30]","{'parameters': {'counts': {'nif': 44, 'zor': 6}, 'reduced_counts': {'nif': 22, 'zor': 3}}}","{'nif': 0.88, 'zor': 0.12}","{'nif': 0.4378234991142019, 'zor': 0.5621765008857981}","{'tv': 0.4421765008857981, 'mae_binary': 0.44217650088579813, 'rmse_binary': 0.44217650088579813, 'brier_regret': 0.3910401158712164, 'kl': 0.429014428606134}",zor,nif,False,170.30792478471994,median,median,10,"{'std_nif': 0.0, 'std_zor': 0.0}",,{},"{'repeat_aggregation': 'median', 'n_repeats': 10}"
semif_qwen35_4b,Qwen/Qwen3.5-4B@851bf6e806efd8d0a36b00ddf55e13ccb7b8cd0a,frequency__seed_000058__repr_distractor,frequency__seed_000058,frequency,2,distractor,"(0.10,0.30]","{'parameters': {'counts': {'nif': 44, 'zor': 6}, 'reduced_counts': {'nif': 22, 'zor': 3}}}","{'nif': 0.88, 'zor': 0.12}","{'nif': 0.2689414213699951, 'zor': 0.7310585786300049}","{'tv': 0.6110585786300049, 'mae_binary': 0.6110585786300049, 'rmse_binary': 0.6110585786300049, 'brier_regret': 0.7467851730346438, 'kl': 0.8263366962455132}",zor,nif,False,191.79250160232186,median,median,10,"{'std_nif': 0.0, 'std_zor': 0.0}",,{},"{'repeat_aggregation': 'median', 'n_repeats': 10}"
semif_qwen35_4b,Qwen/Qwen3.5-4B@851bf6e806efd8d0a36b00ddf55e13ccb7b8cd0a,frequency__seed_000058__repr_prose,frequency__seed_000058,frequency,2,prose,"(0.10,0.30]","{'parameters': {'counts': {'nif': 44, 'zor': 6}, 'reduced_counts': {'nif': 22, 'zor': 3}}}","{'nif': 0.88, 'zor': 0.12}","{'nif': 0.32082130082460697, 'zor': 0.679178699175393}","{'tv': 0.5591786991753931, 'mae_binary': 0.5591786991753931, 'rmse_binary': 0.5591786991753931, 'brier_regret': 0.6253616352229694, 'kl': 0.6799460148421906}",zor,nif,False,184.22041097655892,median,median,10,"{'std_nif': 0.0, 'std_zor': 0.0}",,{},"{'repeat_aggregation': 'median', 'n_repeats': 10}"
semif_qwen35_4b,Qwen/Qwen3.5-4B@851bf6e806efd8d0a36b00ddf55e13ccb7b8cd0a,frequency__seed_000058__repr_ratio,frequency__seed_000058,frequency,2,ratio,"(0.10,0.30]","{'parameters': {'counts': {'nif': 44, 'zor': 6}, 'reduced_counts': {'nif': 22, 'zor': 3}}}","{'nif': 0.88, 'zor': 0.12}","{'nif': 0.22270013882530884, 'zor': 0.7772998611746911}","{'tv': 0.6572998611746912, 'mae_binary': 0.6572998611746912, 'rmse_binary': 0.6572998611746912, 'brier_regret': 0.8640862150005364, 'kl': 0.9850040900726633}",zor,nif,False,167.50995232723653,median,median,10,"{'std_nif': 0.0, 'std_zor': 0.0}",,{},"{'repeat_aggregation': 'median', 'n_repeats': 10}"
semif_qwen35_4b,Qwen/Qwen3.5-4B@851bf6e806efd8d0a36b00ddf55e13ccb7b8cd0a,frequency__seed_000058__repr_scaled_counts,frequency__seed_000058,frequency,2,scaled_counts,"(0.10,0.30]","{'parameters': {'counts': {'nif': 44, 'zor': 6}, 'reduced_counts': {'nif': 22, 'zor': 3}}}","{'nif': 0.88, 'zor': 0.12}","{'nif': 0.4378234991142019, 'zor': 0.5621765008857981}","{'tv': 0.4421765008857981, 'mae_binary': 0.44217650088579813, 'rmse_binary': 0.44217650088579813, 'brier_regret': 0.3910401158712164, 'kl': 0.429014428606134}",zor,nif,False,169.46886968798935,median,median,10,"{'std_nif': 0.0, 'std_zor': 0.0}",,{},"{'repeat_aggregation': 'median', 'n_repeats': 10}"
semif_qwen35_4b,Qwen/Qwen3.5-4B@851bf6e806efd8d0a36b00ddf55e13ccb7b8cd0a,frequency__seed_000058__repr_table,frequency__seed_000058,frequency,2,table,"(0.10,0.30]","{'parameters': {'counts': {'nif': 44, 'zor': 6}, 'reduced_counts': {'nif': 22, 'zor': 3}}}","{'nif': 0.88, 'zor': 0.12}","{'nif': 0.5, 'zor': 0.5}","{'tv': 0.38, 'mae_binary': 0.38, 'rmse_binary': 0.38, 'brier_regret': 0.2888, 'kl': 0.3262221892872357}",zor,nif,False,181.12237607128918,median,median,10,"{'std_nif': 0.0, 'std_zor': 0.0}",,{},"{'repeat_aggregation': 'median', 'n_repeats': 10}"
semif_qwen35_4b,Qwen/Qwen3.5-4B@851bf6e806efd8d0a36b00ddf55e13ccb7b8cd0a,sequential_bayes__seed_000042__repr_direct,sequential_bayes__seed_000042,sequential_bayes,6,direct,"(0.70,0.90]","{'parameters': {'conditional_independence': 'Evidence items are conditionally independent given H or not_H.', 'evidence_sequence': [{'E_given_H': 0.445825, 'E_given_not_H': 0.083719}, {'E_given_H': 0.524281, 'E_given_not_H': 0.252322}, {'E_given_H': 0.578817, 'E_given_not_H': 0.410508}, {'E_given_H': 0.730384, 'E_given_not_H': 0.499973}, {'E_given_H': 0.989777, 'E_given_not_H': 0.565735}], 'observed_prefix_length': 5, 'posterior_trajectory': [0.07458, 0.3002905296462592, 0.4713830541128846, 0.5570006071483515, 0.6474876942325162, 0.7626689672812239], 'prior_H': 0.07458}, 'posterior_trajectory': [0.07458, 0.3002905296462592, 0.4713830541128846, 0.5570006071483515, 0.6474876942325162, 0.7626689672812239]}","{'H': 0.7626689672812239, 'not_H': 0.2373310327187761}","{'H': 0.9324533088603709, 'not_H': 0.0675466911396291}","{'tv': 0.169784341579147, 'mae_binary': 0.169784341579147, 'rmse_binary': 0.169784341579147, 'brier_regret': 0.05765344529092893, 'kl': 0.1449462730125937}",H,H,True,315.19181774929166,median,median,10,"{'std_H': 0.0, 'std_not_H': 0.0}",,{},"{'repeat_aggregation': 'median', 'n_repeats': 10}"
semif_qwen35_4b,Qwen/Qwen3.5-4B@851bf6e806efd8d0a36b00ddf55e13ccb7b8cd0a,sequential_bayes__seed_000042__repr_prose,sequential_bayes__seed_000042,sequential_bayes,6,prose,"(0.70,0.90]","{'parameters': {'conditional_independence': 'Evidence items are conditionally independent given H or not_H.', 'evidence_sequence': [{'E_given_H': 0.445825, 'E_given_not_H': 0.083719}, {'E_given_H': 0.524281, 'E_given_not_H': 0.252322}, {'E_given_H': 0.578817, 'E_given_not_H': 0.410508}, {'E_given_H': 0.730384, 'E_given_not_H': 0.499973}, {'E_given_H': 0.989777, 'E_given_not_H': 0.565735}], 'observed_prefix_length': 5, 'posterior_trajectory': [0.07458, 0.3002905296462592, 0.4713830541128846, 0.5570006071483515, 0.6474876942325162, 0.7626689672812239], 'prior_H': 0.07458}, 'posterior_trajectory': [0.07458, 0.3002905296462592, 0.4713830541128846, 0.5570006071483515, 0.6474876942325162, 0.7626689672812239]}","{'H': 0.7626689672812239, 'not_H': 0.2373310327187761}","{'H': 0.9796676466573412, 'not_H': 0.020332353342658753}","{'tv': 0.2169986793761173, 'mae_binary': 0.21699867937611728, 'rmse_binary': 0.21699867937611728, 'brier_regret': 0.09417685370195791, 'kl': 0.39221576516718737}",H,H,True,333.8896074797958,median,median,10,"{'std_H': 0.0, 'std_not_H': 0.0}",,{},"{'repeat_aggregation': 'median', 'n_repeats': 10}"
semif_qwen35_4b,Qwen/Qwen3.5-4B@851bf6e806efd8d0a36b00ddf55e13ccb7b8cd0a,sequential_bayes__seed_000042__repr_table,sequential_bayes__seed_000042,sequential_bayes,6,table,"(0.70,0.90]","{'parameters': {'conditional_independence': 'Evidence items are conditionally independent given H or not_H.', 'evidence_sequence': [{'E_given_H': 0.445825, 'E_given_not_H': 0.083719}, {'E_given_H': 0.524281, 'E_given_not_H': 0.252322}, {'E_given_H': 0.578817, 'E_given_not_H': 0.410508}, {'E_given_H': 0.730384, 'E_given_not_H': 0.499973}, {'E_given_H': 0.989777, 'E_given_not_H': 0.565735}], 'observed_prefix_length': 5, 'posterior_trajectory': [0.07458, 0.3002905296462592, 0.4713830541128846, 0.5570006071483515, 0.6474876942325162, 0.7626689672812239], 'prior_H': 0.07458}, 'posterior_trajectory': [0.07458, 0.3002905296462592, 0.4713830541128846, 0.5570006071483515, 0.6474876942325162, 0.7626689672812239]}","{'H': 0.7626689672812239, 'not_H': 0.2373310327187761}","{'H': 0.8807970779778823, 'not_H': 0.11920292202211755}","{'tv': 0.11812811069665848, 'mae_binary': 0.1181281106966584, 'rmse_binary': 0.1181281106966584, 'brier_regret': 0.027908501073523995, 'kl': 0.053606188961357965}",H,H,True,416.1676461342722,median,median,10,"{'std_H': 0.0, 'std_not_H': 0.0}",,{},"{'repeat_aggregation': 'median', 'n_repeats': 10}"
semif_qwen35_4b,Qwen/Qwen3.5-4B@851bf6e806efd8d0a36b00ddf55e13ccb7b8cd0a,sequential_bayes__seed_000043__repr_direct,sequential_bayes__seed_000043,sequential_bayes,6,direct,"[0.01,0.10]","{'parameters': {'conditional_independence': 'Evidence items are conditionally independent given H or not_H.', 'evidence_sequence': [{'E_given_H': 0.476461, 'E_given_not_H': 0.180556}, {'E_given_H': 0.672021, 'E_given_not_H': 0.311353}, {'E_given_H': 0.713418, 'E_given_not_H': 0.48903}, {'E_given_H': 0.936492, 'E_given_not_H': 0.572474}, {'E_given_H': 0.01825, 'E_given_not_H': 0.740022}], 'observed_prefix_length': 5, 'posterior_trajectory': [0.200973, 0.3989410696285355, 0.5889152773068229, 0.6763672181802326, 0.7736960916675097, 0.077757405790055], 'prior_H': 0.200973}, 'posterior_trajectory': [0.200973, 0.3989410696285355, 0.5889152773068229, 0.6763672181802326, 0.7736960916675097, 0.077757405790055]}","{'H': 0.077757405790055, 'not_H': 0.922242594209945}","{'H': 0.7057850278370112, 'not_H': 0.29421497216298875}","{'tv': 0.6280276220469563, 'mae_binary': 0.6280276220469563, 'rmse_binary': 0.6280276220469563, 'brier_regret': 0.7888373881079092, 'kl': 0.8821491341273706}",H,not_H,False,301.1325435247272,median,median,10,"{'std_H': 0.0, 'std_not_H': 0.0}",,{},"{'repeat_aggregation': 'median', 'n_repeats': 10}"
semif_qwen35_4b,Qwen/Qwen3.5-4B@851bf6e806efd8d0a36b00ddf55e13ccb7b8cd0a,sequential_bayes__seed_000043__repr_prose,sequential_bayes__seed_000043,sequential_bayes,6,prose,"[0.01,0.10]","{'parameters': {'conditional_independence': 'Evidence items are conditionally independent given H or not_H.', 'evidence_sequence': [{'E_given_H': 0.476461, 'E_given_not_H': 0.180556}, {'E_given_H': 0.672021, 'E_given_not_H': 0.311353}, {'E_given_H': 0.713418, 'E_given_not_H': 0.48903}, {'E_given_H': 0.936492, 'E_given_not_H': 0.572474}, {'E_given_H': 0.01825, 'E_given_not_H': 0.740022}], 'observed_prefix_length': 5, 'posterior_trajectory': [0.200973, 0.3989410696285355, 0.5889152773068229, 0.6763672181802326, 0.7736960916675097, 0.077757405790055], 'prior_H': 0.200973}, 'posterior_trajectory': [0.200973, 0.3989410696285355, 0.5889152773068229, 0.6763672181802326, 0.7736960916675097, 0.077757405790055]}","{'H': 0.077757405790055, 'not_H': 0.922242594209945}","{'H': 0.9046505351008906, 'not_H': 0.0953494648991095}","{'tv': 0.8268931293108355, 'mae_binary': 0.8268931293108356, 'rmse_binary': 0.8268931293108356, 'brier_regret': 1.3675044946029322, 'kl': 1.9019946790777364}",H,not_H,False,329.3223159853369,median,median,10,"{'std_H': 0.0, 'std_not_H': 0.0}",,{},"{'repeat_aggregation': 'median', 'n_repeats': 10}"
semif_qwen35_4b,Qwen/Qwen3.5-4B@851bf6e806efd8d0a36b00ddf55e13ccb7b8cd0a,sequential_bayes__seed_000043__repr_table,sequential_bayes__seed_000043,sequential_bayes,6,table,"[0.01,0.10]","{'parameters': {'conditional_independence': 'Evidence items are conditionally independent given H or not_H.', 'evidence_sequence': [{'E_given_H': 0.476461, 'E_given_not_H': 0.180556}, {'E_given_H': 0.672021, 'E_given_not_H': 0.311353}, {'E_given_H': 0.713418, 'E_given_not_H': 0.48903}, {'E_given_H': 0.936492, 'E_given_not_H': 0.572474}, {'E_given_H': 0.01825, 'E_given_not_H': 0.740022}], 'observed_prefix_length': 5, 'posterior_trajectory': [0.200973, 0.3989410696285355, 0.5889152773068229, 0.6763672181802326, 0.7736960916675097, 0.077757405790055], 'prior_H': 0.200973}, 'posterior_trajectory': [0.200973, 0.3989410696285355, 0.5889152773068229, 0.6763672181802326, 0.7736960916675097, 0.077757405790055]}","{'H': 0.077757405790055, 'not_H': 0.922242594209945}","{'H': 0.5926665999540697, 'not_H': 0.4073334000459302}","{'tv': 0.5149091941640147, 'mae_binary': 0.5149091941640147, 'rmse_binary': 0.5149091941640147, 'brier_regret': 0.5302629564692701, 'kl': 0.5957065201571826}",H,not_H,False,411.7139818146825,median,median,10,"{'std_H': 0.0, 'std_not_H': 0.0}",,{},"{'repeat_aggregation': 'median', 'n_repeats': 10}"
semif_qwen35_4b,Qwen/Qwen3.5-4B@851bf6e806efd8d0a36b00ddf55e13ccb7b8cd0a,sequential_bayes__seed_000044__repr_direct,sequential_bayes__seed_000044,sequential_bayes,6,direct,"(0.10,0.30]","{'parameters': {'conditional_independence': 'Evidence items are conditionally independent given H or not_H.', 'evidence_sequence': [{'E_given_H': 0.590045, 'E_given_not_H': 0.386229}, {'E_given_H': 0.856858, 'E_given_not_H': 0.497218}, {'E_given_H': 0.961472, 'E_given_not_H': 0.652775}, {'E_given_H': 0.038642, 'E_given_not_H': 0.745681}], 'observed_prefix_length': 4, 'posterior_trajectory': [0.387226, 0.4911960750040619, 0.6245777218432159, 0.7101797586719204, 0.11267528685894272], 'prior_H': 0.387226}, 'posterior_trajectory': [0.387226, 0.4911960750040619, 0.6245777218432159, 0.7101797586719204, 0.11267528685894272]}","{'H': 0.11267528685894272, 'not_H': 0.8873247131410573}","{'H': 0.7549149868676283, 'not_H': 0.24508501313237172}","{'tv': 0.6422397000086856, 'mae_binary': 0.6422397000086856, 'rmse_binary': 0.6422397000086856, 'brier_regret': 0.8249436645344929, 'kl': 0.9273180663089472}",H,not_H,False,284.6782729960978,median,median,10,"{'std_H': 0.0, 'std_not_H': 0.0}",,{},"{'repeat_aggregation': 'median', 'n_repeats': 10}"
semif_qwen35_4b,Qwen/Qwen3.5-4B@851bf6e806efd8d0a36b00ddf55e13ccb7b8cd0a,sequential_bayes__seed_000044__repr_prose,sequential_bayes__seed_000044,sequential_bayes,6,prose,"(0.10,0.30]","{'parameters': {'conditional_independence': 'Evidence items are conditionally independent given H or not_H.', 'evidence_sequence': [{'E_given_H': 0.590045, 'E_given_not_H': 0.386229}, {'E_given_H': 0.856858, 'E_given_not_H': 0.497218}, {'E_given_H': 0.961472, 'E_given_not_H': 0.652775}, {'E_given_H': 0.038642, 'E_given_not_H': 0.745681}], 'observed_prefix_length': 4, 'posterior_trajectory': [0.387226, 0.4911960750040619, 0.6245777218432159, 0.7101797586719204, 0.11267528685894272], 'prior_H': 0.387226}, 'posterior_trajectory': [0.387226, 0.4911960750040619, 0.6245777218432159, 0.7101797586719204, 0.11267528685894272]}","{'H': 0.11267528685894272, 'not_H': 0.8873247131410573}","{'H': 0.9626731126558706, 'not_H': 0.037326887344129464}","{'tv': 0.8499978257969278, 'mae_binary': 0.849997825796928, 'rmse_binary': 0.849997825796928, 'brier_regret': 1.4449926077190092, 'kl': 2.569774317173162}",H,not_H,False,300.60794544406235,median,median,10,"{'std_H': 0.0, 'std_not_H': 0.0}",,{},"{'repeat_aggregation': 'median', 'n_repeats': 10}"
semif_qwen35_4b,Qwen/Qwen3.5-4B@851bf6e806efd8d0a36b00ddf55e13ccb7b8cd0a,sequential_bayes__seed_000044__repr_table,sequential_bayes__seed_000044,sequential_bayes,6,table,"(0.10,0.30]","{'parameters': {'conditional_independence': 'Evidence items are conditionally independent given H or not_H.', 'evidence_sequence': [{'E_given_H': 0.590045, 'E_given_not_H': 0.386229}, {'E_given_H': 0.856858, 'E_given_not_H': 0.497218}, {'E_given_H': 0.961472, 'E_given_not_H': 0.652775}, {'E_given_H': 0.038642, 'E_given_not_H': 0.745681}], 'observed_prefix_length': 4, 'posterior_trajectory': [0.387226, 0.4911960750040619, 0.6245777218432159, 0.7101797586719204, 0.11267528685894272], 'prior_H': 0.387226}, 'posterior_trajectory': [0.387226, 0.4911960750040619, 0.6245777218432159, 0.7101797586719204, 0.11267528685894272]}","{'H': 0.11267528685894272, 'not_H': 0.8873247131410573}","{'H': 0.6224593312018546, 'not_H': 0.37754066879814546}","{'tv': 0.5097840443429118, 'mae_binary': 0.5097840443429119, 'rmse_binary': 0.5097840443429119, 'brier_regret': 0.5197595437332319, 'kl': 0.5656669685275781}",H,not_H,False,371.4176485314965,median,median,10,"{'std_H': 0.0, 'std_not_H': 0.0}",,{},"{'repeat_aggregation': 'median', 'n_repeats': 10}"
semif_qwen35_4b,Qwen/Qwen3.5-4B@851bf6e806efd8d0a36b00ddf55e13ccb7b8cd0a,sequential_bayes__seed_000045__repr_direct,sequential_bayes__seed_000045,sequential_bayes,6,direct,"(0.30,0.45]","{'parameters': {'conditional_independence': 'Evidence items are conditionally independent given H or not_H.', 'evidence_sequence': [{'E_given_H': 0.822143, 'E_given_not_H': 0.542897}, {'E_given_H': 0.936169, 'E_given_not_H': 0.667027}, {'E_given_H': 0.053243, 'E_given_not_H': 0.834742}, {'E_given_H': 0.152645, 'E_given_not_H': 0.939538}, {'E_given_H': 0.44549, 'E_given_not_H': 0.030503}, {'E_given_H': 0.533199, 'E_given_not_H': 0.293377}], 'observed_prefix_length': 6, 'posterior_trajectory': [0.480479, 0.5834302567775527, 0.6628088173304468, 0.11140990136733081, 0.01996332519820646, 0.22928667888620186, 0.3509406267523842], 'prior_H': 0.480479}, 'posterior_trajectory': [0.480479, 0.5834302567775527, 0.6628088173304468, 0.11140990136733081, 0.01996332519820646, 0.22928667888620186, 0.3509406267523842]}","{'H': 0.3509406267523842, 'not_H': 0.6490593732476158}","{'H': 0.7549149868676283, 'not_H': 0.24508501313237172}","{'tv': 0.403974360115244, 'mae_binary': 0.40397436011524407, 'rmse_binary': 0.40397436011524407, 'brier_regret': 0.32639056726104176, 'kl': 0.3633149510433429}",H,not_H,False,338.7882201001048,median,median,10,"{'std_H': 0.0, 'std_not_H': 0.0}",,{},"{'repeat_aggregation': 'median', 'n_repeats': 10}"
semif_qwen35_4b,Qwen/Qwen3.5-4B@851bf6e806efd8d0a36b00ddf55e13ccb7b8cd0a,sequential_bayes__seed_000045__repr_prose,sequential_bayes__seed_000045,sequential_bayes,6,prose,"(0.30,0.45]","{'parameters': {'conditional_independence': 'Evidence items are conditionally independent given H or not_H.', 'evidence_sequence': [{'E_given_H': 0.822143, 'E_given_not_H': 0.542897}, {'E_given_H': 0.936169, 'E_given_not_H': 0.667027}, {'E_given_H': 0.053243, 'E_given_not_H': 0.834742}, {'E_given_H': 0.152645, 'E_given_not_H': 0.939538}, {'E_given_H': 0.44549, 'E_given_not_H': 0.030503}, {'E_given_H': 0.533199, 'E_given_not_H': 0.293377}], 'observed_prefix_length': 6, 'posterior_trajectory': [0.480479, 0.5834302567775527, 0.6628088173304468, 0.11140990136733081, 0.01996332519820646, 0.22928667888620186, 0.3509406267523842], 'prior_H': 0.480479}, 'posterior_trajectory': [0.480479, 0.5834302567775527, 0.6628088173304468, 0.11140990136733081, 0.01996332519820646, 0.22928667888620186, 0.3509406267523842]}","{'H': 0.3509406267523842, 'not_H': 0.6490593732476158}","{'H': 0.9796676466573412, 'not_H': 0.020332353342658753}","{'tv': 0.628727019904957, 'mae_binary': 0.628727019904957, 'rmse_binary': 0.628727019904957, 'brier_regret': 0.7905953311171365, 'kl': 1.8876199921270684}",H,not_H,False,349.94589388370514,median,median,10,"{'std_H': 0.0, 'std_not_H': 0.0}",,{},"{'repeat_aggregation': 'median', 'n_repeats': 10}"
semif_qwen35_4b,Qwen/Qwen3.5-4B@851bf6e806efd8d0a36b00ddf55e13ccb7b8cd0a,sequential_bayes__seed_000045__repr_table,sequential_bayes__seed_000045,sequential_bayes,6,table,"(0.30,0.45]","{'parameters': {'conditional_independence': 'Evidence items are conditionally independent given H or not_H.', 'evidence_sequence': [{'E_given_H': 0.822143, 'E_given_not_H': 0.542897}, {'E_given_H': 0.936169, 'E_given_not_H': 0.667027}, {'E_given_H': 0.053243, 'E_given_not_H': 0.834742}, {'E_given_H': 0.152645, 'E_given_not_H': 0.939538}, {'E_given_H': 0.44549, 'E_given_not_H': 0.030503}, {'E_given_H': 0.533199, 'E_given_not_H': 0.293377}], 'observed_prefix_length': 6, 'posterior_trajectory': [0.480479, 0.5834302567775527, 0.6628088173304468, 0.11140990136733081, 0.01996332519820646, 0.22928667888620186, 0.3509406267523842], 'prior_H': 0.480479}, 'posterior_trajectory': [0.480479, 0.5834302567775527, 0.6628088173304468, 0.11140990136733081, 0.01996332519820646, 0.22928667888620186, 0.3509406267523842]}","{'H': 0.3509406267523842, 'not_H': 0.6490593732476158}","{'H': 0.6513548646660542, 'not_H': 0.34864513533394575}","{'tv': 0.30041423791367, 'mae_binary': 0.30041423791367, 'rmse_binary': 0.30041423791367, 'brier_regret': 0.18049742868250224, 'kl': 0.186335806447739}",H,not_H,False,446.0924529004842,median,median,10,"{'std_H': 0.0, 'std_not_H': 0.0}",,{},"{'repeat_aggregation': 'median', 'n_repeats': 10}"
semif_qwen35_4b,Qwen/Qwen3.5-4B@851bf6e806efd8d0a36b00ddf55e13ccb7b8cd0a,sequential_bayes__seed_000046__repr_direct,sequential_bayes__seed_000046,sequential_bayes,6,direct,"(0.10,0.30]","{'parameters': {'conditional_independence': 'Evidence items are conditionally independent given H or not_H.', 'evidence_sequence': [{'E_given_H': 0.937407, 'E_given_not_H': 0.652731}, {'E_given_H': 0.011657, 'E_given_not_H': 0.818627}, {'E_given_H': 0.135231, 'E_given_not_H': 0.970667}, {'E_given_H': 0.378969, 'E_given_not_H': 0.026991}, {'E_given_H': 0.512249, 'E_given_not_H': 0.239057}, {'E_given_H': 0.612355, 'E_given_not_H': 0.332607}], 'observed_prefix_length': 6, 'posterior_trajectory': [0.64222, 0.7205044267684261, 0.035408370477487204, 0.00508807008357708, 0.0669942424371729, 0.13334561791105332, 0.2207423923319519], 'prior_H': 0.64222}, 'posterior_trajectory': [0.64222, 0.7205044267684261, 0.035408370477487204, 0.00508807008357708, 0.0669942424371729, 0.13334561791105332, 0.2207423923319519]}","{'H': 0.2207423923319519, 'not_H': 0.7792576076680481}","{'H': 0.5926665999540697, 'not_H': 0.4073334000459302}","{'tv': 0.3719242076221178, 'mae_binary': 0.37192420762211775, 'rmse_binary': 0.37192420762211775, 'brier_regret': 0.27665523243068035, 'kl': 0.28749888918349936}",H,not_H,False,340.38795572705567,median,median,10,"{'std_H': 0.0, 'std_not_H': 0.0}",,{},"{'repeat_aggregation': 'median', 'n_repeats': 10}"
semif_qwen35_4b,Qwen/Qwen3.5-4B@851bf6e806efd8d0a36b00ddf55e13ccb7b8cd0a,sequential_bayes__seed_000046__repr_prose,sequential_bayes__seed_000046,sequential_bayes,6,prose,"(0.10,0.30]","{'parameters': {'conditional_independence': 'Evidence items are conditionally independent given H or not_H.', 'evidence_sequence': [{'E_given_H': 0.937407, 'E_given_not_H': 0.652731}, {'E_given_H': 0.011657, 'E_given_not_H': 0.818627}, {'E_given_H': 0.135231, 'E_given_not_H': 0.970667}, {'E_given_H': 0.378969, 'E_given_not_H': 0.026991}, {'E_given_H': 0.512249, 'E_given_not_H': 0.239057}, {'E_given_H': 0.612355, 'E_given_not_H': 0.332607}], 'observed_prefix_length': 6, 'posterior_trajectory': [0.64222, 0.7205044267684261, 0.035408370477487204, 0.00508807008357708, 0.0669942424371729, 0.13334561791105332, 0.2207423923319519], 'prior_H': 0.64222}, 'posterior_trajectory': [0.64222, 0.7205044267684261, 0.035408370477487204, 0.00508807008357708, 0.0669942424371729, 0.13334561791105332, 0.2207423923319519]}","{'H': 0.2207423923319519, 'not_H': 0.7792576076680481}","{'H': 0.9669140216112958, 'not_H': 0.033085978388704126}","{'tv': 0.7461716292793439, 'mae_binary': 0.7461716292793439, 'rmse_binary': 0.7461716292793439, 'brier_regret': 1.1135442006827814, 'kl': 2.1357941480308424}",H,not_H,False,347.23176187835634,median,median,10,"{'std_H': 0.0, 'std_not_H': 0.0}",,{},"{'repeat_aggregation': 'median', 'n_repeats': 10}"
semif_qwen35_4b,Qwen/Qwen3.5-4B@851bf6e806efd8d0a36b00ddf55e13ccb7b8cd0a,sequential_bayes__seed_000046__repr_table,sequential_bayes__seed_000046,sequential_bayes,6,table,"(0.10,0.30]","{'parameters': {'conditional_independence': 'Evidence items are conditionally independent given H or not_H.', 'evidence_sequence': [{'E_given_H': 0.937407, 'E_given_not_H': 0.652731}, {'E_given_H': 0.011657, 'E_given_not_H': 0.818627}, {'E_given_H': 0.135231, 'E_given_not_H': 0.970667}, {'E_given_H': 0.378969, 'E_given_not_H': 0.026991}, {'E_given_H': 0.512249, 'E_given_not_H': 0.239057}, {'E_given_H': 0.612355, 'E_given_not_H': 0.332607}], 'observed_prefix_length': 6, 'posterior_trajectory': [0.64222, 0.7205044267684261, 0.035408370477487204, 0.00508807008357708, 0.0669942424371729, 0.13334561791105332, 0.2207423923319519], 'prior_H': 0.64222}, 'posterior_trajectory': [0.64222, 0.7205044267684261, 0.035408370477487204, 0.00508807008357708, 0.0669942424371729, 0.13334561791105332, 0.2207423923319519]}","{'H': 0.2207423923319519, 'not_H': 0.7792576076680481}","{'H': 0.5621765008857981, 'not_H': 0.4378234991142019}","{'tv': 0.34143410855384615, 'mae_binary': 0.34143410855384615, 'rmse_binary': 0.34143410855384615, 'brier_regret': 0.23315450096791923, 'kl': 0.24290784396399684}",H,not_H,False,451.61156351678073,median,median,10,"{'std_H': 0.0, 'std_not_H': 0.0}",,{},"{'repeat_aggregation': 'median', 'n_repeats': 10}"
semif_qwen35_4b,Qwen/Qwen3.5-4B@851bf6e806efd8d0a36b00ddf55e13ccb7b8cd0a,sequential_bayes__seed_000047__repr_direct,sequential_bayes__seed_000047,sequential_bayes,6,direct,"(0.70,0.90]","{'parameters': {'conditional_independence': 'Evidence items are conditionally independent given H or not_H.', 'evidence_sequence': [{'E_given_H': 0.052817, 'E_given_not_H': 0.710634}, {'E_given_H': 0.26792, 'E_given_not_H': 0.959866}, {'E_given_H': 0.439598, 'E_given_not_H': 0.013463}], 'observed_prefix_length': 3, 'posterior_trajectory': [0.84647, 0.29066723964730085, 0.10263801870994302, 0.7887928911656144], 'prior_H': 0.84647}, 'posterior_trajectory': [0.84647, 0.29066723964730085, 0.10263801870994302, 0.7887928911656144]}","{'H': 0.7887928911656144, 'not_H': 0.21120710883438565}","{'H': 0.7057850278370112, 'not_H': 0.29421497216298875}","{'tv': 0.0830078633286031, 'mae_binary': 0.0830078633286031, 'rmse_binary': 0.0830078633286031, 'brier_regret': 0.013780610748760105, 'kl': 0.017699186822908705}",H,H,True,256.51490772143006,median,median,10,"{'std_H': 0.0, 'std_not_H': 0.0}",,{},"{'repeat_aggregation': 'median', 'n_repeats': 10}"
semif_qwen35_4b,Qwen/Qwen3.5-4B@851bf6e806efd8d0a36b00ddf55e13ccb7b8cd0a,sequential_bayes__seed_000047__repr_prose,sequential_bayes__seed_000047,sequential_bayes,6,prose,"(0.70,0.90]","{'parameters': {'conditional_independence': 'Evidence items are conditionally independent given H or not_H.', 'evidence_sequence': [{'E_given_H': 0.052817, 'E_given_not_H': 0.710634}, {'E_given_H': 0.26792, 'E_given_not_H': 0.959866}, {'E_given_H': 0.439598, 'E_given_not_H': 0.013463}], 'observed_prefix_length': 3, 'posterior_trajectory': [0.84647, 0.29066723964730085, 0.10263801870994302, 0.7887928911656144], 'prior_H': 0.84647}, 'posterior_trajectory': [0.84647, 0.29066723964730085, 0.10263801870994302, 0.7887928911656144]}","{'H': 0.7887928911656144, 'not_H': 0.21120710883438565}","{'H': 0.9820137900379085, 'not_H': 0.017986209962091555}","{'tv': 0.1932208988722941, 'mae_binary': 0.1932208988722941, 'rmse_binary': 0.1932208988722941, 'brier_regret': 0.07466863152203461, 'kl': 0.34742674884311786}",H,H,True,278.7552968133241,median,median,10,"{'std_H': 0.0, 'std_not_H': 0.0}",,{},"{'repeat_aggregation': 'median', 'n_repeats': 10}"
semif_qwen35_4b,Qwen/Qwen3.5-4B@851bf6e806efd8d0a36b00ddf55e13ccb7b8cd0a,sequential_bayes__seed_000047__repr_table,sequential_bayes__seed_000047,sequential_bayes,6,table,"(0.70,0.90]","{'parameters': {'conditional_independence': 'Evidence items are conditionally independent given H or not_H.', 'evidence_sequence': [{'E_given_H': 0.052817, 'E_given_not_H': 0.710634}, {'E_given_H': 0.26792, 'E_given_not_H': 0.959866}, {'E_given_H': 0.439598, 'E_given_not_H': 0.013463}], 'observed_prefix_length': 3, 'posterior_trajectory': [0.84647, 0.29066723964730085, 0.10263801870994302, 0.7887928911656144], 'prior_H': 0.84647}, 'posterior_trajectory': [0.84647, 0.29066723964730085, 0.10263801870994302, 0.7887928911656144]}","{'H': 0.7887928911656144, 'not_H': 0.21120710883438565}","{'H': 0.5312093733737563, 'not_H': 0.46879062662624377}","{'tv': 0.25758351779185806, 'mae_binary': 0.25758351779185806, 'rmse_binary': 0.25758351779185806, 'brier_regret': 0.13269853727605696, 'kl': 0.14344830950923282}",H,H,True,307.4744613841176,median,median,10,"{'std_H': 0.0, 'std_not_H': 0.0}",,{},"{'repeat_aggregation': 'median', 'n_repeats': 10}"
semif_qwen35_4b,Qwen/Qwen3.5-4B@851bf6e806efd8d0a36b00ddf55e13ccb7b8cd0a,sequential_bayes__seed_000048__repr_direct,sequential_bayes__seed_000048,sequential_bayes,6,direct,"(0.90,0.99]","{'parameters': {'conditional_independence': 'Evidence items are conditionally independent given H or not_H.', 'evidence_sequence': [{'E_given_H': 0.275859, 'E_given_not_H': 0.956606}, {'E_given_H': 0.380795, 'E_given_not_H': 0.089245}, {'E_given_H': 0.504762, 'E_given_not_H': 0.222895}], 'observed_prefix_length': 3, 'posterior_trajectory': [0.933733, 0.8025005524944498, 0.9454669778379197, 0.9751627237748509], 'prior_H': 0.933733}, 'posterior_trajectory': [0.933733, 0.8025005524944498, 0.9454669778379197, 0.9751627237748509]}","{'H': 0.9751627237748509, 'not_H': 0.024837276225149085}","{'H': 0.8519528019683106, 'not_H': 0.1480471980316895}","{'tv': 0.12320992180654038, 'mae_binary': 0.12320992180654033, 'rmse_binary': 0.12320992180654033, 'brier_regret': 0.030361369663147588, 'kl': 0.0873792275865537}",H,H,True,255.13789299875498,median,median,10,"{'std_H': 0.0, 'std_not_H': 0.0}",,{},"{'repeat_aggregation': 'median', 'n_repeats': 10}"
semif_qwen35_4b,Qwen/Qwen3.5-4B@851bf6e806efd8d0a36b00ddf55e13ccb7b8cd0a,sequential_bayes__seed_000048__repr_prose,sequential_bayes__seed_000048,sequential_bayes,6,prose,"(0.90,0.99]","{'parameters': {'conditional_independence': 'Evidence items are conditionally independent given H or not_H.', 'evidence_sequence': [{'E_given_H': 0.275859, 'E_given_not_H': 0.956606}, {'E_given_H': 0.380795, 'E_given_not_H': 0.089245}, {'E_given_H': 0.504762, 'E_given_not_H': 0.222895}], 'observed_prefix_length': 3, 'posterior_trajectory': [0.933733, 0.8025005524944498, 0.9454669778379197, 0.9751627237748509], 'prior_H': 0.933733}, 'posterior_trajectory': [0.933733, 0.8025005524944498, 0.9454669778379197, 0.9751627237748509]}","{'H': 0.9751627237748509, 'not_H': 0.024837276225149085}","{'H': 0.9875683491468141, 'not_H': 0.012431650853185818}","{'tv': 0.012405625371963241, 'mae_binary': 0.012405625371963214, 'rmse_binary': 0.012405625371963214, 'brier_regret': 0.0003077990817389962, 'kl': 0.0048624975156562784}",H,H,True,282.85429207608104,median,median,10,"{'std_H': 0.0, 'std_not_H': 0.0}",,{},"{'repeat_aggregation': 'median', 'n_repeats': 10}"
semif_qwen35_4b,Qwen/Qwen3.5-4B@851bf6e806efd8d0a36b00ddf55e13ccb7b8cd0a,sequential_bayes__seed_000048__repr_table,sequential_bayes__seed_000048,sequential_bayes,6,table,"(0.90,0.99]","{'parameters': {'conditional_independence': 'Evidence items are conditionally independent given H or not_H.', 'evidence_sequence': [{'E_given_H': 0.275859, 'E_given_not_H': 0.956606}, {'E_given_H': 0.380795, 'E_given_not_H': 0.089245}, {'E_given_H': 0.504762, 'E_given_not_H': 0.222895}], 'observed_prefix_length': 3, 'posterior_trajectory': [0.933733, 0.8025005524944498, 0.9454669778379197, 0.9751627237748509], 'prior_H': 0.933733}, 'posterior_trajectory': [0.933733, 0.8025005524944498, 0.9454669778379197, 0.9751627237748509]}","{'H': 0.9751627237748509, 'not_H': 0.024837276225149085}","{'H': 0.679178699175393, 'not_H': 0.32082130082460697}","{'tv': 0.29598402459945794, 'mae_binary': 0.29598402459945794, 'rmse_binary': 0.29598402459945794, 'brier_regret': 0.175213085636185, 'kl': 0.2891888070382175}",H,H,True,310.8097733464092,median,median,10,"{'std_H': 0.0, 'std_not_H': 0.0}",,{},"{'repeat_aggregation': 'median', 'n_repeats': 10}"
semif_qwen35_4b,Qwen/Qwen3.5-4B@851bf6e806efd8d0a36b00ddf55e13ccb7b8cd0a,sequential_bayes__seed_000049__repr_direct,sequential_bayes__seed_000049,sequential_bayes,6,direct,"(0.70,0.90]","{'parameters': {'conditional_independence': 'Evidence items are conditionally independent given H or not_H.', 'evidence_sequence': [{'E_given_H': 0.346234, 'E_given_not_H': 0.024629}, {'E_given_H': 0.530049, 'E_given_not_H': 0.251686}, {'E_given_H': 0.619193, 'E_given_not_H': 0.323881}, {'E_given_H': 0.845869, 'E_given_not_H': 0.546818}, {'E_given_H': 0.912848, 'E_given_not_H': 0.658795}], 'observed_prefix_length': 5, 'posterior_trajectory': [0.031994, 0.3172367852341124, 0.49457209137119523, 0.6516564647592755, 0.7431826754290087, 0.8003900273948994], 'prior_H': 0.031994}, 'posterior_trajectory': [0.031994, 0.3172367852341124, 0.49457209137119523, 0.6516564647592755, 0.7431826754290087, 0.8003900273948994]}","{'H': 0.8003900273948994, 'not_H': 0.1996099726051006}","{'H': 0.9399133498259924, 'not_H': 0.06008665017400762}","{'tv': 0.139523322431093, 'mae_binary': 0.139523322431093, 'rmse_binary': 0.139523322431093, 'brier_regret': 0.03893351500442148, 'kl': 0.11103375851855493}",H,H,True,305.3484493866563,median,median,10,"{'std_H': 0.0, 'std_not_H': 0.0}",,{},"{'repeat_aggregation': 'median', 'n_repeats': 10}"
semif_qwen35_4b,Qwen/Qwen3.5-4B@851bf6e806efd8d0a36b00ddf55e13ccb7b8cd0a,sequential_bayes__seed_000049__repr_prose,sequential_bayes__seed_000049,sequential_bayes,6,prose,"(0.70,0.90]","{'parameters': {'conditional_independence': 'Evidence items are conditionally independent given H or not_H.', 'evidence_sequence': [{'E_given_H': 0.346234, 'E_given_not_H': 0.024629}, {'E_given_H': 0.530049, 'E_given_not_H': 0.251686}, {'E_given_H': 0.619193, 'E_given_not_H': 0.323881}, {'E_given_H': 0.845869, 'E_given_not_H': 0.546818}, {'E_given_H': 0.912848, 'E_given_not_H': 0.658795}], 'observed_prefix_length': 5, 'posterior_trajectory': [0.031994, 0.3172367852341124, 0.49457209137119523, 0.6516564647592755, 0.7431826754290087, 0.8003900273948994], 'prior_H': 0.031994}, 'posterior_trajectory': [0.031994, 0.3172367852341124, 0.49457209137119523, 0.6516564647592755, 0.7431826754290087, 0.8003900273948994]}","{'H': 0.8003900273948994, 'not_H': 0.1996099726051006}","{'H': 0.9875683491468141, 'not_H': 0.012431650853185818}","{'tv': 0.18717832175191476, 'mae_binary': 0.18717832175191473, 'rmse_binary': 0.18717832175191473, 'brier_regret': 0.07007144826772665, 'kl': 0.3859419452748182}",H,H,True,337.9905520938337,median,median,10,"{'std_H': 0.0, 'std_not_H': 0.0}",,{},"{'repeat_aggregation': 'median', 'n_repeats': 10}"
semif_qwen35_4b,Qwen/Qwen3.5-4B@851bf6e806efd8d0a36b00ddf55e13ccb7b8cd0a,sequential_bayes__seed_000049__repr_table,sequential_bayes__seed_000049,sequential_bayes,6,table,"(0.70,0.90]","{'parameters': {'conditional_independence': 'Evidence items are conditionally independent given H or not_H.', 'evidence_sequence': [{'E_given_H': 0.346234, 'E_given_not_H': 0.024629}, {'E_given_H': 0.530049, 'E_given_not_H': 0.251686}, {'E_given_H': 0.619193, 'E_given_not_H': 0.323881}, {'E_given_H': 0.845869, 'E_given_not_H': 0.546818}, {'E_given_H': 0.912848, 'E_given_not_H': 0.658795}], 'observed_prefix_length': 5, 'posterior_trajectory': [0.031994, 0.3172367852341124, 0.49457209137119523, 0.6516564647592755, 0.7431826754290087, 0.8003900273948994], 'prior_H': 0.031994}, 'posterior_trajectory': [0.031994, 0.3172367852341124, 0.49457209137119523, 0.6516564647592755, 0.7431826754290087, 0.8003900273948994]}","{'H': 0.8003900273948994, 'not_H': 0.1996099726051006}","{'H': 0.9149009549929797, 'not_H': 0.08509904500702024}","{'tv': 0.11451092759808035, 'mae_binary': 0.11451092759808035, 'rmse_binary': 0.11451092759808035, 'brier_regret': 0.026225505078745603, 'kl': 0.06315189526338227}",H,H,True,412.6357900444418,median,median,10,"{'std_H': 0.0, 'std_not_H': 0.0}",,{},"{'repeat_aggregation': 'median', 'n_repeats': 10}"
semif_qwen35_4b,Qwen/Qwen3.5-4B@851bf6e806efd8d0a36b00ddf55e13ccb7b8cd0a,sequential_bayes__seed_000050__repr_direct,sequential_bayes__seed_000050,sequential_bayes,6,direct,"[0.01,0.10]","{'parameters': {'conditional_independence': 'Evidence items are conditionally independent given H or not_H.', 'evidence_sequence': [{'E_given_H': 0.472127, 'E_given_not_H': 0.191458}, {'E_given_H': 0.631191, 'E_given_not_H': 0.405093}, {'E_given_H': 0.870541, 'E_given_not_H': 0.546792}, {'E_given_H': 0.93722, 'E_given_not_H': 0.612099}, {'E_given_H': 0.075121, 'E_given_not_H': 0.763611}, {'E_given_H': 0.115737, 'E_given_not_H': 0.962357}], 'observed_prefix_length': 6, 'posterior_trajectory': [0.204042, 0.3873082630953835, 0.4962127795907569, 0.6106147948908568, 0.7059762861319588, 0.1910754727564699, 0.02762280113741506], 'prior_H': 0.204042}, 'posterior_trajectory': [0.204042, 0.3873082630953835, 0.4962127795907569, 0.6106147948908568, 0.7059762861319588, 0.1910754727564699, 0.02762280113741506]}","{'H': 0.02762280113741506, 'not_H': 0.9723771988625849}","{'H': 0.6224593312018546, 'not_H': 0.37754066879814546}","{'tv': 0.5948365300644394, 'mae_binary': 0.5948365300644395, 'rmse_binary': 0.5948365300644395, 'brier_regret': 0.7076609949982056, 'kl': 0.8338864796451273}",H,not_H,False,341.24004249460995,median,median,10,"{'std_H': 0.0, 'std_not_H': 0.0}",,{},"{'repeat_aggregation': 'median', 'n_repeats': 10}"
semif_qwen35_4b,Qwen/Qwen3.5-4B@851bf6e806efd8d0a36b00ddf55e13ccb7b8cd0a,sequential_bayes__seed_000050__repr_prose,sequential_bayes__seed_000050,sequential_bayes,6,prose,"[0.01,0.10]","{'parameters': {'conditional_independence': 'Evidence items are conditionally independent given H or not_H.', 'evidence_sequence': [{'E_given_H': 0.472127, 'E_given_not_H': 0.191458}, {'E_given_H': 0.631191, 'E_given_not_H': 0.405093}, {'E_given_H': 0.870541, 'E_given_not_H': 0.546792}, {'E_given_H': 0.93722, 'E_given_not_H': 0.612099}, {'E_given_H': 0.075121, 'E_given_not_H': 0.763611}, {'E_given_H': 0.115737, 'E_given_not_H': 0.962357}], 'observed_prefix_length': 6, 'posterior_trajectory': [0.204042, 0.3873082630953835, 0.4962127795907569, 0.6106147948908568, 0.7059762861319588, 0.1910754727564699, 0.02762280113741506], 'prior_H': 0.204042}, 'posterior_trajectory': [0.204042, 0.3873082630953835, 0.4962127795907569, 0.6106147948908568, 0.7059762861319588, 0.1910754727564699, 0.02762280113741506]}","{'H': 0.02762280113741506, 'not_H': 0.9723771988625849}","{'H': 0.9525741268224334, 'not_H': 0.04742587317756679}","{'tv': 0.9249513256850181, 'mae_binary': 0.9249513256850183, 'rmse_binary': 0.9249513256850183, 'brier_regret': 1.7110699097729452, 'kl': 2.8393398441952247}",H,not_H,False,347.8539925534278,median,median,10,"{'std_H': 0.0, 'std_not_H': 0.0}",,{},"{'repeat_aggregation': 'median', 'n_repeats': 10}"
semif_qwen35_4b,Qwen/Qwen3.5-4B@851bf6e806efd8d0a36b00ddf55e13ccb7b8cd0a,sequential_bayes__seed_000050__repr_table,sequential_bayes__seed_000050,sequential_bayes,6,table,"[0.01,0.10]","{'parameters': {'conditional_independence': 'Evidence items are conditionally independent given H or not_H.', 'evidence_sequence': [{'E_given_H': 0.472127, 'E_given_not_H': 0.191458}, {'E_given_H': 0.631191, 'E_given_not_H': 0.405093}, {'E_given_H': 0.870541, 'E_given_not_H': 0.546792}, {'E_given_H': 0.93722, 'E_given_not_H': 0.612099}, {'E_given_H': 0.075121, 'E_given_not_H': 0.763611}, {'E_given_H': 0.115737, 'E_given_not_H': 0.962357}], 'observed_prefix_length': 6, 'posterior_trajectory': [0.204042, 0.3873082630953835, 0.4962127795907569, 0.6106147948908568, 0.7059762861319588, 0.1910754727564699, 0.02762280113741506], 'prior_H': 0.204042}, 'posterior_trajectory': [0.204042, 0.3873082630953835, 0.4962127795907569, 0.6106147948908568, 0.7059762861319588, 0.1910754727564699, 0.02762280113741506]}","{'H': 0.02762280113741506, 'not_H': 0.9723771988625849}","{'H': 0.5926665999540697, 'not_H': 0.4073334000459302}","{'tv': 0.5650437988166546, 'mae_binary': 0.5650437988166546, 'rmse_binary': 0.5650437988166546, 'brier_regret': 0.6385489891623122, 'kl': 0.7613856097470378}",H,not_H,False,448.8357910886407,median,median,10,"{'std_H': 0.0, 'std_not_H': 0.0}",,{},"{'repeat_aggregation': 'median', 'n_repeats': 10}"
semif_qwen35_4b,Qwen/Qwen3.5-4B@851bf6e806efd8d0a36b00ddf55e13ccb7b8cd0a,sequential_bayes__seed_000051__repr_direct,sequential_bayes__seed_000051,sequential_bayes,6,direct,"[0.01,0.10]","{'parameters': {'conditional_independence': 'Evidence items are conditionally independent given H or not_H.', 'evidence_sequence': [{'E_given_H': 0.556613, 'E_given_not_H': 0.401197}, {'E_given_H': 0.788138, 'E_given_not_H': 0.49524}, {'E_given_H': 0.968742, 'E_given_not_H': 0.55418}, {'E_given_H': 0.022217, 'E_given_not_H': 0.870351}, {'E_given_H': 0.19125, 'E_given_not_H': 0.946898}, {'E_given_H': 0.32951, 'E_given_not_H': 0.055451}], 'observed_prefix_length': 6, 'posterior_trajectory': [0.410511, 0.49139192352202815, 0.6059202315489085, 0.7288318182873215, 0.06420381683042299, 0.013667875069321786, 0.07608014616604873], 'prior_H': 0.410511}, 'posterior_trajectory': [0.410511, 0.49139192352202815, 0.6059202315489085, 0.7288318182873215, 0.06420381683042299, 0.013667875069321786, 0.07608014616604873]}","{'H': 0.07608014616604873, 'not_H': 0.9239198538339513}","{'H': 0.6224593312018546, 'not_H': 0.37754066879814546}","{'tv': 0.5463791850358057, 'mae_binary': 0.5463791850358058, 'rmse_binary': 0.5463791850358058, 'brier_regret': 0.5970604276807826, 'kl': 0.6669471624758193}",H,not_H,False,340.5843411106616,median,median,10,"{'std_H': 0.0, 'std_not_H': 0.0}",,{},"{'repeat_aggregation': 'median', 'n_repeats': 10}"
semif_qwen35_4b,Qwen/Qwen3.5-4B@851bf6e806efd8d0a36b00ddf55e13ccb7b8cd0a,sequential_bayes__seed_000051__repr_prose,sequential_bayes__seed_000051,sequential_bayes,6,prose,"[0.01,0.10]","{'parameters': {'conditional_independence': 'Evidence items are conditionally independent given H or not_H.', 'evidence_sequence': [{'E_given_H': 0.556613, 'E_given_not_H': 0.401197}, {'E_given_H': 0.788138, 'E_given_not_H': 0.49524}, {'E_given_H': 0.968742, 'E_given_not_H': 0.55418}, {'E_given_H': 0.022217, 'E_given_not_H': 0.870351}, {'E_given_H': 0.19125, 'E_given_not_H': 0.946898}, {'E_given_H': 0.32951, 'E_given_not_H': 0.055451}], 'observed_prefix_length': 6, 'posterior_trajectory': [0.410511, 0.49139192352202815, 0.6059202315489085, 0.7288318182873215, 0.06420381683042299, 0.013667875069321786, 0.07608014616604873], 'prior_H': 0.410511}, 'posterior_trajectory': [0.410511, 0.49139192352202815, 0.6059202315489085, 0.7288318182873215, 0.06420381683042299, 0.013667875069321786, 0.07608014616604873]}","{'H': 0.07608014616604873, 'not_H': 0.9239198538339513}","{'H': 0.9241418199787566, 'not_H': 0.07585818002124356}","{'tv': 0.8480616738127078, 'mae_binary': 0.8480616738127078, 'rmse_binary': 0.8480616738127078, 'brier_regret': 1.438417205180023, 'kl': 2.1195996202561647}",H,not_H,False,350.34890938550234,median,median,10,"{'std_H': 0.0, 'std_not_H': 0.0}",,{},"{'repeat_aggregation': 'median', 'n_repeats': 10}"
semif_qwen35_4b,Qwen/Qwen3.5-4B@851bf6e806efd8d0a36b00ddf55e13ccb7b8cd0a,sequential_bayes__seed_000051__repr_table,sequential_bayes__seed_000051,sequential_bayes,6,table,"[0.01,0.10]","{'parameters': {'conditional_independence': 'Evidence items are conditionally independent given H or not_H.', 'evidence_sequence': [{'E_given_H': 0.556613, 'E_given_not_H': 0.401197}, {'E_given_H': 0.788138, 'E_given_not_H': 0.49524}, {'E_given_H': 0.968742, 'E_given_not_H': 0.55418}, {'E_given_H': 0.022217, 'E_given_not_H': 0.870351}, {'E_given_H': 0.19125, 'E_given_not_H': 0.946898}, {'E_given_H': 0.32951, 'E_given_not_H': 0.055451}], 'observed_prefix_length': 6, 'posterior_trajectory': [0.410511, 0.49139192352202815, 0.6059202315489085, 0.7288318182873215, 0.06420381683042299, 0.013667875069321786, 0.07608014616604873], 'prior_H': 0.410511}, 'posterior_trajectory': [0.410511, 0.49139192352202815, 0.6059202315489085, 0.7288318182873215, 0.06420381683042299, 0.013667875069321786, 0.07608014616604873]}","{'H': 0.07608014616604873, 'not_H': 0.9239198538339513}","{'H': 0.5312093733737563, 'not_H': 0.46879062662624377}","{'tv': 0.45512922720770754, 'mae_binary': 0.45512922720770754, 'rmse_binary': 0.45512922720770754, 'brier_regret': 0.41428522691737013, 'kl': 0.47899926842515006}",H,not_H,False,449.55594749189913,median,median,10,"{'std_H': 0.0, 'std_not_H': 0.0}",,{},"{'repeat_aggregation': 'median', 'n_repeats': 10}"
semif_qwen35_4b,Qwen/Qwen3.5-4B@851bf6e806efd8d0a36b00ddf55e13ccb7b8cd0a,sequential_bayes__seed_000052__repr_direct,sequential_bayes__seed_000052,sequential_bayes,6,direct,"(0.10,0.30]","{'parameters': {'conditional_independence': 'Evidence items are conditionally independent given H or not_H.', 'evidence_sequence': [{'E_given_H': 0.879365, 'E_given_not_H': 0.462544}, {'E_given_H': 0.979216, 'E_given_not_H': 0.624609}, {'E_given_H': 0.059074, 'E_given_not_H': 0.804877}], 'observed_prefix_length': 3, 'posterior_trajectory': [0.453999, 0.6125236066700036, 0.7125003896742405, 0.15389933510803008], 'prior_H': 0.453999}, 'posterior_trajectory': [0.453999, 0.6125236066700036, 0.7125003896742405, 0.15389933510803008]}","{'H': 0.15389933510803008, 'not_H': 0.8461006648919699}","{'H': 0.7772998611746911, 'not_H': 0.22270013882530884}","{'tv': 0.6234005260666611, 'mae_binary': 0.623400526066661, 'rmse_binary': 0.623400526066661, 'brier_regret': 0.7772564318003794, 'kl': 0.8801412407370068}",H,not_H,False,258.9678457006812,median,median,10,"{'std_H': 0.0, 'std_not_H': 0.0}",,{},"{'repeat_aggregation': 'median', 'n_repeats': 10}"
semif_qwen35_4b,Qwen/Qwen3.5-4B@851bf6e806efd8d0a36b00ddf55e13ccb7b8cd0a,sequential_bayes__seed_000052__repr_prose,sequential_bayes__seed_000052,sequential_bayes,6,prose,"(0.10,0.30]","{'parameters': {'conditional_independence': 'Evidence items are conditionally independent given H or not_H.', 'evidence_sequence': [{'E_given_H': 0.879365, 'E_given_not_H': 0.462544}, {'E_given_H': 0.979216, 'E_given_not_H': 0.624609}, {'E_given_H': 0.059074, 'E_given_not_H': 0.804877}], 'observed_prefix_length': 3, 'posterior_trajectory': [0.453999, 0.6125236066700036, 0.7125003896742405, 0.15389933510803008], 'prior_H': 0.453999}, 'posterior_trajectory': [0.453999, 0.6125236066700036, 0.7125003896742405, 0.15389933510803008]}","{'H': 0.15389933510803008, 'not_H': 0.8461006648919699}","{'H': 0.9796676466573412, 'not_H': 0.020332353342658753}","{'tv': 0.8257683115493111, 'mae_binary': 0.8257683115493111, 'rmse_binary': 0.8257683115493111, 'brier_regret': 1.3637866087180004, 'kl': 2.869768305634152}",H,not_H,False,282.18572502955794,median,median,10,"{'std_H': 0.0, 'std_not_H': 0.0}",,{},"{'repeat_aggregation': 'median', 'n_repeats': 10}"
semif_qwen35_4b,Qwen/Qwen3.5-4B@851bf6e806efd8d0a36b00ddf55e13ccb7b8cd0a,sequential_bayes__seed_000052__repr_table,sequential_bayes__seed_000052,sequential_bayes,6,table,"(0.10,0.30]","{'parameters': {'conditional_independence': 'Evidence items are conditionally independent given H or not_H.', 'evidence_sequence': [{'E_given_H': 0.879365, 'E_given_not_H': 0.462544}, {'E_given_H': 0.979216, 'E_given_not_H': 0.624609}, {'E_given_H': 0.059074, 'E_given_not_H': 0.804877}], 'observed_prefix_length': 3, 'posterior_trajectory': [0.453999, 0.6125236066700036, 0.7125003896742405, 0.15389933510803008], 'prior_H': 0.453999}, 'posterior_trajectory': [0.453999, 0.6125236066700036, 0.7125003896742405, 0.15389933510803008]}","{'H': 0.15389933510803008, 'not_H': 0.8461006648919699}","{'H': 0.679178699175393, 'not_H': 0.32082130082460697}","{'tv': 0.525279364067363, 'mae_binary': 0.5252793640673629, 'rmse_binary': 0.5252793640673629, 'brier_regret': 0.5518368206300264, 'kl': 0.5920328330605491}",H,not_H,False,309.6857431344688,median,median,10,"{'std_H': 0.0, 'std_not_H': 0.0}",,{},"{'repeat_aggregation': 'median', 'n_repeats': 10}"
semif_qwen35_4b,Qwen/Qwen3.5-4B@851bf6e806efd8d0a36b00ddf55e13ccb7b8cd0a,sequential_bayes__seed_000053__repr_direct,sequential_bayes__seed_000053,sequential_bayes,6,direct,"[0.01,0.10]","{'parameters': {'conditional_independence': 'Evidence items are conditionally independent given H or not_H.', 'evidence_sequence': [{'E_given_H': 0.925288, 'E_given_not_H': 0.660119}, {'E_given_H': 0.031742, 'E_given_not_H': 0.822326}, {'E_given_H': 0.24875, 'E_given_not_H': 0.954675}], 'observed_prefix_length': 3, 'posterior_trajectory': [0.619861, 0.6956446852040687, 0.08107327708820022, 0.02247158859218456], 'prior_H': 0.619861}, 'posterior_trajectory': [0.619861, 0.6956446852040687, 0.08107327708820022, 0.02247158859218456]}","{'H': 0.02247158859218456, 'not_H': 0.9775284114078154}","{'H': 0.679178699175393, 'not_H': 0.32082130082460697}","{'tv': 0.6567071105832085, 'mae_binary': 0.6567071105832084, 'rmse_binary': 0.6567071105832084, 'brier_regret': 0.8625284581810928, 'kl': 1.0125091319380315}",H,not_H,False,255.40088838897645,median,median,10,"{'std_H': 0.0, 'std_not_H': 0.0}",,{},"{'repeat_aggregation': 'median', 'n_repeats': 10}"
semif_qwen35_4b,Qwen/Qwen3.5-4B@851bf6e806efd8d0a36b00ddf55e13ccb7b8cd0a,sequential_bayes__seed_000053__repr_prose,sequential_bayes__seed_000053,sequential_bayes,6,prose,"[0.01,0.10]","{'parameters': {'conditional_independence': 'Evidence items are conditionally independent given H or not_H.', 'evidence_sequence': [{'E_given_H': 0.925288, 'E_given_not_H': 0.660119}, {'E_given_H': 0.031742, 'E_given_not_H': 0.822326}, {'E_given_H': 0.24875, 'E_given_not_H': 0.954675}], 'observed_prefix_length': 3, 'posterior_trajectory': [0.619861, 0.6956446852040687, 0.08107327708820022, 0.02247158859218456], 'prior_H': 0.619861}, 'posterior_trajectory': [0.619861, 0.6956446852040687, 0.08107327708820022, 0.02247158859218456]}","{'H': 0.02247158859218456, 'not_H': 0.9775284114078154}","{'H': 0.9525741268224334, 'not_H': 0.04742587317756679}","{'tv': 0.9301025382302488, 'mae_binary': 0.9301025382302488, 'rmse_binary': 0.9301025382302488, 'brier_regret': 1.7301814632447026, 'kl': 2.8736644030644576}",H,not_H,False,280.026250006631,median,median,10,"{'std_H': 0.0, 'std_not_H': 0.0}",,{},"{'repeat_aggregation': 'median', 'n_repeats': 10}"
semif_qwen35_4b,Qwen/Qwen3.5-4B@851bf6e806efd8d0a36b00ddf55e13ccb7b8cd0a,sequential_bayes__seed_000053__repr_table,sequential_bayes__seed_000053,sequential_bayes,6,table,"[0.01,0.10]","{'parameters': {'conditional_independence': 'Evidence items are conditionally independent given H or not_H.', 'evidence_sequence': [{'E_given_H': 0.925288, 'E_given_not_H': 0.660119}, {'E_given_H': 0.031742, 'E_given_not_H': 0.822326}, {'E_given_H': 0.24875, 'E_given_not_H': 0.954675}], 'observed_prefix_length': 3, 'posterior_trajectory': [0.619861, 0.6956446852040687, 0.08107327708820022, 0.02247158859218456], 'prior_H': 0.619861}, 'posterior_trajectory': [0.619861, 0.6956446852040687, 0.08107327708820022, 0.02247158859218456]}","{'H': 0.02247158859218456, 'not_H': 0.9775284114078154}","{'H': 0.5926665999540697, 'not_H': 0.4073334000459302}","{'tv': 0.5701950113618852, 'mae_binary': 0.5701950113618851, 'rmse_binary': 0.5701950113618851, 'brier_regret': 0.6502447019639607, 'kl': 0.7821882356850408}",H,not_H,False,311.8674927391112,median,median,10,"{'std_H': 0.0, 'std_not_H': 0.0}",,{},"{'repeat_aggregation': 'median', 'n_repeats': 10}"
semif_qwen35_4b,Qwen/Qwen3.5-4B@851bf6e806efd8d0a36b00ddf55e13ccb7b8cd0a,sequential_bayes__seed_000054__repr_direct,sequential_bayes__seed_000054,sequential_bayes,6,direct,"(0.55,0.70]","{'parameters': {'conditional_independence': 'Evidence items are conditionally independent given H or not_H.', 'evidence_sequence': [{'E_given_H': 0.093764, 'E_given_not_H': 0.771322}, {'E_given_H': 0.243778, 'E_given_not_H': 0.924411}, {'E_given_H': 0.325247, 'E_given_not_H': 0.026323}], 'observed_prefix_length': 3, 'posterior_trajectory': [0.808057, 0.33852129492020233, 0.1189103435331514, 0.6251234123859295], 'prior_H': 0.808057}, 'posterior_trajectory': [0.808057, 0.33852129492020233, 0.1189103435331514, 0.6251234123859295]}","{'H': 0.6251234123859295, 'not_H': 0.3748765876140705}","{'H': 0.6224593312018546, 'not_H': 0.37754066879814546}","{'tv': 0.0026640811840749345, 'mae_binary': 0.002664081184074907, 'rmse_binary': 0.002664081184074907, 'brier_regret': 1.4194657110684211e-05, 'kl': 1.5114531591848331e-05}",H,H,True,255.95848034135997,median,median,10,"{'std_H': 0.0, 'std_not_H': 0.0}",,{},"{'repeat_aggregation': 'median', 'n_repeats': 10}"
semif_qwen35_4b,Qwen/Qwen3.5-4B@851bf6e806efd8d0a36b00ddf55e13ccb7b8cd0a,sequential_bayes__seed_000054__repr_prose,sequential_bayes__seed_000054,sequential_bayes,6,prose,"(0.55,0.70]","{'parameters': {'conditional_independence': 'Evidence items are conditionally independent given H or not_H.', 'evidence_sequence': [{'E_given_H': 0.093764, 'E_given_not_H': 0.771322}, {'E_given_H': 0.243778, 'E_given_not_H': 0.924411}, {'E_given_H': 0.325247, 'E_given_not_H': 0.026323}], 'observed_prefix_length': 3, 'posterior_trajectory': [0.808057, 0.33852129492020233, 0.1189103435331514, 0.6251234123859295], 'prior_H': 0.808057}, 'posterior_trajectory': [0.808057, 0.33852129492020233, 0.1189103435331514, 0.6251234123859295]}","{'H': 0.6251234123859295, 'not_H': 0.3748765876140705}","{'H': 0.9626731126558706, 'not_H': 0.037326887344129464}","{'tv': 0.3375497002699411, 'mae_binary': 0.33754970026994113, 'rmse_binary': 0.33754970026994113, 'brier_regret': 0.22787960030465412, 'kl': 0.594890117977962}",H,H,True,280.59490374289453,median,median,10,"{'std_H': 0.0, 'std_not_H': 0.0}",,{},"{'repeat_aggregation': 'median', 'n_repeats': 10}"
semif_qwen35_4b,Qwen/Qwen3.5-4B@851bf6e806efd8d0a36b00ddf55e13ccb7b8cd0a,sequential_bayes__seed_000054__repr_table,sequential_bayes__seed_000054,sequential_bayes,6,table,"(0.55,0.70]","{'parameters': {'conditional_independence': 'Evidence items are conditionally independent given H or not_H.', 'evidence_sequence': [{'E_given_H': 0.093764, 'E_given_not_H': 0.771322}, {'E_given_H': 0.243778, 'E_given_not_H': 0.924411}, {'E_given_H': 0.325247, 'E_given_not_H': 0.026323}], 'observed_prefix_length': 3, 'posterior_trajectory': [0.808057, 0.33852129492020233, 0.1189103435331514, 0.6251234123859295], 'prior_H': 0.808057}, 'posterior_trajectory': [0.808057, 0.33852129492020233, 0.1189103435331514, 0.6251234123859295]}","{'H': 0.6251234123859295, 'not_H': 0.3748765876140705}","{'H': 0.5, 'not_H': 0.5}","{'tv': 0.1251234123859295, 'mae_binary': 0.1251234123859295, 'rmse_binary': 0.1251234123859295, 'brier_regret': 0.03131173665419875, 'kl': 0.03164701710439527}",not_H,H,False,312.26941286586225,median,median,10,"{'std_H': 0.0, 'std_not_H': 0.0}",,{},"{'repeat_aggregation': 'median', 'n_repeats': 10}"
semif_qwen35_4b,Qwen/Qwen3.5-4B@851bf6e806efd8d0a36b00ddf55e13ccb7b8cd0a,sequential_bayes__seed_000055__repr_direct,sequential_bayes__seed_000055,sequential_bayes,6,direct,"(0.99,1)","{'parameters': {'conditional_independence': 'Evidence items are conditionally independent given H or not_H.', 'evidence_sequence': [{'E_given_H': 0.218221, 'E_given_not_H': 0.987522}, {'E_given_H': 0.403645, 'E_given_not_H': 0.018042}, {'E_given_H': 0.467266, 'E_given_not_H': 0.150138}], 'observed_prefix_length': 3, 'posterior_trajectory': [0.92575, 0.7336998524751613, 0.9840357343380087, 0.9948143100686025], 'prior_H': 0.92575}, 'posterior_trajectory': [0.92575, 0.7336998524751613, 0.9840357343380087, 0.9948143100686025]}","{'H': 0.9948143100686025, 'not_H': 0.0051856899313974525}","{'H': 0.8807970779778823, 'not_H': 0.11920292202211755}","{'tv': 0.11401723209072016, 'mae_binary': 0.11401723209072023, 'rmse_binary': 0.11401723209072023, 'brier_regret': 0.025999858427258295, 'kl': 0.10484083504250678}",H,H,True,254.02405592612922,median,median,10,"{'std_H': 0.0, 'std_not_H': 0.0}",,{},"{'repeat_aggregation': 'median', 'n_repeats': 10}"
semif_qwen35_4b,Qwen/Qwen3.5-4B@851bf6e806efd8d0a36b00ddf55e13ccb7b8cd0a,sequential_bayes__seed_000055__repr_prose,sequential_bayes__seed_000055,sequential_bayes,6,prose,"(0.99,1)","{'parameters': {'conditional_independence': 'Evidence items are conditionally independent given H or not_H.', 'evidence_sequence': [{'E_given_H': 0.218221, 'E_given_not_H': 0.987522}, {'E_given_H': 0.403645, 'E_given_not_H': 0.018042}, {'E_given_H': 0.467266, 'E_given_not_H': 0.150138}], 'observed_prefix_length': 3, 'posterior_trajectory': [0.92575, 0.7336998524751613, 0.9840357343380087, 0.9948143100686025], 'prior_H': 0.92575}, 'posterior_trajectory': [0.92575, 0.7336998524751613, 0.9840357343380087, 0.9948143100686025]}","{'H': 0.9948143100686025, 'not_H': 0.0051856899313974525}","{'H': 0.9902915235185259, 'not_H': 0.009708476481474066}","{'tv': 0.004522786550076633, 'mae_binary': 0.004522786550076652, 'rmse_binary': 0.004522786550076652, 'brier_regret': 4.091119635510818e-05, 'kl': 0.0012811710696738173}",H,H,True,278.03667769767344,median,median,10,"{'std_H': 0.0, 'std_not_H': 0.0}",,{},"{'repeat_aggregation': 'median', 'n_repeats': 10}"
semif_qwen35_4b,Qwen/Qwen3.5-4B@851bf6e806efd8d0a36b00ddf55e13ccb7b8cd0a,sequential_bayes__seed_000055__repr_table,sequential_bayes__seed_000055,sequential_bayes,6,table,"(0.99,1)","{'parameters': {'conditional_independence': 'Evidence items are conditionally independent given H or not_H.', 'evidence_sequence': [{'E_given_H': 0.218221, 'E_given_not_H': 0.987522}, {'E_given_H': 0.403645, 'E_given_not_H': 0.018042}, {'E_given_H': 0.467266, 'E_given_not_H': 0.150138}], 'observed_prefix_length': 3, 'posterior_trajectory': [0.92575, 0.7336998524751613, 0.9840357343380087, 0.9948143100686025], 'prior_H': 0.92575}, 'posterior_trajectory': [0.92575, 0.7336998524751613, 0.9840357343380087, 0.9948143100686025]}","{'H': 0.9948143100686025, 'not_H': 0.0051856899313974525}","{'H': 0.7057850278370112, 'not_H': 0.29421497216298875}","{'tv': 0.2890292822315913, 'mae_binary': 0.2890292822315913, 'rmse_binary': 0.2890292822315913, 'brier_regret': 0.16707585197461772, 'kl': 0.32052350383176764}",H,H,True,310.69125323556364,median,median,10,"{'std_H': 0.0, 'std_not_H': 0.0}",,{},"{'repeat_aggregation': 'median', 'n_repeats': 10}"
semif_qwen35_4b,Qwen/Qwen3.5-4B@851bf6e806efd8d0a36b00ddf55e13ccb7b8cd0a,sequential_bayes__seed_000056__repr_direct,sequential_bayes__seed_000056,sequential_bayes,6,direct,"(0.55,0.70]","{'parameters': {'conditional_independence': 'Evidence items are conditionally independent given H or not_H.', 'evidence_sequence': [{'E_given_H': 0.396464, 'E_given_not_H': 0.059517}, {'E_given_H': 0.532697, 'E_given_not_H': 0.217707}, {'E_given_H': 0.581599, 'E_given_not_H': 0.387297}, {'E_given_H': 0.845928, 'E_given_not_H': 0.547247}], 'observed_prefix_length': 4, 'posterior_trajectory': [0.052477, 0.2695015483073548, 0.474434734683435, 0.5754784594058879, 0.6769462255144328], 'prior_H': 0.052477}, 'posterior_trajectory': [0.052477, 0.2695015483073548, 0.474434734683435, 0.5754784594058879, 0.6769462255144328]}","{'H': 0.6769462255144328, 'not_H': 0.32305377448556716}","{'H': 0.8933094060543487, 'not_H': 0.10669059394565118}","{'tv': 0.21636318053991593, 'mae_binary': 0.21636318053991588, 'rmse_binary': 0.21636318053991588, 'brier_regret': 0.0936260517866965, 'kl': 0.17016163520724653}",H,H,True,276.9808820914477,median,median,10,"{'std_H': 0.0, 'std_not_H': 0.0}",,{},"{'repeat_aggregation': 'median', 'n_repeats': 10}"
semif_qwen35_4b,Qwen/Qwen3.5-4B@851bf6e806efd8d0a36b00ddf55e13ccb7b8cd0a,sequential_bayes__seed_000056__repr_prose,sequential_bayes__seed_000056,sequential_bayes,6,prose,"(0.55,0.70]","{'parameters': {'conditional_independence': 'Evidence items are conditionally independent given H or not_H.', 'evidence_sequence': [{'E_given_H': 0.396464, 'E_given_not_H': 0.059517}, {'E_given_H': 0.532697, 'E_given_not_H': 0.217707}, {'E_given_H': 0.581599, 'E_given_not_H': 0.387297}, {'E_given_H': 0.845928, 'E_given_not_H': 0.547247}], 'observed_prefix_length': 4, 'posterior_trajectory': [0.052477, 0.2695015483073548, 0.474434734683435, 0.5754784594058879, 0.6769462255144328], 'prior_H': 0.052477}, 'posterior_trajectory': [0.052477, 0.2695015483073548, 0.474434734683435, 0.5754784594058879, 0.6769462255144328]}","{'H': 0.6769462255144328, 'not_H': 0.32305377448556716}","{'H': 0.9859363729567544, 'not_H': 0.014063627043245474}","{'tv': 0.3089901474423216, 'mae_binary': 0.30899014744232156, 'rmse_binary': 0.30899014744232156, 'brier_regret': 0.1909498224328553, 'kl': 0.7579920841490124}",H,H,True,304.03305157087743,median,median,10,"{'std_H': 0.0, 'std_not_H': 0.0}",,{},"{'repeat_aggregation': 'median', 'n_repeats': 10}"
semif_qwen35_4b,Qwen/Qwen3.5-4B@851bf6e806efd8d0a36b00ddf55e13ccb7b8cd0a,sequential_bayes__seed_000056__repr_table,sequential_bayes__seed_000056,sequential_bayes,6,table,"(0.55,0.70]","{'parameters': {'conditional_independence': 'Evidence items are conditionally independent given H or not_H.', 'evidence_sequence': [{'E_given_H': 0.396464, 'E_given_not_H': 0.059517}, {'E_given_H': 0.532697, 'E_given_not_H': 0.217707}, {'E_given_H': 0.581599, 'E_given_not_H': 0.387297}, {'E_given_H': 0.845928, 'E_given_not_H': 0.547247}], 'observed_prefix_length': 4, 'posterior_trajectory': [0.052477, 0.2695015483073548, 0.474434734683435, 0.5754784594058879, 0.6769462255144328], 'prior_H': 0.052477}, 'posterior_trajectory': [0.052477, 0.2695015483073548, 0.474434734683435, 0.5754784594058879, 0.6769462255144328]}","{'H': 0.6769462255144328, 'not_H': 0.32305377448556716}","{'H': 0.7981867777396212, 'not_H': 0.20181322226037882}","{'tv': 0.12124055222518836, 'mae_binary': 0.12124055222518837, 'rmse_binary': 0.12124055222518837, 'brier_regret': 0.02939854300773725, 'kl': 0.040461677173149704}",H,H,True,371.65124267339706,median,median,10,"{'std_H': 0.0, 'std_not_H': 0.0}",,{},"{'repeat_aggregation': 'median', 'n_repeats': 10}"
semif_qwen35_4b,Qwen/Qwen3.5-4B@851bf6e806efd8d0a36b00ddf55e13ccb7b8cd0a,sequential_bayes__seed_000057__repr_direct,sequential_bayes__seed_000057,sequential_bayes,6,direct,"(0.55,0.70]","{'parameters': {'conditional_independence': 'Evidence items are conditionally independent given H or not_H.', 'evidence_sequence': [{'E_given_H': 0.461393, 'E_given_not_H': 0.20014}, {'E_given_H': 0.559031, 'E_given_not_H': 0.358382}, {'E_given_H': 0.85315, 'E_given_not_H': 0.467545}], 'observed_prefix_length': 3, 'posterior_trajectory': [0.226962, 0.4036420626372667, 0.5135698968067423, 0.6583011485114412], 'prior_H': 0.226962}, 'posterior_trajectory': [0.226962, 0.4036420626372667, 0.5135698968067423, 0.6583011485114412]}","{'H': 0.6583011485114412, 'not_H': 0.34169885148855883}","{'H': 0.8933094060543487, 'not_H': 0.10669059394565118}","{'tv': 0.2350082575429076, 'mae_binary': 0.23500825754290755, 'rmse_binary': 0.23500825754290755, 'brier_regret': 0.11045776222670718, 'kl': 0.1967764474580502}",H,H,True,258.1690438091755,median,median,10,"{'std_H': 0.0, 'std_not_H': 0.0}",,{},"{'repeat_aggregation': 'median', 'n_repeats': 10}"
semif_qwen35_4b,Qwen/Qwen3.5-4B@851bf6e806efd8d0a36b00ddf55e13ccb7b8cd0a,sequential_bayes__seed_000057__repr_prose,sequential_bayes__seed_000057,sequential_bayes,6,prose,"(0.55,0.70]","{'parameters': {'conditional_independence': 'Evidence items are conditionally independent given H or not_H.', 'evidence_sequence': [{'E_given_H': 0.461393, 'E_given_not_H': 0.20014}, {'E_given_H': 0.559031, 'E_given_not_H': 0.358382}, {'E_given_H': 0.85315, 'E_given_not_H': 0.467545}], 'observed_prefix_length': 3, 'posterior_trajectory': [0.226962, 0.4036420626372667, 0.5135698968067423, 0.6583011485114412], 'prior_H': 0.226962}, 'posterior_trajectory': [0.226962, 0.4036420626372667, 0.5135698968067423, 0.6583011485114412]}","{'H': 0.6583011485114412, 'not_H': 0.34169885148855883}","{'H': 0.9890130573694068, 'not_H': 0.01098694263059318}","{'tv': 0.33071190885796564, 'mae_binary': 0.33071190885796564, 'rmse_binary': 0.33071190885796564, 'brier_regret': 0.21874073332095875, 'kl': 0.9065366858204019}",H,H,True,279.23629372380674,median,median,10,"{'std_H': 0.0, 'std_not_H': 0.0}",,{},"{'repeat_aggregation': 'median', 'n_repeats': 10}"
semif_qwen35_4b,Qwen/Qwen3.5-4B@851bf6e806efd8d0a36b00ddf55e13ccb7b8cd0a,sequential_bayes__seed_000057__repr_table,sequential_bayes__seed_000057,sequential_bayes,6,table,"(0.55,0.70]","{'parameters': {'conditional_independence': 'Evidence items are conditionally independent given H or not_H.', 'evidence_sequence': [{'E_given_H': 0.461393, 'E_given_not_H': 0.20014}, {'E_given_H': 0.559031, 'E_given_not_H': 0.358382}, {'E_given_H': 0.85315, 'E_given_not_H': 0.467545}], 'observed_prefix_length': 3, 'posterior_trajectory': [0.226962, 0.4036420626372667, 0.5135698968067423, 0.6583011485114412], 'prior_H': 0.226962}, 'posterior_trajectory': [0.226962, 0.4036420626372667, 0.5135698968067423, 0.6583011485114412]}","{'H': 0.6583011485114412, 'not_H': 0.34169885148855883}","{'H': 0.7772998611746911, 'not_H': 0.22270013882530884}","{'tv': 0.11899871266324995, 'mae_binary': 0.1189987126632499, 'rmse_binary': 0.1189987126632499, 'brier_regret': 0.02832138723102145, 'kl': 0.03689675497936479}",H,H,True,309.87642826512456,median,median,10,"{'std_H': 0.0, 'std_not_H': 0.0}",,{},"{'repeat_aggregation': 'median', 'n_repeats': 10}"
semif_qwen35_4b,Qwen/Qwen3.5-4B@851bf6e806efd8d0a36b00ddf55e13ccb7b8cd0a,sequential_bayes__seed_000058__repr_direct,sequential_bayes__seed_000058,sequential_bayes,6,direct,"(0,0.01)","{'parameters': {'conditional_independence': 'Evidence items are conditionally independent given H or not_H.', 'evidence_sequence': [{'E_given_H': 0.563625, 'E_given_not_H': 0.328919}, {'E_given_H': 0.816449, 'E_given_not_H': 0.498419}, {'E_given_H': 0.940724, 'E_given_not_H': 0.681408}, {'E_given_H': 0.013363, 'E_given_not_H': 0.757399}, {'E_given_H': 0.145011, 'E_given_not_H': 0.927249}], 'observed_prefix_length': 5, 'posterior_trajectory': [0.448231, 0.5819435213764701, 0.6951441561018219, 0.7589202242149086, 0.05261861763270556, 0.008611190063057283], 'prior_H': 0.448231}, 'posterior_trajectory': [0.448231, 0.5819435213764701, 0.6951441561018219, 0.7589202242149086, 0.05261861763270556, 0.008611190063057283]}","{'H': 0.008611190063057283, 'not_H': 0.9913888099369427}","{'H': 0.5312093733737563, 'not_H': 0.46879062662624377}","{'tv': 0.522598183310699, 'mae_binary': 0.522598183310699, 'rmse_binary': 0.522598183310699, 'brier_regret': 0.5462177223992858, 'kl': 0.7070050667040169}",H,not_H,False,307.50591387040913,median,median,10,"{'std_H': 0.0, 'std_not_H': 0.0}",,{},"{'repeat_aggregation': 'median', 'n_repeats': 10}"
semif_qwen35_4b,Qwen/Qwen3.5-4B@851bf6e806efd8d0a36b00ddf55e13ccb7b8cd0a,sequential_bayes__seed_000058__repr_prose,sequential_bayes__seed_000058,sequential_bayes,6,prose,"(0,0.01)","{'parameters': {'conditional_independence': 'Evidence items are conditionally independent given H or not_H.', 'evidence_sequence': [{'E_given_H': 0.563625, 'E_given_not_H': 0.328919}, {'E_given_H': 0.816449, 'E_given_not_H': 0.498419}, {'E_given_H': 0.940724, 'E_given_not_H': 0.681408}, {'E_given_H': 0.013363, 'E_given_not_H': 0.757399}, {'E_given_H': 0.145011, 'E_given_not_H': 0.927249}], 'observed_prefix_length': 5, 'posterior_trajectory': [0.448231, 0.5819435213764701, 0.6951441561018219, 0.7589202242149086, 0.05261861763270556, 0.008611190063057283], 'prior_H': 0.448231}, 'posterior_trajectory': [0.448231, 0.5819435213764701, 0.6951441561018219, 0.7589202242149086, 0.05261861763270556, 0.008611190063057283]}","{'H': 0.008611190063057283, 'not_H': 0.9913888099369427}","{'H': 0.8354835371034369, 'not_H': 0.1645164628965632}","{'tv': 0.8268723470403796, 'mae_binary': 0.8268723470403796, 'rmse_binary': 0.8268723470403796, 'brier_regret': 1.3674357566001318, 'kl': 1.741233881677921}",H,not_H,False,337.8417785745114,median,median,10,"{'std_H': 0.0, 'std_not_H': 0.0}",,{},"{'repeat_aggregation': 'median', 'n_repeats': 10}"
semif_qwen35_4b,Qwen/Qwen3.5-4B@851bf6e806efd8d0a36b00ddf55e13ccb7b8cd0a,sequential_bayes__seed_000058__repr_table,sequential_bayes__seed_000058,sequential_bayes,6,table,"(0,0.01)","{'parameters': {'conditional_independence': 'Evidence items are conditionally independent given H or not_H.', 'evidence_sequence': [{'E_given_H': 0.563625, 'E_given_not_H': 0.328919}, {'E_given_H': 0.816449, 'E_given_not_H': 0.498419}, {'E_given_H': 0.940724, 'E_given_not_H': 0.681408}, {'E_given_H': 0.013363, 'E_given_not_H': 0.757399}, {'E_given_H': 0.145011, 'E_given_not_H': 0.927249}], 'observed_prefix_length': 5, 'posterior_trajectory': [0.448231, 0.5819435213764701, 0.6951441561018219, 0.7589202242149086, 0.05261861763270556, 0.008611190063057283], 'prior_H': 0.448231}, 'posterior_trajectory': [0.448231, 0.5819435213764701, 0.6951441561018219, 0.7589202242149086, 0.05261861763270556, 0.008611190063057283]}","{'H': 0.008611190063057283, 'not_H': 0.9913888099369427}","{'H': 0.5, 'not_H': 0.5}","{'tv': 0.49138880993694267, 'mae_binary': 0.4913888099369427, 'rmse_binary': 0.4913888099369427, 'brier_regret': 0.4829259250624896, 'kl': 0.6436296107046753}",not_H,not_H,True,413.1919471081346,median,median,10,"{'std_H': 0.0, 'std_not_H': 0.0}",,{},"{'repeat_aggregation': 'median', 'n_repeats': 10}"
semif_qwen35_4b,Qwen/Qwen3.5-4B@851bf6e806efd8d0a36b00ddf55e13ccb7b8cd0a,sequential_bayes__seed_000059__repr_direct,sequential_bayes__seed_000059,sequential_bayes,6,direct,"[0.01,0.10]","{'parameters': {'conditional_independence': 'Evidence items are conditionally independent given H or not_H.', 'evidence_sequence': [{'E_given_H': 0.837044, 'E_given_not_H': 0.496548}, {'E_given_H': 0.931117, 'E_given_not_H': 0.572808}, {'E_given_H': 0.053668, 'E_given_not_H': 0.816594}, {'E_given_H': 0.231918, 'E_given_not_H': 0.961978}], 'observed_prefix_length': 4, 'posterior_trajectory': [0.479732, 0.6085163509914692, 0.7164488634677464, 0.1424106338677888, 0.03849325907238422], 'prior_H': 0.479732}, 'posterior_trajectory': [0.479732, 0.6085163509914692, 0.7164488634677464, 0.1424106338677888, 0.03849325907238422]}","{'H': 0.03849325907238422, 'not_H': 0.9615067409276158}","{'H': 0.679178699175393, 'not_H': 0.32082130082460697}","{'tv': 0.6406854401030089, 'mae_binary': 0.6406854401030088, 'rmse_binary': 0.6406854401030088, 'brier_regret': 0.8209556663199722, 'kl': 0.9448753412090414}",H,not_H,False,283.2862279843539,median,median,10,"{'std_H': 0.0, 'std_not_H': 0.0}",,{},"{'repeat_aggregation': 'median', 'n_repeats': 10}"
semif_qwen35_4b,Qwen/Qwen3.5-4B@851bf6e806efd8d0a36b00ddf55e13ccb7b8cd0a,sequential_bayes__seed_000059__repr_prose,sequential_bayes__seed_000059,sequential_bayes,6,prose,"[0.01,0.10]","{'parameters': {'conditional_independence': 'Evidence items are conditionally independent given H or not_H.', 'evidence_sequence': [{'E_given_H': 0.837044, 'E_given_not_H': 0.496548}, {'E_given_H': 0.931117, 'E_given_not_H': 0.572808}, {'E_given_H': 0.053668, 'E_given_not_H': 0.816594}, {'E_given_H': 0.231918, 'E_given_not_H': 0.961978}], 'observed_prefix_length': 4, 'posterior_trajectory': [0.479732, 0.6085163509914692, 0.7164488634677464, 0.1424106338677888, 0.03849325907238422], 'prior_H': 0.479732}, 'posterior_trajectory': [0.479732, 0.6085163509914692, 0.7164488634677464, 0.1424106338677888, 0.03849325907238422]}","{'H': 0.03849325907238422, 'not_H': 0.9615067409276158}","{'H': 0.9796676466573412, 'not_H': 0.020332353342658753}","{'tv': 0.941174387584957, 'mae_binary': 0.941174387584957, 'rmse_binary': 0.941174387584957, 'brier_regret': 1.7716184556918377, 'kl': 3.5832548013940375}",H,not_H,False,303.0457486398518,median,median,10,"{'std_H': 0.0, 'std_not_H': 0.0}",,{},"{'repeat_aggregation': 'median', 'n_repeats': 10}"
semif_qwen35_4b,Qwen/Qwen3.5-4B@851bf6e806efd8d0a36b00ddf55e13ccb7b8cd0a,sequential_bayes__seed_000059__repr_table,sequential_bayes__seed_000059,sequential_bayes,6,table,"[0.01,0.10]","{'parameters': {'conditional_independence': 'Evidence items are conditionally independent given H or not_H.', 'evidence_sequence': [{'E_given_H': 0.837044, 'E_given_not_H': 0.496548}, {'E_given_H': 0.931117, 'E_given_not_H': 0.572808}, {'E_given_H': 0.053668, 'E_given_not_H': 0.816594}, {'E_given_H': 0.231918, 'E_given_not_H': 0.961978}], 'observed_prefix_length': 4, 'posterior_trajectory': [0.479732, 0.6085163509914692, 0.7164488634677464, 0.1424106338677888, 0.03849325907238422], 'prior_H': 0.479732}, 'posterior_trajectory': [0.479732, 0.6085163509914692, 0.7164488634677464, 0.1424106338677888, 0.03849325907238422]}","{'H': 0.03849325907238422, 'not_H': 0.9615067409276158}","{'H': 0.5926665999540697, 'not_H': 0.4073334000459302}","{'tv': 0.5541733408816856, 'mae_binary': 0.5541733408816855, 'rmse_binary': 0.5541733408816855, 'brier_regret': 0.6142161834879376, 'kl': 0.7205625713861254}",H,not_H,False,371.199394389987,median,median,10,"{'std_H': 0.0, 'std_not_H': 0.0}",,{},"{'repeat_aggregation': 'median', 'n_repeats': 10}"
semif_qwen35_4b,Qwen/Qwen3.5-4B@851bf6e806efd8d0a36b00ddf55e13ccb7b8cd0a,sequential_bayes__seed_000060__repr_direct,sequential_bayes__seed_000060,sequential_bayes,6,direct,"(0.10,0.30]","{'parameters': {'conditional_independence': 'Evidence items are conditionally independent given H or not_H.', 'evidence_sequence': [{'E_given_H': 0.939675, 'E_given_not_H': 0.667868}, {'E_given_H': 0.01395, 'E_given_not_H': 0.793417}, {'E_given_H': 0.196268, 'E_given_not_H': 0.914188}, {'E_given_H': 0.328341, 'E_given_not_H': 0.022257}], 'observed_prefix_length': 4, 'posterior_trajectory': [0.59555, 0.6744542302135247, 0.035145908606276956, 0.007759683052744734, 0.10343497142093172], 'prior_H': 0.59555}, 'posterior_trajectory': [0.59555, 0.6744542302135247, 0.035145908606276956, 0.007759683052744734, 0.10343497142093172]}","{'H': 0.10343497142093172, 'not_H': 0.8965650285790683}","{'H': 0.6224593312018546, 'not_H': 0.37754066879814546}","{'tv': 0.5190243597809228, 'mae_binary': 0.5190243597809229, 'rmse_binary': 0.5190243597809229, 'brier_regret': 0.5387725720919936, 'kl': 0.5897940158431222}",H,not_H,False,284.84774250537157,median,median,10,"{'std_H': 0.0, 'std_not_H': 0.0}",,{},"{'repeat_aggregation': 'median', 'n_repeats': 10}"
semif_qwen35_4b,Qwen/Qwen3.5-4B@851bf6e806efd8d0a36b00ddf55e13ccb7b8cd0a,sequential_bayes__seed_000060__repr_prose,sequential_bayes__seed_000060,sequential_bayes,6,prose,"(0.10,0.30]","{'parameters': {'conditional_independence': 'Evidence items are conditionally independent given H or not_H.', 'evidence_sequence': [{'E_given_H': 0.939675, 'E_given_not_H': 0.667868}, {'E_given_H': 0.01395, 'E_given_not_H': 0.793417}, {'E_given_H': 0.196268, 'E_given_not_H': 0.914188}, {'E_given_H': 0.328341, 'E_given_not_H': 0.022257}], 'observed_prefix_length': 4, 'posterior_trajectory': [0.59555, 0.6744542302135247, 0.035145908606276956, 0.007759683052744734, 0.10343497142093172], 'prior_H': 0.59555}, 'posterior_trajectory': [0.59555, 0.6744542302135247, 0.035145908606276956, 0.007759683052744734, 0.10343497142093172]}","{'H': 0.10343497142093172, 'not_H': 0.8965650285790683}","{'H': 0.9706877692486436, 'not_H': 0.029312230751356316}","{'tv': 0.8672527978277119, 'mae_binary': 0.8672527978277119, 'rmse_binary': 0.8672527978277119, 'brier_regret': 1.5042548306799883, 'kl': 2.8351625356728407}",H,not_H,False,305.33585473895073,median,median,10,"{'std_H': 0.0, 'std_not_H': 0.0}",,{},"{'repeat_aggregation': 'median', 'n_repeats': 10}"
semif_qwen35_4b,Qwen/Qwen3.5-4B@851bf6e806efd8d0a36b00ddf55e13ccb7b8cd0a,sequential_bayes__seed_000060__repr_table,sequential_bayes__seed_000060,sequential_bayes,6,table,"(0.10,0.30]","{'parameters': {'conditional_independence': 'Evidence items are conditionally independent given H or not_H.', 'evidence_sequence': [{'E_given_H': 0.939675, 'E_given_not_H': 0.667868}, {'E_given_H': 0.01395, 'E_given_not_H': 0.793417}, {'E_given_H': 0.196268, 'E_given_not_H': 0.914188}, {'E_given_H': 0.328341, 'E_given_not_H': 0.022257}], 'observed_prefix_length': 4, 'posterior_trajectory': [0.59555, 0.6744542302135247, 0.035145908606276956, 0.007759683052744734, 0.10343497142093172], 'prior_H': 0.59555}, 'posterior_trajectory': [0.59555, 0.6744542302135247, 0.035145908606276956, 0.007759683052744734, 0.10343497142093172]}","{'H': 0.10343497142093172, 'not_H': 0.8965650285790683}","{'H': 0.5621765008857981, 'not_H': 0.4378234991142019}","{'tv': 0.45874152946486635, 'mae_binary': 0.45874152946486635, 'rmse_binary': 0.45874152946486635, 'brier_regret': 0.42088758171152973, 'kl': 0.4675151943970922}",H,not_H,False,376.06398118659854,median,median,10,"{'std_H': 0.0, 'std_not_H': 0.0}",,{},"{'repeat_aggregation': 'median', 'n_repeats': 10}"
semif_qwen35_4b,Qwen/Qwen3.5-4B@851bf6e806efd8d0a36b00ddf55e13ccb7b8cd0a,sequential_bayes__seed_000061__repr_direct,sequential_bayes__seed_000061,sequential_bayes,6,direct,"(0.55,0.70]","{'parameters': {'conditional_independence': 'Evidence items are conditionally independent given H or not_H.', 'evidence_sequence': [{'E_given_H': 0.088961, 'E_given_not_H': 0.893826}, {'E_given_H': 0.12922, 'E_given_not_H': 0.986114}, {'E_given_H': 0.36327, 'E_given_not_H': 0.085042}, {'E_given_H': 0.527252, 'E_given_not_H': 0.126874}, {'E_given_H': 0.554853, 'E_given_not_H': 0.334595}, {'E_given_H': 0.748268, 'E_given_not_H': 0.515369}], 'observed_prefix_length': 6, 'posterior_trajectory': [0.772461, 0.2525509401362523, 0.04239890454210647, 0.159050792052575, 0.4400834170144869, 0.5658548933841624, 0.6542643257081491], 'prior_H': 0.772461}, 'posterior_trajectory': [0.772461, 0.2525509401362523, 0.04239890454210647, 0.159050792052575, 0.4400834170144869, 0.5658548933841624, 0.6542643257081491]}","{'H': 0.6542643257081491, 'not_H': 0.3457356742918509}","{'H': 0.7549149868676283, 'not_H': 0.24508501313237172}","{'tv': 0.1006506611594792, 'mae_binary': 0.10065066115947918, 'rmse_binary': 0.10065066115947918, 'brier_regret': 0.02026111118368059, 'kl': 0.02533595713972618}",H,H,True,335.6129689142108,median,median,10,"{'std_H': 0.0, 'std_not_H': 0.0}",,{},"{'repeat_aggregation': 'median', 'n_repeats': 10}"
semif_qwen35_4b,Qwen/Qwen3.5-4B@851bf6e806efd8d0a36b00ddf55e13ccb7b8cd0a,sequential_bayes__seed_000061__repr_prose,sequential_bayes__seed_000061,sequential_bayes,6,prose,"(0.55,0.70]","{'parameters': {'conditional_independence': 'Evidence items are conditionally independent given H or not_H.', 'evidence_sequence': [{'E_given_H': 0.088961, 'E_given_not_H': 0.893826}, {'E_given_H': 0.12922, 'E_given_not_H': 0.986114}, {'E_given_H': 0.36327, 'E_given_not_H': 0.085042}, {'E_given_H': 0.527252, 'E_given_not_H': 0.126874}, {'E_given_H': 0.554853, 'E_given_not_H': 0.334595}, {'E_given_H': 0.748268, 'E_given_not_H': 0.515369}], 'observed_prefix_length': 6, 'posterior_trajectory': [0.772461, 0.2525509401362523, 0.04239890454210647, 0.159050792052575, 0.4400834170144869, 0.5658548933841624, 0.6542643257081491], 'prior_H': 0.772461}, 'posterior_trajectory': [0.772461, 0.2525509401362523, 0.04239890454210647, 0.159050792052575, 0.4400834170144869, 0.5658548933841624, 0.6542643257081491]}","{'H': 0.6542643257081491, 'not_H': 0.3457356742918509}","{'H': 0.9820137900379085, 'not_H': 0.017986209962091555}","{'tv': 0.3277494643297594, 'mae_binary': 0.3277494643297594, 'rmse_binary': 0.3277494643297594, 'brier_regret': 0.21483942273688844, 'kl': 0.7563258123982926}",H,H,True,346.54703638516366,median,median,10,"{'std_H': 0.0, 'std_not_H': 0.0}",,{},"{'repeat_aggregation': 'median', 'n_repeats': 10}"
semif_qwen35_4b,Qwen/Qwen3.5-4B@851bf6e806efd8d0a36b00ddf55e13ccb7b8cd0a,sequential_bayes__seed_000061__repr_table,sequential_bayes__seed_000061,sequential_bayes,6,table,"(0.55,0.70]","{'parameters': {'conditional_independence': 'Evidence items are conditionally independent given H or not_H.', 'evidence_sequence': [{'E_given_H': 0.088961, 'E_given_not_H': 0.893826}, {'E_given_H': 0.12922, 'E_given_not_H': 0.986114}, {'E_given_H': 0.36327, 'E_given_not_H': 0.085042}, {'E_given_H': 0.527252, 'E_given_not_H': 0.126874}, {'E_given_H': 0.554853, 'E_given_not_H': 0.334595}, {'E_given_H': 0.748268, 'E_given_not_H': 0.515369}], 'observed_prefix_length': 6, 'posterior_trajectory': [0.772461, 0.2525509401362523, 0.04239890454210647, 0.159050792052575, 0.4400834170144869, 0.5658548933841624, 0.6542643257081491], 'prior_H': 0.772461}, 'posterior_trajectory': [0.772461, 0.2525509401362523, 0.04239890454210647, 0.159050792052575, 0.4400834170144869, 0.5658548933841624, 0.6542643257081491]}","{'H': 0.6542643257081491, 'not_H': 0.3457356742918509}","{'H': 0.5926665999540697, 'not_H': 0.4073334000459302}","{'tv': 0.06159772575407935, 'mae_binary': 0.0615977257540794, 'rmse_binary': 0.0615977257540794, 'brier_regret': 0.00758855963614954, 'kl': 0.008007329312363295}",H,H,True,449.5873559266329,median,median,10,"{'std_H': 0.0, 'std_not_H': 0.0}",,{},"{'repeat_aggregation': 'median', 'n_repeats': 10}"
