instance_id,latent_instance_id,family,representation,p_star,p_noul,p_choice,mu_score,implied_unknown_score_choice,ambiguity_unknown,pred_choice_ambiguity,score_central_unknown,score_learned_unknown,pred_choice_score_learned,abs_error_identity,abs_error_ambiguity,abs_improvement,abs_error_score_learned,abs_improvement_score_learned
bayes__seed_000042__repr_counts__parallel_primitives,bayes__seed_000042,bayes,counts,0.04367480789658851,0.11499999999999999,0.304,0.225,0.2598684210526315,0.35314902094274275,0.34783900354904423,0.17774621599999998,0.263878246007572,0.3056559581070531,0.07899999999999999,0.043839003549044242,0.035160996450955745,0.0016559581070531015,0.07734404189294689
bayes__seed_000042__repr_direct__parallel_primitives,bayes__seed_000042,bayes,direct,0.04367480789658851,0.248,0.362,0.2777777777777778,0.23265807243707792,0.36659186351987533,0.43854469461254542,0.27996428,0.33053916620786516,0.4149276010731149,0.0842222222222222,0.076544694612545428,0.0076775276096767708,0.052927601073114894,0.031294621149107305
bayes__seed_000042__repr_distractor__parallel_primitives,bayes__seed_000042,bayes,distractor,0.04367480789658851,0.21400000000000002,0.363,0.3082222222222222,0.1509029690847874,0.37034271212871583,0.48950790876136036,0.305956544,0.3389875361294171,0.4662880642483132,0.054777777777777814,0.12650790876136037,-0.071730130983582552,0.10328806424831322,-0.0485102864705354
bayes__seed_000042__repr_prose__parallel_primitives,bayes__seed_000042,bayes,prose,0.04367480789658851,0.16999999999999998,0.575,0.2634444444444444,0.5418357487922705,0.36386237940464011,0.41413121298798095,0.27767292,0.33925772902776913,0.39870983894644185,0.31155555555555553,0.16086878701201901,0.15068676854353652,0.1762901610535581,0.13526539450199743
bayes__seed_000042__repr_table__parallel_primitives,bayes__seed_000042,bayes,table,0.04367480789658851,0.161,0.165,0.17452357071213642,0.0,0.33027281324424695,0.26058904903883573,0.16616214242728183,0.2708774384213358,0.2393610894912724,0.009523570712136414,0.095589049038835722,-0.086065478326699307,0.0743610894912724,-0.06483751877913599
bayes__seed_000045__repr_counts__parallel_primitives,bayes__seed_000045,bayes,counts,0.8768016590833436,0.716,0.9030000000000001,0.6548888888888889,0.2747631352282517,0.27175379599279259,0.89926852386642508,0.350154424,0.36788464484556366,0.9999984730257454,0.24811111111111128,0.0037314761335750513,0.24437963497753623,0.09699847302574527,0.151112638085366
bayes__seed_000045__repr_direct__parallel_primitives,bayes__seed_000045,bayes,direct,0.8768016590833436,0.804,0.9629999999999999,0.7493333333333334,0.22187608168916562,0.2114798858789067,0.95030338467467168,0.22851317599999996,0.36667372115787167,0.9999986654822081,0.21366666666666645,0.012696615325328175,0.20097005134133827,0.036998665482208204,0.17666800118445825
bayes__seed_000045__repr_distractor__parallel_primitives,bayes__seed_000045,bayes,distractor,0.8768016590833436,0.82,0.969,0.7435983077265642,0.2326126855247015,0.21546910072567671,0.94782539274664523,0.23621392384769535,0.3760684516769777,0.999998655189711,0.22540169227343576,0.021174607253354738,0.20422708502008102,0.03099865518971101,0.19440303708372475
bayes__seed_000045__repr_prose__parallel_primitives,bayes__seed_000045,bayes,prose,0.8768016590833436,0.8379999999999999,0.9800000000000001,0.8138888888888889,0.16950113378684817,0.16380248949569423,0.9733213489215452,0.131819904,0.2690101215105041,0.9999987713325676,0.1661111111111112,0.0066786510784548891,0.15943246003265632,0.019998771332567555,0.14611233977854365
bayes__seed_000045__repr_table__parallel_primitives,bayes__seed_000045,bayes,table,0.8768016590833436,0.818,0.969,0.7693333333333333,0.20605435156518748,0.19724878829398565,0.95837081540909663,0.19657544,0.3773112279349186,0.9999987001749997,0.19966666666666666,0.01062918459090334,0.18903748207576332,0.030998700174999727,0.16866796649166693
bayes__seed_000048__repr_counts__parallel_primitives,bayes__seed_000048,bayes,counts,0.8313821568498233,0.916,0.9709999999999999,0.8256666666666665,0.14967387572948854,0.15456932909761922,0.97662256064755859,0.13396892,0.26749102032238414,0.9999987888589558,0.14533333333333331,0.0056225606475587275,0.13971077268577459,0.028998788858955904,0.11633454447437741
bayes__seed_000048__repr_direct__parallel_primitives,bayes__seed_000048,bayes,direct,0.8313821568498233,0.46799999999999997,0.727,0.534,0.265474552957359,0.33054142501866174,0.79765951166565574,0.314220608,0.3532990948082106,0.8257294766606734,0.19299999999999995,0.070659511665655761,0.12234048833434419,0.09872947666067344,0.0942705233393265
bayes__seed_000048__repr_distractor__parallel_primitives,bayes__seed_000048,bayes,distractor,0.8313821568498233,0.378,0.643,0.4378888888888889,0.3189908415413859,0.36019638892499056,0.68441140579550686,0.317667488,0.34762633128496156,0.6712240390563065,0.20511111111111113,0.041411405795506839,0.16369970531560429,0.028224039056306438,0.1768870720548047
bayes__seed_000048__repr_prose__parallel_primitives,bayes__seed_000048,bayes,prose,0.8313821568498233,0.75,0.951,0.7854444444444444,0.1740857576819722,0.18542903616151052,0.96424311608556157,0.14276308799999998,0.28286486051716053,0.9999987268370998,0.16555555555555557,0.013243116085561613,0.15231243946999395,0.048998726837099826,0.11655682871845574
bayes__seed_000048__repr_table__parallel_primitives,bayes__seed_000048,bayes,table,0.8313821568498233,0.271,0.326,0.251,0.23006134969325154,0.36095546192999267,0.39277387575841066,0.24231302399999996,0.3552061411611179,0.3892716975499586,0.07500000000000001,0.06677387575841065,0.008226124241589361,0.0632716975499586,0.011728302450041417
bayes__seed_000051__repr_counts__parallel_primitives,bayes__seed_000051,bayes,counts,0.9696712044107276,0.799,0.9279999999999999,0.7020000000000001,0.24353448275862055,0.24315304929777792,0.92753230933766251,0.230632976,0.3040828971681405,0.9999985755006047,0.22599999999999987,0.00046769066233742773,0.22553230933766244,0.07199857550060473,0.15400142449939513
bayes__seed_000051__repr_direct__parallel_primitives,bayes__seed_000051,bayes,direct,0.9696712044107276,0.881,0.9390000000000001,0.7293333333333333,0.22328718494852695,0.22521212765669377,0.94133292397505131,0.22250494399999998,0.334266396552518,0.9999986288867062,0.20966666666666678,0.0023329239750512487,0.20733374269161553,0.06099862888670615,0.14866803777996063
bayes__seed_000051__repr_distractor__parallel_primitives,bayes__seed_000051,bayes,distractor,0.9696712044107276,0.907,0.9559999999999998,0.705,0.2625523012552301,0.24123132299708375,0.92913693114573614,0.26135707999999996,0.3714100545756011,0.9999985815622956,0.2509999999999999,0.026863068854263705,0.22413693114573618,0.04399858156229575,0.20700141843770414
bayes__seed_000051__repr_prose__parallel_primitives,bayes__seed_000051,bayes,prose,0.9696712044107276,0.9120000000000001,0.985,0.8354444444444444,0.15183305132543712,0.14678213570473969,0.97916895485363942,0.10345977599999999,0.22953628138063212,0.9999988030337508,0.14955555555555555,0.0058310451463605695,0.14372451040919498,0.014998803033750785,0.13455675252180477
bayes__seed_000051__repr_table__parallel_primitives,bayes__seed_000051,bayes,table,0.9696712044107276,0.884,0.975,0.8114444444444444,0.16774928774928777,0.16569854266043779,0.97260341247874038,0.148110416,0.2985430797521573,0.9999987676312599,0.16355555555555557,0.0023965875212595966,0.16115896803429597,0.024998767631259966,0.1385567879242956
bayes__seed_000054__repr_counts__parallel_primitives,bayes__seed_000054,bayes,counts,0.4137933255962194,0.737,0.7929999999999999,0.6136666666666667,0.22614543926019326,0.29425408002179443,0.86952917373665806,0.28628707999999997,0.3439218917015543,0.9353561091349716,0.17933333333333323,0.076529173736658129,0.1028041595966751,0.14235610913497165,0.03697722419836158
bayes__seed_000054__repr_direct__parallel_primitives,bayes__seed_000054,bayes,direct,0.4137933255962194,0.43099999999999994,0.717,0.47155555555555556,0.3423214008988067,0.35171186426359896,0.72738575574872733,0.308406672,0.344595725829137,0.7194880688749089,0.2454444444444444,0.010385755748727354,0.23505868869571706,0.002488068874908933,0.24295637556953548
bayes__seed_000054__repr_distractor__parallel_primitives,bayes__seed_000054,bayes,distractor,0.4137933255962194,0.44800000000000006,0.706,0.5006666666666667,0.2908404154863078,0.34268755784924304,0.76168749374112255,0.293919832,0.33517294119998964,0.7530780524642793,0.20533333333333326,0.055687493741122585,0.14964583959221067,0.04707805246427932,0.15825528086905394
bayes__seed_000054__repr_prose__parallel_primitives,bayes__seed_000054,bayes,prose,0.4137933255962194,0.44800000000000006,0.818,0.4742222222222222,0.4202662320021733,0.35094884283664962,0.73063920615254685,0.58560208,0.38934248671323485,0.7765764146088991,0.34377777777777774,0.0873607938474531,0.25641698393032464,0.0414235853911008,0.30235419238667693
bayes__seed_000054__repr_table__parallel_primitives,bayes__seed_000054,bayes,table,0.4137933255962194,0.277,0.343,0.323,0.058309037900874716,0.37122670869097518,0.51369866447023493,0.274174488,0.3252206639311481,0.4786750019372886,0.020000000000000018,0.17069866447023491,-0.15069866447023489,0.1356750019372886,-0.11567500193728858
bayes__seed_000057__repr_counts__parallel_primitives,bayes__seed_000057,bayes,counts,0.12523423738446504,0.217,0.34299999999999997,0.24666666666666667,0.2808551992225461,0.35982107548163422,0.38530894601418603,0.224886928,0.31337983038682443,0.35924762712058467,0.0963333333333333,0.042308946014186055,0.054024387319147243,0.016247627120584696,0.0800857062127486
bayes__seed_000057__repr_direct__parallel_primitives,bayes__seed_000057,bayes,direct,0.12523423738446504,0.353,0.514,0.33244444444444443,0.3532209252053611,0.3714894102402676,0.52894008448056795,0.342722808,0.3705457952140259,0.5281471502084597,0.18155555555555558,0.014940084480567939,0.16661547107498764,0.014147150208459691,0.1674084053470959
bayes__seed_000057__repr_distractor__parallel_primitives,bayes__seed_000057,bayes,distractor,0.12523423738446504,0.426,0.495,0.37677777777777777,0.23883277216610554,0.36977491754044028,0.59784636991491824,0.345735464,0.3648768301509846,0.5932357622338785,0.11822222222222223,0.10284636991491825,0.015375852307303983,0.09823576223387853,0.019986459988343697
bayes__seed_000057__repr_prose__parallel_primitives,bayes__seed_000057,bayes,prose,0.12523423738446504,0.277,0.647,0.3556666666666667,0.4502833590932509,0.37117913421338339,0.5656088816673559,0.365958344,0.3469449002369637,0.5446196910424891,0.29133333333333333,0.081391118332644119,0.20994221500068921,0.10238030895751093,0.1889530243758224
bayes__seed_000057__repr_table__parallel_primitives,bayes__seed_000057,bayes,table,0.12523423738446504,0.24100000000000002,0.182,0.2338888888888889,0.0,0.3560930736505758,0.36323400062630506,0.24635221599999998,0.31613264602388186,0.34200914479835914,0.0518888888888889,0.18123400062630507,-0.12934511173741617,0.16000914479835915,-0.10812025590947025
bayes__seed_000060__repr_counts__parallel_primitives,bayes__seed_000060,bayes,counts,0.8130236350735895,0.787,0.969,0.7774441107774441,0.197684096204908,0.19133770694853444,0.96139527891646781,0.1871416296296296,0.3404472417903043,0.99999871373556,0.19155588922255584,0.0076047210835321621,0.18395116813902368,0.03099871373556007,0.16055717548699577
bayes__seed_000060__repr_direct__parallel_primitives,bayes__seed_000060,bayes,direct,0.8130236350735895,0.829,0.975,0.796,0.18358974358974356,0.17751559517740126,0.96779950517321833,0.162788248,0.32063247046151483,0.9999987437201712,0.17899999999999994,0.0072004948267816449,0.17179950517321829,0.02499874372017119,0.15400125627982875
bayes__seed_000060__repr_distractor__parallel_primitives,bayes__seed_000060,bayes,distractor,0.8130236350735895,0.873,0.9800000000000001,0.7806666666666666,0.20340136054421776,0.1889669699621018,0.96255841347199811,0.176515232,0.34516649930750176,0.9999987190451933,0.19933333333333347,0.017441586528001984,0.18189174680533149,0.019998719045193236,0.17933461428814024
bayes__seed_000060__repr_prose__parallel_primitives,bayes__seed_000060,bayes,prose,0.8130236350735895,0.8030000000000002,0.982,0.8044444444444445,0.18081013804028057,0.17108935704354078,0.97048391316975779,0.143774152,0.29437802203640545,0.9999987569076226,0.17755555555555547,0.011516086830242189,0.16603946872531328,0.01799875690762265,0.15955679864793282
bayes__seed_000060__repr_table__parallel_primitives,bayes__seed_000060,bayes,table,0.8130236350735895,0.852,0.9800000000000001,0.8051111111111111,0.1784580498866214,0.17057843058722591,0.9706898648429475,0.15835522399999996,0.3236060990142255,0.9999987579369554,0.17488888888888898,0.0093101351570525903,0.16557875373183639,0.01999875793695527,0.1548901309519337
compound__seed_000042__repr_direct__parallel_primitives,compound__seed_000042,compound,direct,0.92542,0.8150000000000001,0.768,0.7401111111111112,0.03631365740740733,0.21787459476616813,0.94628189566331788,0.09099976,0.11590929508778032,0.8371438665726,0.027888888888888852,0.17828189566331787,-0.15039300677442902,0.06914386657259997,-0.041254977683711114
compound__seed_000042__repr_prose__parallel_primitives,compound__seed_000042,compound,prose,0.92542,0.671,0.6990000000000001,0.5427777777777778,0.22349388014624072,0.3270338287576699,0.80654541189757312,0.152662792,0.1973902654110718,0.6762661283391631,0.15622222222222226,0.10754541189757305,0.048676810324649211,0.022733871660836957,0.1334883505613853
compound__seed_000042__repr_table__parallel_primitives,compound__seed_000042,compound,table,0.92542,0.8299999999999998,0.819,0.7252222222222222,0.11450278116944779,0.2279720825506395,0.9393730535266448,0.095304592,0.1246924317312134,0.8285341616051507,0.09377777777777774,0.12037305352664485,-0.026595275748867109,0.009534161605150748,0.08424361617262699
compound__seed_000043__repr_direct__parallel_primitives,compound__seed_000043,compound,direct,0.133797975723,0.238,0.622,0.3536666666666667,0.4314040728831725,0.37125781409422531,0.5624987070927483,0.324782656,0.2515256247824487,0.4725167332066245,0.2683333333333333,0.059501292907251702,0.20883204042608161,0.14948326679337548,0.11885006653995783
compound__seed_000043__repr_prose__parallel_primitives,compound__seed_000043,compound,prose,0.133797975723,0.292,0.597,0.4841111111111111,0.18909361622929455,0.34800613073486808,0.74250868594325437,0.31273492,0.22942104023226084,0.6282433551741764,0.11288888888888887,0.14550868594325439,-0.032619797054365518,0.031243355174176424,0.08164553371471245
compound__seed_000043__repr_table__parallel_primitives,compound__seed_000043,compound,table,0.133797975723,0.35300000000000004,0.649,0.4441111111111111,0.3156993665468242,0.35879184824458965,0.69261613392669075,0.241648488,0.2057517729714619,0.559159084021668,0.2048888888888889,0.043616133926690726,0.16127275496219817,0.08984091597833199,0.1150479729105569
compound__seed_000044__repr_direct__parallel_primitives,compound__seed_000044,compound,direct,0.9933489510039999,0.852,0.951,0.7318429540651763,0.23044904935312693,0.22351672744749193,0.94250961989098991,0.18849933933933932,0.28917776681716384,0.9999986335884933,0.21915704593482366,0.0084903801090100428,0.21066666582581361,0.04899863358849332,0.17015841234633033
compound__seed_000044__repr_prose__parallel_primitives,compound__seed_000044,compound,prose,0.9933489510039999,0.8859999999999999,0.961,0.8306083861639417,0.1356832610156693,0.15064741087473424,0.97793118758767972,0.10579259259259258,0.195730621451684,0.9999987960646525,0.13039161383605824,0.016931187587679752,0.11346042624837849,0.03899879606465251,0.09139281777140573
compound__seed_000044__repr_table__parallel_primitives,compound__seed_000044,compound,table,0.9933489510039999,0.844,0.969,0.7816666666666666,0.19332645338837295,0.18822874877489196,0.96291494123127885,0.11881867199999999,0.18366517627508636,0.9575319390393551,0.18733333333333335,0.0060850587687211188,0.18124827456461223,0.011468060960644899,0.17586527237268845
compound__seed_000045__repr_direct__parallel_primitives,compound__seed_000045,compound,direct,0.27850644262429947,0.536,0.653,0.5041111111111111,0.22800748681299998,0.34152042507278257,0.76556833394085322,0.169995688,0.15530666378988756,0.5967977838832109,0.14888888888888896,0.11256833394085319,0.036320554948035766,0.056202216116789105,0.09268667277209985
compound__seed_000045__repr_prose__parallel_primitives,compound__seed_000045,compound,prose,0.27850644262429947,0.568,0.6859999999999999,0.6804582360137916,0.008078373157738072,0.25660247343976278,0.91533562017932579,0.1458737937937938,0.14260743375026558,0.7936367339760597,0.0055417639862083146,0.22933562017932585,-0.22379385619311754,0.10763673397605977,-0.10209496998985146
compound__seed_000045__repr_table__parallel_primitives,compound__seed_000045,compound,table,0.27850644262429947,0.617,0.727,0.6001111111111112,0.1745376738499158,0.30111528813129218,0.85866967887523027,0.12997964,0.13035810055766,0.690066924668572,0.12688888888888883,0.13166967887523029,-0.0047807899863414605,0.03693307533142798,0.08995581355746085
compound__seed_000046__repr_direct__parallel_primitives,compound__seed_000046,compound,direct,0.28173374613003094,0.502,0.332,0.33488888888888885,0.0,0.37152003244411397,0.5328553115085719,0.13535152,0.13317549001824652,0.3863398935223211,0.0028888888888888298,0.20085531150857189,-0.19796642261968306,0.0543398935223211,-0.051451004633432273
compound__seed_000046__repr_prose__parallel_primitives,compound__seed_000046,compound,prose,0.28173374613003094,0.5900000000000001,0.666,0.6641111111111111,0.002836169502836272,0.2663923534687585,0.90526743314531299,0.17619064000000004,0.1634615478282291,0.7938799578034765,0.00188888888888894,0.23926743314531296,-0.23737854425642402,0.1278799578034765,-0.12599106891458756
compound__seed_000046__repr_table__parallel_primitives,compound__seed_000046,compound,table,0.28173374613003094,0.515,0.46299999999999997,0.4826666666666667,0.0,0.3484470068114871,0.74079418207356373,0.108695432,0.11062548117654446,0.5427035028001269,0.01966666666666672,0.27779418207356377,-0.25812751540689705,0.07970350280012695,-0.060036836133460225
compound__seed_000047__repr_direct__parallel_primitives,compound__seed_000047,compound,direct,0.15353000000000006,0.297,0.32599999999999996,0.3340006673340007,0.0,0.37151066367976088,0.53143410402084323,0.21517585585585586,0.22812576412444496,0.43271384353843073,0.008000667334000733,0.20543410402084328,-0.19743343668684254,0.10671384353843077,-0.09871317620443004
compound__seed_000047__repr_prose__parallel_primitives,compound__seed_000047,compound,prose,0.15353000000000006,0.42800000000000005,0.717,0.4982222222222223,0.3051293971796063,0.34350329156843262,0.75891046493214298,0.236024896,0.18406222503112746,0.6106130118086874,0.21877777777777768,0.04191046493214301,0.17686731284563467,0.10638698819131254,0.11239078958646515
compound__seed_000047__repr_table__parallel_primitives,compound__seed_000047,compound,table,0.15353000000000006,0.255,0.305,0.28988888888888886,0.049544626593806984,0.36840687534411154,0.45898043783619291,0.166329008,0.19796533957325702,0.3614418468332105,0.01511111111111113,0.15398043783619292,-0.13886932672508179,0.05644184683321052,-0.04133073572209939
compound__seed_000048__repr_direct__parallel_primitives,compound__seed_000048,compound,direct,0.377187981481,0.388,0.7150000000000001,0.421,0.41118881118881123,0.36362174914042827,0.66155623551141951,0.357023648,0.3232989259610232,0.6221358531134106,0.2940000000000001,0.05344376448858057,0.24055623551141952,0.0928641468865895,0.2011358531134106
compound__seed_000048__repr_prose__parallel_primitives,compound__seed_000048,compound,prose,0.377187981481,0.46299999999999997,0.698,0.5484444444444444,0.21426297357529456,0.32470274275593058,0.81215263139477378,0.33411312,0.2886991682635798,0.7710442895245708,0.14955555555555555,0.11415263139477383,0.035402924160781724,0.07304428952457087,0.07651126603098468
compound__seed_000048__repr_table__parallel_primitives,compound__seed_000048,compound,table,0.377187981481,0.45899999999999996,0.751,0.49711111111111106,0.33806776150318096,0.34387062007821034,0.75764190161758416,0.28563219199999995,0.28299601705867006,0.6933170846162343,0.25388888888888894,0.0066419016175841561,0.24724698727130479,0.05768291538376569,0.19620597350512325
compound__seed_000049__repr_direct__parallel_primitives,compound__seed_000049,compound,direct,0.6016297147779999,0.679,0.921,0.6034444444444444,0.34479430570635783,0.29945335798374917,0.86139081718765287,0.34022547999999997,0.35502051883455865,0.9356025456097526,0.3175555555555556,0.059609182812347172,0.25794637274320842,0.014602545609752604,0.302953009945803
compound__seed_000049__repr_prose__parallel_primitives,compound__seed_000049,compound,prose,0.6016297147779999,0.708,0.952,0.7564444444444444,0.20541549953314664,0.20647655162875039,0.95327295746217455,0.205070944,0.22968363621019763,0.9819919191679753,0.1955555555555556,0.0012729574621745954,0.194282598093381,0.02999191916797539,0.1655636363875802
compound__seed_000049__repr_table__parallel_primitives,compound__seed_000049,compound,table,0.6016297147779999,0.726,0.942,0.661888888888889,0.29735786742156156,0.26769500283667014,0.90384319573510219,0.224662224,0.2721718835078382,0.9094027475593093,0.280111111111111,0.038156804264897759,0.24195430684621322,0.03259725244069067,0.2475138586704203
compound__seed_000050__repr_direct__parallel_primitives,compound__seed_000050,compound,direct,0.08763769296029794,0.55,0.637,0.5144444444444445,0.19239490668062087,0.33789602664237939,0.77698437880628579,0.168406536,0.1513586205295814,0.6061976906729147,0.12255555555555553,0.13998437880628578,-0.017428823250730252,0.030802309327085275,0.09175324622847025
compound__seed_000050__repr_prose__parallel_primitives,compound__seed_000050,compound,prose,0.08763769296029794,0.42299999999999993,0.5549999999999999,0.5137359581804026,0.07434962490017538,0.33815037412997251,0.77621250824925137,0.1751204244244244,0.17139558159956234,0.6200014708733194,0.04126404181959731,0.22121250824925143,-0.17994846642965412,0.06500147087331942,-0.023737429053722114
compound__seed_000050__repr_table__parallel_primitives,compound__seed_000050,compound,table,0.08763769296029794,0.574,0.681,0.5915915915915916,0.1312898801885587,0.30528733650823298,0.85156298809659225,0.1254040680680681,0.12478733360677226,0.6759403906133519,0.08940840840840847,0.17056298809659221,-0.081154579688183737,0.005059609386648178,0.08434879902176029
compound__seed_000051__repr_direct__parallel_primitives,compound__seed_000051,compound,direct,0.5757575757575758,0.509,0.40099999999999997,0.3691111111111111,0.07952341368800209,0.37040443523728817,0.58626701293587624,0.121089872,0.12136174791898884,0.420094515845275,0.031888888888888856,0.18526701293587627,-0.15337812404698742,0.01909451584527505,0.012794373043613805
compound__seed_000051__repr_prose__parallel_primitives,compound__seed_000051,compound,prose,0.5757575757575758,0.677,0.8029999999999999,0.6968888888888889,0.1321433513214334,0.24639985273783604,0.92474622174729193,0.155370096,0.14597124374551484,0.8160016671396819,0.10611111111111104,0.12174622174729199,-0.015635110636180949,0.013001667139681983,0.09310944397142906
compound__seed_000051__repr_table__parallel_primitives,compound__seed_000051,compound,table,0.5757575757575758,0.5509999999999999,0.523,0.43266666666666664,0.17272147864882104,0.36131643451129269,0.67743510252310812,0.08657472,0.08895492553724797,0.47491247007927945,0.09033333333333338,0.1544351025231081,-0.064101769189774727,0.04808752992072057,0.042245803412612803
compound__seed_000052__repr_direct__parallel_primitives,compound__seed_000052,compound,direct,0.546001,0.586,0.61,0.6334444444444445,0.0,0.28376147245853656,0.88440431516409035,0.159486912,0.1604803223551032,0.7545319797880679,0.02344444444444449,0.27440431516409036,-0.25095987071964587,0.14453197978806787,-0.12108753534362338
compound__seed_000052__repr_prose__parallel_primitives,compound__seed_000052,compound,prose,0.546001,0.61,0.729,0.5563333333333333,0.23685413808870592,0.32137139466564651,0.81979057316517545,0.288354856,0.269742941435652,0.7618321888282179,0.17266666666666663,0.09079057316517547,0.081876093501491165,0.03283218882821792,0.1398344778384487
compound__seed_000052__repr_table__parallel_primitives,compound__seed_000052,compound,table,0.546001,0.603,0.711,0.5784444444444444,0.18643538052820752,0.31150974616286958,0.8401635915986132,0.204339992,0.19832390150360935,0.7215438323898697,0.13255555555555554,0.12916359159861324,0.003391963956942301,0.010543832389869778,0.12201172316568576
compound__seed_000053__repr_direct__parallel_primitives,compound__seed_000053,compound,direct,0.0070664154000000005,0.122,0.45499999999999996,0.26455555555555554,0.4185592185592185,0.36409722761489566,0.41603145487678428,0.292069136,0.261118837897325,0.3580488570079323,0.19044444444444442,0.038968545123215681,0.15147589932122874,0.09695114299206764,0.09349330145237678
compound__seed_000053__repr_prose__parallel_primitives,compound__seed_000053,compound,prose,0.0070664154000000005,0.181,0.42300000000000004,0.31598264931598263,0.2529961009078425,0.37088011569394291,0.50226142456858347,0.25848224224224225,0.21263387361355263,0.40131603167405644,0.10701735068401741,0.079261424568583427,0.027755926115433982,0.021683968325943603,0.0853333823580738
compound__seed_000053__repr_table__parallel_primitives,compound__seed_000053,compound,table,0.0070664154000000005,0.244,0.541,0.38211111111111107,0.29369480386116253,0.36925837113966631,0.6058124176797004,0.30930030399999997,0.24373209668744145,0.5052589293257208,0.15888888888888897,0.064812417679700363,0.094076471209188606,0.03574107067427923,0.12314781821460974
compound__seed_000054__repr_direct__parallel_primitives,compound__seed_000054,compound,direct,0.891616122019,0.844,0.9549999999999998,0.6884662440217996,0.2790929381970684,0.25167488766688378,0.92000954220994979,0.21082343143143142,0.30578673658982003,0.991721536174418,0.2665337559782003,0.034990457790050056,0.23154329818815023,0.0367215361744182,0.22981221980378208
compound__seed_000054__repr_prose__parallel_primitives,compound__seed_000054,compound,prose,0.891616122019,0.837,0.944,0.798,0.15466101694915246,0.1760012306792306,0.9684480483603144,0.118647144,0.1918010680123899,0.9873806663385118,0.1459999999999999,0.024448048360314445,0.12155195163968546,0.0433806663385119,0.10261933366148801
compound__seed_000054__repr_table__parallel_primitives,compound__seed_000054,compound,table,0.891616122019,0.861,0.967,0.7268888888888889,0.24830518212110764,0.22685578335218884,0.94017244549862178,0.15091081599999998,0.21585168796478674,0.9269788351674051,0.24011111111111105,0.026827554501378192,0.21328355660973286,0.04002116483259488,0.20008994627851617
compound__seed_000055__repr_direct__parallel_primitives,compound__seed_000055,compound,direct,5.348138586410087e-05,0.517,0.675,0.513888888888889,0.23868312757201637,0.33809554425407584,0.77637925599060809,0.17317490400000002,0.18260769766653664,0.6286930858314381,0.1611111111111111,0.10137925599060804,0.059731855120503052,0.04630691416856192,0.11480419694254917
compound__seed_000055__repr_prose__parallel_primitives,compound__seed_000055,compound,prose,5.348138586410087e-05,0.374,0.425,0.3401111111111111,0.1997385620915033,0.37153482748366273,0.54117734121896743,0.17037404,0.1933472606455758,0.4216326239508055,0.0848888888888889,0.11617734121896744,-0.031288452330078542,0.003367376049194515,0.08152151283969439
compound__seed_000055__repr_table__parallel_primitives,compound__seed_000055,compound,table,5.348138586410087e-05,0.568,0.696,0.584,0.16091954022988508,0.30891255758347552,0.84504501768680373,0.12597055199999999,0.14407129208940986,0.6822998160975391,0.11199999999999999,0.14904501768680378,-0.037045017686803794,0.01370018390246086,0.09829981609753913
compound__seed_000056__repr_direct__parallel_primitives,compound__seed_000056,compound,direct,0.2042042042042042,0.49399999999999994,0.381,0.3847777777777778,0.0,0.36897622196259161,0.60976747813608911,0.11721311999999999,0.11697587728758368,0.4357500184659082,0.003777777777777769,0.22876747813608911,-0.22498970035831134,0.05475001846590821,-0.050972240688130444
compound__seed_000056__repr_prose__parallel_primitives,compound__seed_000056,compound,prose,0.2042042042042042,0.581,0.709,0.6926666666666667,0.023037141513869264,0.24905597021707762,0.92239453167621277,0.141283608,0.13524257392348565,0.8009953378594971,0.01633333333333331,0.21339453167621281,-0.1970611983428795,0.0919953378594971,-0.07566200452616378
compound__seed_000056__repr_table__parallel_primitives,compound__seed_000056,compound,table,0.2042042042042042,0.532,0.544,0.5354444444444445,0.01572712418300648,0.32997291573363763,0.79913850800631825,0.09396227200000001,0.0968434151374451,0.5928589276973827,0.008555555555555538,0.25513850800631821,-0.24658295245076267,0.04885892769738265,-0.04030337214182711
compound__seed_000057__repr_direct__parallel_primitives,compound__seed_000057,compound,direct,0.773038,0.712,0.7,0.6861111111111111,0.01984126984126977,0.25313299474708456,0.91865232536115293,0.1095578,0.13399366563371778,0.7922703147583636,0.01388888888888884,0.21865232536115298,-0.20476343647226414,0.09227031475836367,-0.07838142586947483
compound__seed_000057__repr_prose__parallel_primitives,compound__seed_000057,compound,prose,0.773038,0.679,0.71,0.5658888888888889,0.2029733959311424,0.31720360466248987,0.82878130692117491,0.17160810399999998,0.21816667623074515,0.7237973512828952,0.14411111111111108,0.11878130692117495,0.025329804189936134,0.013797351282895276,0.1303137598282158
compound__seed_000057__repr_table__parallel_primitives,compound__seed_000057,compound,table,0.773038,0.736,0.779,0.6638888888888889,0.14776779346740843,0.26652292399990207,0.90512561416275295,0.11636348,0.15065009803651758,0.7816435692217606,0.11511111111111116,0.12612561416275292,-0.011014503051641755,0.0026435692217605666,0.1124675418893506
compound__seed_000058__repr_direct__parallel_primitives,compound__seed_000058,compound,direct,0.337067470845,0.378,0.738,0.4092222222222222,0.4454983438723277,0.36566729649094692,0.64512237814391959,0.339692512,0.2834148521287311,0.571072709834808,0.3287777777777778,0.092877621856080395,0.23590015592169739,0.16692729016519203,0.16185048761258575
compound__seed_000058__repr_prose__parallel_primitives,compound__seed_000058,compound,prose,0.337067470845,0.43499999999999994,0.706,0.5411111111111111,0.233553666981429,0.3277095218429516,0.80487695228773781,0.34522068,0.2928490321385013,0.7651988552705936,0.16488888888888886,0.098876952287737851,0.066011936601151011,0.05919885527059365,0.10569003361829521
compound__seed_000058__repr_table__parallel_primitives,compound__seed_000058,compound,table,0.337067470845,0.44400000000000006,0.734,0.48133333333333334,0.3442325158946412,0.34885063130065563,0.739205712960738,0.269027232,0.2453048785420805,0.6377851395189809,0.25266666666666665,0.0052057129607380181,0.24746095370592863,0.09621486048101913,0.15645180618564752
compound__seed_000059__repr_direct__parallel_primitives,compound__seed_000059,compound,direct,0.495809321736,0.637,0.931,0.6344444444444445,0.31853443131638626,0.28321598770811657,0.88512638893247353,0.338658544,0.35305599335492455,0.9806790663917713,0.29655555555555557,0.045873611067526521,0.25068194448802905,0.04967906639177122,0.24687648916378435
compound__seed_000059__repr_prose__parallel_primitives,compound__seed_000059,compound,prose,0.495809321736,0.5660000000000001,0.8859999999999999,0.6557777777777778,0.25984449460747416,0.2712421555149015,0.89985690410113595,0.330575112,0.2727355622894006,0.9017047222082536,0.2302222222222221,0.013856904101136047,0.21636531812108606,0.015704722208253696,0.2145175000139684
compound__seed_000059__repr_table__parallel_primitives,compound__seed_000059,compound,table,0.495809321736,0.67,0.944,0.6483333333333333,0.31320621468926557,0.27549315671010544,0.89486157285876433,0.257317112,0.28893517502006344,0.9117780975196274,0.29566666666666663,0.049138427141235619,0.24652823952543101,0.0322219024803726,0.26344476418629403
compound__seed_000060__repr_direct__parallel_primitives,compound__seed_000060,compound,direct,0.023320681856236536,0.47000000000000003,0.655,0.513,0.21679389312977104,0.33841367714952686,0.77540901660378558,0.199174072,0.1855509385375866,0.62987364621535,0.14200000000000002,0.12040901660378556,0.021590983396214458,0.025126353784650002,0.11687364621535001
compound__seed_000060__repr_prose__parallel_primitives,compound__seed_000060,compound,prose,0.023320681856236536,0.44699999999999995,0.5700000000000001,0.5144444444444445,0.09746588693957114,0.33789602664237939,0.77698437880628579,0.150945208,0.1559154218703283,0.6094702566232805,0.05555555555555558,0.20698437880628573,-0.15142882325073015,0.03947025662328041,0.01608529893227517
compound__seed_000060__repr_table__parallel_primitives,compound__seed_000060,compound,table,0.023320681856236536,0.542,0.655,0.5574444444444444,0.14893977947413073,0.32089419936237668,0.82085065967784521,0.14527624,0.14857541721086326,0.6547196965095154,0.09755555555555562,0.16585065967784518,-0.068295104122289563,0.00028030349048457914,0.09727525206507104
compound__seed_000061__repr_direct__parallel_primitives,compound__seed_000061,compound,direct,0.04782608695652174,0.49000000000000005,0.371,0.35055555555555556,0.055106319257262615,0.37136106634278138,0.5576421325292984,0.11702628,0.1176231221937132,0.3972855186630525,0.020444444444444432,0.1866421325292984,-0.16619768808485397,0.02628551866305251,-0.005841074218608078
compound__seed_000061__repr_prose__parallel_primitives,compound__seed_000061,compound,prose,0.04782608695652174,0.457,0.512,0.5801356912468023,0.0,0.31072411564183733,0.84165963790683163,0.15813312512512512,0.14970333371237868,0.6822744510803076,0.0681356912468023,0.32965963790683162,-0.26152394666002932,0.1702744510803076,-0.10213875983350529
compound__seed_000061__repr_table__parallel_primitives,compound__seed_000061,compound,table,0.04782608695652174,0.516,0.52,0.477,0.08269230769230773,0.35014018246108047,0.73400445315490348,0.103552808,0.10449969644136611,0.532663136019549,0.04300000000000004,0.21400445315490346,-0.17100445315490342,0.012663136019548937,0.0303368639804511
conditional__seed_000042__repr_direct__parallel_primitives,conditional__seed_000042,conditional,direct,0.48366013071895425,0.521,0.767,0.5246666666666666,0.31594958713602794,0.33413153351044944,0.78794340484796055,0.438079728,0.3823296518552357,0.8494282884754891,0.2423333333333334,0.020943404847960534,0.22138992848537287,0.08242828847548911,0.1599050448578443
conditional__seed_000042__repr_distractor__parallel_primitives,conditional__seed_000042,conditional,distractor,0.48366013071895425,0.511,0.774,0.47933333333333333,0.38070628768303194,0.34945004187250112,0.73681248818002465,0.428114712,0.3588925928907129,0.7476646315702655,0.2946666666666667,0.037187511819975372,0.25747915484669132,0.026335368429734496,0.2683312982369322
conditional__seed_000042__repr_nested__parallel_primitives,conditional__seed_000042,conditional,nested,0.48366013071895425,0.542,0.6859999999999999,0.478589700811923,0.3023473749097332,0.34967106358755462,0.73591943094532153,0.4795279679679679,0.3807382677229093,0.7728391338700975,0.20741029918807696,0.049919430945321586,0.15749086824275538,0.08683913387009756,0.1205711653179794
conditional__seed_000042__repr_prose__parallel_primitives,conditional__seed_000042,conditional,prose,0.48366013071895425,0.52,0.736,0.5226666666666667,0.28985507246376807,0.33488193274428146,0.78582539311132049,0.541236656,0.37840060089596755,0.8408416536760388,0.21333333333333326,0.049825393111320504,0.16350794022201276,0.10484165367603882,0.10849167965729445
conditional__seed_000042__repr_table__parallel_primitives,conditional__seed_000042,conditional,table,0.48366013071895425,0.506,0.636,0.5029473918362808,0.20920221409389816,0.34191705382532273,0.76426139707741592,0.47301910710710715,0.37985413192449774,0.8110146624004392,0.13305260816371922,0.12826139707741591,0.0047912110863033153,0.17501466240043917,-0.04196205423671995
conditional__seed_000043__repr_direct__parallel_primitives,conditional__seed_000043,conditional,direct,0.5752212389380531,0.61,0.921,0.5378888888888889,0.41597297623356266,0.32900300388508652,0.80162637389329117,0.398437816,0.37029129838011715,0.854186844655642,0.3831111111111112,0.11937362610670887,0.26373748500440231,0.06681315534435806,0.3162979557667531
conditional__seed_000043__repr_distractor__parallel_primitives,conditional__seed_000043,conditional,distractor,0.5752212389380531,0.595,0.9030000000000001,0.5598888888888889,0.37996800787498475,0.31983746484170728,0.82316925726964241,0.34496446399999997,0.35610179265157954,0.8695301252577129,0.34311111111111126,0.079830742730357729,0.26328036838075353,0.03346987474228724,0.309641236368824
conditional__seed_000043__repr_nested__parallel_primitives,conditional__seed_000043,conditional,nested,0.5752212389380531,0.652,0.9339999999999999,0.5584444444444444,0.40209374256483466,0.3204630451800109,0.82180143476137746,0.357025792,0.3604914617431923,0.8732400132868744,0.37555555555555553,0.11219856523862248,0.26335699031693305,0.06075998671312555,0.31479556884243
conditional__seed_000043__repr_prose__parallel_primitives,conditional__seed_000043,conditional,prose,0.5752212389380531,0.642,0.8949999999999999,0.6586666666666666,0.26405959031657356,0.26957175602744443,0.90175410398206723,0.35142232799999995,0.3790934273245882,0.9999984817836814,0.23633333333333328,0.0067541039820673276,0.22957922935126596,0.10499848178368154,0.13133485154965174
conditional__seed_000043__repr_table__parallel_primitives,conditional__seed_000043,conditional,table,0.5752212389380531,0.616,0.931,0.6042222222222222,0.35099653896646377,0.29906319429901645,0.86202096581012,0.347810304,0.36876080181137444,0.9572000977697044,0.32677777777777783,0.068979034189880051,0.25779874358789778,0.026200097769704334,0.3005776800080735
conditional__seed_000044__repr_direct__parallel_primitives,conditional__seed_000044,conditional,direct,0.4807692307692308,0.56,0.8099999999999999,0.5842509175842509,0.2787025708836409,0.30879413890166663,0.84526325725286822,0.3380184104104104,0.36769295970752913,0.9239987543298713,0.2257490824157491,0.035263257252868274,0.19048582516288082,0.11399875432987139,0.1117503280858777
conditional__seed_000044__repr_distractor__parallel_primitives,conditional__seed_000044,conditional,distractor,0.4807692307692308,0.594,0.834,0.5412222222222222,0.3510524913402612,0.32766461646191042,0.80498845587168244,0.33989791999999996,0.3451788991353502,0.8265192149543936,0.2927777777777778,0.029011544128317523,0.26376623364946028,0.007480785045606342,0.28529699273217146
conditional__seed_000044__repr_nested__parallel_primitives,conditional__seed_000044,conditional,nested,0.4807692307692308,0.575,0.679,0.46268490712935156,0.31857892911730257,0.35415549539078328,0.71640294812032168,0.4264017537537538,0.36369153503985663,0.7271393240986239,0.21631509287064848,0.037402948120321633,0.17891214475032685,0.04813932409862387,0.16817576877202461
conditional__seed_000044__repr_prose__parallel_primitives,conditional__seed_000044,conditional,prose,0.4807692307692308,0.564,0.711,0.5246666666666667,0.2620721987810595,0.33413153351044939,0.78794340484796066,0.5114274000000001,0.36901200240868853,0.8315002324441856,0.18633333333333324,0.076943404847960695,0.10938992848537255,0.12050023244418562,0.06583310088914762
conditional__seed_000044__repr_table__parallel_primitives,conditional__seed_000044,conditional,table,0.4807692307692308,0.503,0.573,0.4996666666666667,0.12798138452588703,0.3430225300925045,0.7605537321348651,0.43385557599999997,0.36945362823999506,0.7924344489874363,0.07333333333333325,0.18755373213486515,-0.1142203988015319,0.21943444898743636,-0.1461011156541031
conditional__seed_000045__repr_direct__parallel_primitives,conditional__seed_000045,conditional,direct,0.43478260869565216,0.43,0.743,0.40544444444444444,0.4543143412591596,0.366262242007175,0.63976690568125305,0.449161184,0.36308803828812547,0.6365784736633019,0.33755555555555555,0.10323309431874694,0.23432246123680861,0.1064215263366981,0.23113402921885745
conditional__seed_000045__repr_distractor__parallel_primitives,conditional__seed_000045,conditional,distractor,0.43478260869565216,0.42699999999999994,0.779,0.4062222222222222,0.47853373270574817,0.36614220931482516,0.64087280805227986,0.43176416,0.35608659881074917,0.630864680672845,0.3727777777777778,0.13812719194772016,0.23465058583005766,0.14813531932715507,0.22464245845062275
conditional__seed_000045__repr_nested__parallel_primitives,conditional__seed_000045,conditional,nested,0.43478260869565216,0.43499999999999994,0.724,0.414,0.42817679558011046,0.36487209094171397,0.65183720333411932,0.441490736,0.3644091173218376,0.651362395658581,0.31,0.072162796665880657,0.23783720333411934,0.07263760434141897,0.23736239565858103
conditional__seed_000045__repr_prose__parallel_primitives,conditional__seed_000045,conditional,prose,0.43478260869565216,0.511,0.763,0.5405555555555556,0.2915392456676861,0.32793374662522512,0.80431884928183872,0.438267808,0.3683381682811058,0.8557673242414886,0.22244444444444444,0.04131884928183871,0.18112559516260573,0.09276732424148859,0.12967712020295585
conditional__seed_000045__repr_table__parallel_primitives,conditional__seed_000045,conditional,table,0.43478260869565216,0.43,0.547,0.4252222222222222,0.2226284785699777,0.36281914168128254,0.66734933523305295,0.48544763199999996,0.36789654244979925,0.6727098501726699,0.12177777777777782,0.12034933523305291,0.0014284425447249061,0.1257098501726699,-0.003932072394892072
conditional__seed_000046__repr_direct__parallel_primitives,conditional__seed_000046,conditional,direct,0.6124031007751938,0.665,0.953,0.6256666666666667,0.3434767401189226,0.28795523707078174,0.87869007573736191,0.29006484,0.3638150508586145,0.9834666279217786,0.32733333333333325,0.07430992426263805,0.2530234090706952,0.030466627921778677,0.2968667054115546
conditional__seed_000046__repr_distractor__parallel_primitives,conditional__seed_000046,conditional,distractor,0.6124031007751938,0.6799999999999999,0.9369999999999999,0.6037777777777779,0.3556267046128304,0.29928625505855821,0.86166110217837266,0.276557056,0.3417180632288418,0.9172024083469149,0.3332222222222221,0.075338897821627282,0.2578833244005948,0.019797591653085034,0.31342463056913705
conditional__seed_000046__repr_nested__parallel_primitives,conditional__seed_000046,conditional,nested,0.6124031007751938,0.669,0.95,0.6072222222222222,0.36081871345029237,0.29754986926665211,0.86443463479505778,0.297233816,0.35418664715464415,0.940244142594595,0.34277777777777774,0.085565365204942179,0.25721241257283556,0.009755857405404966,0.33302192037237277
conditional__seed_000046__repr_prose__parallel_primitives,conditional__seed_000046,conditional,prose,0.6124031007751938,0.6839999999999999,0.9189999999999999,0.7134444444444444,0.2236730745979929,0.23575889626949192,0.93353320171067899,0.23567019199999997,0.33309826037433526,0.9999985983511314,0.2055555555555555,0.014533201710679067,0.19102235384487642,0.08099859835113143,0.12455695720442406
conditional__seed_000046__repr_table__parallel_primitives,conditional__seed_000046,conditional,table,0.6124031007751938,0.647,0.9400000000000001,0.6176666666666667,0.3429078014184397,0.29217775665955703,0.87262963615228761,0.302850144,0.35743426706591447,0.9612505538480483,0.32233333333333336,0.067370363847712444,0.25496296948562092,0.021250553848048193,0.30108277948528517
conditional__seed_000047__repr_direct__parallel_primitives,conditional__seed_000047,conditional,direct,0.2647058823529412,0.328,0.545,0.35766666666666663,0.34373088685015296,0.3710908874999162,0.56870962680894366,0.373155568,0.34526626372012487,0.5462780468574739,0.1873333333333334,0.023709626808943618,0.16362370652438979,0.0012780468574739023,0.1860552864758595
conditional__seed_000047__repr_distractor__parallel_primitives,conditional__seed_000047,conditional,distractor,0.2647058823529412,0.321,0.644,0.3338888888888889,0.4815389924085576,0.37150934268623892,0.53125513482724962,0.35489588,0.3244675643628188,0.4942603364025822,0.3101111111111111,0.1127448651727504,0.19736624593836072,0.1497396635974178,0.1603714475136933
conditional__seed_000047__repr_nested__parallel_primitives,conditional__seed_000047,conditional,nested,0.2647058823529412,0.325,0.6950000000000001,0.385,0.4460431654676259,0.36895199590362976,0.61009621692933036,0.395776608,0.35529830865332584,0.5971754148741247,0.31000000000000005,0.084903783070669703,0.22509621692933035,0.09782458512587533,0.21217541487412472
conditional__seed_000047__repr_prose__parallel_primitives,conditional__seed_000047,conditional,prose,0.2647058823529412,0.369,0.562,0.3755978200422645,0.33167647679312373,0.36988053204895766,0.59607398143655976,0.4946825705705705,0.3599605737338978,0.5868354426749115,0.18640217995773556,0.034073981436559708,0.15232819852117585,0.024835442674911445,0.1615667372828241
conditional__seed_000047__repr_table__parallel_primitives,conditional__seed_000047,conditional,table,0.2647058823529412,0.28500000000000003,0.414,0.36477777777777776,0.11889425657541597,0.37070040856706798,0.57965678469164261,0.42822995199999997,0.3491459346966943,0.5604601664549594,0.04922222222222222,0.16565678469164263,-0.11643456246942041,0.14646016645495946,-0.09723794423273724
conditional__seed_000048__repr_direct__parallel_primitives,conditional__seed_000048,conditional,direct,0.35036496350364965,0.37,0.556,0.39499999999999996,0.2895683453237411,0.36774937423437237,0.6247522484009761,0.43997845599999996,0.3694726205410331,0.6264597111372633,0.1610000000000001,0.068752248400976046,0.092247751599024042,0.07045971113726324,0.09054028886273685
conditional__seed_000048__repr_distractor__parallel_primitives,conditional__seed_000048,conditional,distractor,0.35036496350364965,0.363,0.5860000000000001,0.40277777777777773,0.3126659082290483,0.36666406649985583,0.63596230132059295,0.425561224,0.36331644812419395,0.6326184752081441,0.18322222222222234,0.049962301320592872,0.13325992090162947,0.046618475208143995,0.13660374701407835
conditional__seed_000048__repr_nested__parallel_primitives,conditional__seed_000048,conditional,nested,0.35036496350364965,0.388,0.475,0.37266666666666665,0.2154385964912281,0.37012919286389745,0.59165572121227206,0.44409672,0.3740755056278839,0.5953859770905754,0.10233333333333333,0.11665572121227208,-0.014322387878938747,0.12038597709057541,-0.01805264375724208
conditional__seed_000048__repr_prose__parallel_primitives,conditional__seed_000048,conditional,prose,0.35036496350364965,0.458,0.6900000000000001,0.5007777777777778,0.2742351046698873,0.34265023092472846,0.76181327101133411,0.5177403039999999,0.37751734923335434,0.8044847148125703,0.1892222222222223,0.071813271011334057,0.11740895121088823,0.11448471481257028,0.07473750740965202
conditional__seed_000048__repr_table__parallel_primitives,conditional__seed_000048,conditional,table,0.35036496350364965,0.364,0.414,0.3721111111111111,0.1011808910359634,0.37017411209455536,0.59081584015005739,0.4482856,0.36621360524914,0.5871238546504096,0.041888888888888864,0.17681584015005741,-0.13492695126116855,0.17312385465040964,-0.13123496576152077
conditional__seed_000049__repr_direct__parallel_primitives,conditional__seed_000049,conditional,direct,0.49230769230769234,0.497,0.74,0.42066666666666663,0.43153153153153156,0.36368356827711457,0.66109665835231202,0.504335552,0.3617479669533753,0.6590917770503,0.31933333333333336,0.078903341647687975,0.24042999168564538,0.08090822294970001,0.23842511038363334
conditional__seed_000049__repr_distractor__parallel_primitives,conditional__seed_000049,conditional,distractor,0.49230769230769234,0.489,0.778,0.44822222222222224,0.42387889174521565,0.35782252284282984,0.69797250474501105,0.452646744,0.362859628452057,0.7034905371531537,0.3297777777777778,0.080027495254988978,0.2497502825227888,0.07450946284684634,0.25526831493093144
conditional__seed_000049__repr_nested__parallel_primitives,conditional__seed_000049,conditional,nested,0.49230769230769234,0.533,0.787,0.4301111111111111,0.45348016377241285,0.36184480620678128,0.67399139785185214,0.478233136,0.36747390891953063,0.679989516916849,0.3568888888888889,0.1130086021481479,0.24388028674074103,0.10701048308315109,0.24987840580573784
conditional__seed_000049__repr_prose__parallel_primitives,conditional__seed_000049,conditional,prose,0.49230769230769234,0.54,0.768,0.5564444444444444,0.275462962962963,0.32132376356304165,0.81989675572813736,0.512907768,0.3808067522069082,0.8986603882191955,0.2115555555555556,0.051896755728137345,0.15965879982741826,0.13066038821919546,0.08089516733636015
conditional__seed_000049__repr_table__parallel_primitives,conditional__seed_000049,conditional,table,0.49230769230769234,0.49399999999999994,0.6839999999999999,0.4666666666666667,0.3177387914230019,0.3530766965327361,0.72136320359076578,0.520459728,0.3775135507731468,0.7496816472812873,0.21733333333333327,0.037363203590765837,0.17997012974256743,0.06568164728128734,0.15165168605204593
conditional__seed_000050__repr_direct__parallel_primitives,conditional__seed_000050,conditional,direct,0.6979166666666666,0.698,0.9369999999999999,0.5786666666666666,0.3824261828530773,0.31140676910221687,0.84036066679337662,0.34124936,0.36878359257262,0.9167484556130471,0.3583333333333334,0.096639333206623323,0.26169400012671007,0.02025154438695287,0.3380817889463805
conditional__seed_000050__repr_distractor__parallel_primitives,conditional__seed_000050,conditional,distractor,0.6979166666666666,0.682,0.9269999999999999,0.5755555555555556,0.3791202205441687,0.31284151502474472,0.8375877881741961,0.325458512,0.3552185409889663,0.8926366406973661,0.35144444444444434,0.089412211825803833,0.2620322326186405,0.03436335930263379,0.31708108514181055
conditional__seed_000050__repr_nested__parallel_primitives,conditional__seed_000050,conditional,nested,0.6979166666666666,0.713,0.9559999999999998,0.5938160382604828,0.37885351646393006,0.30420854622589971,0.85343968374362145,0.31575051851851854,0.3608561163197196,0.9290803736417009,0.36218396173951706,0.1025603162563784,0.25962364548313865,0.02691962635829892,0.33526433538121814
conditional__seed_000050__repr_prose__parallel_primitives,conditional__seed_000050,conditional,prose,0.6979166666666666,0.719,0.944,0.7402222222222222,0.2158662900188324,0.21779818538866688,0.94633150728502202,0.198760464,0.32398745170582344,0.9999986490561631,0.20377777777777772,0.0023315072850220719,0.20144627049275565,0.05599864905616314,0.14777912872161458
conditional__seed_000050__repr_table__parallel_primitives,conditional__seed_000050,conditional,table,0.6979166666666666,0.686,0.9349999999999999,0.6091111111111112,0.34854426619132495,0.29659020187076091,0.86594061204589279,0.307855176,0.36288621767351015,0.9560476134841662,0.3258888888888888,0.069059387954107154,0.25682950093478163,0.021047613484166283,0.3048412754047225
conditional__seed_000051__repr_direct__parallel_primitives,conditional__seed_000051,conditional,direct,0.5853658536585366,0.646,0.9200000000000002,0.5888888888888889,0.3599033816425121,0.30658799820641436,0.84926261351932719,0.359807224,0.3729486502883718,0.939139815518634,0.33111111111111124,0.070737386480672959,0.26037372463043829,0.019139815518633863,0.3119712955924774
conditional__seed_000051__repr_distractor__parallel_primitives,conditional__seed_000051,conditional,distractor,0.5853658536585366,0.678,0.9120000000000001,0.5621111111111111,0.3836500974658871,0.31886858255595657,0.82526087729214137,0.35086156799999996,0.3626843970588948,0.8819980375767708,0.349888888888889,0.086739122707858773,0.26314976618103025,0.03000196242322939,0.31988692646565964
conditional__seed_000051__repr_nested__parallel_primitives,conditional__seed_000051,conditional,nested,0.5853658536585366,0.687,0.946,0.5924444444444444,0.3737373737373737,0.30487461126834747,0.85228428431514647,0.349168232,0.3672872821457457,0.9363561498394194,0.3535555555555555,0.093715715684853484,0.25983983987070203,0.009643850160580558,0.34391170539497495
conditional__seed_000051__repr_prose__parallel_primitives,conditional__seed_000051,conditional,prose,0.5853658536585366,0.669,0.922,0.6884444444444444,0.2533140515786937,0.25168841816046617,0.91999704555163864,0.290923304,0.3555495092506399,0.9999985474520777,0.23355555555555563,0.0020029544483614048,0.23155260110719422,0.07799854745207768,0.15555700810347795
conditional__seed_000051__repr_table__parallel_primitives,conditional__seed_000051,conditional,table,0.5853658536585366,0.629,0.9469999999999998,0.632,0.3326293558606124,0.28454687313616117,0.88335626230379005,0.322541976,0.3694536282399951,0.9999984177240225,0.31499999999999984,0.06364373769620979,0.25135626230379005,0.052998417724022695,0.26200158227597714
conditional__seed_000052__repr_direct__parallel_primitives,conditional__seed_000052,conditional,direct,0.2857142857142857,0.333,0.629,0.31855555555555554,0.4935523759053171,0.37102239454465186,0.50646565599889259,0.37012690400000003,0.348982098684155,0.48931919523516526,0.31044444444444447,0.12253434400110741,0.18791010044333706,0.13968080476483474,0.17076363967960972
conditional__seed_000052__repr_distractor__parallel_primitives,conditional__seed_000052,conditional,distractor,0.2857142857142857,0.35,0.701,0.308,0.5606276747503567,0.37032490158460735,0.48914114719654095,0.345812208,0.32508822004749516,0.45635594035960475,0.39299999999999996,0.21185885280345901,0.18114114719654095,0.2446440596403952,0.14835594035960475
conditional__seed_000052__repr_nested__parallel_primitives,conditional__seed_000052,conditional,nested,0.2857142857142857,0.388,0.779,0.3681111111111111,0.5274568535159037,0.3704766013777831,0.58474571702459976,0.39504484,0.3511180570967436,0.5673005931773846,0.4108888888888889,0.19425428297540026,0.21663460591348865,0.21169940682261545,0.19918948206627346
conditional__seed_000052__repr_prose__parallel_primitives,conditional__seed_000052,conditional,prose,0.2857142857142857,0.379,0.606,0.39222222222222225,0.3527686101943527,0.36810537248642855,0.62070827182938548,0.498087496,0.34841892212620534,0.6019545925153341,0.21377777777777773,0.0147082718293855,0.19906950594839223,0.004045407484665864,0.20973237029311187
conditional__seed_000052__repr_table__parallel_primitives,conditional__seed_000052,conditional,table,0.2857142857142857,0.335,0.506,0.33555555555555555,0.33684672815107597,0.37152574977178915,0.53392092903362232,0.370144064,0.3360566950862156,0.5053979053213418,0.17044444444444445,0.02792092903362231,0.14252351541082214,0.0006020946786582382,0.16984234976578622
conditional__seed_000053__repr_direct__parallel_primitives,conditional__seed_000053,conditional,direct,0.967741935483871,0.8469999999999999,0.931,0.5606666666666666,0.397780164697458,0.31949924449373213,0.8239030774470647,0.30395015999999997,0.3421710844407711,0.8522986044023871,0.3703333333333334,0.10709692255293535,0.26323641078039806,0.07870139559761291,0.2916319377357205
conditional__seed_000053__repr_distractor__parallel_primitives,conditional__seed_000053,conditional,distractor,0.967741935483871,0.829,0.9359999999999999,0.5936666666666667,0.3657407407407407,0.30428122081766251,0.85331413270803136,0.262176976,0.3290970386711228,0.8848770997981192,0.34233333333333327,0.082685867291968584,0.25964746604136468,0.051122900201880705,0.29121043313145256
conditional__seed_000053__repr_nested__parallel_primitives,conditional__seed_000053,conditional,nested,0.967741935483871,0.907,0.962,0.6734444444444444,0.2999537999538,0.26084735660932556,0.91110334308646934,0.21561568,0.3091620964517791,0.9748226624300119,0.28855555555555557,0.050896656913530625,0.23765889864202494,0.012822662430011955,0.2757328931255436
conditional__seed_000053__repr_prose__parallel_primitives,conditional__seed_000053,conditional,prose,0.967741935483871,0.8480000000000001,0.958,0.8345011678345012,0.12891318597651225,0.14753816787885557,0.978930828795053,0.10061586386386386,0.1863293254317903,0.9999988016807642,0.12349883216549873,0.020930828795053036,0.10256800337044569,0.0419988016807642,0.08150003048473453
conditional__seed_000053__repr_table__parallel_primitives,conditional__seed_000053,conditional,table,0.967741935483871,0.869,0.951,0.6593333333333333,0.3066947073256221,0.26918463853444807,0.90218866227870331,0.226061072,0.31998243154240336,0.9695827930281582,0.29166666666666663,0.048811337721296644,0.24285532894536999,0.01858279302815824,0.2730838736385084
conditional__seed_000054__repr_direct__parallel_primitives,conditional__seed_000054,conditional,direct,0.8333333333333334,0.767,0.9570000000000001,0.6301111111111111,0.34157668640427274,0.28556943026224474,0.88197669277002633,0.26105196799999997,0.3513958469155108,0.9714879377730885,0.326888888888889,0.075023307229973746,0.25186558165891526,0.014487937773088433,0.3124009511158006
conditional__seed_000054__repr_distractor__parallel_primitives,conditional__seed_000054,conditional,distractor,0.8333333333333334,0.777,0.952,0.6567777777777778,0.31010737628384677,0.27066524911557366,0.90051622657680508,0.21588511999999999,0.31340742405550326,0.9565757055766225,0.29522222222222216,0.051483773423194878,0.24373844879902729,0.0045757055766225685,0.2906465166455996
conditional__seed_000054__repr_nested__parallel_primitives,conditional__seed_000054,conditional,nested,0.8333333333333334,0.782,0.959,0.6322222222222222,0.34074846483605603,0.28442623643013848,0.883517890689823,0.25450692799999997,0.3453042483222008,0.9656733232223004,0.3267777777777777,0.075482109310176959,0.25129566846760076,0.006673323222300409,0.3201044545554773
conditional__seed_000054__repr_prose__parallel_primitives,conditional__seed_000054,conditional,prose,0.8333333333333334,0.796,0.9549999999999998,0.7964444444444445,0.16602675974403702,0.17717948056479391,0.96794431547615467,0.138184488,0.24791514225700562,0.9999987444212193,0.15855555555555534,0.012944315476154822,0.14561124007940052,0.04499874442121943,0.11355681113433591
conditional__seed_000054__repr_table__parallel_primitives,conditional__seed_000054,conditional,table,0.8333333333333334,0.759,0.9559999999999998,0.662,0.3075313807531379,0.26763003177913514,0.90391472715379972,0.22597451999999998,0.3363458802856056,0.9975075575284514,0.2939999999999998,0.052085272846200126,0.24191472715379969,0.04150755752845159,0.25249244247154823
conditional__seed_000055__repr_direct__parallel_primitives,conditional__seed_000055,conditional,direct,0.7551020408163265,0.715,0.892,0.527,0.40919282511210764,0.33324760010880594,0.79039835490055987,0.377582512,0.3709803263485302,0.8378116330460001,0.365,0.10160164509944014,0.26339835490055985,0.05418836695399987,0.3108116330460001
conditional__seed_000055__repr_distractor__parallel_primitives,conditional__seed_000055,conditional,distractor,0.7551020408163265,0.716,0.9179999999999999,0.5354444444444444,0.416727184701041,0.32997291573363768,0.79913850800631825,0.347258768,0.3635600518010928,0.8413118094797869,0.38255555555555554,0.11886149199368168,0.26369406356187386,0.07668819052021303,0.3058673650353425
conditional__seed_000055__repr_nested__parallel_primitives,conditional__seed_000055,conditional,nested,0.7551020408163265,0.763,0.954,0.561450339228117,0.4114776318363552,0.31915749274779392,0.8246405493894019,0.34627089489489493,0.36307025807821863,0.881494931503868,0.3925496607718829,0.12935945061059806,0.26319021016128485,0.07250506849613192,0.320044592275751
conditional__seed_000055__repr_prose__parallel_primitives,conditional__seed_000055,conditional,prose,0.7551020408163265,0.75,0.933,0.748,0.19828510182207937,0.21241100495856347,0.94973394081090012,0.1891082,0.3041555701356976,0.9999986631033917,0.18500000000000005,0.016733940810900072,0.16826605918909998,0.06699866310339164,0.11800133689660841
conditional__seed_000055__repr_table__parallel_primitives,conditional__seed_000055,conditional,table,0.7551020408163265,0.708,0.9280000000000002,0.5982222222222222,0.3553639846743296,0.30204968596692028,0.85711290645521387,0.340774736,0.37623045634151053,0.9590436537083409,0.32977777777777795,0.070887093544786284,0.25889068423299166,0.031043653708340724,0.2987341240694372
conditional__seed_000056__repr_direct__parallel_primitives,conditional__seed_000056,conditional,direct,0.6853932584269663,0.682,0.922,0.5356666666666667,0.4190166305133767,0.32988514775815397,0.79936545933075864,0.369507096,0.3663698443412642,0.8453932659025294,0.3863333333333333,0.1226345406692414,0.26369879266409191,0.07660673409747065,0.30972659923586265
conditional__seed_000056__repr_distractor__parallel_primitives,conditional__seed_000056,conditional,distractor,0.6853932584269663,0.668,0.8960000000000001,0.5214444444444444,0.4180307539682542,0.33533720177128795,0.78452479337502212,0.379389272,0.3628710238326798,0.8184283935432012,0.37455555555555575,0.11147520662497801,0.26308034893057775,0.07757160645679895,0.2969839490987568
conditional__seed_000056__repr_nested__parallel_primitives,conditional__seed_000056,conditional,nested,0.6853932584269663,0.707,0.9490000000000001,0.5434444444444444,0.4273504273504274,0.32676228559203346,0.80721034014313942,0.370550728,0.3663964335627173,0.8577042069068549,0.40555555555555567,0.14178965985686065,0.26376589569869502,0.09129579309314517,0.3142597624624105
conditional__seed_000056__repr_prose__parallel_primitives,conditional__seed_000056,conditional,prose,0.6853932584269663,0.693,0.901,0.7114444444444444,0.21038352447897402,0.23706338594421511,0.93250793229386753,0.24510544799999998,0.3438003409749113,0.9999985944108465,0.1895555555555556,0.031507932293867502,0.15804762326168809,0.09899859441084646,0.09055696114470912
conditional__seed_000056__repr_table__parallel_primitives,conditional__seed_000056,conditional,table,0.6853932584269663,0.683,0.9349999999999999,0.5977777777777777,0.36066547831253715,0.30226876819862952,0.8567450481390414,0.324473352,0.36507915298921273,0.9414996854995715,0.3372222222222222,0.078254951860958544,0.25896727036126366,0.006499685499571584,0.3307225367226506
conditional__seed_000057__repr_direct__parallel_primitives,conditional__seed_000057,conditional,direct,0.845360824742268,0.786,0.954,0.6359999999999999,0.33333333333333337,0.28236462163668358,0.88624393274827218,0.23838366399999997,0.33440034710700944,0.9555293444575316,0.31800000000000006,0.067756067251727781,0.25024393274827228,0.0015293444575316117,0.31647065554246845
conditional__seed_000057__repr_distractor__parallel_primitives,conditional__seed_000057,conditional,distractor,0.845360824742268,0.795,0.943,0.6211767322878434,0.34127599969475775,0.29033652385689546,0.87531168387561531,0.23017226026026028,0.3130846591891857,0.9042988202223363,0.3218232677121565,0.06768831612438464,0.25413495158777188,0.03870117977766363,0.2831220879344929
conditional__seed_000057__repr_nested__parallel_primitives,conditional__seed_000057,conditional,nested,0.845360824742268,0.799,0.9629999999999999,0.640888888888889,0.3344871351101879,0.27966650914538999,0.88971135873265139,0.21633450399999998,0.31677279623320903,0.9380318660549799,0.3221111111111109,0.073288641267348464,0.24882246984376244,0.024968133945019955,0.29714297716609095
conditional__seed_000057__repr_prose__parallel_primitives,conditional__seed_000057,conditional,prose,0.845360824742268,0.787,0.9469999999999998,0.7903333333333333,0.16543470608940503,0.18178042678775649,0.96591839062290852,0.14366139199999997,0.26658548012213823,0.9999987347126933,0.1566666666666665,0.018918390622908676,0.13774827604375783,0.05299873471269345,0.10366793195397306
conditional__seed_000057__repr_table__parallel_primitives,conditional__seed_000057,conditional,table,0.845360824742268,0.782,0.952,0.6586666666666666,0.3081232492997199,0.26957175602744443,0.90175410398206723,0.220329472,0.3261120147377893,0.9774126873776783,0.29333333333333333,0.050245896017932723,0.24308743731540061,0.025412687377678322,0.267920645955655
conditional__seed_000058__repr_direct__parallel_primitives,conditional__seed_000058,conditional,direct,0.8518518518518519,0.777,0.952,0.6283333333333333,0.3399859943977591,0.28652716224005798,0.88066889176339591,0.26102828,0.34767241503106555,0.9632174812341504,0.32366666666666666,0.071331108236604046,0.25233555843006261,0.01121748123415045,0.3124491854325162
conditional__seed_000058__repr_distractor__parallel_primitives,conditional__seed_000058,conditional,distractor,0.8518518518518519,0.764,0.9469999999999998,0.6136666666666667,0.35198873636043637,0.29425408002179443,0.86952917373665806,0.251865032,0.3306047444786199,0.9167478580180445,0.33333333333333315,0.077470826263341785,0.25586250706999136,0.03025214198195536,0.3030811913513778
conditional__seed_000058__repr_nested__parallel_primitives,conditional__seed_000058,conditional,nested,0.8518518518518519,0.8009999999999999,0.958,0.6305555555555555,0.34180004639294825,0.28532928852825229,0.88230222035688199,0.257826128,0.3413638019823098,0.9573654734637277,0.3274444444444444,0.075697779643117968,0.25174666480132646,0.000634526536272273,0.32680991790817215
conditional__seed_000058__repr_prose__parallel_primitives,conditional__seed_000058,conditional,prose,0.8518518518518519,0.8030000000000002,0.9559999999999998,0.788,0.17573221757322155,0.18352538299802978,0.96512492071520029,0.146529744,0.2626526307026625,0.9999987309660774,0.16799999999999982,0.0091249207152004352,0.15887507928479938,0.04399873096607754,0.12400126903392228
conditional__seed_000058__repr_table__parallel_primitives,conditional__seed_000058,conditional,table,0.8518518518518519,0.759,0.951,0.6543333333333333,0.3119523308797757,0.27207301382290916,0.89889967779563318,0.23352092,0.33328108868791256,0.9814230888480729,0.29666666666666663,0.052100322204366778,0.24456634446229986,0.030423088848072988,0.26624357781859365
conditional__seed_000059__repr_direct__parallel_primitives,conditional__seed_000059,conditional,direct,0.5652173913043478,0.604,0.917,0.5503333333333333,0.39985459832788084,0.32391418618007967,0.8139992321742725,0.37688936,0.36965924731481803,0.873072748333301,0.3666666666666667,0.10300076782572753,0.26366589884093916,0.043927251666699085,0.3227394149999676
conditional__seed_000059__repr_distractor__parallel_primitives,conditional__seed_000059,conditional,distractor,0.5652173913043478,0.633,0.9099999999999999,0.5461111111111111,0.3998778998778998,0.32566889810404598,0.80985603300168318,0.354669752,0.36113870664932174,0.8548195309296105,0.3638888888888888,0.10014396699831674,0.26374492189057208,0.055180469070389426,0.3087084198184994
conditional__seed_000059__repr_nested__parallel_primitives,conditional__seed_000059,conditional,nested,0.5652173913043478,0.628,0.946,0.5564444444444444,0.4117923420249002,0.32132376356304165,0.81989675572813736,0.36165277599999995,0.3707671103532921,0.8843219316728157,0.38955555555555554,0.12610324427186259,0.26345231128369295,0.061678068327184254,0.3278774872283713
conditional__seed_000059__repr_prose__parallel_primitives,conditional__seed_000059,conditional,prose,0.5652173913043478,0.645,0.883,0.6591111111111111,0.2535548005536681,0.26931374596654117,0.90204394495278095,0.328009336,0.36029723804899216,0.9999984828074265,0.22388888888888892,0.019043944952780945,0.20484494393610797,0.11699848280742653,0.10689040608146239
conditional__seed_000059__repr_table__parallel_primitives,conditional__seed_000059,conditional,table,0.5652173913043478,0.594,0.9040000000000001,0.5706666666666667,0.368731563421829,0.31506583073244321,0.83317009469233583,0.37470927200000004,0.3725032259968577,0.9094336262895416,0.3333333333333335,0.070829905307664309,0.26250342802566917,0.005433626289541471,0.327899707043792
conditional__seed_000060__repr_direct__parallel_primitives,conditional__seed_000060,conditional,direct,0.6290322580645161,0.659,0.932,0.5705555555555555,0.3878159275154984,0.31511595145563703,0.83306883372185592,0.32721944,0.36179734693607407,0.894003735046218,0.36144444444444457,0.098931166278144134,0.26251327816630043,0.037996264953782055,0.3234481794906625
conditional__seed_000060__repr_distractor__parallel_primitives,conditional__seed_000060,conditional,distractor,0.6290322580645161,0.668,0.93,0.5881111111111111,0.3676224611708483,0.30696024743588607,0.84859650393099828,0.301786056,0.3480190793571823,0.902037302765341,0.3418888888888889,0.081403496069001768,0.26048539281988714,0.02796269723465905,0.31392619165422986
conditional__seed_000060__repr_nested__parallel_primitives,conditional__seed_000060,conditional,nested,0.6290322580645161,0.673,0.9490000000000001,0.5626666666666666,0.40709518791710575,0.31862514281897936,0.82578137531303586,0.334474496,0.3640092745528146,0.8847089181544868,0.3863333333333334,0.12321862468696421,0.26311470864636921,0.06429108184551324,0.3220422514878202
conditional__seed_000060__repr_prose__parallel_primitives,conditional__seed_000060,conditional,prose,0.6290322580645161,0.688,0.923,0.7004444444444444,0.24112194534729747,0.24414484852677626,0.92669136815330388,0.260446312,0.3389424568305388,0.9999985723370637,0.22255555555555562,0.0036913681533038423,0.21886418740225178,0.07699857233706364,0.14555698321849198
conditional__seed_000060__repr_table__parallel_primitives,conditional__seed_000060,conditional,table,0.6290322580645161,0.648,0.9200000000000002,0.5818040262484706,0.3676043192951407,0.30994482097329562,0.84312681642224929,0.3320125645645645,0.35974714430923505,0.9087097715804262,0.33819597375152954,0.076873183577750859,0.26132279017377869,0.011290228419573944,0.3269057453319556
conditional__seed_000061__repr_direct__parallel_primitives,conditional__seed_000061,conditional,direct,0.46078431372549017,0.461,0.762,0.42188888888888887,0.44634004082822987,0.36345579034245912,0.66278018476652856,0.479986648,0.3641883044061844,0.6635437690319085,0.34011111111111114,0.099219815233471453,0.24089129587763969,0.09845623096809153,0.2416548801430196
conditional__seed_000061__repr_distractor__parallel_primitives,conditional__seed_000061,conditional,distractor,0.46078431372549017,0.46699999999999997,0.782,0.4122222222222222,0.4728616084114806,0.36517353384901491,0.64934630832511742,0.418531,0.3493097707092337,0.6335153098449513,0.3697777777777778,0.13265369167488261,0.2371240861028952,0.14848469015504873,0.2212930876227291
conditional__seed_000061__repr_nested__parallel_primitives,conditional__seed_000061,conditional,nested,0.46078431372549017,0.479,0.702,0.4501111111111111,0.3588160810383033,0.3573662235891108,0.70041620536191307,0.462704432,0.36658306033650223,0.7106079470344325,0.2518888888888889,0.0015837946380868884,0.250305094250802,0.008607947034432573,0.2432809418544563
conditional__seed_000061__repr_prose__parallel_primitives,conditional__seed_000061,conditional,prose,0.46078431372549017,0.51,0.73,0.4963333333333333,0.32009132420091324,0.34412646022589738,0.75675157364067691,0.511255944,0.3703026937607399,0.7882093958724133,0.2336666666666667,0.026751573640676929,0.20691509302598976,0.05820939587241336,0.17545727079425333
conditional__seed_000061__repr_table__parallel_primitives,conditional__seed_000061,conditional,table,0.46078431372549017,0.45,0.5780000000000001,0.43566666666666665,0.24625144175317193,0.3606795977066522,0.6814527818975562,0.522834168,0.3759906511248193,0.698173300531451,0.14233333333333342,0.10345278189755613,0.038880551435777289,0.12017330053145092,0.0221600328018825
explicit_probability__seed_000042__repr_direct__parallel_primitives,explicit_probability__seed_000042,explicit_probability,direct,0.0,0.02,0.0,0.0,,0,0,0.0,0.0,1e-06,0.0,0,0,1e-06,-1e-06
explicit_probability__seed_000042__repr_distractor__parallel_primitives,explicit_probability__seed_000042,explicit_probability,distractor,0.0,0.019,0.0,0.0,,0,0,0.0,0.0,1e-06,0.0,0,0,1e-06,-1e-06
explicit_probability__seed_000042__repr_prose__parallel_primitives,explicit_probability__seed_000042,explicit_probability,prose,0.0,0.013000000000000001,0.0,0.0,,0,0,0.0,0.0,1e-06,0.0,0,0,1e-06,-1e-06
explicit_probability__seed_000042__repr_ratio__parallel_primitives,explicit_probability__seed_000042,explicit_probability,ratio,0.0,0.092,0.014000000000000002,0.006798172294661763,0.514416264667017,0.075432960812210903,0.007352817055466092,0.004702820461384151,0.013487258870216071,0.006891114540372071,0.007201827705338239,0.00664718294453391,0.00055464476080432923,0.007108885459627931,9.294224571030837e-05
explicit_probability__seed_000043__repr_direct__parallel_primitives,explicit_probability__seed_000043,explicit_probability,direct,0.052631578947,0.136,0.513,0.18796574352129908,0.6335950418688128,0.3374749203561121,0.28371113682569121,0.21525622422422422,0.2743251591275815,0.259021992956685,0.32503425647870093,0.2292888631743088,0.095745393304392135,0.253978007043315,0.07105624943538591
explicit_probability__seed_000043__repr_distractor__parallel_primitives,explicit_probability__seed_000043,explicit_probability,distractor,0.052631578947,0.11000000000000001,0.434,0.1889334224003563,0.564669533639732,0.33796012452615193,0.28538072916699947,0.21572273346693388,0.2754584132360861,0.2607627027238103,0.2450665775996437,0.14861927083300053,0.096447306766643176,0.1732372972761897,0.07182928032345401
explicit_probability__seed_000043__repr_prose__parallel_primitives,explicit_probability__seed_000043,explicit_probability,prose,0.052631578947,0.15,0.422,0.20031142253364476,0.5253283826216949,0.34334685498482909,0.30504905680306593,0.2447655415415415,0.2869702241309266,0.28092995455834363,0.22168857746635523,0.11695094319693405,0.10473763426942118,0.14107004544165636,0.08061853202469887
explicit_probability__seed_000043__repr_ratio__parallel_primitives,explicit_probability__seed_000043,explicit_probability,ratio,0.052631578947,0.07300000000000001,0.033999999999999996,0.11278111779113784,0.0,0.28386684111453314,0.15748623896519673,0.08231964729458917,0.2200278582885754,0.1445963410227346,0.07878111779113783,0.12348623896519673,-0.044705121174058893,0.1105963410227346,-0.03181522323159677
explicit_probability__seed_000044__repr_direct__parallel_primitives,explicit_probability__seed_000044,explicit_probability,direct,0.105263157895,0.173,0.58,0.20531642753864976,0.646006159416121,0.34553657499523577,0.31371719135741638,0.22972458058058057,0.31046546670350317,0.29776090626974383,0.3746835724613502,0.26628280864258358,0.10840076381876662,0.28223909373025613,0.09244447873109407
explicit_probability__seed_000044__repr_distractor__parallel_primitives,explicit_probability__seed_000044,explicit_probability,distractor,0.105263157895,0.162,0.562,0.232,0.5871886120996441,0.35549207471757799,0.35996454178331183,0.27038632,0.3303297486728347,0.3464391609754472,0.33000000000000007,0.20203545821668822,0.12796454178331185,0.21556083902455286,0.11443916097544721
explicit_probability__seed_000044__repr_prose__parallel_primitives,explicit_probability__seed_000044,explicit_probability,prose,0.105263157895,0.20600000000000002,0.541,0.22644444444444442,0.5814335592524134,0.35364761981180154,0.35034209107191738,0.286167376,0.3325416762895752,0.33926379580620347,0.3145555555555556,0.19065790892808265,0.12389764662747293,0.20173620419379656,0.11281935136175902
explicit_probability__seed_000044__repr_ratio__parallel_primitives,explicit_probability__seed_000044,explicit_probability,ratio,0.105263157895,0.14300000000000002,0.093,0.15693471249026802,0.0,0.31945390329476409,0.23060114994420572,0.12898327127127127,0.29736262202473285,0.22335093094889713,0.06393471249026803,0.13760114994420572,-0.073666437453937694,0.13035093094889713,-0.0664162184586291
explicit_probability__seed_000045__repr_direct__parallel_primitives,explicit_probability__seed_000045,explicit_probability,direct,0.157894736842,0.21600000000000003,0.63,0.22433544655766877,0.6439119895910019,0.35291695646636717,0.34668725876759698,0.2568788948948949,0.3363426533096008,0.33802902608764884,0.4056645534423312,0.28331274123240302,0.12235181220992819,0.29197097391235116,0.11369357952998005
explicit_probability__seed_000045__repr_distractor__parallel_primitives,explicit_probability__seed_000045,explicit_probability,distractor,0.157894736842,0.198,0.5860000000000001,0.2392222222222222,0.5917709518392114,0.35771985962179187,0.3724577597578459,0.280025688,0.349644035207502,0.3678327487909613,0.34677777777777785,0.21354224024215418,0.13323553753562367,0.2181672512090388,0.12861052656873906
explicit_probability__seed_000045__repr_prose__parallel_primitives,explicit_probability__seed_000045,explicit_probability,prose,0.157894736842,0.233,0.564,0.2398888888888889,0.5746650906225373,0.35791600875762736,0.37360982700211276,0.303684632,0.3492783785803473,0.36865055807663677,0.324111111111111,0.19039017299788719,0.13372093811322383,0.19534944192336318,0.12876166918774784
explicit_probability__seed_000045__repr_ratio__parallel_primitives,explicit_probability__seed_000045,explicit_probability,ratio,0.157894736842,0.174,0.06899999999999999,0.16644444444444445,0.0,0.32550921577830866,0.24677052428004345,0.138433648,0.31486424320946316,0.24293644404743958,0.09744444444444446,0.17777052428004347,-0.080326079835599015,0.17393644404743958,-0.07649199960299512
explicit_probability__seed_000046__repr_direct__parallel_primitives,explicit_probability__seed_000046,explicit_probability,direct,0.210526315789,0.274,0.668,0.24988888888888888,0.6259148369926814,0.36067072238187536,0.3908610126848423,0.295506336,0.3660074839507042,0.394151165136875,0.41811111111111116,0.27713898731515774,0.14097212379595342,0.27384883486312506,0.1442622762479861
explicit_probability__seed_000046__repr_distractor__parallel_primitives,explicit_probability__seed_000046,explicit_probability,distractor,0.210526315789,0.25,0.658,0.2643333333333333,0.5982776089159069,0.36405057616080372,0.41565150218639341,0.307273168,0.36506345692476955,0.4163145690954722,0.3936666666666667,0.24234849781360662,0.1513181688530601,0.24168543090452782,0.1519812357621389
explicit_probability__seed_000046__repr_prose__parallel_primitives,explicit_probability__seed_000046,explicit_probability,prose,0.210526315789,0.295,0.653,0.2822222222222222,0.5678067041007318,0.36730899292128411,0.44606643537626522,0.379674704,0.38077206384142703,0.45576468008373283,0.3707777777777778,0.2069335646237348,0.16384421315404302,0.1972353199162672,0.17354245786151062
explicit_probability__seed_000046__repr_ratio__parallel_primitives,explicit_probability__seed_000046,explicit_probability,ratio,0.210526315789,0.23000000000000004,0.132,0.20281124497991967,0.0,0.34445392566537286,0.30937756005292399,0.18736123694779117,0.3653976901221332,0.3195879400737636,0.07081124497991967,0.17737756005292399,-0.10656631507300432,0.18758794007376361,-0.11677669509384395
explicit_probability__seed_000047__repr_direct__parallel_primitives,explicit_probability__seed_000047,explicit_probability,direct,0.263157894737,0.311,0.719,0.2604444444444444,0.6377685056405502,0.36320832035796674,0.40899473528116914,0.314591664,0.37599394736141406,0.41737486895065357,0.45855555555555555,0.31000526471883083,0.14855029083672472,0.3016251310493464,0.15693042450620914
explicit_probability__seed_000047__repr_distractor__parallel_primitives,explicit_probability__seed_000047,explicit_probability,distractor,0.263157894737,0.302,0.726,0.2985555555555556,0.588766452402816,0.3694409352954503,0.47347754122834579,0.370031352,0.38049807248286743,0.4819283722846834,0.4274444444444444,0.25252245877165419,0.17492198567279021,0.2440716277153166,0.1833728167291278
explicit_probability__seed_000047__repr_prose__parallel_primitives,explicit_probability__seed_000047,explicit_probability,prose,0.263157894737,0.332,0.6719999999999999,0.30241352463574683,0.5499798740539481,0.36983220451620918,0.47989365182265259,0.41433147547547544,0.3931199711631417,0.4983085787405961,0.3695864753642531,0.19210634817734734,0.17748012718690576,0.17369142125940384,0.19589505410484925
explicit_probability__seed_000047__repr_ratio__parallel_primitives,explicit_probability__seed_000047,explicit_probability,ratio,0.263157894737,0.24100000000000002,0.08399999999999999,0.2038337233923994,0.0,0.3448990230755194,0.31114855659251617,0.19016744633901703,0.36547795752573603,0.32123978325097646,0.11983372339239942,0.22714855659251618,-0.10731483320011675,0.23723978325097647,-0.11740605985857705
explicit_probability__seed_000048__repr_direct__parallel_primitives,explicit_probability__seed_000048,explicit_probability,direct,0.315789473684,0.363,0.726,0.28644444444444445,0.6054484236302418,0.36793519564923866,0.45318841117671771,0.352847632,0.3929476641076318,0.4718612012642544,0.43955555555555553,0.27281158882328227,0.16674396673227326,0.2541387987357456,0.18541675681980996
explicit_probability__seed_000048__repr_distractor__parallel_primitives,explicit_probability__seed_000048,explicit_probability,distractor,0.315789473684,0.348,0.708,0.3071111111111111,0.5662272441933458,0.37025229813912697,0.48767325423119945,0.38811559999999995,0.38722931906189173,0.5011844082372641,0.40088888888888885,0.22032674576880051,0.18056214312008834,0.2068155917627359,0.19407329712615295
explicit_probability__seed_000048__repr_prose__parallel_primitives,explicit_probability__seed_000048,explicit_probability,prose,0.315789473684,0.383,0.751,0.349,0.5352862849533955,0.37140390182686572,0.55520548252572022,0.49649444,0.4035623801234332,0.5851408233978027,0.402,0.19579451747427978,0.20620548252572024,0.1658591766021973,0.23614082339780273
explicit_probability__seed_000048__repr_ratio__parallel_primitives,explicit_probability__seed_000048,explicit_probability,ratio,0.315789473684,0.28500000000000003,0.162,0.28388888888888886,0.0,0.36756254108802466,0.44888057291432737,0.35317763199999996,0.4195601722394807,0.4890927109261309,0.12188888888888885,0.28688057291432734,-0.16499168402543848,0.3270927109261309,-0.20520382203724205
explicit_probability__seed_000049__repr_direct__parallel_primitives,explicit_probability__seed_000049,explicit_probability,direct,0.368421052632,0.392,0.772,0.30211111111111116,0.608664363845711,0.36980304954410514,0.4793915789223655,0.370636544,0.3990278673203191,0.5027040268307031,0.46988888888888886,0.29260842107763452,0.17728046781125434,0.2692959731692969,0.20059291571959198
explicit_probability__seed_000049__repr_distractor__parallel_primitives,explicit_probability__seed_000049,explicit_probability,distractor,0.368421052632,0.386,0.728,0.3194444444444444,0.5612026862026862,0.37106744359397836,0.50791526244066754,0.395350096,0.3828358515100714,0.5176004556098375,0.40855555555555556,0.22008473755933244,0.18847081799622312,0.2103995443901625,0.19815601116539305
explicit_probability__seed_000049__repr_prose__parallel_primitives,explicit_probability__seed_000049,explicit_probability,prose,0.368421052632,0.414,0.789,0.3772222222222222,0.5218983241796931,0.36973431911415616,0.59851302976235854,0.5203165839999999,0.4057287262176826,0.6347643557147594,0.41177777777777785,0.1904869702376415,0.22129080754013636,0.15423564428524061,0.25754213349253724
explicit_probability__seed_000049__repr_ratio__parallel_primitives,explicit_probability__seed_000049,explicit_probability,ratio,0.368421052632,0.391,0.28900000000000003,0.3207777777777778,0.0,0.37113108361016622,0.51008687091624139,0.442029536,0.42911260673929913,0.5618932587486509,0.03177777777777774,0.22108687091624135,-0.18930909313846361,0.2728932587486509,-0.24111548097087315
explicit_probability__seed_000050__repr_direct__parallel_primitives,explicit_probability__seed_000050,explicit_probability,direct,0.421052631579,0.44000000000000006,0.7929999999999999,0.35488888888888886,0.552473027882864,0.37121087160004823,0.56440048477294258,0.49240524799999996,0.41208292078892944,0.6036376581628082,0.43811111111111106,0.22859951522705735,0.20951159588405371,0.1893623418371917,0.24874876927391937
explicit_probability__seed_000050__repr_distractor__parallel_primitives,explicit_probability__seed_000050,explicit_probability,distractor,0.421052631579,0.453,0.799,0.38522222222222224,0.5178695591711862,0.36892766033543717,0.61042482455653413,0.519589728,0.4029075382968885,0.6451634326841725,0.4137777777777778,0.18857517544346591,0.22520260233431189,0.1538365673158275,0.2599412104619503
explicit_probability__seed_000050__repr_prose__parallel_primitives,explicit_probability__seed_000050,explicit_probability,prose,0.421052631579,0.477,0.8240000000000001,0.4434444444444445,0.461839266450917,0.35894594941623698,0.69174267605146667,0.594379528,0.41446248287841697,0.7573288328719784,0.3805555555555556,0.1322573239485334,0.24829823160702219,0.06667116712802168,0.3138843884275339
explicit_probability__seed_000050__repr_ratio__parallel_primitives,explicit_probability__seed_000050,explicit_probability,ratio,0.421052631579,0.371,0.24500000000000002,0.35977777777777775,0.0,0.37098741628227522,0.5719723056275634,0.57350048,0.4356572265445385,0.637516407935667,0.11477777777777773,0.32697230562756341,-0.21219452784978568,0.392516407935667,-0.27773863015788924
explicit_probability__seed_000051__repr_direct__parallel_primitives,explicit_probability__seed_000051,explicit_probability,direct,0.473684210526,0.47400000000000003,0.781,0.39741446561907945,0.49114665093587784,0.36742636495041392,0.628250125517683,0.713137259779338,0.4244734583744823,0.6905232632653598,0.3835855343809206,0.15274987448231703,0.23083565989860355,0.09047673673464018,0.2931087976462804
explicit_probability__seed_000051__repr_distractor__parallel_primitives,explicit_probability__seed_000051,explicit_probability,distractor,0.473684210526,0.477,0.752,0.41388888888888886,0.4496158392434989,0.36489112324402756,0.65168178880283101,0.718171168,0.41293958323008945,0.7050192400403422,0.33811111111111114,0.10031821119716899,0.23779289991394215,0.04698075995965778,0.29113035115145336
explicit_probability__seed_000051__repr_prose__parallel_primitives,explicit_probability__seed_000051,explicit_probability,prose,0.473684210526,0.49800000000000005,0.808,0.46244444444444444,0.4276677667766777,0.35421969713607204,0.71610181108587612,0.724902072,0.4236340669102503,0.8023452079573797,0.3455555555555556,0.091898188914123935,0.25365736664143168,0.005654792042620316,0.3399007635129353
explicit_probability__seed_000051__repr_ratio__parallel_primitives,explicit_probability__seed_000051,explicit_probability,ratio,0.473684210526,0.43499999999999994,0.358,0.4368585452922802,0.0,0.36042164194551585,0.68304147535752802,0.9239943775100401,0.43782737109899544,0.777089674654382,0.0788585452922802,0.32504147535752803,-0.24618293006524783,0.41908967465438196,-0.34023112936210176
explicit_probability__seed_000052__repr_direct__parallel_primitives,explicit_probability__seed_000052,explicit_probability,direct,0.526315789474,0.592,0.958,0.6284444444444445,0.3440037114358617,0.2864674370030359,0.88075089636395243,0.620036432,0.4220921749608848,0.9999984087719803,0.3295555555555555,0.077249103636047534,0.25230645191950796,0.041998408771980356,0.28755714678357513
explicit_probability__seed_000052__repr_distractor__parallel_primitives,explicit_probability__seed_000052,explicit_probability,distractor,0.526315789474,0.595,0.942,0.6326666666666666,0.3283793347487616,0.28418475112735758,0.88384072239739397,0.50485628,0.41096746083004015,0.9999984193913286,0.30933333333333335,0.058159277602605974,0.25117405573072737,0.05799841939132866,0.2513349139420047
explicit_probability__seed_000052__repr_prose__parallel_primitives,explicit_probability__seed_000052,explicit_probability,prose,0.526315789474,0.597,0.929,0.6388888888888888,0.31228321971056106,0.28077438068328781,0.88830107233367772,0.517911176,0.4166440228134968,0.9999984347850587,0.2901111111111112,0.040698927666322327,0.24941218344478888,0.07099843478505863,0.21911267632605258
explicit_probability__seed_000052__repr_ratio__parallel_primitives,explicit_probability__seed_000052,explicit_probability,ratio,0.526315789474,0.567,0.952,0.6097208319430542,0.35953694123628765,0.29627930314364825,0.86642447020073154,0.7361021901901903,0.43498054559144833,0.9999983599078339,0.3422791680569458,0.085575529799268413,0.25670363825767739,0.047998359907833965,0.29428080814911184
explicit_probability__seed_000053__repr_direct__parallel_primitives,explicit_probability__seed_000053,explicit_probability,direct,0.578947368421,0.642,0.9549999999999998,0.6504444444444444,0.31890634089586967,0.27429550486029353,0.89629380663988634,0.423493176,0.4113900943603088,0.9999984625920461,0.30455555555555547,0.058706193360113512,0.24584936219544196,0.04499846259204621,0.25955709296350926
explicit_probability__seed_000053__repr_distractor__parallel_primitives,explicit_probability__seed_000053,explicit_probability,distractor,0.578947368421,0.642,0.9490000000000001,0.6457568679790903,0.3195396543950577,0.27694634576310262,0.89309674903809833,0.39845566366366364,0.4039397306326127,0.9999984514319536,0.3032431320209098,0.05590325096190174,0.24733988105900806,0.050998451431953584,0.2522446805889562
explicit_probability__seed_000053__repr_prose__parallel_primitives,explicit_probability__seed_000053,explicit_probability,prose,0.578947368421,0.627,0.924,0.6556556556556555,0.2904159570826239,0.27131251347800217,0.89977619731756209,0.4023935135135135,0.41116921250751715,0.9999984748114865,0.2683443443443445,0.024223802682437956,0.24412054166190655,0.07599847481148647,0.19234586953285804
explicit_probability__seed_000053__repr_ratio__parallel_primitives,explicit_probability__seed_000053,explicit_probability,ratio,0.578947368421,0.586,0.943,0.6831111111111111,0.275597973371038,0.25497960113275669,0.91690256018457839,0.40945287999999996,0.4334680896890435,0.9999985361114467,0.25988888888888884,0.026097439815421564,0.23379144907346727,0.056998536111446785,0.20289035277744205
explicit_probability__seed_000054__repr_direct__parallel_primitives,explicit_probability__seed_000054,explicit_probability,direct,0.631578947368,0.662,0.961,0.6749999999999999,0.29760665972944855,0.25991165070040867,0.91205327125985691,0.338213648,0.40069940914035557,0.9999985185207133,0.28600000000000003,0.048946728740143053,0.23705327125985698,0.03899851852071334,0.2470014814792867
explicit_probability__seed_000054__repr_distractor__parallel_primitives,explicit_probability__seed_000054,explicit_probability,distractor,0.631578947368,0.662,0.9559999999999998,0.657888888888889,0.31183170618317047,0.27002261616439388,0.90124557754387669,0.352612176,0.3976460129232854,0.9999984799887993,0.2981111111111109,0.054754422456123164,0.24335668865498772,0.043998479988799466,0.2541126311223114
explicit_probability__seed_000054__repr_prose__parallel_primitives,explicit_probability__seed_000054,explicit_probability,prose,0.631578947368,0.659,0.945,0.6891111111111111,0.27078189300411515,0.25127434684219402,0.92037865699503407,0.342619064,0.4066233732609186,0.9999985488573138,0.25588888888888883,0.024621343004965879,0.23126754588392295,0.05499854885731381,0.20089034003157502
explicit_probability__seed_000054__repr_ratio__parallel_primitives,explicit_probability__seed_000054,explicit_probability,ratio,0.631578947368,0.652,0.959,0.6804582360137916,0.29045022313473234,0.25660247343976278,0.91533562017932579,0.4102178978978979,0.4330254604072528,0.999998530404252,0.27854176398620833,0.043664379820674171,0.23487738416553416,0.040998530404252054,0.23754323358195628
explicit_probability__seed_000055__repr_direct__parallel_primitives,explicit_probability__seed_000055,explicit_probability,direct,0.684210526316,0.69,0.969,0.6956666666666667,0.2820777433780529,0.24717115620724645,0.92407015539135873,0.29914972799999995,0.3998427466991955,0.9999985625320137,0.2733333333333333,0.044929844608641245,0.22840348872469207,0.030998562532013718,0.2423347708013196
explicit_probability__seed_000055__repr_distractor__parallel_primitives,explicit_probability__seed_000055,explicit_probability,distractor,0.684210526316,0.69,0.961,0.6808888888888889,0.29147878367441327,0.25633966916656831,0.91559124597355634,0.30902456,0.3941775800963617,0.9999985313337498,0.2801111111111111,0.045408754026443621,0.23470235708466747,0.038998531333749864,0.24111257977736122
explicit_probability__seed_000055__repr_prose__parallel_primitives,explicit_probability__seed_000055,explicit_probability,prose,0.684210526316,0.689,0.95,0.7044444444444444,0.25847953216374264,0.24158808827363074,0.9288414825143253,0.30108296,0.40556109174493565,0.9999985804436556,0.24555555555555553,0.021158517485674655,0.22439703806988087,0.04999858044365568,0.19555697511189984
explicit_probability__seed_000055__repr_ratio__parallel_primitives,explicit_probability__seed_000055,explicit_probability,ratio,0.684210526316,0.69,0.953,0.728395061728395,0.23568199189045647,0.22584392713494156,0.94088916596971517,0.29594507307307305,0.4262722667937846,0.999998627120529,0.224604938271605,0.012110834030284789,0.2124941042413202,0.046998627120529046,0.17760631115107595
explicit_probability__seed_000056__repr_direct__parallel_primitives,explicit_probability__seed_000056,explicit_probability,direct,0.736842105263,0.742,0.9730000000000001,0.7325555555555555,0.24711659244033357,0.22303386250505183,0.94284103283757148,0.23283261599999996,0.39052631895586076,0.9999986349176833,0.24044444444444457,0.030158967162428607,0.21028547728201596,0.026998634917683173,0.2134458095267614
explicit_probability__seed_000056__repr_distractor__parallel_primitives,explicit_probability__seed_000056,explicit_probability,distractor,0.736842105263,0.742,0.968,0.7134912690468246,0.26292224272022247,0.23572829298522896,0.93355708774528134,0.24857235635635636,0.3917671516282339,0.9999985984431179,0.2545087309531754,0.034442912254718627,0.22006581869845676,0.03199859844311792,0.22251013251005747
explicit_probability__seed_000056__repr_prose__parallel_primitives,explicit_probability__seed_000056,explicit_probability,prose,0.736842105263,0.73,0.9559999999999998,0.7492222222222222,0.21629474662947457,0.21155756385267102,0.9502560844939375,0.22590103999999997,0.3925402244181936,0.9999986652842968,0.20677777777777762,0.005743915506062347,0.20103386227171527,0.04399866528429697,0.16277911249348065
explicit_probability__seed_000056__repr_ratio__parallel_primitives,explicit_probability__seed_000056,explicit_probability,ratio,0.736842105263,0.747,0.966,0.773,0.19979296066252583,0.19458645802759475,0.9597554047911504,0.20446818399999997,0.41326675303155536,0.9999987063406127,0.19299999999999995,0.0062445952088495682,0.18675540479115038,0.03399870634061275,0.1590012936593872
explicit_probability__seed_000057__repr_direct__parallel_primitives,explicit_probability__seed_000057,explicit_probability,direct,0.789473684211,0.768,0.9719999999999999,0.7451111111111111,0.2334247828074988,0.21442080947564196,0.94848631442714848,0.20458442399999996,0.3718250911854546,0.9999986579200835,0.2268888888888888,0.023513685572851384,0.20337520331603742,0.027998657920083603,0.1988902309688052
explicit_probability__seed_000057__repr_distractor__parallel_primitives,explicit_probability__seed_000057,explicit_probability,distractor,0.789473684211,0.786,0.97,0.7342222222222222,0.24306987399770907,0.22190199839518715,0.94361149971841884,0.21555531999999997,0.3739990342001192,0.9999986380163828,0.23577777777777775,0.026388500281581129,0.20938927749619662,0.029998638016382806,0.20577913976139495
explicit_probability__seed_000057__repr_prose__parallel_primitives,explicit_probability__seed_000057,explicit_probability,prose,0.789473684211,0.746,0.952,0.7568888888888889,0.20494864612511665,0.20616176017518595,0.95345481096491502,0.20791484,0.37407500340427113,0.9999986788038594,0.195111111111111,0.0014548109649150653,0.19365630014619595,0.04799867880385944,0.14711243230725157
explicit_probability__seed_000057__repr_ratio__parallel_primitives,explicit_probability__seed_000057,explicit_probability,ratio,0.789473684211,0.783,0.975,0.7906795684573463,0.1890465964540038,0.18152094369143792,0.96603518729410776,0.17289218018018018,0.4002044643378446,0.9999987352667563,0.18432043154265365,0.0089648127058922222,0.17535561883676143,0.024998735266756333,0.15932169627589732
explicit_probability__seed_000058__repr_direct__parallel_primitives,explicit_probability__seed_000058,explicit_probability,direct,0.842105263158,0.8109999999999999,0.9789999999999999,0.7756666666666666,0.2076949267960504,0.19263993813997121,0.96074441046743686,0.16098717599999998,0.33183745448033175,0.9999987107880823,0.20333333333333325,0.01825558953256301,0.18507774380077024,0.020998710788082464,0.1823346225452508
explicit_probability__seed_000058__repr_distractor__parallel_primitives,explicit_probability__seed_000058,explicit_probability,distractor,0.842105263158,0.829,0.97,0.7645290581162324,0.21182571328223465,0.20071226045737756,0.956512930567057,0.1778585410821643,0.34950918189137026,0.9999986920069532,0.20547094188376758,0.013487069432942977,0.1919838724508246,0.029998692006953265,0.1754722498768143
explicit_probability__seed_000058__repr_prose__parallel_primitives,explicit_probability__seed_000058,explicit_probability,prose,0.842105263158,0.787,0.958,0.7787777777777778,0.18707956390628622,0.19035809205810614,0.96187928285163438,0.18429954399999998,0.34801047798954143,0.9999987159383017,0.17922222222222217,0.0038792828516344136,0.17534293937058776,0.041998715938301734,0.13722350628392044
explicit_probability__seed_000058__repr_ratio__parallel_primitives,explicit_probability__seed_000058,explicit_probability,ratio,0.842105263158,0.825,0.9800000000000001,0.8131819193943441,0.1702225312302612,0.16435157488174754,0.97311488294765935,0.14841419639278555,0.3623039359052131,0.9999987702643819,0.16681808060565595,0.006885117052340739,0.15993296355331521,0.019998770264381793,0.14681931034127416
explicit_probability__seed_000059__repr_direct__parallel_primitives,explicit_probability__seed_000059,explicit_probability,direct,0.894736842105,0.8539999999999999,0.976,0.7996666666666666,0.18066939890710387,0.17473563260071781,0.96898242339811236,0.13898482399999998,0.2979642071297645,0.9999987494805134,0.17633333333333334,0.0070175766018876207,0.16931575673144572,0.023998749480513393,0.15233458385281995
explicit_probability__seed_000059__repr_distractor__parallel_primitives,explicit_probability__seed_000059,explicit_probability,distractor,0.894736842105,0.8720000000000001,0.978,0.7877777777777777,0.1945012497159737,0.18369122914031841,0.96504877308636905,0.15013433599999998,0.31822631915057414,0.9999987306080993,0.1902222222222223,0.012951226913630931,0.17727099530859136,0.021998730608099315,0.16822349161412298
explicit_probability__seed_000059__repr_prose__parallel_primitives,explicit_probability__seed_000059,explicit_probability,prose,0.894736842105,0.828,0.968,0.8055555555555556,0.1678145087235996,0.17023752182487298,0.97082668443527476,0.150448096,0.3169508216393531,0.9999987586222306,0.1624444444444444,0.0028266844352747844,0.15961776000916961,0.03199875862223067,0.13044568582221372
explicit_probability__seed_000059__repr_ratio__parallel_primitives,explicit_probability__seed_000059,explicit_probability,ratio,0.894736842105,0.8560000000000001,0.984,0.8677777777777776,0.11811201445347796,0.12025647548437438,0.98639859640406424,0.09451511999999998,0.2619127160807122,0.99999884763257,0.11622222222222234,0.0023985964040642571,0.11382362581815808,0.01599884763256998,0.10022337458965236
explicit_probability__seed_000060__repr_direct__parallel_primitives,explicit_probability__seed_000060,explicit_probability,direct,0.947368421053,0.916,0.9800000000000001,0.834,0.14897959183673481,0.14793943670743959,0.97880366247350981,0.10910165599999999,0.24802049469559265,0.9999988009606703,0.14600000000000013,0.0011963375264902876,0.14480366247350984,0.019998800960670193,0.12600119903932994
explicit_probability__seed_000060__repr_distractor__parallel_primitives,explicit_probability__seed_000060,explicit_probability,distractor,0.947368421053,0.93,0.978,0.8151111111111111,0.16655305612360827,0.16285184218195689,0.97367604945297892,0.12566866399999999,0.2732549468906154,0.9999987731748966,0.16288888888888886,0.0043239505470210604,0.1585649383418678,0.021998773174896624,0.14089011571399224
explicit_probability__seed_000060__repr_prose__parallel_primitives,explicit_probability__seed_000060,explicit_probability,prose,0.947368421053,0.8699999999999999,0.97,0.8314444444444444,0.1428407789232531,0.14998110288466893,0.97814818854742891,0.124935176,0.27111139155761155,0.9999987972752672,0.13855555555555554,0.0081481885474289362,0.13040736700812661,0.02999879727526722,0.10855675828028832
explicit_probability__seed_000060__repr_ratio__parallel_primitives,explicit_probability__seed_000060,explicit_probability,ratio,0.947368421053,0.932,0.99,0.8887777777777778,0.10224466891133555,0.10240296576914228,0.9901745926994544,0.07145963999999999,0.208935101954121,0.9999988748606233,0.10122222222222221,0.00017459269945441225,0.1010476295227678,0.009998874860623341,0.09122334736159887
explicit_probability__seed_000061__repr_direct__parallel_primitives,explicit_probability__seed_000061,explicit_probability,direct,1.0,0.983,1.0,0.9888888888888889,0.011111111111111072,0.010804678878437274,0.9996902207014825,0.0007408799999999999,0.002208129156532949,0.9910773156058565,0.011111111111111072,0.00030977929851749852,0.010801331812593573,0.008922684394143454,0.0021884267169676175
explicit_probability__seed_000061__repr_distractor__parallel_primitives,explicit_probability__seed_000061,explicit_probability,distractor,1.0,0.9879999999999999,1.0,1.0,0.0,0,1,0.0,0.0,0.999999,0.0,0,0,1.0000000000287557e-06,-1.0000000000287557e-06
explicit_probability__seed_000061__repr_prose__parallel_primitives,explicit_probability__seed_000061,explicit_probability,prose,1.0,0.99,1.0,1.0,0.0,0,1,0.0,0.0,0.999999,0.0,0,0,1.0000000000287557e-06,-1.0000000000287557e-06
explicit_probability__seed_000061__repr_ratio__parallel_primitives,explicit_probability__seed_000061,explicit_probability,ratio,1.0,0.986,1.0,0.9893333333333333,0.010666666666666713,0.010374878300155377,0.99970515262788584,0.0004445279999999999,0.0013248774939197696,0.9906458176816254,0.010666666666666713,0.00029484737211415979,0.010371819294552553,0.009354182318374593,0.00131248434829212
frequency__seed_000042__repr_counts__parallel_primitives,frequency__seed_000042,frequency,counts,0.8,0.788,0.969,0.7978888888888889,0.17658525398463476,0.17608548669846313,0.96841222724872289,0.15132375199999998,0.31967704805495734,0.9999987466942319,0.1711111111111111,0.00058777275127708251,0.17052333835983402,0.03099874669423197,0.14011236441687913
frequency__seed_000042__repr_distractor__parallel_primitives,frequency__seed_000042,frequency,distractor,0.8,0.786,0.954,0.7600579516326758,0.20329355174771935,0.20391009679338076,0.95473884114242857,0.1756404012036108,0.34934821004267225,0.9999986843125814,0.1939420483673242,0.00073884114242861454,0.19320320722489559,0.04599868431258147,0.14794336405474273
frequency__seed_000042__repr_prose__parallel_primitives,frequency__seed_000042,frequency,prose,0.8,0.756,0.9490000000000001,0.7775553331108886,0.18065823697482764,0.19125609342064223,0.96143578552525544,0.1717111191191191,0.33806529775678323,0.9999987139195484,0.17144466688911142,0.012435785525255372,0.15900888136385605,0.050998713919548355,0.12044595296956306
frequency__seed_000042__repr_ratio__parallel_primitives,frequency__seed_000042,frequency,ratio,0.8,0.775,0.986,0.7877777777777778,0.20103673653369392,0.1836912291403183,0.96504877308636905,0.17070087199999998,0.35887259614244926,0.9999987306080993,0.1982222222222222,0.020951226913630938,0.17727099530859125,0.013998730608099308,0.18422349161412288
frequency__seed_000042__repr_scaled_counts__parallel_primitives,frequency__seed_000042,frequency,scaled_counts,0.8,0.785,0.97,0.8054444444444445,0.1696449026345933,0.17032277084282452,0.97079251561797386,0.141091792,0.3099303898609388,0.9999987584509827,0.16455555555555545,0.00079251561797388792,0.16376303993758157,0.029998758450982765,0.1345567971045727
frequency__seed_000042__repr_table__parallel_primitives,frequency__seed_000042,frequency,table,0.8,0.783,0.976,0.7803333333333333,0.20047814207650272,0.18921277540217565,0.96243910814012013,0.177144008,0.368356658358531,0.9999987184980113,0.19566666666666666,0.013560891859879853,0.1821057748067868,0.023998718498011273,0.17166794816865538
frequency__seed_000046__repr_counts__parallel_primitives,frequency__seed_000046,frequency,counts,0.65,0.635,0.944,0.6961111111111111,0.26259416195856866,0.24689091075600719,0.92431643841916855,0.321191112,0.4127453595358893,0.9999985634497892,0.24788888888888883,0.019683561580831399,0.22820532730805743,0.05599856344978926,0.19189032543909956
frequency__seed_000046__repr_distractor__parallel_primitives,frequency__seed_000046,frequency,distractor,0.65,0.653,0.9400000000000001,0.723,0.23085106382978726,0.2294549505072763,0.93829685944511054,0.262274448,0.3972917516767534,0.9999986168760485,0.21700000000000008,0.0017031405548895151,0.21529685944511057,0.05999861687604846,0.15700138312395162
frequency__seed_000046__repr_prose__parallel_primitives,frequency__seed_000046,frequency,prose,0.65,0.689,0.9359999999999999,0.7194444444444444,0.23136277302943964,0.23181435535673833,0.93655023295644613,0.28050435999999995,0.3926926650501102,0.999998610040542,0.2165555555555555,0.00055023295644618386,0.21600532259910932,0.06399861004054208,0.15255694551501342
frequency__seed_000046__repr_ratio__parallel_primitives,frequency__seed_000046,frequency,ratio,0.65,0.672,0.97,0.7384050717384051,0.23875765800164417,0.21904585834003348,0.94551655769297693,0.27302862862862864,0.42214486473826085,0.9999986457316126,0.2315949282615949,0.02448344230702304,0.20711148595457185,0.029998645731612594,0.2015962825299823
frequency__seed_000046__repr_scaled_counts__parallel_primitives,frequency__seed_000046,frequency,scaled_counts,0.65,0.633,0.944,0.7143333333333333,0.2432909604519774,0.23517745763154294,0.93398572055842943,0.291386392,0.4123265244658283,0.999998600095287,0.22966666666666669,0.010014279441570517,0.21965238722509617,0.05599860009528701,0.17366806657137968
frequency__seed_000046__repr_table__parallel_primitives,frequency__seed_000046,frequency,table,0.65,0.662,0.958,0.7196666666666667,0.24878218510786354,0.23166736890673312,0.93666029209594681,0.283941856,0.40467024316190725,0.99999861046974,0.23833333333333329,0.021339707904053151,0.21699362542928013,0.04199861046974007,0.19633472286359321
frequency__seed_000050__repr_counts__parallel_primitives,frequency__seed_000050,frequency,counts,0.29,0.302,0.476,0.2777777777777778,0.4164332399626517,0.36659186351987533,0.43854469461254542,0.332260304,0.40125498877789,0.463933348205775,0.1982222222222222,0.037455305387454563,0.16076691683476763,0.012066651794225003,0.18615557042799719
frequency__seed_000050__repr_distractor__parallel_primitives,frequency__seed_000050,frequency,distractor,0.29,0.309,0.5900000000000001,0.30497163830497165,0.48309891812716677,0.37006858676608878,0.48413467228015045,0.38789151551551554,0.3891945917448705,0.49929426652618464,0.28502836169502843,0.10586532771984963,0.1791630339751788,0.09070573347381544,0.194322628221213
frequency__seed_000050__repr_prose__parallel_primitives,frequency__seed_000050,frequency,prose,0.29,0.34500000000000003,0.507,0.3100878656434212,0.38838685277431717,0.37048688720913109,0.49258364812876554,0.42081025025025026,0.4064243357528255,0.5224066354484095,0.19691213435657878,0.014416351871234467,0.18249578248534432,0.015406635448409478,0.1815054989081693
frequency__seed_000050__repr_ratio__parallel_primitives,frequency__seed_000050,frequency,ratio,0.29,0.294,0.266,0.2292362502783344,0.13820958541979544,0.35458893819706017,0.35517868199836644,0.23207839679358713,0.38991239173806763,0.37574316733198604,0.0367637497216656,0.089178681998366427,-0.052414932276700826,0.10974316733198602,-0.07297941761032042
frequency__seed_000050__repr_scaled_counts__parallel_primitives,frequency__seed_000050,frequency,scaled_counts,0.29,0.296,0.41600000000000004,0.2581111111111111,0.3795405982905983,0.36267928607960276,0.4049940720165417,0.291846864,0.4021686281221639,0.4317456782175273,0.1578888888888889,0.011005927983458341,0.14688296090543057,0.01574567821752726,0.14214321067136165
frequency__seed_000050__repr_table__parallel_primitives,frequency__seed_000050,frequency,table,0.29,0.311,0.5650000000000001,0.2826666666666667,0.49970501474926254,0.36737742094151671,0.44681722724369494,0.353326304,0.40344412563338494,0.47383100026763475,0.2823333333333334,0.11818277275630512,0.16415056057702826,0.09116899973236531,0.19116433360096807
frequency__seed_000054__repr_counts__parallel_primitives,frequency__seed_000054,frequency,counts,0.2,0.23000000000000004,0.337,0.2275608942275609,0.32474512098646624,0.35402757854307415,0.35227648529378419,0.2509187107107107,0.36683493702006886,0.35940216466866826,0.10943910577243912,0.01527648529378417,0.094162620478654951,0.022402164668668234,0.08703694110377089
frequency__seed_000054__repr_distractor__parallel_primitives,frequency__seed_000054,frequency,distractor,0.2,0.23900000000000002,0.504,0.2693804916027138,0.46551489761366305,0.36507120831337636,0.42426882373239366,0.3342933893893894,0.3778833349640829,0.43300639050902373,0.23461950839728618,0.079731176267606341,0.15488833212967984,0.07099360949097627,0.1636258989063099
frequency__seed_000054__repr_prose__parallel_primitives,frequency__seed_000054,frequency,prose,0.2,0.297,0.369,0.2753864976087198,0.25369512843165365,0.36618108758119766,0.43448766234787795,0.32692179379379377,0.3643009024877452,0.4332025933124925,0.09361350239128019,0.065487662347877951,0.028125840043402239,0.0642025933124925,0.029410909078787684
frequency__seed_000054__repr_ratio__parallel_primitives,frequency__seed_000054,frequency,ratio,0.2,0.233,0.151,0.17088888888888887,0.0,0.32817165630978506,0.25436391675622277,0.15713164799999998,0.30829683264297825,0.24705523547311556,0.019888888888888873,0.10336391675622278,-0.083475027867333906,0.09605523547311556,-0.07616634658422669
frequency__seed_000054__repr_scaled_counts__parallel_primitives,frequency__seed_000054,frequency,scaled_counts,0.2,0.215,0.30300000000000005,0.2031111111111111,0.32966629996332975,0.34458492302669302,0.30989691608724346,0.20782188799999998,0.3482540816664403,0.31164155447331865,0.09988888888888894,0.0068969160872434099,0.092991972801645534,0.008641554473318602,0.09124733441557034
frequency__seed_000054__repr_table__parallel_primitives,frequency__seed_000054,frequency,table,0.2,0.22800000000000004,0.55,0.2582222222222222,0.5305050505050506,0.36270488421488251,0.40518468732355595,0.31799052,0.38800951007528706,0.4219382922992621,0.29177777777777786,0.1448153126764441,0.14696246510133376,0.12806170770073794,0.16371607007703992
frequency__seed_000058__repr_counts__parallel_primitives,frequency__seed_000058,frequency,counts,0.12,0.164,0.29500000000000004,0.19211111111111112,0.34877589453860647,0.33952312671374635,0.29086727920577671,0.191681768,0.33496681990155386,0.28887447553018714,0.10288888888888892,0.0041327207942233324,0.098756168094665586,0.006125524469812904,0.09676336441907601
frequency__seed_000058__repr_distractor__parallel_primitives,frequency__seed_000058,frequency,distractor,0.12,0.151,0.48200000000000004,0.20955555555555555,0.5652374366067312,0.34730847880607069,0.32106370122937739,0.224346528,0.34865392443546334,0.3217269028203308,0.2724444444444445,0.16093629877062265,0.11150814567382183,0.16027309717966925,0.11217134726477523
frequency__seed_000058__repr_prose__parallel_primitives,frequency__seed_000058,frequency,prose,0.12,0.227,0.24900000000000003,0.2142222222222222,0.13966979027220006,0.34917346422501883,0.32915409935941531,0.236275032,0.3274819715305874,0.3185375159529503,0.034777777777777824,0.080154099359415282,-0.045376321581637458,0.0695375159529503,-0.03475973817517247
frequency__seed_000058__repr_ratio__parallel_primitives,frequency__seed_000058,frequency,ratio,0.12,0.17099999999999999,0.10600000000000001,0.14366666666666666,0.0,0.31013300287227019,0.20825270271635649,0.11500084,0.27466718896930986,0.1980699955686795,0.037666666666666654,0.10225270271635648,-0.064586036049689821,0.09206999556867948,-0.054403328902012826
frequency__seed_000058__repr_scaled_counts__parallel_primitives,frequency__seed_000058,frequency,scaled_counts,0.12,0.144,0.242,0.1632222222222222,0.32552800734618914,0.3235131866602261,0.24127923708727464,0.141409232,0.30307709033165864,0.23420412782799468,0.07877777777777778,0.00072076291272535342,0.078057014865052426,0.007795872172005308,0.07098190560577247
frequency__seed_000058__repr_table__parallel_primitives,frequency__seed_000058,frequency,table,0.12,0.166,0.533,0.21811111111111112,0.5907859078590786,0.35066056234532877,0.33589691071113714,0.242912504,0.35714787587950647,0.33928659940187,0.3148888888888889,0.19710308928886289,0.117785799600026,0.19371340059813003,0.12117548829075886
sequential_bayes__seed_000042__repr_direct__parallel_primitives,sequential_bayes__seed_000042,sequential_bayes,direct,0.7626689672812239,0.741,0.916,0.6738888888888889,0.26431344007763224,0.26058034717474027,0.91137540950394902,0.394833632,0.43260003186726076,0.999998516078047,0.24211111111111117,0.0046245904960510176,0.23748652061506015,0.08399851607804698,0.15811259503306418
sequential_bayes__seed_000042__repr_prose__parallel_primitives,sequential_bayes__seed_000042,sequential_bayes,prose,0.7626689672812239,0.766,0.978,0.7707777777777778,0.21188366280390813,0.19620194849438452,0.95891968926027316,0.1852044,0.35633349872424275,0.9999987026108802,0.2072222222222222,0.019080310739726825,0.18814191148249537,0.021998702610880216,0.18522351961134198
sequential_bayes__seed_000042__repr_table__parallel_primitives,sequential_bayes__seed_000042,sequential_bayes,table,0.7626689672812239,0.735,0.9349999999999999,0.6826826826826827,0.2698580933875051,0.25524232892533749,0.91665075661133177,0.3790146466466467,0.43434786184240015,0.9999985351927615,0.2523173173173172,0.018349243388668168,0.23396807392864905,0.06499853519276155,0.18731878212455566
sequential_bayes__seed_000043__repr_direct__parallel_primitives,sequential_bayes__seed_000043,sequential_bayes,direct,0.077757405790055,0.24100000000000002,0.292,0.263,0.09931506849315064,0.36376732451281185,0.41337078420030954,0.234843944,0.29303415224144774,0.37201231266523854,0.02899999999999997,0.12137078420030956,-0.092370784200309586,0.08001231266523856,-0.05101231266523859
sequential_bayes__seed_000043__repr_prose__parallel_primitives,sequential_bayes__seed_000043,sequential_bayes,prose,0.077757405790055,0.178,0.33199999999999996,0.17722222222222223,0.46619812583667997,0.33178955908822116,0.26521917553458307,0.15178699999999998,0.26610156900493526,0.24148058469335248,0.15477777777777774,0.066780824465416888,0.087996953312360848,0.09051941530664748,0.06425836247113026
sequential_bayes__seed_000043__repr_table__parallel_primitives,sequential_bayes__seed_000043,sequential_bayes,table,0.077757405790055,0.251,0.29700000000000004,0.28388888888888886,0.04414515525626661,0.36756254108802466,0.44888057291432737,0.22400176,0.2958933247643178,0.4031901682992341,0.013111111111111184,0.15188057291432733,-0.13876946180321614,0.10619016829923406,-0.09307905718812287
sequential_bayes__seed_000044__repr_direct__parallel_primitives,sequential_bayes__seed_000044,sequential_bayes,direct,0.11267528685894272,0.24700000000000003,0.23700000000000002,0.22099999999999997,0.06751054852320693,0.35172655357218868,0.34090552562005871,0.19707775199999997,0.3012882984687995,0.31629640596498776,0.016000000000000042,0.1039055256200587,-0.087905525620058655,0.07929640596498774,-0.0632964059649877
sequential_bayes__seed_000044__repr_prose__parallel_primitives,sequential_bayes__seed_000044,sequential_bayes,prose,0.11267528685894272,0.207,0.317,0.20133333333333334,0.3648790746582544,0.34380266905932505,0.30681827529642197,0.18287292,0.27858964745538844,0.2790829555234072,0.11566666666666667,0.010181724703578032,0.10548494196308864,0.03791704447659283,0.07774962219007384
sequential_bayes__seed_000044__repr_table__parallel_primitives,sequential_bayes__seed_000044,sequential_bayes,table,0.11267528685894272,0.268,0.236,0.238,0.0,0.35735612329984345,0.37034508322413462,0.22175803999999996,0.31481536545037725,0.34735163049363954,0.0020000000000000018,0.13434508322413463,-0.13234508322413463,0.11135163049363955,-0.10935163049363955
sequential_bayes__seed_000045__repr_direct__parallel_primitives,sequential_bayes__seed_000045,sequential_bayes,direct,0.3509406267523842,0.332,0.6,0.38265419728345584,0.3622430045275735,0.36920219387503028,0.60661941682093734,0.59276248496994,0.4290913362093122,0.6702546686587828,0.21734580271654413,0.0066194168209373627,0.21072638589560677,0.07025466865878283,0.1470911340577613
sequential_bayes__seed_000045__repr_prose__parallel_primitives,sequential_bayes__seed_000045,sequential_bayes,prose,0.3509406267523842,0.383,0.8390000000000001,0.44955555555555554,0.4641769302079195,0.35750114123952015,0.69969860557082708,0.656985488,0.41335841830015047,0.7663206454832706,0.38944444444444454,0.139301394429173,0.25014305001527154,0.07267935451672947,0.31676508992771507
sequential_bayes__seed_000045__repr_table__parallel_primitives,sequential_bayes__seed_000045,sequential_bayes,table,0.3509406267523842,0.346,0.623,0.41474808141474806,0.3342727425124429,0.36474328597531536,0.65288264139248731,0.6177911511511511,0.4277852840787743,0.7248119803193679,0.20825191858525194,0.029882641392487308,0.17836927719276463,0.10181198031936789,0.10643993826588405
sequential_bayes__seed_000046__repr_direct__parallel_primitives,sequential_bayes__seed_000046,sequential_bayes,direct,0.2207423923319519,0.22400000000000003,0.277,0.3315555555555556,0.0,0.37147449701072255,0.52751328940301079,0.43214913600000004,0.4081918544317372,0.5602416222865455,0.05455555555555558,0.25051328940301076,-0.19595773384745518,0.2832416222865455,-0.2286860667309899
sequential_bayes__seed_000046__repr_prose__parallel_primitives,sequential_bayes__seed_000046,sequential_bayes,prose,0.2207423923319519,0.266,0.678,0.35744444444444445,0.4727958046542118,0.37110116351889422,0.5683655680529841,0.54359084,0.4057515169789282,0.6015067007445262,0.3205555555555556,0.10963443194701594,0.21092112360853965,0.07649329925547388,0.24406225630008171
sequential_bayes__seed_000046__repr_table__parallel_primitives,sequential_bayes__seed_000046,sequential_bayes,table,0.2207423923319519,0.252,0.32599999999999996,0.3502222222222222,0.0,0.37137074028964617,0.55712045981377012,0.46254508,0.40537066651094306,0.5889756903973312,0.024222222222222256,0.23112045981377016,-0.20689823759154791,0.26297569039733126,-0.238753468175109
sequential_bayes__seed_000047__repr_direct__parallel_primitives,sequential_bayes__seed_000047,sequential_bayes,direct,0.7887928911656144,0.475,0.664,0.4329885440996552,0.3479088191270253,0.361248962228433,0.67786746086587568,0.24124854454454453,0.3370480827719194,0.6531220935449693,0.23101145590034483,0.013867460865875647,0.21714399503446918,0.010877906455030728,0.2201335494453141
sequential_bayes__seed_000047__repr_prose__parallel_primitives,sequential_bayes__seed_000047,sequential_bayes,prose,0.7887928911656144,0.758,0.9650000000000001,0.7552222222222222,0.21738629821531386,0.20734096709206315,0.95277059980206813,0.21152551199999997,0.3827251939404383,0.9999986758881737,0.20977777777777784,0.01222940019793195,0.19754837757984589,0.034998675888173625,0.17477910188960422
sequential_bayes__seed_000047__repr_table__parallel_primitives,sequential_bayes__seed_000047,sequential_bayes,table,0.7887928911656144,0.46299999999999997,0.631,0.47944444444444445,0.2401831308328931,0.34941693137511881,0.73694577612945322,0.265308416,0.3467620719233864,0.7339507151033242,0.15155555555555555,0.10594577612945322,0.045609779426102337,0.10295071510332421,0.048604840452231346
sequential_bayes__seed_000048__repr_direct__parallel_primitives,sequential_bayes__seed_000048,sequential_bayes,direct,0.9751627237748509,0.925,0.977,0.838,0.14227226202661214,0.14472874856034562,0.97980611249287042,0.112659056,0.25354081758692504,0.9999988066840015,0.139,0.0028061124928704384,0.13619388750712957,0.02299880668400156,0.11600119331599845
sequential_bayes__seed_000048__repr_prose__parallel_primitives,sequential_bayes__seed_000048,sequential_bayes,prose,0.9751627237748509,0.9349999999999999,0.9879999999999999,0.8515555555555555,0.13810166441745386,0.13371245191792444,0.98299410795048825,0.10001266399999999,0.2346681568835642,0.9999988256798759,0.13644444444444437,0.0050058920495116288,0.13143855239493274,0.01199882567987598,0.12444561876456839
sequential_bayes__seed_000048__repr_table__parallel_primitives,sequential_bayes__seed_000048,sequential_bayes,table,0.9751627237748509,0.929,0.9800000000000001,0.8377777777777777,0.14512471655328807,0.14490760059414884,0.97975116883262647,0.11272625599999998,0.253102990215826,0.9999988063674725,0.14222222222222236,0.00024883116737361988,0.14197339105484874,0.01999880636747242,0.12222341585474994
sequential_bayes__seed_000049__repr_direct__parallel_primitives,sequential_bayes__seed_000049,sequential_bayes,direct,0.8003900273948994,0.755,0.93,0.7054444444444444,0.24145758661887695,0.24094561987226915,0.92937273390838593,0.323812232,0.4249855336256232,0.9999985824559392,0.22455555555555562,0.00062726609161412039,0.2239282894639415,0.06999858245593915,0.15455697309961647
sequential_bayes__seed_000049__repr_prose__parallel_primitives,sequential_bayes__seed_000049,sequential_bayes,prose,0.8003900273948994,0.791,0.977,0.8034444444444444,0.17764130558398727,0.17185476351618978,0.97017335733978016,0.14835481599999997,0.31561834722501814,0.9999987553604206,0.17355555555555557,0.0068266426602198171,0.16672891289533576,0.02299875536042062,0.15055680019513495
sequential_bayes__seed_000049__repr_table__parallel_primitives,sequential_bayes__seed_000049,sequential_bayes,table,0.8003900273948994,0.75,0.9469999999999998,0.7176666666666667,0.24216825061598013,0.23298795595519678,0.93566544650600803,0.298749504,0.4208622589721549,0.9999986065973899,0.22933333333333317,0.011334553493991817,0.21799877983934135,0.052998606597390086,0.17633472673594308
sequential_bayes__seed_000050__repr_direct__parallel_primitives,sequential_bayes__seed_000050,sequential_bayes,direct,0.02762280113741506,0.11099999999999999,0.06,0.09376042709376042,0.0,0.26378852583229251,0.12735529176553148,0.0672083043043043,0.1833674265974628,0.11481347933882098,0.033760427093760426,0.067355291765531483,-0.033594864671771058,0.05481347933882098,-0.021053052245060558
sequential_bayes__seed_000050__repr_prose__parallel_primitives,sequential_bayes__seed_000050,sequential_bayes,prose,0.02762280113741506,0.092,0.16699999999999998,0.12434656879101323,0.25540976771848356,0.29452598505235777,0.17625960156766624,0.09557366966966967,0.21255961972126475,0.157912359977015,0.04265343120898675,0.0092596015676662535,0.033393829641320497,0.009087640022984983,0.03356579118600177
sequential_bayes__seed_000050__repr_table__parallel_primitives,sequential_bayes__seed_000050,sequential_bayes,table,0.02762280113741506,0.11200000000000002,0.083,0.10264125710464726,0.0,0.27359099446581325,0.14129953830785305,0.07969913741223669,0.19513017056990337,0.1275252883777795,0.01964125710464726,0.058299538307853047,-0.038658281203205788,0.044525288377779484,-0.024884031273132226
sequential_bayes__seed_000051__repr_direct__parallel_primitives,sequential_bayes__seed_000051,sequential_bayes,direct,0.07608014616604873,0.144,0.121,0.16666666666666666,0.0,0.32564481569446818,0.24714967801175022,0.156728128,0.22897410926990816,0.21616221798835883,0.04566666666666666,0.12614967801175023,-0.080483011345083566,0.09516221798835883,-0.04949555132169217
sequential_bayes__seed_000051__repr_prose__parallel_primitives,sequential_bayes__seed_000051,sequential_bayes,prose,0.07608014616604873,0.156,0.516,0.25166666666666665,0.5122739018087856,0.36112429102315924,0.393921169846496,0.296325392,0.33022339178702204,0.3757471723865292,0.26433333333333336,0.12207883015350401,0.14225450317982935,0.1402528276134708,0.12408050571986257
sequential_bayes__seed_000051__repr_table__parallel_primitives,sequential_bayes__seed_000051,sequential_bayes,table,0.07608014616604873,0.16799999999999998,0.139,0.1850739628517406,0.0,0.33599889930939919,0.27872538563453075,0.18373215615615615,0.25312110901558355,0.24779648358759435,0.04607396285174059,0.13972538563453074,-0.09365142278279015,0.10879648358759433,-0.06272252073585374
sequential_bayes__seed_000052__repr_direct__parallel_primitives,sequential_bayes__seed_000052,sequential_bayes,direct,0.15389933510803008,0.298,0.281,0.28539650761872987,0.0,0.36778473533275818,0.45142299398440583,0.27920173773773777,0.3413161685388356,0.4332830016270966,0.004396507618729839,0.1704229939844058,-0.16602648636567596,0.15228300162709657,-0.14788649400836673
sequential_bayes__seed_000052__repr_prose__parallel_primitives,sequential_bayes__seed_000052,sequential_bayes,prose,0.15389933510803008,0.211,0.481,0.248,0.4844074844074844,0.36017698303990181,0.38760718734109906,0.267634184,0.3518179782221666,0.3826085754735772,0.23299999999999998,0.093392812658900926,0.13960718734109906,0.0983914245264228,0.13460857547357719
sequential_bayes__seed_000052__repr_table__parallel_primitives,sequential_bayes__seed_000052,sequential_bayes,table,0.15389933510803008,0.268,0.225,0.27855555555555556,0.0,0.36672169423589251,0.43986277916066163,0.251301512,0.3244361722339324,0.4123304773091152,0.05355555555555555,0.21486277916066163,-0.16130722360510608,0.1873304773091152,-0.13377492175355965
sequential_bayes__seed_000053__repr_direct__parallel_primitives,sequential_bayes__seed_000053,sequential_bayes,direct,0.02247158859218456,0.089,0.039,0.10876605248464545,0.0,0.27990791493887968,0.15104464379081955,0.08386839798994974,0.19531573968177965,0.13516612396722266,0.06976605248464546,0.11204464379081955,-0.04227859130617409,0.09616612396722266,-0.026400071482577198
sequential_bayes__seed_000053__repr_prose__parallel_primitives,sequential_bayes__seed_000053,sequential_bayes,prose,0.02247158859218456,0.099,0.23399999999999999,0.15564462257849032,0.33485204026286186,0.31859341723408402,0.22841667003965388,0.14003627254509016,0.261560684931991,0.21077510284532416,0.07835537742150966,0.0055833299603461062,0.072772047461163558,0.023224897154675822,0.05513048026683384
sequential_bayes__seed_000053__repr_table__parallel_primitives,sequential_bayes__seed_000053,sequential_bayes,table,0.02247158859218456,0.089,0.045,0.12045378712045376,0.0,0.29105669446655524,0.16990609288540817,0.09693626426426424,0.2239811421136842,0.15522018040713625,0.07545378712045377,0.12490609288540817,-0.049452305764954407,0.11022018040713626,-0.03476639328668249
sequential_bayes__seed_000054__repr_direct__parallel_primitives,sequential_bayes__seed_000054,sequential_bayes,direct,0.6251234123859295,0.429,0.557,0.335,0.3985637342908438,0.37152106353495468,0.53303297940937755,0.27714522399999997,0.3509043388778927,0.5161026641602833,0.22200000000000003,0.023967020590622501,0.19803297940937753,0.040897335839716775,0.18110266416028326
sequential_bayes__seed_000054__repr_prose__parallel_primitives,sequential_bayes__seed_000054,sequential_bayes,prose,0.6251234123859295,0.668,0.953,0.697111111111111,0.2685088026116358,0.24625940361158713,0.92486873395350477,0.3396046,0.40009774575671714,0.9999985655105055,0.25588888888888894,0.028131266046495185,0.22775762284239376,0.04699856551050552,0.20889032337838342
sequential_bayes__seed_000054__repr_table__parallel_primitives,sequential_bayes__seed_000054,sequential_bayes,table,0.6251234123859295,0.48,0.622,0.4093333333333333,0.34190782422293675,0.36564934433665758,0.64527927839105359,0.297482264,0.3548068006157077,0.6344352881027885,0.21266666666666667,0.023279278391053593,0.18938738827561308,0.012435288102788489,0.20023137856387818
sequential_bayes__seed_000055__repr_direct__parallel_primitives,sequential_bayes__seed_000055,sequential_bayes,direct,0.9948143100686025,0.923,0.976,0.8381111111111111,0.14127959927140255,0.14463930137282086,0.9798335514552482,0.10888829599999998,0.24194788840332063,0.9999988068422031,0.13788888888888884,0.0038335514552482186,0.13405533743364062,0.023998806842203124,0.11389008204668571
sequential_bayes__seed_000055__repr_prose__parallel_primitives,sequential_bayes__seed_000055,sequential_bayes,prose,0.9948143100686025,0.944,0.99,0.8581915248581916,0.13313987388061455,0.12824373652922119,0.9844397577843822,0.0980151991991992,0.22244100626506488,0.9999988347603002,0.13180847514180838,0.0055602422156177944,0.12624823292619058,0.009998834760300168,0.12180964038150821
sequential_bayes__seed_000055__repr_table__parallel_primitives,sequential_bayes__seed_000055,sequential_bayes,table,0.9948143100686025,0.944,0.9810000000000001,0.8472222222222222,0.13636878468682756,0.1372567403686189,0.98200966830411351,0.10329735999999999,0.2357000507178864,0.9999988196735243,0.13377777777777788,0.0010096683041134202,0.13276810947366446,0.018998819673524237,0.11477895810425365
sequential_bayes__seed_000056__repr_direct__parallel_primitives,sequential_bayes__seed_000056,sequential_bayes,direct,0.6769462255144328,0.668,0.898,0.6464444444444445,0.2801286810195496,0.27655944747849143,0.89356954374661635,0.48194701599999995,0.43630826991087557,0.9999984530790516,0.25155555555555553,0.0044304562533836744,0.24712509930217186,0.10199845307905153,0.149557102476504
sequential_bayes__seed_000056__repr_prose__parallel_primitives,sequential_bayes__seed_000056,sequential_bayes,prose,0.6769462255144328,0.681,0.9629999999999999,0.7214444444444444,0.2508365062882195,0.23048918950096048,0.93753646420714565,0.29813345599999996,0.4055458979041053,0.9999986138938048,0.2415555555555554,0.025463535792854208,0.2160920197627012,0.03699861389380499,0.20455694166175042
sequential_bayes__seed_000056__repr_table__parallel_primitives,sequential_bayes__seed_000056,sequential_bayes,table,0.6769462255144328,0.656,0.931,0.6506666666666666,0.30110991765127115,0.27416907368164756,0.8964438453553597,0.46901719199999997,0.43587424099998423,0.999998463117116,0.28033333333333343,0.034556154644640347,0.24577717868869309,0.068998463117116,0.21133487021621744
sequential_bayes__seed_000057__repr_direct__parallel_primitives,sequential_bayes__seed_000057,sequential_bayes,direct,0.6583011485114412,0.658,0.882,0.6397777777777778,0.2746283698664651,0.28028269275114864,0.88892926616334167,0.457489456,0.4282179596960632,0.99999843695972,0.24222222222222223,0.006929266163341663,0.23529295605888056,0.11799843695972001,0.12422378526250222
sequential_bayes__seed_000057__repr_prose__parallel_primitives,sequential_bayes__seed_000057,sequential_bayes,prose,0.6583011485114412,0.67,0.967,0.7161111111111111,0.25945076410433177,0.23401151103156781,0.93488495117662718,0.3155268,0.40727441662725566,0.999998603570608,0.25088888888888883,0.032115048823372794,0.21877384006551603,0.03299860357060802,0.2178902853182808
sequential_bayes__seed_000057__repr_table__parallel_primitives,sequential_bayes__seed_000057,sequential_bayes,table,0.6583011485114412,0.64,0.898,0.6380825269714159,0.2894403931275993,0.28121944969751894,0.88772926132029384,0.481292972972973,0.4352167885909315,0.9999984328070579,0.25991747302858415,0.010270738679706182,0.24964673434887796,0.10199843280705789,0.15791904022152625
sequential_bayes__seed_000058__repr_direct__parallel_primitives,sequential_bayes__seed_000058,sequential_bayes,direct,0.008611190063057283,0.094,0.066,0.107,0.0,0.27812165679470047,0.14822442175629805,0.07468430399999999,0.17672350771380585,0.1299684868966279,0.040999999999999995,0.082224421756298044,-0.041224421756298049,0.0639684868966279,-0.022968486896627907
sequential_bayes__seed_000058__repr_prose__parallel_primitives,sequential_bayes__seed_000058,sequential_bayes,prose,0.008611190063057283,0.08499999999999999,0.122,0.11988888888888888,0.01730418943533707,0.29054350640697474,0.16898694982931864,0.08751403199999999,0.20012967677305513,0.14988540693098468,0.002111111111111119,0.046986949829318642,-0.044875838718207522,0.02788540693098468,-0.02577429581987356
sequential_bayes__seed_000058__repr_table__parallel_primitives,sequential_bayes__seed_000058,sequential_bayes,table,0.008611190063057283,0.088,0.043,0.10176843510176843,0.0,0.2726622867767407,0.13991909569871322,0.0759137057057057,0.18133249390139597,0.12430985026723532,0.058768435101768435,0.096919095698713223,-0.038150660596944788,0.08130985026723532,-0.022541415165466885
sequential_bayes__seed_000059__repr_direct__parallel_primitives,sequential_bayes__seed_000059,sequential_bayes,direct,0.03849325907238422,0.11699999999999999,0.062,0.11711711711711711,0.0,0.28798878987736148,0.16448774324345899,0.09520385985985985,0.21600871087809964,0.1493857377526384,0.055117117117117115,0.102487743243459,-0.04737062612634188,0.08738573775263839,-0.03226862063552127
sequential_bayes__seed_000059__repr_prose__parallel_primitives,sequential_bayes__seed_000059,sequential_bayes,prose,0.03849325907238422,0.11299999999999999,0.195,0.1537777777777778,0.21139601139601139,0.31733121461755098,0.22525971755340685,0.133070736,0.26212643429956317,0.20840667686990802,0.041222222222222216,0.03025971755340684,0.010962504668815376,0.013406676869908013,0.027815545352314203
sequential_bayes__seed_000059__repr_table__parallel_primitives,sequential_bayes__seed_000059,sequential_bayes,table,0.03849325907238422,0.118,0.046,0.11704151281190557,0.0,0.28791824250262621,0.16436527348102614,0.09326111581067473,0.2226316413311809,0.15056119985682176,0.07104151281190557,0.11836527348102614,-0.047323760669120571,0.10456119985682176,-0.03351968704491619
sequential_bayes__seed_000060__repr_direct__parallel_primitives,sequential_bayes__seed_000060,sequential_bayes,direct,0.10343497142093172,0.179,0.21400000000000002,0.2142222222222222,0.0,0.34917346422501883,0.32915409935941531,0.247899448,0.2789439087019204,0.2970950870639885,0.00022222222222217924,0.11515409935941529,-0.11493187713719311,0.0830950870639885,-0.08287286484176631
sequential_bayes__seed_000060__repr_prose__parallel_primitives,sequential_bayes__seed_000060,sequential_bayes,prose,0.10343497142093172,0.184,0.42699999999999994,0.2812222222222222,0.341399947957325,0.36715285527311048,0.4443762203329305,0.368451168,0.36287432006927456,0.4413920692269058,0.14577777777777773,0.01737622033293057,0.12840155744484716,0.01439206922690589,0.13138570855087184
sequential_bayes__seed_000060__repr_table__parallel_primitives,sequential_bayes__seed_000060,sequential_bayes,table,0.10343497142093172,0.183,0.307,0.2758888888888889,0.101339124140427,0.36626884751316841,0.43534058221103722,0.334981816,0.31954030348748397,0.4054448636750587,0.03111111111111109,0.12834058221103722,-0.097229471099926135,0.09844486367505872,-0.06733375256394764
sequential_bayes__seed_000061__repr_direct__parallel_primitives,sequential_bayes__seed_000061,sequential_bayes,direct,0.6542643257081491,0.665,0.932,0.6645534423312202,0.2869598258248711,0.26613225217045827,0.90554932315349357,0.3980043003003003,0.424930854046287,0.9999984952323898,0.2674465576687799,0.026450676846506482,0.24099588082227341,0.06799849523238977,0.19944806243639013
sequential_bayes__seed_000061__repr_prose__parallel_primitives,sequential_bayes__seed_000061,sequential_bayes,prose,0.6542643257081491,0.677,0.9640000000000001,0.7207777777777777,0.25230520977408954,0.23093148316985421,0.9372087948010055,0.3128274959999999,0.39351514134940185,0.99999861261176,0.24322222222222234,0.026791205198994583,0.21643101702322776,0.03599861261175996,0.20722360961046238
sequential_bayes__seed_000061__repr_table__parallel_primitives,sequential_bayes__seed_000061,sequential_bayes,table,0.6542643257081491,0.665,0.952,0.6746666666666667,0.2913165266106441,0.26011243548961216,0.91185025810390496,0.39684705600000003,0.4286557870671622,0.9999985177887584,0.2773333333333332,0.040149741896094993,0.23718359143723822,0.04799851778875841,0.2293348155445748
