source,threshold,n,coverage,accuracy,mean_confidence
tf,0.0,365,1.0,0.6931506849315069,0.624772602739726
tf,0.001,365,1.0,0.6931506849315069,0.624772602739726
tf,0.002,365,1.0,0.6931506849315069,0.624772602739726
tf,0.003,365,1.0,0.6931506849315069,0.624772602739726
tf,0.004,365,1.0,0.6931506849315069,0.624772602739726
tf,0.005,365,1.0,0.6931506849315069,0.624772602739726
tf,0.006,365,1.0,0.6931506849315069,0.624772602739726
tf,0.007,365,1.0,0.6931506849315069,0.624772602739726
tf,0.008,365,1.0,0.6931506849315069,0.624772602739726
tf,0.009,364,0.9972602739726028,0.695054945054945,0.626467032967033
tf,0.01,364,0.9972602739726028,0.695054945054945,0.626467032967033
tf,0.011,363,0.9945205479452055,0.6942148760330579,0.6281652892561983
tf,0.012,363,0.9945205479452055,0.6942148760330579,0.6281652892561983
tf,0.013,362,0.9917808219178083,0.6961325966850829,0.6298674033149171
tf,0.014,362,0.9917808219178083,0.6961325966850829,0.6298674033149171
tf,0.015,361,0.989041095890411,0.6980609418282548,0.631573407202216
tf,0.016,361,0.989041095890411,0.6980609418282548,0.631573407202216
tf,0.017,361,0.989041095890411,0.6980609418282548,0.631573407202216
tf,0.018,361,0.989041095890411,0.6980609418282548,0.631573407202216
tf,0.019,361,0.989041095890411,0.6980609418282548,0.631573407202216
tf,0.02,361,0.989041095890411,0.6980609418282548,0.631573407202216
tf,0.021,361,0.989041095890411,0.6980609418282548,0.631573407202216
tf,0.022,361,0.989041095890411,0.6980609418282548,0.631573407202216
tf,0.023,361,0.989041095890411,0.6980609418282548,0.631573407202216
tf,0.024,361,0.989041095890411,0.6980609418282548,0.631573407202216
tf,0.025,360,0.9863013698630136,0.7,0.633261111111111
tf,0.026,360,0.9863013698630136,0.7,0.633261111111111
tf,0.027,359,0.9835616438356164,0.7019498607242339,0.6349526462395544
tf,0.028,359,0.9835616438356164,0.7019498607242339,0.6349526462395544
tf,0.029,358,0.9808219178082191,0.7039106145251397,0.6366480446927374
tf,0.03,358,0.9808219178082191,0.7039106145251397,0.6366480446927374
tf,0.031,358,0.9808219178082191,0.7039106145251397,0.6366480446927374
tf,0.032,358,0.9808219178082191,0.7039106145251397,0.6366480446927374
tf,0.033,357,0.9780821917808219,0.7058823529411765,0.6383417366946779
tf,0.034,357,0.9780821917808219,0.7058823529411765,0.6383417366946779
tf,0.035,357,0.9780821917808219,0.7058823529411765,0.6383417366946779
tf,0.036,357,0.9780821917808219,0.7058823529411765,0.6383417366946779
tf,0.037,356,0.9753424657534246,0.7050561797752809,0.6400337078651686
tf,0.038,356,0.9753424657534246,0.7050561797752809,0.6400337078651686
tf,0.039,355,0.9726027397260274,0.704225352112676,0.6417295774647888
tf,0.04,355,0.9726027397260274,0.704225352112676,0.6417295774647888
tf,0.041,354,0.9698630136986301,0.7062146892655368,0.6434293785310734
tf,0.042,354,0.9698630136986301,0.7062146892655368,0.6434293785310734
tf,0.043,354,0.9698630136986301,0.7062146892655368,0.6434293785310734
tf,0.044,354,0.9698630136986301,0.7062146892655368,0.6434293785310734
tf,0.045,354,0.9698630136986301,0.7062146892655368,0.6434293785310734
tf,0.046,354,0.9698630136986301,0.7062146892655368,0.6434293785310734
tf,0.047,353,0.9671232876712329,0.7053824362606232,0.6451218130311615
tf,0.048,353,0.9671232876712329,0.7053824362606232,0.6451218130311615
tf,0.049,352,0.9643835616438357,0.7045454545454546,0.6468181818181818
tf,0.05,352,0.9643835616438357,0.7045454545454546,0.6468181818181818
tf,0.051,351,0.9616438356164384,0.7037037037037037,0.6485185185185185
tf,0.052,351,0.9616438356164384,0.7037037037037037,0.6485185185185185
tf,0.053,351,0.9616438356164384,0.7037037037037037,0.6485185185185185
tf,0.054,351,0.9616438356164384,0.7037037037037037,0.6485185185185185
tf,0.055,351,0.9616438356164384,0.7037037037037037,0.6485185185185185
tf,0.056,351,0.9616438356164384,0.7037037037037037,0.6485185185185185
tf,0.057,351,0.9616438356164384,0.7037037037037037,0.6485185185185185
tf,0.058,351,0.9616438356164384,0.7037037037037037,0.6485185185185185
tf,0.059,351,0.9616438356164384,0.7037037037037037,0.6485185185185185
tf,0.06,351,0.9616438356164384,0.7037037037037037,0.6485185185185185
tf,0.061,351,0.9616438356164384,0.7037037037037037,0.6485185185185185
tf,0.062,351,0.9616438356164384,0.7037037037037037,0.6485185185185185
tf,0.063,351,0.9616438356164384,0.7037037037037037,0.6485185185185185
tf,0.064,351,0.9616438356164384,0.7037037037037037,0.6485185185185185
tf,0.065,351,0.9616438356164384,0.7037037037037037,0.6485185185185185
tf,0.066,351,0.9616438356164384,0.7037037037037037,0.6485185185185185
tf,0.067,350,0.958904109589041,0.7057142857142857,0.6501828571428572
tf,0.068,350,0.958904109589041,0.7057142857142857,0.6501828571428572
tf,0.069,350,0.958904109589041,0.7057142857142857,0.6501828571428572
tf,0.07,350,0.958904109589041,0.7057142857142857,0.6501828571428572
tf,0.071,350,0.958904109589041,0.7057142857142857,0.6501828571428572
tf,0.072,350,0.958904109589041,0.7057142857142857,0.6501828571428572
tf,0.073,350,0.958904109589041,0.7057142857142857,0.6501828571428572
tf,0.074,350,0.958904109589041,0.7057142857142857,0.6501828571428572
tf,0.075,349,0.9561643835616438,0.7048710601719198,0.6518338108882522
tf,0.076,349,0.9561643835616438,0.7048710601719198,0.6518338108882522
tf,0.077,349,0.9561643835616438,0.7048710601719198,0.6518338108882522
tf,0.078,349,0.9561643835616438,0.7048710601719198,0.6518338108882522
tf,0.079,349,0.9561643835616438,0.7048710601719198,0.6518338108882522
tf,0.08,349,0.9561643835616438,0.7048710601719198,0.6518338108882522
tf,0.081,349,0.9561643835616438,0.7048710601719198,0.6518338108882522
tf,0.082,349,0.9561643835616438,0.7048710601719198,0.6518338108882522
tf,0.083,347,0.9506849315068493,0.7089337175792507,0.6551181556195965
tf,0.084,347,0.9506849315068493,0.7089337175792507,0.6551181556195965
tf,0.085,347,0.9506849315068493,0.7089337175792507,0.6551181556195965
tf,0.086,347,0.9506849315068493,0.7089337175792507,0.6551181556195965
tf,0.087,347,0.9506849315068493,0.7089337175792507,0.6551181556195965
tf,0.088,347,0.9506849315068493,0.7089337175792507,0.6551181556195965
tf,0.089,346,0.947945205479452,0.7109826589595376,0.656757225433526
tf,0.09,346,0.947945205479452,0.7109826589595376,0.656757225433526
tf,0.091,344,0.9424657534246575,0.7122093023255814,0.6600523255813954
tf,0.092,344,0.9424657534246575,0.7122093023255814,0.6600523255813954
tf,0.093,344,0.9424657534246575,0.7122093023255814,0.6600523255813954
tf,0.094,344,0.9424657534246575,0.7122093023255814,0.6600523255813954
tf,0.095,343,0.9397260273972603,0.7142857142857143,0.6617026239067055
tf,0.096,343,0.9397260273972603,0.7142857142857143,0.6617026239067055
tf,0.097,343,0.9397260273972603,0.7142857142857143,0.6617026239067055
tf,0.098,343,0.9397260273972603,0.7142857142857143,0.6617026239067055
tf,0.099,343,0.9397260273972603,0.7142857142857143,0.6617026239067055
tf,0.1,343,0.9397260273972603,0.7142857142857143,0.6617026239067055
tf,0.101,342,0.936986301369863,0.716374269005848,0.6633450292397661
tf,0.102,342,0.936986301369863,0.716374269005848,0.6633450292397661
tf,0.103,342,0.936986301369863,0.716374269005848,0.6633450292397661
tf,0.104,342,0.936986301369863,0.716374269005848,0.6633450292397661
tf,0.105,342,0.936986301369863,0.716374269005848,0.6633450292397661
tf,0.106,342,0.936986301369863,0.716374269005848,0.6633450292397661
tf,0.107,342,0.936986301369863,0.716374269005848,0.6633450292397661
tf,0.108,342,0.936986301369863,0.716374269005848,0.6633450292397661
tf,0.109,342,0.936986301369863,0.716374269005848,0.6633450292397661
tf,0.11,341,0.9342465753424658,0.718475073313783,0.6649677419354838
tf,0.111,341,0.9342465753424658,0.718475073313783,0.6649677419354838
tf,0.112,341,0.9342465753424658,0.718475073313783,0.6649677419354838
tf,0.113,340,0.9315068493150684,0.7205882352941176,0.6665941176470588
tf,0.114,340,0.9315068493150684,0.7205882352941176,0.6665941176470588
tf,0.115,339,0.9287671232876712,0.7197640117994101,0.6682241887905604
tf,0.116,339,0.9287671232876712,0.7197640117994101,0.6682241887905604
tf,0.117,339,0.9287671232876712,0.7197640117994101,0.6682241887905604
tf,0.118,339,0.9287671232876712,0.7197640117994101,0.6682241887905604
tf,0.119,339,0.9287671232876712,0.7197640117994101,0.6682241887905604
tf,0.12,339,0.9287671232876712,0.7197640117994101,0.6682241887905604
tf,0.121,339,0.9287671232876712,0.7197640117994101,0.6682241887905604
tf,0.122,339,0.9287671232876712,0.7197640117994101,0.6682241887905604
tf,0.123,339,0.9287671232876712,0.7197640117994101,0.6682241887905604
tf,0.124,339,0.9287671232876712,0.7197640117994101,0.6682241887905604
tf,0.125,337,0.9232876712328767,0.7240356083086054,0.6714540059347182
tf,0.126,337,0.9232876712328767,0.7240356083086054,0.6714540059347182
tf,0.127,337,0.9232876712328767,0.7240356083086054,0.6714540059347182
tf,0.128,336,0.9205479452054794,0.7261904761904762,0.6730714285714285
tf,0.129,336,0.9205479452054794,0.7261904761904762,0.6730714285714285
tf,0.13,336,0.9205479452054794,0.7261904761904762,0.6730714285714285
tf,0.131,335,0.9178082191780822,0.7283582089552239,0.6746925373134328
tf,0.132,335,0.9178082191780822,0.7283582089552239,0.6746925373134328
tf,0.133,334,0.915068493150685,0.7275449101796407,0.6763173652694611
tf,0.134,334,0.915068493150685,0.7275449101796407,0.6763173652694611
tf,0.135,334,0.915068493150685,0.7275449101796407,0.6763173652694611
tf,0.136,334,0.915068493150685,0.7275449101796407,0.6763173652694611
tf,0.137,334,0.915068493150685,0.7275449101796407,0.6763173652694611
tf,0.138,334,0.915068493150685,0.7275449101796407,0.6763173652694611
tf,0.139,334,0.915068493150685,0.7275449101796407,0.6763173652694611
tf,0.14,334,0.915068493150685,0.7275449101796407,0.6763173652694611
tf,0.141,333,0.9123287671232877,0.7297297297297297,0.6779279279279279
tf,0.142,333,0.9123287671232877,0.7297297297297297,0.6779279279279279
tf,0.143,333,0.9123287671232877,0.7297297297297297,0.6779279279279279
tf,0.144,333,0.9123287671232877,0.7297297297297297,0.6779279279279279
tf,0.145,333,0.9123287671232877,0.7297297297297297,0.6779279279279279
tf,0.146,332,0.9095890410958904,0.7319277108433735,0.6795301204819276
tf,0.147,331,0.9068493150684932,0.7311178247734139,0.6811419939577039
tf,0.148,331,0.9068493150684932,0.7311178247734139,0.6811419939577039
tf,0.149,331,0.9068493150684932,0.7311178247734139,0.6811419939577039
tf,0.15,329,0.9013698630136986,0.7325227963525835,0.6843708206686929
tf,0.151,329,0.9013698630136986,0.7325227963525835,0.6843708206686929
tf,0.152,329,0.9013698630136986,0.7325227963525835,0.6843708206686929
tf,0.153,329,0.9013698630136986,0.7325227963525835,0.6843708206686929
tf,0.154,328,0.8986301369863013,0.7317073170731707,0.6859878048780488
tf,0.155,328,0.8986301369863013,0.7317073170731707,0.6859878048780488
tf,0.156,328,0.8986301369863013,0.7317073170731707,0.6859878048780488
tf,0.157,326,0.8931506849315068,0.7331288343558282,0.6892392638036811
tf,0.158,326,0.8931506849315068,0.7331288343558282,0.6892392638036811
tf,0.159,326,0.8931506849315068,0.7331288343558282,0.6892392638036811
tf,0.16,325,0.8904109589041096,0.7353846153846154,0.6908676923076923
tf,0.161,325,0.8904109589041096,0.7353846153846154,0.6908676923076923
tf,0.162,325,0.8904109589041096,0.7353846153846154,0.6908676923076923
tf,0.163,325,0.8904109589041096,0.7353846153846154,0.6908676923076923
tf,0.164,325,0.8904109589041096,0.7353846153846154,0.6908676923076923
tf,0.165,325,0.8904109589041096,0.7353846153846154,0.6908676923076923
tf,0.166,325,0.8904109589041096,0.7353846153846154,0.6908676923076923
tf,0.167,325,0.8904109589041096,0.7353846153846154,0.6908676923076923
tf,0.168,324,0.8876712328767123,0.7345679012345679,0.6924814814814815
tf,0.169,324,0.8876712328767123,0.7345679012345679,0.6924814814814815
tf,0.17,324,0.8876712328767123,0.7345679012345679,0.6924814814814815
tf,0.171,324,0.8876712328767123,0.7345679012345679,0.6924814814814815
tf,0.172,324,0.8876712328767123,0.7345679012345679,0.6924814814814815
tf,0.173,320,0.8767123287671232,0.7375,0.6989875
tf,0.174,320,0.8767123287671232,0.7375,0.6989875
tf,0.175,320,0.8767123287671232,0.7375,0.6989875
tf,0.176,320,0.8767123287671232,0.7375,0.6989875
tf,0.177,320,0.8767123287671232,0.7375,0.6989875
tf,0.178,320,0.8767123287671232,0.7375,0.6989875
tf,0.179,320,0.8767123287671232,0.7375,0.6989875
tf,0.18,320,0.8767123287671232,0.7375,0.6989875
tf,0.181,319,0.873972602739726,0.7398119122257053,0.7006144200626959
tf,0.182,319,0.873972602739726,0.7398119122257053,0.7006144200626959
tf,0.183,319,0.873972602739726,0.7398119122257053,0.7006144200626959
tf,0.184,319,0.873972602739726,0.7398119122257053,0.7006144200626959
tf,0.185,319,0.873972602739726,0.7398119122257053,0.7006144200626959
tf,0.186,319,0.873972602739726,0.7398119122257053,0.7006144200626959
tf,0.187,319,0.873972602739726,0.7398119122257053,0.7006144200626959
tf,0.188,319,0.873972602739726,0.7398119122257053,0.7006144200626959
tf,0.189,319,0.873972602739726,0.7398119122257053,0.7006144200626959
tf,0.19,319,0.873972602739726,0.7398119122257053,0.7006144200626959
tf,0.191,319,0.873972602739726,0.7398119122257053,0.7006144200626959
tf,0.192,319,0.873972602739726,0.7398119122257053,0.7006144200626959
tf,0.193,319,0.873972602739726,0.7398119122257053,0.7006144200626959
tf,0.194,318,0.8712328767123287,0.7421383647798742,0.7022075471698113
tf,0.195,318,0.8712328767123287,0.7421383647798742,0.7022075471698113
tf,0.196,318,0.8712328767123287,0.7421383647798742,0.7022075471698113
tf,0.197,318,0.8712328767123287,0.7421383647798742,0.7022075471698113
tf,0.198,317,0.8684931506849315,0.7444794952681388,0.7037981072555205
tf,0.199,317,0.8684931506849315,0.7444794952681388,0.7037981072555205
tf,0.2,316,0.8657534246575342,0.7468354430379747,0.7053924050632912
tf,0.201,316,0.8657534246575342,0.7468354430379747,0.7053924050632912
tf,0.202,316,0.8657534246575342,0.7468354430379747,0.7053924050632912
tf,0.203,316,0.8657534246575342,0.7468354430379747,0.7053924050632912
tf,0.204,316,0.8657534246575342,0.7468354430379747,0.7053924050632912
tf,0.205,316,0.8657534246575342,0.7468354430379747,0.7053924050632912
tf,0.206,316,0.8657534246575342,0.7468354430379747,0.7053924050632912
tf,0.207,316,0.8657534246575342,0.7468354430379747,0.7053924050632912
tf,0.208,316,0.8657534246575342,0.7468354430379747,0.7053924050632912
tf,0.209,316,0.8657534246575342,0.7468354430379747,0.7053924050632912
tf,0.21,316,0.8657534246575342,0.7468354430379747,0.7053924050632912
tf,0.211,316,0.8657534246575342,0.7468354430379747,0.7053924050632912
tf,0.212,315,0.863013698630137,0.7492063492063492,0.7069587301587302
tf,0.213,315,0.863013698630137,0.7492063492063492,0.7069587301587302
tf,0.214,315,0.863013698630137,0.7492063492063492,0.7069587301587302
tf,0.215,315,0.863013698630137,0.7492063492063492,0.7069587301587302
tf,0.216,315,0.863013698630137,0.7492063492063492,0.7069587301587302
tf,0.217,315,0.863013698630137,0.7492063492063492,0.7069587301587302
tf,0.218,315,0.863013698630137,0.7492063492063492,0.7069587301587302
tf,0.219,315,0.863013698630137,0.7492063492063492,0.7069587301587302
tf,0.22,314,0.8602739726027397,0.7484076433121019,0.7085095541401273
tf,0.221,314,0.8602739726027397,0.7484076433121019,0.7085095541401273
tf,0.222,314,0.8602739726027397,0.7484076433121019,0.7085095541401273
tf,0.223,314,0.8602739726027397,0.7484076433121019,0.7085095541401273
tf,0.224,314,0.8602739726027397,0.7484076433121019,0.7085095541401273
tf,0.225,314,0.8602739726027397,0.7484076433121019,0.7085095541401273
tf,0.226,314,0.8602739726027397,0.7484076433121019,0.7085095541401273
tf,0.227,314,0.8602739726027397,0.7484076433121019,0.7085095541401273
tf,0.228,314,0.8602739726027397,0.7484076433121019,0.7085095541401273
tf,0.229,314,0.8602739726027397,0.7484076433121019,0.7085095541401273
tf,0.23,314,0.8602739726027397,0.7484076433121019,0.7085095541401273
tf,0.231,314,0.8602739726027397,0.7484076433121019,0.7085095541401273
tf,0.232,314,0.8602739726027397,0.7484076433121019,0.7085095541401273
tf,0.233,314,0.8602739726027397,0.7484076433121019,0.7085095541401273
tf,0.234,314,0.8602739726027397,0.7484076433121019,0.7085095541401273
tf,0.235,314,0.8602739726027397,0.7484076433121019,0.7085095541401273
tf,0.236,314,0.8602739726027397,0.7484076433121019,0.7085095541401273
tf,0.237,314,0.8602739726027397,0.7484076433121019,0.7085095541401273
tf,0.238,314,0.8602739726027397,0.7484076433121019,0.7085095541401273
tf,0.239,313,0.8575342465753425,0.7476038338658147,0.7100127795527156
tf,0.24,313,0.8575342465753425,0.7476038338658147,0.7100127795527156
tf,0.241,313,0.8575342465753425,0.7476038338658147,0.7100127795527156
tf,0.242,313,0.8575342465753425,0.7476038338658147,0.7100127795527156
tf,0.243,313,0.8575342465753425,0.7476038338658147,0.7100127795527156
tf,0.244,313,0.8575342465753425,0.7476038338658147,0.7100127795527156
tf,0.245,311,0.852054794520548,0.7491961414790996,0.7130096463022507
tf,0.246,311,0.852054794520548,0.7491961414790996,0.7130096463022507
tf,0.247,310,0.8493150684931506,0.7516129032258064,0.714516129032258
tf,0.248,310,0.8493150684931506,0.7516129032258064,0.714516129032258
tf,0.249,310,0.8493150684931506,0.7516129032258064,0.714516129032258
tf,0.25,310,0.8493150684931506,0.7516129032258064,0.714516129032258
tf,0.251,310,0.8493150684931506,0.7516129032258064,0.714516129032258
tf,0.252,310,0.8493150684931506,0.7516129032258064,0.714516129032258
tf,0.253,310,0.8493150684931506,0.7516129032258064,0.714516129032258
tf,0.254,310,0.8493150684931506,0.7516129032258064,0.714516129032258
tf,0.255,310,0.8493150684931506,0.7516129032258064,0.714516129032258
tf,0.256,310,0.8493150684931506,0.7516129032258064,0.714516129032258
tf,0.257,310,0.8493150684931506,0.7516129032258064,0.714516129032258
tf,0.258,310,0.8493150684931506,0.7516129032258064,0.714516129032258
tf,0.259,308,0.8438356164383561,0.7532467532467533,0.7174805194805194
tf,0.26,308,0.8438356164383561,0.7532467532467533,0.7174805194805194
tf,0.261,307,0.8410958904109589,0.755700325732899,0.7189706840390879
tf,0.262,307,0.8410958904109589,0.755700325732899,0.7189706840390879
tf,0.263,305,0.8356164383561644,0.7540983606557377,0.7219672131147541
tf,0.264,305,0.8356164383561644,0.7540983606557377,0.7219672131147541
tf,0.265,305,0.8356164383561644,0.7540983606557377,0.7219672131147541
tf,0.266,305,0.8356164383561644,0.7540983606557377,0.7219672131147541
tf,0.267,305,0.8356164383561644,0.7540983606557377,0.7219672131147541
tf,0.268,305,0.8356164383561644,0.7540983606557377,0.7219672131147541
tf,0.269,305,0.8356164383561644,0.7540983606557377,0.7219672131147541
tf,0.27,305,0.8356164383561644,0.7540983606557377,0.7219672131147541
tf,0.271,305,0.8356164383561644,0.7540983606557377,0.7219672131147541
tf,0.272,305,0.8356164383561644,0.7540983606557377,0.7219672131147541
tf,0.273,304,0.8328767123287671,0.756578947368421,0.7234473684210526
tf,0.274,304,0.8328767123287671,0.756578947368421,0.7234473684210526
tf,0.275,302,0.8273972602739726,0.7582781456953642,0.7264238410596027
tf,0.276,302,0.8273972602739726,0.7582781456953642,0.7264238410596027
tf,0.277,301,0.8246575342465754,0.7574750830564784,0.7279202657807309
tf,0.278,301,0.8246575342465754,0.7574750830564784,0.7279202657807309
tf,0.279,301,0.8246575342465754,0.7574750830564784,0.7279202657807309
tf,0.28,301,0.8246575342465754,0.7574750830564784,0.7279202657807309
tf,0.281,301,0.8246575342465754,0.7574750830564784,0.7279202657807309
tf,0.282,301,0.8246575342465754,0.7574750830564784,0.7279202657807309
tf,0.283,301,0.8246575342465754,0.7574750830564784,0.7279202657807309
tf,0.284,301,0.8246575342465754,0.7574750830564784,0.7279202657807309
tf,0.285,300,0.821917808219178,0.7566666666666667,0.7293999999999999
tf,0.286,300,0.821917808219178,0.7566666666666667,0.7293999999999999
tf,0.287,299,0.8191780821917808,0.7558528428093646,0.7308829431438126
tf,0.288,299,0.8191780821917808,0.7558528428093646,0.7308829431438126
tf,0.289,298,0.8164383561643835,0.7583892617449665,0.7323691275167784
tf,0.29,298,0.8164383561643835,0.7583892617449665,0.7323691275167784
tf,0.291,298,0.8164383561643835,0.7583892617449665,0.7323691275167784
tf,0.292,298,0.8164383561643835,0.7583892617449665,0.7323691275167784
tf,0.293,298,0.8164383561643835,0.7583892617449665,0.7323691275167784
tf,0.294,298,0.8164383561643835,0.7583892617449665,0.7323691275167784
tf,0.295,297,0.8136986301369863,0.7609427609427609,0.7338451178451179
tf,0.296,297,0.8136986301369863,0.7609427609427609,0.7338451178451179
tf,0.297,297,0.8136986301369863,0.7609427609427609,0.7338451178451179
tf,0.298,297,0.8136986301369863,0.7609427609427609,0.7338451178451179
tf,0.299,296,0.810958904109589,0.7635135135135135,0.7353175675675676
tf,0.3,296,0.810958904109589,0.7635135135135135,0.7353175675675676
tf,0.301,296,0.810958904109589,0.7635135135135135,0.7353175675675676
tf,0.302,296,0.810958904109589,0.7635135135135135,0.7353175675675676
tf,0.303,296,0.810958904109589,0.7635135135135135,0.7353175675675676
tf,0.304,296,0.810958904109589,0.7635135135135135,0.7353175675675676
tf,0.305,296,0.810958904109589,0.7635135135135135,0.7353175675675676
tf,0.306,296,0.810958904109589,0.7635135135135135,0.7353175675675676
tf,0.307,294,0.8054794520547945,0.7687074829931972,0.7382380952380952
tf,0.308,294,0.8054794520547945,0.7687074829931972,0.7382380952380952
tf,0.309,294,0.8054794520547945,0.7687074829931972,0.7382380952380952
tf,0.31,294,0.8054794520547945,0.7687074829931972,0.7382380952380952
tf,0.311,292,0.8,0.773972602739726,0.7411712328767123
tf,0.312,292,0.8,0.773972602739726,0.7411712328767123
tf,0.313,292,0.8,0.773972602739726,0.7411712328767123
tf,0.314,292,0.8,0.773972602739726,0.7411712328767123
tf,0.315,290,0.7945205479452054,0.7724137931034483,0.7441172413793102
tf,0.316,290,0.7945205479452054,0.7724137931034483,0.7441172413793102
tf,0.317,289,0.7917808219178082,0.7750865051903114,0.745598615916955
tf,0.318,289,0.7917808219178082,0.7750865051903114,0.745598615916955
tf,0.319,289,0.7917808219178082,0.7750865051903114,0.745598615916955
tf,0.32,289,0.7917808219178082,0.7750865051903114,0.745598615916955
tf,0.321,289,0.7917808219178082,0.7750865051903114,0.745598615916955
tf,0.322,289,0.7917808219178082,0.7750865051903114,0.745598615916955
tf,0.323,289,0.7917808219178082,0.7750865051903114,0.745598615916955
tf,0.324,289,0.7917808219178082,0.7750865051903114,0.745598615916955
tf,0.325,289,0.7917808219178082,0.7750865051903114,0.745598615916955
tf,0.326,289,0.7917808219178082,0.7750865051903114,0.745598615916955
tf,0.327,288,0.7890410958904109,0.7743055555555556,0.7470555555555555
tf,0.328,288,0.7890410958904109,0.7743055555555556,0.7470555555555555
tf,0.329,287,0.7863013698630137,0.7735191637630662,0.7485156794425086
tf,0.33,287,0.7863013698630137,0.7735191637630662,0.7485156794425086
tf,0.331,287,0.7863013698630137,0.7735191637630662,0.7485156794425086
tf,0.332,287,0.7863013698630137,0.7735191637630662,0.7485156794425086
tf,0.333,286,0.7835616438356164,0.7762237762237763,0.7499720279720279
tf,0.334,286,0.7835616438356164,0.7762237762237763,0.7499720279720279
tf,0.335,286,0.7835616438356164,0.7762237762237763,0.7499720279720279
tf,0.336,285,0.7808219178082192,0.775438596491228,0.7514245614035088
tf,0.337,283,0.7753424657534247,0.7773851590106007,0.7543604240282685
tf,0.338,283,0.7753424657534247,0.7773851590106007,0.7543604240282685
tf,0.339,283,0.7753424657534247,0.7773851590106007,0.7543604240282685
tf,0.34,283,0.7753424657534247,0.7773851590106007,0.7543604240282685
tf,0.341,283,0.7753424657534247,0.7773851590106007,0.7543604240282685
tf,0.342,283,0.7753424657534247,0.7773851590106007,0.7543604240282685
tf,0.343,283,0.7753424657534247,0.7773851590106007,0.7543604240282685
tf,0.344,282,0.7726027397260274,0.7801418439716312,0.7558156028368794
tf,0.345,282,0.7726027397260274,0.7801418439716312,0.7558156028368794
tf,0.346,282,0.7726027397260274,0.7801418439716312,0.7558156028368794
tf,0.347,282,0.7726027397260274,0.7801418439716312,0.7558156028368794
tf,0.348,281,0.7698630136986301,0.7829181494661922,0.7572669039145907
tf,0.349,279,0.7643835616438356,0.7813620071684588,0.7602007168458782
tf,0.35,279,0.7643835616438356,0.7813620071684588,0.7602007168458782
tf,0.351,278,0.7616438356164383,0.7841726618705036,0.7616762589928057
tf,0.352,278,0.7616438356164383,0.7841726618705036,0.7616762589928057
tf,0.353,278,0.7616438356164383,0.7841726618705036,0.7616762589928057
tf,0.354,278,0.7616438356164383,0.7841726618705036,0.7616762589928057
tf,0.355,278,0.7616438356164383,0.7841726618705036,0.7616762589928057
tf,0.356,278,0.7616438356164383,0.7841726618705036,0.7616762589928057
tf,0.357,277,0.7589041095890411,0.7870036101083032,0.7631407942238266
tf,0.358,277,0.7589041095890411,0.7870036101083032,0.7631407942238266
tf,0.359,276,0.7561643835616438,0.7898550724637681,0.7646086956521738
tf,0.36,276,0.7561643835616438,0.7898550724637681,0.7646086956521738
tf,0.361,276,0.7561643835616438,0.7898550724637681,0.7646086956521738
tf,0.362,276,0.7561643835616438,0.7898550724637681,0.7646086956521738
tf,0.363,275,0.7534246575342466,0.7927272727272727,0.7660727272727272
tf,0.364,275,0.7534246575342466,0.7927272727272727,0.7660727272727272
tf,0.365,275,0.7534246575342466,0.7927272727272727,0.7660727272727272
tf,0.366,275,0.7534246575342466,0.7927272727272727,0.7660727272727272
tf,0.367,274,0.7506849315068493,0.791970802919708,0.7675328467153285
tf,0.368,273,0.7479452054794521,0.7948717948717948,0.768996336996337
tf,0.369,273,0.7479452054794521,0.7948717948717948,0.768996336996337
tf,0.37,273,0.7479452054794521,0.7948717948717948,0.768996336996337
tf,0.371,273,0.7479452054794521,0.7948717948717948,0.768996336996337
tf,0.372,271,0.7424657534246575,0.8007380073800738,0.7719261992619926
tf,0.373,271,0.7424657534246575,0.8007380073800738,0.7719261992619926
tf,0.374,271,0.7424657534246575,0.8007380073800738,0.7719261992619926
tf,0.375,271,0.7424657534246575,0.8007380073800738,0.7719261992619926
tf,0.376,271,0.7424657534246575,0.8007380073800738,0.7719261992619926
tf,0.377,271,0.7424657534246575,0.8007380073800738,0.7719261992619926
tf,0.378,271,0.7424657534246575,0.8007380073800738,0.7719261992619926
tf,0.379,271,0.7424657534246575,0.8007380073800738,0.7719261992619926
tf,0.38,271,0.7424657534246575,0.8007380073800738,0.7719261992619926
tf,0.381,270,0.7397260273972602,0.8037037037037037,0.7733777777777777
tf,0.382,270,0.7397260273972602,0.8037037037037037,0.7733777777777777
tf,0.383,270,0.7397260273972602,0.8037037037037037,0.7733777777777777
tf,0.384,270,0.7397260273972602,0.8037037037037037,0.7733777777777777
tf,0.385,270,0.7397260273972602,0.8037037037037037,0.7733777777777777
tf,0.386,270,0.7397260273972602,0.8037037037037037,0.7733777777777777
tf,0.387,269,0.736986301369863,0.8029739776951673,0.7748178438661709
tf,0.388,269,0.736986301369863,0.8029739776951673,0.7748178438661709
tf,0.389,269,0.736986301369863,0.8029739776951673,0.7748178438661709
tf,0.39,269,0.736986301369863,0.8029739776951673,0.7748178438661709
tf,0.391,267,0.7315068493150685,0.8052434456928839,0.7777003745318352
tf,0.392,265,0.726027397260274,0.8075471698113208,0.780611320754717
tf,0.393,265,0.726027397260274,0.8075471698113208,0.780611320754717
tf,0.394,264,0.7232876712328767,0.8068181818181818,0.7820757575757575
tf,0.395,264,0.7232876712328767,0.8068181818181818,0.7820757575757575
tf,0.396,263,0.7205479452054795,0.8098859315589354,0.7835437262357414
tf,0.397,263,0.7205479452054795,0.8098859315589354,0.7835437262357414
tf,0.398,263,0.7205479452054795,0.8098859315589354,0.7835437262357414
tf,0.399,262,0.7178082191780822,0.8091603053435115,0.7850152671755725
tf,0.4,261,0.7150684931506849,0.8084291187739464,0.7864904214559387
tf,0.401,261,0.7150684931506849,0.8084291187739464,0.7864904214559387
tf,0.402,260,0.7123287671232876,0.8115384615384615,0.7879692307692308
tf,0.403,260,0.7123287671232876,0.8115384615384615,0.7879692307692308
tf,0.404,259,0.7095890410958904,0.8146718146718147,0.7894517374517374
tf,0.405,259,0.7095890410958904,0.8146718146718147,0.7894517374517374
tf,0.406,258,0.7068493150684931,0.813953488372093,0.790937984496124
tf,0.407,258,0.7068493150684931,0.813953488372093,0.790937984496124
tf,0.408,258,0.7068493150684931,0.813953488372093,0.790937984496124
tf,0.409,258,0.7068493150684931,0.813953488372093,0.790937984496124
tf,0.41,257,0.7041095890410959,0.8132295719844358,0.7924202334630349
tf,0.411,257,0.7041095890410959,0.8132295719844358,0.7924202334630349
tf,0.412,255,0.6986301369863014,0.8196078431372549,0.7954039215686275
tf,0.413,255,0.6986301369863014,0.8196078431372549,0.7954039215686275
tf,0.414,255,0.6986301369863014,0.8196078431372549,0.7954039215686275
tf,0.415,255,0.6986301369863014,0.8196078431372549,0.7954039215686275
tf,0.416,253,0.6931506849315069,0.8221343873517787,0.7984031620553359
tf,0.417,253,0.6931506849315069,0.8221343873517787,0.7984031620553359
tf,0.418,252,0.6904109589041096,0.8253968253968254,0.7999126984126984
tf,0.419,252,0.6904109589041096,0.8253968253968254,0.7999126984126984
tf,0.42,251,0.6876712328767123,0.8247011952191236,0.801426294820717
tf,0.421,251,0.6876712328767123,0.8247011952191236,0.801426294820717
tf,0.422,248,0.6794520547945205,0.8266129032258065,0.806016129032258
tf,0.423,248,0.6794520547945205,0.8266129032258065,0.806016129032258
tf,0.424,248,0.6794520547945205,0.8266129032258065,0.806016129032258
tf,0.425,248,0.6794520547945205,0.8266129032258065,0.806016129032258
tf,0.426,248,0.6794520547945205,0.8266129032258065,0.806016129032258
tf,0.427,248,0.6794520547945205,0.8266129032258065,0.806016129032258
tf,0.428,248,0.6794520547945205,0.8266129032258065,0.806016129032258
tf,0.429,248,0.6794520547945205,0.8266129032258065,0.806016129032258
tf,0.43,248,0.6794520547945205,0.8266129032258065,0.806016129032258
tf,0.431,247,0.6767123287671233,0.8299595141700404,0.8075384615384615
tf,0.432,247,0.6767123287671233,0.8299595141700404,0.8075384615384615
tf,0.433,247,0.6767123287671233,0.8299595141700404,0.8075384615384615
tf,0.434,245,0.6712328767123288,0.8367346938775511,0.8105877551020408
tf,0.435,245,0.6712328767123288,0.8367346938775511,0.8105877551020408
tf,0.436,245,0.6712328767123288,0.8367346938775511,0.8105877551020408
tf,0.437,245,0.6712328767123288,0.8367346938775511,0.8105877551020408
tf,0.438,243,0.6657534246575343,0.8395061728395061,0.8136543209876542
tf,0.439,243,0.6657534246575343,0.8395061728395061,0.8136543209876542
tf,0.44,243,0.6657534246575343,0.8395061728395061,0.8136543209876542
tf,0.441,243,0.6657534246575343,0.8395061728395061,0.8136543209876542
tf,0.442,243,0.6657534246575343,0.8395061728395061,0.8136543209876542
tf,0.443,243,0.6657534246575343,0.8395061728395061,0.8136543209876542
tf,0.444,243,0.6657534246575343,0.8395061728395061,0.8136543209876542
tf,0.445,243,0.6657534246575343,0.8395061728395061,0.8136543209876542
tf,0.446,242,0.663013698630137,0.8388429752066116,0.8151735537190082
tf,0.447,242,0.663013698630137,0.8388429752066116,0.8151735537190082
tf,0.448,241,0.6602739726027397,0.8423236514522822,0.8166970954356846
tf,0.449,241,0.6602739726027397,0.8423236514522822,0.8166970954356846
tf,0.45,241,0.6602739726027397,0.8423236514522822,0.8166970954356846
tf,0.451,241,0.6602739726027397,0.8423236514522822,0.8166970954356846
tf,0.452,239,0.6547945205479452,0.8493723849372385,0.8197489539748953
tf,0.453,239,0.6547945205479452,0.8493723849372385,0.8197489539748953
tf,0.454,237,0.6493150684931507,0.8523206751054853,0.8228354430379747
tf,0.455,237,0.6493150684931507,0.8523206751054853,0.8228354430379747
tf,0.456,236,0.6465753424657534,0.8559322033898306,0.8243898305084745
tf,0.457,236,0.6465753424657534,0.8559322033898306,0.8243898305084745
tf,0.458,235,0.6438356164383562,0.8553191489361702,0.8259489361702127
tf,0.459,235,0.6438356164383562,0.8553191489361702,0.8259489361702127
tf,0.46,234,0.6410958904109589,0.8589743589743589,0.8275128205128205
tf,0.461,234,0.6410958904109589,0.8589743589743589,0.8275128205128205
tf,0.462,234,0.6410958904109589,0.8589743589743589,0.8275128205128205
tf,0.463,234,0.6410958904109589,0.8589743589743589,0.8275128205128205
tf,0.464,234,0.6410958904109589,0.8589743589743589,0.8275128205128205
tf,0.465,234,0.6410958904109589,0.8589743589743589,0.8275128205128205
tf,0.466,234,0.6410958904109589,0.8589743589743589,0.8275128205128205
tf,0.467,234,0.6410958904109589,0.8589743589743589,0.8275128205128205
tf,0.468,232,0.6356164383561644,0.8620689655172413,0.8306120689655172
tf,0.469,232,0.6356164383561644,0.8620689655172413,0.8306120689655172
tf,0.47,232,0.6356164383561644,0.8620689655172413,0.8306120689655172
tf,0.471,232,0.6356164383561644,0.8620689655172413,0.8306120689655172
tf,0.472,232,0.6356164383561644,0.8620689655172413,0.8306120689655172
tf,0.473,231,0.6328767123287671,0.8658008658008658,0.8321645021645021
tf,0.474,231,0.6328767123287671,0.8658008658008658,0.8321645021645021
tf,0.475,231,0.6328767123287671,0.8658008658008658,0.8321645021645021
tf,0.476,231,0.6328767123287671,0.8658008658008658,0.8321645021645021
tf,0.477,230,0.6301369863013698,0.8695652173913043,0.8337130434782608
tf,0.478,230,0.6301369863013698,0.8695652173913043,0.8337130434782608
tf,0.479,230,0.6301369863013698,0.8695652173913043,0.8337130434782608
tf,0.48,230,0.6301369863013698,0.8695652173913043,0.8337130434782608
tf,0.481,229,0.6273972602739726,0.8733624454148472,0.8352576419213974
tf,0.482,229,0.6273972602739726,0.8733624454148472,0.8352576419213974
tf,0.483,229,0.6273972602739726,0.8733624454148472,0.8352576419213974
tf,0.484,229,0.6273972602739726,0.8733624454148472,0.8352576419213974
tf,0.485,229,0.6273972602739726,0.8733624454148472,0.8352576419213974
tf,0.486,229,0.6273972602739726,0.8733624454148472,0.8352576419213974
tf,0.487,228,0.6246575342465753,0.8771929824561403,0.8367894736842104
tf,0.488,228,0.6246575342465753,0.8771929824561403,0.8367894736842104
tf,0.489,228,0.6246575342465753,0.8771929824561403,0.8367894736842104
tf,0.49,228,0.6246575342465753,0.8771929824561403,0.8367894736842104
tf,0.491,228,0.6246575342465753,0.8771929824561403,0.8367894736842104
tf,0.492,228,0.6246575342465753,0.8771929824561403,0.8367894736842104
tf,0.493,228,0.6246575342465753,0.8771929824561403,0.8367894736842104
tf,0.494,228,0.6246575342465753,0.8771929824561403,0.8367894736842104
tf,0.495,228,0.6246575342465753,0.8771929824561403,0.8367894736842104
tf,0.496,228,0.6246575342465753,0.8771929824561403,0.8367894736842104
tf,0.497,228,0.6246575342465753,0.8771929824561403,0.8367894736842104
tf,0.498,228,0.6246575342465753,0.8771929824561403,0.8367894736842104
tf,0.499,228,0.6246575342465753,0.8771929824561403,0.8367894736842104
tf,0.5,228,0.6246575342465753,0.8771929824561403,0.8367894736842104
tf,0.501,228,0.6246575342465753,0.8771929824561403,0.8367894736842104
tf,0.502,228,0.6246575342465753,0.8771929824561403,0.8367894736842104
tf,0.503,225,0.6164383561643836,0.8844444444444445,0.8412533333333333
tf,0.504,225,0.6164383561643836,0.8844444444444445,0.8412533333333333
tf,0.505,224,0.6136986301369863,0.8883928571428571,0.8427589285714285
tf,0.506,224,0.6136986301369863,0.8883928571428571,0.8427589285714285
tf,0.507,224,0.6136986301369863,0.8883928571428571,0.8427589285714285
tf,0.508,224,0.6136986301369863,0.8883928571428571,0.8427589285714285
tf,0.509,224,0.6136986301369863,0.8883928571428571,0.8427589285714285
tf,0.51,224,0.6136986301369863,0.8883928571428571,0.8427589285714285
tf,0.511,223,0.6109589041095891,0.8878923766816144,0.8442511210762332
tf,0.512,223,0.6109589041095891,0.8878923766816144,0.8442511210762332
tf,0.513,223,0.6109589041095891,0.8878923766816144,0.8442511210762332
tf,0.514,223,0.6109589041095891,0.8878923766816144,0.8442511210762332
tf,0.515,223,0.6109589041095891,0.8878923766816144,0.8442511210762332
tf,0.516,223,0.6109589041095891,0.8878923766816144,0.8442511210762332
tf,0.517,222,0.6082191780821918,0.8873873873873874,0.8457297297297296
tf,0.518,222,0.6082191780821918,0.8873873873873874,0.8457297297297296
tf,0.519,222,0.6082191780821918,0.8873873873873874,0.8457297297297296
tf,0.52,222,0.6082191780821918,0.8873873873873874,0.8457297297297296
tf,0.521,222,0.6082191780821918,0.8873873873873874,0.8457297297297296
tf,0.522,222,0.6082191780821918,0.8873873873873874,0.8457297297297296
tf,0.523,222,0.6082191780821918,0.8873873873873874,0.8457297297297296
tf,0.524,222,0.6082191780821918,0.8873873873873874,0.8457297297297296
tf,0.525,221,0.6054794520547945,0.8914027149321267,0.8471855203619909
tf,0.526,221,0.6054794520547945,0.8914027149321267,0.8471855203619909
tf,0.527,219,0.6,0.8949771689497716,0.8501187214611872
tf,0.528,219,0.6,0.8949771689497716,0.8501187214611872
tf,0.529,218,0.5972602739726027,0.8944954128440367,0.8515963302752293
tf,0.53,218,0.5972602739726027,0.8944954128440367,0.8515963302752293
tf,0.531,218,0.5972602739726027,0.8944954128440367,0.8515963302752293
tf,0.532,218,0.5972602739726027,0.8944954128440367,0.8515963302752293
tf,0.533,217,0.5945205479452055,0.8940092165898618,0.8530691244239631
tf,0.534,217,0.5945205479452055,0.8940092165898618,0.8530691244239631
tf,0.535,216,0.5917808219178082,0.8981481481481481,0.8545462962962963
tf,0.536,216,0.5917808219178082,0.8981481481481481,0.8545462962962963
tf,0.537,214,0.5863013698630137,0.9018691588785047,0.8575233644859813
tf,0.538,214,0.5863013698630137,0.9018691588785047,0.8575233644859813
tf,0.539,214,0.5863013698630137,0.9018691588785047,0.8575233644859813
tf,0.54,214,0.5863013698630137,0.9018691588785047,0.8575233644859813
tf,0.541,214,0.5863013698630137,0.9018691588785047,0.8575233644859813
tf,0.542,214,0.5863013698630137,0.9018691588785047,0.8575233644859813
tf,0.543,214,0.5863013698630137,0.9018691588785047,0.8575233644859813
tf,0.544,214,0.5863013698630137,0.9018691588785047,0.8575233644859813
tf,0.545,213,0.5835616438356165,0.9061032863849765,0.8589953051643191
tf,0.546,213,0.5835616438356165,0.9061032863849765,0.8589953051643191
tf,0.547,213,0.5835616438356165,0.9061032863849765,0.8589953051643191
tf,0.548,213,0.5835616438356165,0.9061032863849765,0.8589953051643191
tf,0.549,212,0.5808219178082191,0.910377358490566,0.8604622641509434
tf,0.55,212,0.5808219178082191,0.910377358490566,0.8604622641509434
tf,0.551,211,0.5780821917808219,0.909952606635071,0.8619336492890995
tf,0.552,211,0.5780821917808219,0.909952606635071,0.8619336492890995
tf,0.553,211,0.5780821917808219,0.909952606635071,0.8619336492890995
tf,0.554,211,0.5780821917808219,0.909952606635071,0.8619336492890995
tf,0.555,211,0.5780821917808219,0.909952606635071,0.8619336492890995
tf,0.556,211,0.5780821917808219,0.909952606635071,0.8619336492890995
tf,0.557,210,0.5753424657534246,0.9142857142857143,0.8633904761904762
tf,0.558,210,0.5753424657534246,0.9142857142857143,0.8633904761904762
tf,0.559,207,0.5671232876712329,0.9227053140096618,0.867816425120773
tf,0.56,207,0.5671232876712329,0.9227053140096618,0.867816425120773
tf,0.561,207,0.5671232876712329,0.9227053140096618,0.867816425120773
tf,0.562,207,0.5671232876712329,0.9227053140096618,0.867816425120773
tf,0.563,206,0.5643835616438356,0.9271844660194175,0.8693009708737863
tf,0.564,206,0.5643835616438356,0.9271844660194175,0.8693009708737863
tf,0.565,205,0.5616438356164384,0.9317073170731708,0.870790243902439
tf,0.566,205,0.5616438356164384,0.9317073170731708,0.870790243902439
tf,0.567,205,0.5616438356164384,0.9317073170731708,0.870790243902439
tf,0.568,205,0.5616438356164384,0.9317073170731708,0.870790243902439
tf,0.569,205,0.5616438356164384,0.9317073170731708,0.870790243902439
tf,0.57,205,0.5616438356164384,0.9317073170731708,0.870790243902439
tf,0.571,205,0.5616438356164384,0.9317073170731708,0.870790243902439
tf,0.572,205,0.5616438356164384,0.9317073170731708,0.870790243902439
tf,0.573,204,0.5589041095890411,0.9313725490196079,0.8722549019607843
tf,0.574,204,0.5589041095890411,0.9313725490196079,0.8722549019607843
tf,0.575,203,0.5561643835616439,0.9359605911330049,0.8737241379310344
tf,0.576,203,0.5561643835616439,0.9359605911330049,0.8737241379310344
tf,0.577,203,0.5561643835616439,0.9359605911330049,0.8737241379310344
tf,0.578,203,0.5561643835616439,0.9359605911330049,0.8737241379310344
tf,0.579,202,0.5534246575342465,0.9405940594059405,0.8751881188118811
tf,0.58,202,0.5534246575342465,0.9405940594059405,0.8751881188118811
tf,0.581,202,0.5534246575342465,0.9405940594059405,0.8751881188118811
tf,0.582,202,0.5534246575342465,0.9405940594059405,0.8751881188118811
tf,0.583,202,0.5534246575342465,0.9405940594059405,0.8751881188118811
tf,0.584,202,0.5534246575342465,0.9405940594059405,0.8751881188118811
tf,0.585,202,0.5534246575342465,0.9405940594059405,0.8751881188118811
tf,0.586,200,0.547945205479452,0.95,0.87808
tf,0.587,200,0.547945205479452,0.95,0.87808
tf,0.588,200,0.547945205479452,0.95,0.87808
tf,0.589,200,0.547945205479452,0.95,0.87808
tf,0.59,200,0.547945205479452,0.95,0.87808
tf,0.591,200,0.547945205479452,0.95,0.87808
tf,0.592,200,0.547945205479452,0.95,0.87808
tf,0.593,200,0.547945205479452,0.95,0.87808
tf,0.594,200,0.547945205479452,0.95,0.87808
tf,0.595,200,0.547945205479452,0.95,0.87808
tf,0.596,200,0.547945205479452,0.95,0.87808
tf,0.597,200,0.547945205479452,0.95,0.87808
tf,0.598,200,0.547945205479452,0.95,0.87808
tf,0.599,199,0.5452054794520548,0.9547738693467337,0.8794874371859297
tf,0.6,199,0.5452054794520548,0.9547738693467337,0.8794874371859297
tf,0.601,199,0.5452054794520548,0.9547738693467337,0.8794874371859297
tf,0.602,199,0.5452054794520548,0.9547738693467337,0.8794874371859297
tf,0.603,199,0.5452054794520548,0.9547738693467337,0.8794874371859297
tf,0.604,199,0.5452054794520548,0.9547738693467337,0.8794874371859297
tf,0.605,199,0.5452054794520548,0.9547738693467337,0.8794874371859297
tf,0.606,198,0.5424657534246575,0.9545454545454546,0.8808686868686869
tf,0.607,198,0.5424657534246575,0.9545454545454546,0.8808686868686869
tf,0.608,198,0.5424657534246575,0.9545454545454546,0.8808686868686869
tf,0.609,198,0.5424657534246575,0.9545454545454546,0.8808686868686869
tf,0.61,197,0.5397260273972603,0.9543147208121827,0.882243654822335
tf,0.611,197,0.5397260273972603,0.9543147208121827,0.882243654822335
tf,0.612,197,0.5397260273972603,0.9543147208121827,0.882243654822335
tf,0.613,197,0.5397260273972603,0.9543147208121827,0.882243654822335
tf,0.614,197,0.5397260273972603,0.9543147208121827,0.882243654822335
tf,0.615,197,0.5397260273972603,0.9543147208121827,0.882243654822335
tf,0.616,197,0.5397260273972603,0.9543147208121827,0.882243654822335
tf,0.617,196,0.536986301369863,0.9591836734693877,0.8836020408163265
tf,0.618,196,0.536986301369863,0.9591836734693877,0.8836020408163265
tf,0.619,196,0.536986301369863,0.9591836734693877,0.8836020408163265
tf,0.62,195,0.5342465753424658,0.9641025641025641,0.8849538461538462
tf,0.621,195,0.5342465753424658,0.9641025641025641,0.8849538461538462
tf,0.622,195,0.5342465753424658,0.9641025641025641,0.8849538461538462
tf,0.623,195,0.5342465753424658,0.9641025641025641,0.8849538461538462
tf,0.624,195,0.5342465753424658,0.9641025641025641,0.8849538461538462
tf,0.625,195,0.5342465753424658,0.9641025641025641,0.8849538461538462
tf,0.626,195,0.5342465753424658,0.9641025641025641,0.8849538461538462
tf,0.627,195,0.5342465753424658,0.9641025641025641,0.8849538461538462
tf,0.628,195,0.5342465753424658,0.9641025641025641,0.8849538461538462
tf,0.629,195,0.5342465753424658,0.9641025641025641,0.8849538461538462
tf,0.63,195,0.5342465753424658,0.9641025641025641,0.8849538461538462
tf,0.631,195,0.5342465753424658,0.9641025641025641,0.8849538461538462
tf,0.632,195,0.5342465753424658,0.9641025641025641,0.8849538461538462
tf,0.633,195,0.5342465753424658,0.9641025641025641,0.8849538461538462
tf,0.634,195,0.5342465753424658,0.9641025641025641,0.8849538461538462
tf,0.635,195,0.5342465753424658,0.9641025641025641,0.8849538461538462
tf,0.636,194,0.5315068493150685,0.9690721649484536,0.8862371134020619
tf,0.637,193,0.5287671232876713,0.9689119170984456,0.8875336787564766
tf,0.638,192,0.5260273972602739,0.96875,0.8888333333333334
tf,0.639,192,0.5260273972602739,0.96875,0.8888333333333334
tf,0.64,192,0.5260273972602739,0.96875,0.8888333333333334
tf,0.641,192,0.5260273972602739,0.96875,0.8888333333333334
tf,0.642,192,0.5260273972602739,0.96875,0.8888333333333334
tf,0.643,192,0.5260273972602739,0.96875,0.8888333333333334
tf,0.644,192,0.5260273972602739,0.96875,0.8888333333333334
tf,0.645,192,0.5260273972602739,0.96875,0.8888333333333334
tf,0.646,192,0.5260273972602739,0.96875,0.8888333333333334
tf,0.647,192,0.5260273972602739,0.96875,0.8888333333333334
tf,0.648,192,0.5260273972602739,0.96875,0.8888333333333334
tf,0.649,191,0.5232876712328767,0.9738219895287958,0.8900942408376963
tf,0.65,191,0.5232876712328767,0.9738219895287958,0.8900942408376963
tf,0.651,191,0.5232876712328767,0.9738219895287958,0.8900942408376963
tf,0.652,191,0.5232876712328767,0.9738219895287958,0.8900942408376963
tf,0.653,191,0.5232876712328767,0.9738219895287958,0.8900942408376963
tf,0.654,191,0.5232876712328767,0.9738219895287958,0.8900942408376963
tf,0.655,191,0.5232876712328767,0.9738219895287958,0.8900942408376963
tf,0.656,191,0.5232876712328767,0.9738219895287958,0.8900942408376963
tf,0.657,191,0.5232876712328767,0.9738219895287958,0.8900942408376963
tf,0.658,191,0.5232876712328767,0.9738219895287958,0.8900942408376963
tf,0.659,191,0.5232876712328767,0.9738219895287958,0.8900942408376963
tf,0.66,191,0.5232876712328767,0.9738219895287958,0.8900942408376963
tf,0.661,191,0.5232876712328767,0.9738219895287958,0.8900942408376963
tf,0.662,191,0.5232876712328767,0.9738219895287958,0.8900942408376963
tf,0.663,191,0.5232876712328767,0.9738219895287958,0.8900942408376963
tf,0.664,191,0.5232876712328767,0.9738219895287958,0.8900942408376963
tf,0.665,191,0.5232876712328767,0.9738219895287958,0.8900942408376963
tf,0.666,190,0.5205479452054794,0.9736842105263158,0.8912736842105262
tf,0.667,190,0.5205479452054794,0.9736842105263158,0.8912736842105262
tf,0.668,189,0.5178082191780822,0.9788359788359788,0.8924550264550265
tf,0.669,189,0.5178082191780822,0.9788359788359788,0.8924550264550265
tf,0.67,188,0.5150684931506849,0.9787234042553191,0.8936382978723404
tf,0.671,188,0.5150684931506849,0.9787234042553191,0.8936382978723404
tf,0.672,188,0.5150684931506849,0.9787234042553191,0.8936382978723404
tf,0.673,188,0.5150684931506849,0.9787234042553191,0.8936382978723404
tf,0.674,188,0.5150684931506849,0.9787234042553191,0.8936382978723404
tf,0.675,188,0.5150684931506849,0.9787234042553191,0.8936382978723404
tf,0.676,187,0.5123287671232877,0.9786096256684492,0.8948021390374332
tf,0.677,187,0.5123287671232877,0.9786096256684492,0.8948021390374332
tf,0.678,187,0.5123287671232877,0.9786096256684492,0.8948021390374332
tf,0.679,186,0.5095890410958904,0.9838709677419355,0.8959677419354839
tf,0.68,186,0.5095890410958904,0.9838709677419355,0.8959677419354839
tf,0.681,186,0.5095890410958904,0.9838709677419355,0.8959677419354839
tf,0.682,186,0.5095890410958904,0.9838709677419355,0.8959677419354839
tf,0.683,186,0.5095890410958904,0.9838709677419355,0.8959677419354839
tf,0.684,186,0.5095890410958904,0.9838709677419355,0.8959677419354839
tf,0.685,186,0.5095890410958904,0.9838709677419355,0.8959677419354839
tf,0.686,186,0.5095890410958904,0.9838709677419355,0.8959677419354839
tf,0.687,186,0.5095890410958904,0.9838709677419355,0.8959677419354839
tf,0.688,186,0.5095890410958904,0.9838709677419355,0.8959677419354839
tf,0.689,186,0.5095890410958904,0.9838709677419355,0.8959677419354839
tf,0.69,186,0.5095890410958904,0.9838709677419355,0.8959677419354839
tf,0.691,186,0.5095890410958904,0.9838709677419355,0.8959677419354839
tf,0.692,186,0.5095890410958904,0.9838709677419355,0.8959677419354839
tf,0.693,186,0.5095890410958904,0.9838709677419355,0.8959677419354839
tf,0.694,186,0.5095890410958904,0.9838709677419355,0.8959677419354839
tf,0.695,186,0.5095890410958904,0.9838709677419355,0.8959677419354839
tf,0.696,186,0.5095890410958904,0.9838709677419355,0.8959677419354839
tf,0.697,186,0.5095890410958904,0.9838709677419355,0.8959677419354839
tf,0.698,186,0.5095890410958904,0.9838709677419355,0.8959677419354839
tf,0.699,185,0.5068493150684932,0.9837837837837838,0.8970378378378379
tf,0.7,185,0.5068493150684932,0.9837837837837838,0.8970378378378379
tf,0.701,185,0.5068493150684932,0.9837837837837838,0.8970378378378379
tf,0.702,185,0.5068493150684932,0.9837837837837838,0.8970378378378379
tf,0.703,185,0.5068493150684932,0.9837837837837838,0.8970378378378379
tf,0.704,185,0.5068493150684932,0.9837837837837838,0.8970378378378379
tf,0.705,185,0.5068493150684932,0.9837837837837838,0.8970378378378379
tf,0.706,185,0.5068493150684932,0.9837837837837838,0.8970378378378379
tf,0.707,185,0.5068493150684932,0.9837837837837838,0.8970378378378379
tf,0.708,185,0.5068493150684932,0.9837837837837838,0.8970378378378379
tf,0.709,185,0.5068493150684932,0.9837837837837838,0.8970378378378379
tf,0.71,185,0.5068493150684932,0.9837837837837838,0.8970378378378379
tf,0.711,185,0.5068493150684932,0.9837837837837838,0.8970378378378379
tf,0.712,185,0.5068493150684932,0.9837837837837838,0.8970378378378379
tf,0.713,185,0.5068493150684932,0.9837837837837838,0.8970378378378379
tf,0.714,185,0.5068493150684932,0.9837837837837838,0.8970378378378379
tf,0.715,185,0.5068493150684932,0.9837837837837838,0.8970378378378379
tf,0.716,185,0.5068493150684932,0.9837837837837838,0.8970378378378379
tf,0.717,185,0.5068493150684932,0.9837837837837838,0.8970378378378379
tf,0.718,185,0.5068493150684932,0.9837837837837838,0.8970378378378379
tf,0.719,185,0.5068493150684932,0.9837837837837838,0.8970378378378379
tf,0.72,185,0.5068493150684932,0.9837837837837838,0.8970378378378379
tf,0.721,185,0.5068493150684932,0.9837837837837838,0.8970378378378379
tf,0.722,185,0.5068493150684932,0.9837837837837838,0.8970378378378379
tf,0.723,184,0.5041095890410959,0.9836956521739131,0.8979891304347826
tf,0.724,184,0.5041095890410959,0.9836956521739131,0.8979891304347826
tf,0.725,184,0.5041095890410959,0.9836956521739131,0.8979891304347826
tf,0.726,184,0.5041095890410959,0.9836956521739131,0.8979891304347826
tf,0.727,184,0.5041095890410959,0.9836956521739131,0.8979891304347826
tf,0.728,184,0.5041095890410959,0.9836956521739131,0.8979891304347826
tf,0.729,184,0.5041095890410959,0.9836956521739131,0.8979891304347826
tf,0.73,184,0.5041095890410959,0.9836956521739131,0.8979891304347826
tf,0.731,184,0.5041095890410959,0.9836956521739131,0.8979891304347826
tf,0.732,184,0.5041095890410959,0.9836956521739131,0.8979891304347826
tf,0.733,184,0.5041095890410959,0.9836956521739131,0.8979891304347826
tf,0.734,184,0.5041095890410959,0.9836956521739131,0.8979891304347826
tf,0.735,184,0.5041095890410959,0.9836956521739131,0.8979891304347826
tf,0.736,184,0.5041095890410959,0.9836956521739131,0.8979891304347826
tf,0.737,183,0.5013698630136987,0.9836065573770492,0.8988743169398907
tf,0.738,183,0.5013698630136987,0.9836065573770492,0.8988743169398907
tf,0.739,183,0.5013698630136987,0.9836065573770492,0.8988743169398907
tf,0.74,183,0.5013698630136987,0.9836065573770492,0.8988743169398907
tf,0.741,183,0.5013698630136987,0.9836065573770492,0.8988743169398907
tf,0.742,183,0.5013698630136987,0.9836065573770492,0.8988743169398907
tf,0.743,183,0.5013698630136987,0.9836065573770492,0.8988743169398907
tf,0.744,183,0.5013698630136987,0.9836065573770492,0.8988743169398907
tf,0.745,183,0.5013698630136987,0.9836065573770492,0.8988743169398907
tf,0.746,183,0.5013698630136987,0.9836065573770492,0.8988743169398907
tf,0.747,183,0.5013698630136987,0.9836065573770492,0.8988743169398907
tf,0.748,183,0.5013698630136987,0.9836065573770492,0.8988743169398907
tf,0.749,183,0.5013698630136987,0.9836065573770492,0.8988743169398907
tf,0.75,183,0.5013698630136987,0.9836065573770492,0.8988743169398907
tf,0.751,183,0.5013698630136987,0.9836065573770492,0.8988743169398907
tf,0.752,183,0.5013698630136987,0.9836065573770492,0.8988743169398907
tf,0.753,183,0.5013698630136987,0.9836065573770492,0.8988743169398907
tf,0.754,183,0.5013698630136987,0.9836065573770492,0.8988743169398907
tf,0.755,183,0.5013698630136987,0.9836065573770492,0.8988743169398907
tf,0.756,183,0.5013698630136987,0.9836065573770492,0.8988743169398907
tf,0.757,182,0.4986301369863014,0.9835164835164835,0.8996593406593406
tf,0.758,182,0.4986301369863014,0.9835164835164835,0.8996593406593406
tf,0.759,181,0.4958904109589041,0.9834254143646409,0.9004419889502762
tf,0.76,181,0.4958904109589041,0.9834254143646409,0.9004419889502762
tf,0.761,181,0.4958904109589041,0.9834254143646409,0.9004419889502762
tf,0.762,181,0.4958904109589041,0.9834254143646409,0.9004419889502762
tf,0.763,181,0.4958904109589041,0.9834254143646409,0.9004419889502762
tf,0.764,181,0.4958904109589041,0.9834254143646409,0.9004419889502762
tf,0.765,180,0.4931506849315068,0.9833333333333333,0.9011999999999999
tf,0.766,180,0.4931506849315068,0.9833333333333333,0.9011999999999999
tf,0.767,179,0.4904109589041096,0.9832402234636871,0.9019553072625698
tf,0.768,179,0.4904109589041096,0.9832402234636871,0.9019553072625698
tf,0.769,179,0.4904109589041096,0.9832402234636871,0.9019553072625698
tf,0.77,179,0.4904109589041096,0.9832402234636871,0.9019553072625698
tf,0.771,179,0.4904109589041096,0.9832402234636871,0.9019553072625698
tf,0.772,178,0.4876712328767123,0.9887640449438202,0.902685393258427
tf,0.773,178,0.4876712328767123,0.9887640449438202,0.902685393258427
tf,0.774,178,0.4876712328767123,0.9887640449438202,0.902685393258427
tf,0.775,178,0.4876712328767123,0.9887640449438202,0.902685393258427
tf,0.776,178,0.4876712328767123,0.9887640449438202,0.902685393258427
tf,0.777,178,0.4876712328767123,0.9887640449438202,0.902685393258427
tf,0.778,178,0.4876712328767123,0.9887640449438202,0.902685393258427
tf,0.779,178,0.4876712328767123,0.9887640449438202,0.902685393258427
tf,0.78,178,0.4876712328767123,0.9887640449438202,0.902685393258427
tf,0.781,178,0.4876712328767123,0.9887640449438202,0.902685393258427
tf,0.782,178,0.4876712328767123,0.9887640449438202,0.902685393258427
tf,0.783,178,0.4876712328767123,0.9887640449438202,0.902685393258427
tf,0.784,178,0.4876712328767123,0.9887640449438202,0.902685393258427
tf,0.785,177,0.4849315068493151,0.9887005649717514,0.9033559322033898
tf,0.786,177,0.4849315068493151,0.9887005649717514,0.9033559322033898
tf,0.787,177,0.4849315068493151,0.9887005649717514,0.9033559322033898
tf,0.788,177,0.4849315068493151,0.9887005649717514,0.9033559322033898
tf,0.789,176,0.4821917808219178,0.9886363636363636,0.9040113636363636
tf,0.79,175,0.4794520547945205,0.9885714285714285,0.9046628571428571
tf,0.791,175,0.4794520547945205,0.9885714285714285,0.9046628571428571
tf,0.792,175,0.4794520547945205,0.9885714285714285,0.9046628571428571
tf,0.793,174,0.4767123287671233,0.9885057471264368,0.9053103448275862
tf,0.794,174,0.4767123287671233,0.9885057471264368,0.9053103448275862
tf,0.795,174,0.4767123287671233,0.9885057471264368,0.9053103448275862
tf,0.796,174,0.4767123287671233,0.9885057471264368,0.9053103448275862
tf,0.797,172,0.4712328767123288,0.9883720930232558,0.9065813953488372
tf,0.798,172,0.4712328767123288,0.9883720930232558,0.9065813953488372
tf,0.799,172,0.4712328767123288,0.9883720930232558,0.9065813953488372
tf,0.8,172,0.4712328767123288,0.9883720930232558,0.9065813953488372
tf,0.801,172,0.4712328767123288,0.9883720930232558,0.9065813953488372
tf,0.802,172,0.4712328767123288,0.9883720930232558,0.9065813953488372
tf,0.803,171,0.4684931506849315,0.9883040935672515,0.9071929824561403
tf,0.804,171,0.4684931506849315,0.9883040935672515,0.9071929824561403
tf,0.805,171,0.4684931506849315,0.9883040935672515,0.9071929824561403
tf,0.806,171,0.4684931506849315,0.9883040935672515,0.9071929824561403
tf,0.807,169,0.46301369863013697,0.9881656804733728,0.9083905325443787
tf,0.808,169,0.46301369863013697,0.9881656804733728,0.9083905325443787
tf,0.809,168,0.4602739726027397,0.9880952380952381,0.9089880952380951
tf,0.81,168,0.4602739726027397,0.9880952380952381,0.9089880952380951
tf,0.811,168,0.4602739726027397,0.9880952380952381,0.9089880952380951
tf,0.812,168,0.4602739726027397,0.9880952380952381,0.9089880952380951
tf,0.813,168,0.4602739726027397,0.9880952380952381,0.9089880952380951
tf,0.814,168,0.4602739726027397,0.9880952380952381,0.9089880952380951
tf,0.815,167,0.4575342465753425,0.9880239520958084,0.9095568862275448
tf,0.816,167,0.4575342465753425,0.9880239520958084,0.9095568862275448
tf,0.817,167,0.4575342465753425,0.9880239520958084,0.9095568862275448
tf,0.818,167,0.4575342465753425,0.9880239520958084,0.9095568862275448
tf,0.819,167,0.4575342465753425,0.9880239520958084,0.9095568862275448
tf,0.82,166,0.4547945205479452,0.9879518072289156,0.9100963855421687
tf,0.821,166,0.4547945205479452,0.9879518072289156,0.9100963855421687
tf,0.822,166,0.4547945205479452,0.9879518072289156,0.9100963855421687
tf,0.823,166,0.4547945205479452,0.9879518072289156,0.9100963855421687
tf,0.824,166,0.4547945205479452,0.9879518072289156,0.9100963855421687
tf,0.825,165,0.4520547945205479,0.9878787878787879,0.9106181818181817
tf,0.826,165,0.4520547945205479,0.9878787878787879,0.9106181818181817
tf,0.827,165,0.4520547945205479,0.9878787878787879,0.9106181818181817
tf,0.828,165,0.4520547945205479,0.9878787878787879,0.9106181818181817
tf,0.829,165,0.4520547945205479,0.9878787878787879,0.9106181818181817
tf,0.83,165,0.4520547945205479,0.9878787878787879,0.9106181818181817
tf,0.831,165,0.4520547945205479,0.9878787878787879,0.9106181818181817
tf,0.832,165,0.4520547945205479,0.9878787878787879,0.9106181818181817
tf,0.833,163,0.4465753424657534,0.9877300613496932,0.9115828220858896
tf,0.834,163,0.4465753424657534,0.9877300613496932,0.9115828220858896
tf,0.835,161,0.4410958904109589,0.9875776397515528,0.9125465838509316
tf,0.836,160,0.4383561643835616,0.9875,0.913025
tf,0.837,160,0.4383561643835616,0.9875,0.913025
tf,0.838,159,0.43561643835616437,0.9874213836477987,0.9134968553459119
tf,0.839,159,0.43561643835616437,0.9874213836477987,0.9134968553459119
tf,0.84,159,0.43561643835616437,0.9874213836477987,0.9134968553459119
tf,0.841,157,0.4301369863013699,0.9872611464968153,0.9144331210191083
tf,0.842,157,0.4301369863013699,0.9872611464968153,0.9144331210191083
tf,0.843,155,0.4246575342465753,0.9870967741935484,0.9153677419354839
tf,0.844,155,0.4246575342465753,0.9870967741935484,0.9153677419354839
tf,0.845,153,0.4191780821917808,0.9869281045751634,0.9163006535947712
tf,0.846,153,0.4191780821917808,0.9869281045751634,0.9163006535947712
tf,0.847,152,0.41643835616438357,0.9868421052631579,0.9167631578947367
tf,0.848,152,0.41643835616438357,0.9868421052631579,0.9167631578947367
tf,0.849,151,0.4136986301369863,0.9867549668874173,0.9172185430463574
tf,0.85,151,0.4136986301369863,0.9867549668874173,0.9172185430463574
tf,0.851,151,0.4136986301369863,0.9867549668874173,0.9172185430463574
tf,0.852,151,0.4136986301369863,0.9867549668874173,0.9172185430463574
tf,0.853,151,0.4136986301369863,0.9867549668874173,0.9172185430463574
tf,0.854,150,0.410958904109589,0.9866666666666667,0.9176399999999999
tf,0.855,150,0.410958904109589,0.9866666666666667,0.9176399999999999
tf,0.856,149,0.40821917808219177,0.9865771812080537,0.9180536912751678
tf,0.857,148,0.4054794520547945,0.9864864864864865,0.9184729729729729
tf,0.858,148,0.4054794520547945,0.9864864864864865,0.9184729729729729
tf,0.859,147,0.40273972602739727,0.9863945578231292,0.9188843537414966
tf,0.86,147,0.40273972602739727,0.9863945578231292,0.9188843537414966
tf,0.861,145,0.3972602739726027,0.9862068965517241,0.9196965517241379
tf,0.862,145,0.3972602739726027,0.9862068965517241,0.9196965517241379
tf,0.863,140,0.3835616438356164,0.9928571428571429,0.9217571428571428
tf,0.864,140,0.3835616438356164,0.9928571428571429,0.9217571428571428
tf,0.865,138,0.3780821917808219,0.9927536231884058,0.9225942028985507
tf,0.866,138,0.3780821917808219,0.9927536231884058,0.9225942028985507
tf,0.867,137,0.37534246575342467,0.9927007299270073,0.9230072992700729
tf,0.868,135,0.3698630136986301,0.9925925925925926,0.9238222222222222
tf,0.869,135,0.3698630136986301,0.9925925925925926,0.9238222222222222
tf,0.87,132,0.36164383561643837,0.9924242424242424,0.9250454545454545
tf,0.871,132,0.36164383561643837,0.9924242424242424,0.9250454545454545
tf,0.872,130,0.3561643835616438,0.9923076923076923,0.9258615384615384
tf,0.873,130,0.3561643835616438,0.9923076923076923,0.9258615384615384
tf,0.874,128,0.3506849315068493,0.9921875,0.9266718749999999
tf,0.875,128,0.3506849315068493,0.9921875,0.9266718749999999
tf,0.876,127,0.34794520547945207,0.9921259842519685,0.9270708661417322
tf,0.877,127,0.34794520547945207,0.9921259842519685,0.9270708661417322
tf,0.878,127,0.34794520547945207,0.9921259842519685,0.9270708661417322
tf,0.879,126,0.3452054794520548,0.9920634920634921,0.9274603174603173
tf,0.88,125,0.3424657534246575,0.992,0.9278399999999999
tf,0.881,123,0.336986301369863,0.991869918699187,0.9286178861788617
tf,0.882,123,0.336986301369863,0.991869918699187,0.9286178861788617
tf,0.883,123,0.336986301369863,0.991869918699187,0.9286178861788617
tf,0.884,121,0.3315068493150685,0.9917355371900827,0.9293553719008264
tf,0.885,121,0.3315068493150685,0.9917355371900827,0.9293553719008264
tf,0.886,119,0.32602739726027397,0.9915966386554622,0.9300840336134453
tf,0.887,119,0.32602739726027397,0.9915966386554622,0.9300840336134453
tf,0.888,114,0.31232876712328766,1.0,0.9319298245614035
tf,0.889,114,0.31232876712328766,1.0,0.9319298245614035
tf,0.89,113,0.3095890410958904,1.0,0.9323008849557521
tf,0.891,113,0.3095890410958904,1.0,0.9323008849557521
tf,0.892,111,0.3041095890410959,1.0,0.9330270270270269
tf,0.893,111,0.3041095890410959,1.0,0.9330270270270269
tf,0.894,107,0.29315068493150687,1.0,0.9344859813084112
tf,0.895,107,0.29315068493150687,1.0,0.9344859813084112
tf,0.896,107,0.29315068493150687,1.0,0.9344859813084112
tf,0.897,107,0.29315068493150687,1.0,0.9344859813084112
tf,0.898,107,0.29315068493150687,1.0,0.9344859813084112
tf,0.899,103,0.2821917808219178,1.0,0.9359029126213592
tf,0.9,101,0.27671232876712326,1.0,0.9366138613861386
tf,0.901,101,0.27671232876712326,1.0,0.9366138613861386
tf,0.902,97,0.26575342465753427,1.0,0.938041237113402
tf,0.903,97,0.26575342465753427,1.0,0.938041237113402
tf,0.904,90,0.2465753424657534,1.0,0.9406888888888888
tf,0.905,90,0.2465753424657534,1.0,0.9406888888888888
tf,0.906,87,0.23835616438356164,1.0,0.9418850574712643
tf,0.907,87,0.23835616438356164,1.0,0.9418850574712643
tf,0.908,83,0.2273972602739726,1.0,0.9435180722891566
tf,0.909,83,0.2273972602739726,1.0,0.9435180722891566
tf,0.91,79,0.21643835616438356,1.0,0.9452151898734177
tf,0.911,79,0.21643835616438356,1.0,0.9452151898734177
tf,0.912,73,0.2,1.0,0.947945205479452
tf,0.913,73,0.2,1.0,0.947945205479452
tf,0.914,72,0.19726027397260273,1.0,0.9484166666666667
tf,0.915,71,0.19452054794520549,1.0,0.9489014084507043
tf,0.916,66,0.18082191780821918,1.0,0.9513939393939393
tf,0.917,66,0.18082191780821918,1.0,0.9513939393939393
tf,0.918,64,0.17534246575342466,1.0,0.9524374999999999
tf,0.919,64,0.17534246575342466,1.0,0.9524374999999999
tf,0.92,64,0.17534246575342466,1.0,0.9524374999999999
tf,0.921,64,0.17534246575342466,1.0,0.9524374999999999
tf,0.922,60,0.1643835616438356,1.0,0.9544666666666667
tf,0.923,60,0.1643835616438356,1.0,0.9544666666666667
tf,0.924,59,0.16164383561643836,1.0,0.9549830508474576
tf,0.925,59,0.16164383561643836,1.0,0.9549830508474576
tf,0.926,56,0.15342465753424658,1.0,0.9565357142857144
tf,0.927,56,0.15342465753424658,1.0,0.9565357142857144
tf,0.928,56,0.15342465753424658,1.0,0.9565357142857144
tf,0.929,55,0.1506849315068493,1.0,0.9570545454545454
tf,0.93,55,0.1506849315068493,1.0,0.9570545454545454
tf,0.931,54,0.14794520547945206,1.0,0.9575555555555555
tf,0.932,52,0.14246575342465753,1.0,0.9585384615384616
tf,0.933,52,0.14246575342465753,1.0,0.9585384615384616
tf,0.934,50,0.136986301369863,1.0,0.9595199999999999
tf,0.935,50,0.136986301369863,1.0,0.9595199999999999
tf,0.936,48,0.13150684931506848,1.0,0.9605
tf,0.937,48,0.13150684931506848,1.0,0.9605
tf,0.938,48,0.13150684931506848,1.0,0.9605
tf,0.939,42,0.11506849315068493,1.0,0.9637142857142857
tf,0.94,42,0.11506849315068493,1.0,0.9637142857142857
tf,0.941,37,0.10136986301369863,1.0,0.9669189189189188
tf,0.942,36,0.09863013698630137,1.0,0.967611111111111
tf,0.943,36,0.09863013698630137,1.0,0.967611111111111
tf,0.944,35,0.0958904109589041,1.0,0.9682857142857143
tf,0.945,35,0.0958904109589041,1.0,0.9682857142857143
tf,0.946,35,0.0958904109589041,1.0,0.9682857142857143
tf,0.947,34,0.09315068493150686,1.0,0.9689411764705883
tf,0.948,34,0.09315068493150686,1.0,0.9689411764705883
tf,0.949,34,0.09315068493150686,1.0,0.9689411764705883
tf,0.95,34,0.09315068493150686,1.0,0.9689411764705883
tf,0.951,31,0.08493150684931507,1.0,0.9707741935483871
tf,0.952,31,0.08493150684931507,1.0,0.9707741935483871
tf,0.953,28,0.07671232876712329,1.0,0.9727857142857143
tf,0.954,28,0.07671232876712329,1.0,0.9727857142857143
tf,0.955,26,0.07123287671232877,1.0,0.9742307692307691
tf,0.956,26,0.07123287671232877,1.0,0.9742307692307691
tf,0.957,23,0.06301369863013699,1.0,0.9766086956521739
tf,0.958,22,0.06027397260273973,1.0,0.9774545454545455
tf,0.959,22,0.06027397260273973,1.0,0.9774545454545455
tf,0.96,22,0.06027397260273973,1.0,0.9774545454545455
tf,0.961,16,0.043835616438356165,1.0,0.984
tf,0.962,16,0.043835616438356165,1.0,0.984
tf,0.963,15,0.0410958904109589,1.0,0.9854666666666667
tf,0.964,15,0.0410958904109589,1.0,0.9854666666666667
tf,0.965,14,0.038356164383561646,1.0,0.987
tf,0.966,14,0.038356164383561646,1.0,0.987
tf,0.967,14,0.038356164383561646,1.0,0.987
tf,0.968,14,0.038356164383561646,1.0,0.987
tf,0.969,13,0.03561643835616438,1.0,0.9884615384615384
tf,0.97,13,0.03561643835616438,1.0,0.9884615384615384
tf,0.971,12,0.03287671232876712,1.0,0.9899999999999999
tf,0.972,12,0.03287671232876712,1.0,0.9899999999999999
tf,0.973,10,0.0273972602739726,1.0,0.9936
tf,0.974,10,0.0273972602739726,1.0,0.9936
tf,0.975,10,0.0273972602739726,1.0,0.9936
tf,0.976,9,0.024657534246575342,1.0,0.9955555555555556
tf,0.977,9,0.024657534246575342,1.0,0.9955555555555556
tf,0.978,9,0.024657534246575342,1.0,0.9955555555555556
tf,0.979,9,0.024657534246575342,1.0,0.9955555555555556
tf,0.98,9,0.024657534246575342,1.0,0.9955555555555556
tf,0.981,7,0.019178082191780823,1.0,1.0
tf,0.982,7,0.019178082191780823,1.0,1.0
tf,0.983,7,0.019178082191780823,1.0,1.0
tf,0.984,7,0.019178082191780823,1.0,1.0
tf,0.985,7,0.019178082191780823,1.0,1.0
tf,0.986,7,0.019178082191780823,1.0,1.0
tf,0.987,7,0.019178082191780823,1.0,1.0
tf,0.988,7,0.019178082191780823,1.0,1.0
tf,0.989,7,0.019178082191780823,1.0,1.0
tf,0.99,7,0.019178082191780823,1.0,1.0
tf,0.991,7,0.019178082191780823,1.0,1.0
tf,0.992,7,0.019178082191780823,1.0,1.0
tf,0.993,7,0.019178082191780823,1.0,1.0
tf,0.994,7,0.019178082191780823,1.0,1.0
tf,0.995,7,0.019178082191780823,1.0,1.0
tf,0.996,7,0.019178082191780823,1.0,1.0
tf,0.997,7,0.019178082191780823,1.0,1.0
tf,0.998,7,0.019178082191780823,1.0,1.0
tf,0.999,7,0.019178082191780823,1.0,1.0
tf,1.0,7,0.019178082191780823,1.0,1.0
tuf,0.0,365,1.0,0.6931506849315069,0.36083835553594024
tuf,0.001,365,1.0,0.6931506849315069,0.36083835553594024
tuf,0.002,365,1.0,0.6931506849315069,0.36083835553594024
tuf,0.003,365,1.0,0.6931506849315069,0.36083835553594024
tuf,0.004,365,1.0,0.6931506849315069,0.36083835553594024
tuf,0.005,365,1.0,0.6931506849315069,0.36083835553594024
tuf,0.006,365,1.0,0.6931506849315069,0.36083835553594024
tuf,0.007,365,1.0,0.6931506849315069,0.36083835553594024
tuf,0.008,365,1.0,0.6931506849315069,0.36083835553594024
tuf,0.009,365,1.0,0.6931506849315069,0.36083835553594024
tuf,0.01,365,1.0,0.6931506849315069,0.36083835553594024
tuf,0.011,365,1.0,0.6931506849315069,0.36083835553594024
tuf,0.012,365,1.0,0.6931506849315069,0.36083835553594024
tuf,0.013,365,1.0,0.6931506849315069,0.36083835553594024
tuf,0.014,365,1.0,0.6931506849315069,0.36083835553594024
tuf,0.015,365,1.0,0.6931506849315069,0.36083835553594024
tuf,0.016,365,1.0,0.6931506849315069,0.36083835553594024
tuf,0.017,365,1.0,0.6931506849315069,0.36083835553594024
tuf,0.018,365,1.0,0.6931506849315069,0.36083835553594024
tuf,0.019,365,1.0,0.6931506849315069,0.36083835553594024
tuf,0.02,365,1.0,0.6931506849315069,0.36083835553594024
tuf,0.021,365,1.0,0.6931506849315069,0.36083835553594024
tuf,0.022,365,1.0,0.6931506849315069,0.36083835553594024
tuf,0.023,365,1.0,0.6931506849315069,0.36083835553594024
tuf,0.024,365,1.0,0.6931506849315069,0.36083835553594024
tuf,0.025,365,1.0,0.6931506849315069,0.36083835553594024
tuf,0.026,365,1.0,0.6931506849315069,0.36083835553594024
tuf,0.027,365,1.0,0.6931506849315069,0.36083835553594024
tuf,0.028,365,1.0,0.6931506849315069,0.36083835553594024
tuf,0.029,365,1.0,0.6931506849315069,0.36083835553594024
tuf,0.03,365,1.0,0.6931506849315069,0.36083835553594024
tuf,0.031,365,1.0,0.6931506849315069,0.36083835553594024
tuf,0.032,365,1.0,0.6931506849315069,0.36083835553594024
tuf,0.033,365,1.0,0.6931506849315069,0.36083835553594024
tuf,0.034,365,1.0,0.6931506849315069,0.36083835553594024
tuf,0.035,365,1.0,0.6931506849315069,0.36083835553594024
tuf,0.036,365,1.0,0.6931506849315069,0.36083835553594024
tuf,0.037,365,1.0,0.6931506849315069,0.36083835553594024
tuf,0.038,365,1.0,0.6931506849315069,0.36083835553594024
tuf,0.039,365,1.0,0.6931506849315069,0.36083835553594024
tuf,0.04,365,1.0,0.6931506849315069,0.36083835553594024
tuf,0.041,365,1.0,0.6931506849315069,0.36083835553594024
tuf,0.042,365,1.0,0.6931506849315069,0.36083835553594024
tuf,0.043,365,1.0,0.6931506849315069,0.36083835553594024
tuf,0.044,365,1.0,0.6931506849315069,0.36083835553594024
tuf,0.045,365,1.0,0.6931506849315069,0.36083835553594024
tuf,0.046,365,1.0,0.6931506849315069,0.36083835553594024
tuf,0.047,363,0.9945205479452055,0.6914600550964187,0.3625683326430351
tuf,0.048,360,0.9863013698630136,0.6888888888888889,0.3651936907060044
tuf,0.049,357,0.9780821917808219,0.6918767507002801,0.36785418014499316
tuf,0.05,353,0.9671232876712329,0.6912181303116147,0.37146368132944274
tuf,0.051,351,0.9616438356164384,0.6923076923076923,0.37329121664956677
tuf,0.052,351,0.9616438356164384,0.6923076923076923,0.37329121664956677
tuf,0.053,348,0.9534246575342465,0.6982758620689655,0.37605507921653897
tuf,0.054,344,0.9424657534246575,0.7034883720930233,0.3798038797370213
tuf,0.055,342,0.936986301369863,0.7046783625730995,0.38170653760059686
tuf,0.056,332,0.9095890410958904,0.713855421686747,0.391532656865412
tuf,0.057,318,0.8712328767123287,0.7232704402515723,0.4062969485157894
tuf,0.058,318,0.8712328767123287,0.7232704402515723,0.4062969485157894
tuf,0.059,316,0.8657534246575342,0.7215189873417721,0.4084976675992227
tuf,0.06,315,0.863013698630137,0.7206349206349206,0.4096046227207546
tuf,0.061,314,0.8602739726027397,0.7229299363057324,0.41071732480977025
tuf,0.062,313,0.8575342465753425,0.7252396166134185,0.4118318975783667
tuf,0.063,312,0.8547945205479452,0.7243589743589743,0.41295098234344324
tuf,0.064,311,0.852054794520548,0.7266881028938906,0.41407495100029224
tuf,0.065,311,0.852054794520548,0.7266881028938906,0.41407495100029224
tuf,0.066,309,0.8465753424657534,0.7281553398058253,0.41633109955045594
tuf,0.067,309,0.8465753424657534,0.7281553398058253,0.41633109955045594
tuf,0.068,308,0.8438356164383561,0.7305194805194806,0.4174639293405151
tuf,0.069,308,0.8438356164383561,0.7305194805194806,0.4174639293405151
tuf,0.07,308,0.8438356164383561,0.7305194805194806,0.4174639293405151
tuf,0.071,308,0.8438356164383561,0.7305194805194806,0.4174639293405151
tuf,0.072,306,0.8383561643835616,0.7320261437908496,0.41972399655554626
tuf,0.073,306,0.8383561643835616,0.7320261437908496,0.41972399655554626
tuf,0.074,304,0.8328767123287671,0.7368421052631579,0.4220012992875174
tuf,0.075,304,0.8328767123287671,0.7368421052631579,0.4220012992875174
tuf,0.076,304,0.8328767123287671,0.7368421052631579,0.4220012992875174
tuf,0.077,304,0.8328767123287671,0.7368421052631579,0.4220012992875174
tuf,0.078,301,0.8246575342465754,0.7408637873754153,0.4254348670545026
tuf,0.079,301,0.8246575342465754,0.7408637873754153,0.4254348670545026
tuf,0.08,301,0.8246575342465754,0.7408637873754153,0.4254348670545026
tuf,0.081,301,0.8246575342465754,0.7408637873754153,0.4254348670545026
tuf,0.082,301,0.8246575342465754,0.7408637873754153,0.4254348670545026
tuf,0.083,301,0.8246575342465754,0.7408637873754153,0.4254348670545026
tuf,0.084,300,0.821917808219178,0.7433333333333333,0.4265731232997759
tuf,0.085,300,0.821917808219178,0.7433333333333333,0.4265731232997759
tuf,0.086,299,0.8191780821917808,0.745819397993311,0.42771473847253816
tuf,0.087,299,0.8191780821917808,0.745819397993311,0.42771473847253816
tuf,0.088,298,0.8164383561643835,0.7483221476510067,0.42885688311894965
tuf,0.089,297,0.8136986301369863,0.7508417508417509,0.43000342705762173
tuf,0.09,297,0.8136986301369863,0.7508417508417509,0.43000342705762173
tuf,0.091,296,0.810958904109589,0.75,0.43114876407135233
tuf,0.092,296,0.810958904109589,0.75,0.43114876407135233
tuf,0.093,295,0.8082191780821918,0.752542372881356,0.4322967259834586
tuf,0.094,294,0.8054794520547945,0.7517006802721088,0.4334489056339307
tuf,0.095,294,0.8054794520547945,0.7517006802721088,0.4334489056339307
tuf,0.096,294,0.8054794520547945,0.7517006802721088,0.4334489056339307
tuf,0.097,293,0.8027397260273973,0.7542662116040956,0.4346001930305359
tuf,0.098,293,0.8027397260273973,0.7542662116040956,0.4346001930305359
tuf,0.099,293,0.8027397260273973,0.7542662116040956,0.4346001930305359
tuf,0.1,293,0.8027397260273973,0.7542662116040956,0.4346001930305359
tuf,0.101,293,0.8027397260273973,0.7542662116040956,0.4346001930305359
tuf,0.102,293,0.8027397260273973,0.7542662116040956,0.4346001930305359
tuf,0.103,293,0.8027397260273973,0.7542662116040956,0.4346001930305359
tuf,0.104,293,0.8027397260273973,0.7542662116040956,0.4346001930305359
tuf,0.105,292,0.8,0.7568493150684932,0.4357318146961655
tuf,0.106,292,0.8,0.7568493150684932,0.4357318146961655
tuf,0.107,291,0.7972602739726027,0.7594501718213058,0.43686224122984035
tuf,0.108,291,0.7972602739726027,0.7594501718213058,0.43686224122984035
tuf,0.109,289,0.7917808219178082,0.7647058823529411,0.439137210960178
tuf,0.11,288,0.7890410958904109,0.7673611111111112,0.44028236331304904
tuf,0.111,287,0.7863013698630137,0.7665505226480837,0.44143140771011213
tuf,0.112,287,0.7863013698630137,0.7665505226480837,0.44143140771011213
tuf,0.113,287,0.7863013698630137,0.7665505226480837,0.44143140771011213
tuf,0.114,285,0.7808219178082192,0.7684210526315789,0.44372975677006615
tuf,0.115,285,0.7808219178082192,0.7684210526315789,0.44372975677006615
tuf,0.116,285,0.7808219178082192,0.7684210526315789,0.44372975677006615
tuf,0.117,285,0.7808219178082192,0.7684210526315789,0.44372975677006615
tuf,0.118,285,0.7808219178082192,0.7684210526315789,0.44372975677006615
tuf,0.119,283,0.7753424657534247,0.7703180212014135,0.4460281167329749
tuf,0.12,283,0.7753424657534247,0.7703180212014135,0.4460281167329749
tuf,0.121,282,0.7726027397260274,0.7730496453900709,0.44718128972375376
tuf,0.122,281,0.7698630136986301,0.7758007117437722,0.44834207723166747
tuf,0.123,279,0.7643835616438356,0.7813620071684588,0.4506792820341205
tuf,0.124,279,0.7643835616438356,0.7813620071684588,0.4506792820341205
tuf,0.125,279,0.7643835616438356,0.7813620071684588,0.4506792820341205
tuf,0.126,279,0.7643835616438356,0.7813620071684588,0.4506792820341205
tuf,0.127,279,0.7643835616438356,0.7813620071684588,0.4506792820341205
tuf,0.128,279,0.7643835616438356,0.7813620071684588,0.4506792820341205
tuf,0.129,278,0.7616438356164383,0.7805755395683454,0.451839762158141
tuf,0.13,278,0.7616438356164383,0.7805755395683454,0.451839762158141
tuf,0.131,278,0.7616438356164383,0.7805755395683454,0.451839762158141
tuf,0.132,275,0.7534246575342466,0.7854545454545454,0.45533629823014665
tuf,0.133,274,0.7506849315068493,0.7883211678832117,0.45651331635020803
tuf,0.134,273,0.7479452054794521,0.7912087912087912,0.4576955974066109
tuf,0.135,273,0.7479452054794521,0.7912087912087912,0.4576955974066109
tuf,0.136,273,0.7479452054794521,0.7912087912087912,0.4576955974066109
tuf,0.137,272,0.7452054794520548,0.7904411764705882,0.4588756935816122
tuf,0.138,271,0.7424657534246575,0.7933579335793358,0.4600603517375099
tuf,0.139,270,0.7397260273972602,0.7962962962962963,0.4612528908257887
tuf,0.14,270,0.7397260273972602,0.7962962962962963,0.4612528908257887
tuf,0.141,270,0.7397260273972602,0.7962962962962963,0.4612528908257887
tuf,0.142,270,0.7397260273972602,0.7962962962962963,0.4612528908257887
tuf,0.143,270,0.7397260273972602,0.7962962962962963,0.4612528908257887
tuf,0.144,270,0.7397260273972602,0.7962962962962963,0.4612528908257887
tuf,0.145,269,0.736986301369863,0.7955390334572491,0.4624286759800007
tuf,0.146,268,0.7342465753424657,0.7985074626865671,0.46361248944758776
tuf,0.147,268,0.7342465753424657,0.7985074626865671,0.46361248944758776
tuf,0.148,268,0.7342465753424657,0.7985074626865671,0.46361248944758776
tuf,0.149,268,0.7342465753424657,0.7985074626865671,0.46361248944758776
tuf,0.15,266,0.7287671232876712,0.7969924812030075,0.46597618178873695
tuf,0.151,265,0.726027397260274,0.8,0.46716481245574765
tuf,0.152,265,0.726027397260274,0.8,0.46716481245574765
tuf,0.153,265,0.726027397260274,0.8,0.46716481245574765
tuf,0.154,264,0.7232876712328767,0.803030303030303,0.4683529367453527
tuf,0.155,264,0.7232876712328767,0.803030303030303,0.4683529367453527
tuf,0.156,263,0.7205479452054795,0.8022813688212928,0.46954329841382014
tuf,0.157,262,0.7178082191780822,0.8015267175572519,0.47073684789886017
tuf,0.158,262,0.7178082191780822,0.8015267175572519,0.47073684789886017
tuf,0.159,262,0.7178082191780822,0.8015267175572519,0.47073684789886017
tuf,0.16,260,0.7123287671232876,0.8,0.4731334749465511
tuf,0.161,260,0.7123287671232876,0.8,0.4731334749465511
tuf,0.162,260,0.7123287671232876,0.8,0.4731334749465511
tuf,0.163,260,0.7123287671232876,0.8,0.4731334749465511
tuf,0.164,260,0.7123287671232876,0.8,0.4731334749465511
tuf,0.165,260,0.7123287671232876,0.8,0.4731334749465511
tuf,0.166,259,0.7095890410958904,0.803088803088803,0.4743225359823808
tuf,0.167,258,0.7068493150684931,0.8062015503875969,0.47551693857662775
tuf,0.168,258,0.7068493150684931,0.8062015503875969,0.47551693857662775
tuf,0.169,258,0.7068493150684931,0.8062015503875969,0.47551693857662775
tuf,0.17,257,0.7041095890410959,0.8054474708171206,0.47670914003190545
tuf,0.171,257,0.7041095890410959,0.8054474708171206,0.47670914003190545
tuf,0.172,257,0.7041095890410959,0.8054474708171206,0.47670914003190545
tuf,0.173,256,0.7013698630136986,0.80859375,0.47789810802682176
tuf,0.174,256,0.7013698630136986,0.80859375,0.47789810802682176
tuf,0.175,255,0.6986301369863014,0.8117647058823529,0.47908855812365897
tuf,0.176,254,0.6958904109589041,0.8149606299212598,0.4802851010034109
tuf,0.177,254,0.6958904109589041,0.8149606299212598,0.4802851010034109
tuf,0.178,254,0.6958904109589041,0.8149606299212598,0.4802851010034109
tuf,0.179,253,0.6931506849315069,0.8181818181818182,0.48147882094548206
tuf,0.18,253,0.6931506849315069,0.8181818181818182,0.48147882094548206
tuf,0.181,253,0.6931506849315069,0.8181818181818182,0.48147882094548206
tuf,0.182,252,0.6904109589041096,0.8174603174603174,0.4826692038881194
tuf,0.183,252,0.6904109589041096,0.8174603174603174,0.4826692038881194
tuf,0.184,250,0.684931506849315,0.816,0.48506328672279775
tuf,0.185,250,0.684931506849315,0.816,0.48506328672279775
tuf,0.186,250,0.684931506849315,0.816,0.48506328672279775
tuf,0.187,249,0.6821917808219178,0.8152610441767069,0.48626041348151994
tuf,0.188,249,0.6821917808219178,0.8152610441767069,0.48626041348151994
tuf,0.189,249,0.6821917808219178,0.8152610441767069,0.48626041348151994
tuf,0.19,248,0.6794520547945205,0.8145161290322581,0.4874581221310113
tuf,0.191,248,0.6794520547945205,0.8145161290322581,0.4874581221310113
tuf,0.192,248,0.6794520547945205,0.8145161290322581,0.4874581221310113
tuf,0.193,248,0.6794520547945205,0.8145161290322581,0.4874581221310113
tuf,0.194,247,0.6767123287671233,0.8178137651821862,0.48864756122196007
tuf,0.195,246,0.673972602739726,0.8211382113821138,0.489845204313537
tuf,0.196,246,0.673972602739726,0.8211382113821138,0.489845204313537
tuf,0.197,246,0.673972602739726,0.8211382113821138,0.489845204313537
tuf,0.198,246,0.673972602739726,0.8211382113821138,0.489845204313537
tuf,0.199,246,0.673972602739726,0.8211382113821138,0.489845204313537
tuf,0.2,245,0.6712328767123288,0.8244897959183674,0.49102824596379635
tuf,0.201,245,0.6712328767123288,0.8244897959183674,0.49102824596379635
tuf,0.202,245,0.6712328767123288,0.8244897959183674,0.49102824596379635
tuf,0.203,245,0.6712328767123288,0.8244897959183674,0.49102824596379635
tuf,0.204,245,0.6712328767123288,0.8244897959183674,0.49102824596379635
tuf,0.205,245,0.6712328767123288,0.8244897959183674,0.49102824596379635
tuf,0.206,245,0.6712328767123288,0.8244897959183674,0.49102824596379635
tuf,0.207,245,0.6712328767123288,0.8244897959183674,0.49102824596379635
tuf,0.208,243,0.6657534246575343,0.8271604938271605,0.49336235296492226
tuf,0.209,243,0.6657534246575343,0.8271604938271605,0.49336235296492226
tuf,0.21,243,0.6657534246575343,0.8271604938271605,0.49336235296492226
tuf,0.211,243,0.6657534246575343,0.8271604938271605,0.49336235296492226
tuf,0.212,242,0.663013698630137,0.8305785123966942,0.4945277621369536
tuf,0.213,242,0.663013698630137,0.8305785123966942,0.4945277621369536
tuf,0.214,242,0.663013698630137,0.8305785123966942,0.4945277621369536
tuf,0.215,241,0.6602739726027397,0.8298755186721992,0.4956886563276022
tuf,0.216,240,0.6575342465753424,0.8333333333333334,0.4968561090623005
tuf,0.217,239,0.6547945205479452,0.8368200836820083,0.4980272056544193
tuf,0.218,238,0.6520547945205479,0.8403361344537815,0.49920427563104336
tuf,0.219,237,0.6493150684931507,0.8438818565400844,0.5003865721526933
tuf,0.22,236,0.6465753424657534,0.8432203389830508,0.501578181921702
tuf,0.221,236,0.6465753424657534,0.8432203389830508,0.501578181921702
tuf,0.222,235,0.6438356164383562,0.8468085106382979,0.5027678763128581
tuf,0.223,235,0.6438356164383562,0.8468085106382979,0.5027678763128581
tuf,0.224,233,0.6383561643835617,0.8454935622317596,0.5051623944339597
tuf,0.225,233,0.6383561643835617,0.8454935622317596,0.5051623944339597
tuf,0.226,233,0.6383561643835617,0.8454935622317596,0.5051623944339597
tuf,0.227,232,0.6356164383561644,0.8491379310344828,0.5063649622260601
tuf,0.228,232,0.6356164383561644,0.8491379310344828,0.5063649622260601
tuf,0.229,232,0.6356164383561644,0.8491379310344828,0.5063649622260601
tuf,0.23,232,0.6356164383561644,0.8491379310344828,0.5063649622260601
tuf,0.231,232,0.6356164383561644,0.8491379310344828,0.5063649622260601
tuf,0.232,232,0.6356164383561644,0.8491379310344828,0.5063649622260601
tuf,0.233,232,0.6356164383561644,0.8491379310344828,0.5063649622260601
tuf,0.234,232,0.6356164383561644,0.8491379310344828,0.5063649622260601
tuf,0.235,232,0.6356164383561644,0.8491379310344828,0.5063649622260601
tuf,0.236,232,0.6356164383561644,0.8491379310344828,0.5063649622260601
tuf,0.237,232,0.6356164383561644,0.8491379310344828,0.5063649622260601
tuf,0.238,232,0.6356164383561644,0.8491379310344828,0.5063649622260601
tuf,0.239,232,0.6356164383561644,0.8491379310344828,0.5063649622260601
tuf,0.24,232,0.6356164383561644,0.8491379310344828,0.5063649622260601
tuf,0.241,232,0.6356164383561644,0.8491379310344828,0.5063649622260601
tuf,0.242,231,0.6328767123287671,0.8484848484848485,0.5075095224881071
tuf,0.243,231,0.6328767123287671,0.8484848484848485,0.5075095224881071
tuf,0.244,231,0.6328767123287671,0.8484848484848485,0.5075095224881071
tuf,0.245,230,0.6301369863013698,0.8521739130434782,0.5086530421510989
tuf,0.246,229,0.6273972602739726,0.8558951965065502,0.5098014542711182
tuf,0.247,229,0.6273972602739726,0.8558951965065502,0.5098014542711182
tuf,0.248,228,0.6246575342465753,0.8596491228070176,0.5109526302401437
tuf,0.249,227,0.6219178082191781,0.8590308370044053,0.5121093060225052
tuf,0.25,226,0.6191780821917808,0.8628318584070797,0.5132712941022508
tuf,0.251,226,0.6191780821917808,0.8628318584070797,0.5132712941022508
tuf,0.252,224,0.6136986301369863,0.8705357142857143,0.5156122580376875
tuf,0.253,224,0.6136986301369863,0.8705357142857143,0.5156122580376875
tuf,0.254,224,0.6136986301369863,0.8705357142857143,0.5156122580376875
tuf,0.255,223,0.6109589041095891,0.874439461883408,0.5167835188909757
tuf,0.256,223,0.6109589041095891,0.874439461883408,0.5167835188909757
tuf,0.257,222,0.6082191780821918,0.8783783783783784,0.51795746867577
tuf,0.258,221,0.6054794520547945,0.8778280542986425,0.5191377452747211
tuf,0.259,221,0.6054794520547945,0.8778280542986425,0.5191377452747211
tuf,0.26,221,0.6054794520547945,0.8778280542986425,0.5191377452747211
tuf,0.261,221,0.6054794520547945,0.8778280542986425,0.5191377452747211
tuf,0.262,221,0.6054794520547945,0.8778280542986425,0.5191377452747211
tuf,0.263,221,0.6054794520547945,0.8778280542986425,0.5191377452747211
tuf,0.264,221,0.6054794520547945,0.8778280542986425,0.5191377452747211
tuf,0.265,221,0.6054794520547945,0.8778280542986425,0.5191377452747211
tuf,0.266,221,0.6054794520547945,0.8778280542986425,0.5191377452747211
tuf,0.267,221,0.6054794520547945,0.8778280542986425,0.5191377452747211
tuf,0.268,219,0.6,0.8767123287671232,0.5214343578384163
tuf,0.269,219,0.6,0.8767123287671232,0.5214343578384163
tuf,0.27,218,0.5972602739726027,0.8807339449541285,0.5225900200303356
tuf,0.271,216,0.5917808219178082,0.8888888888888888,0.5249221624815242
tuf,0.272,214,0.5863013698630137,0.897196261682243,0.5272890362741864
tuf,0.273,214,0.5863013698630137,0.897196261682243,0.5272890362741864
tuf,0.274,214,0.5863013698630137,0.897196261682243,0.5272890362741864
tuf,0.275,214,0.5863013698630137,0.897196261682243,0.5272890362741864
tuf,0.276,213,0.5835616438356165,0.8967136150234741,0.5284694039914283
tuf,0.277,213,0.5835616438356165,0.8967136150234741,0.5284694039914283
tuf,0.278,213,0.5835616438356165,0.8967136150234741,0.5284694039914283
tuf,0.279,213,0.5835616438356165,0.8967136150234741,0.5284694039914283
tuf,0.28,213,0.5835616438356165,0.8967136150234741,0.5284694039914283
tuf,0.281,213,0.5835616438356165,0.8967136150234741,0.5284694039914283
tuf,0.282,213,0.5835616438356165,0.8967136150234741,0.5284694039914283
tuf,0.283,212,0.5808219178082191,0.8962264150943396,0.5296312093561677
tuf,0.284,212,0.5808219178082191,0.8962264150943396,0.5296312093561677
tuf,0.285,211,0.5780821917808219,0.9004739336492891,0.5307953383104623
tuf,0.286,211,0.5780821917808219,0.9004739336492891,0.5307953383104623
tuf,0.287,210,0.5753424657534246,0.9047619047619048,0.5319562684928931
tuf,0.288,209,0.5726027397260274,0.9090909090909091,0.5331283080550601
tuf,0.289,209,0.5726027397260274,0.9090909090909091,0.5331283080550601
tuf,0.29,209,0.5726027397260274,0.9090909090909091,0.5331283080550601
tuf,0.291,208,0.5698630136986301,0.9086538461538461,0.5342947903053248
tuf,0.292,207,0.5671232876712329,0.9082125603864735,0.5354671727949687
tuf,0.293,207,0.5671232876712329,0.9082125603864735,0.5354671727949687
tuf,0.294,207,0.5671232876712329,0.9082125603864735,0.5354671727949687
tuf,0.295,206,0.5643835616438356,0.9077669902912622,0.5366350573170413
tuf,0.296,206,0.5643835616438356,0.9077669902912622,0.5366350573170413
tuf,0.297,206,0.5643835616438356,0.9077669902912622,0.5366350573170413
tuf,0.298,206,0.5643835616438356,0.9077669902912622,0.5366350573170413
tuf,0.299,206,0.5643835616438356,0.9077669902912622,0.5366350573170413
tuf,0.3,205,0.5616438356164384,0.9073170731707317,0.5377911187939308
tuf,0.301,205,0.5616438356164384,0.9073170731707317,0.5377911187939308
tuf,0.302,204,0.5589041095890411,0.9068627450980392,0.5389518595723325
tuf,0.303,204,0.5589041095890411,0.9068627450980392,0.5389518595723325
tuf,0.304,201,0.5506849315068493,0.9104477611940298,0.5424693831812064
tuf,0.305,201,0.5506849315068493,0.9104477611940298,0.5424693831812064
tuf,0.306,201,0.5506849315068493,0.9104477611940298,0.5424693831812064
tuf,0.307,200,0.547945205479452,0.91,0.5436475634304458
tuf,0.308,200,0.547945205479452,0.91,0.5436475634304458
tuf,0.309,200,0.547945205479452,0.91,0.5436475634304458
tuf,0.31,200,0.547945205479452,0.91,0.5436475634304458
tuf,0.311,199,0.5452054794520548,0.914572864321608,0.5448174841847027
tuf,0.312,197,0.5397260273972603,0.9238578680203046,0.5471836515368316
tuf,0.313,197,0.5397260273972603,0.9238578680203046,0.5471836515368316
tuf,0.314,197,0.5397260273972603,0.9238578680203046,0.5471836515368316
tuf,0.315,196,0.536986301369863,0.923469387755102,0.5483725137045365
tuf,0.316,195,0.5342465753424658,0.9230769230769231,0.5495684411252435
tuf,0.317,195,0.5342465753424658,0.9230769230769231,0.5495684411252435
tuf,0.318,195,0.5342465753424658,0.9230769230769231,0.5495684411252435
tuf,0.319,195,0.5342465753424658,0.9230769230769231,0.5495684411252435
tuf,0.32,194,0.5315068493150685,0.9226804123711341,0.5507560791379167
tuf,0.321,194,0.5315068493150685,0.9226804123711341,0.5507560791379167
tuf,0.322,194,0.5315068493150685,0.9226804123711341,0.5507560791379167
tuf,0.323,193,0.5287671232876713,0.927461139896373,0.5519378895652288
tuf,0.324,193,0.5287671232876713,0.927461139896373,0.5519378895652288
tuf,0.325,193,0.5287671232876713,0.927461139896373,0.5519378895652288
tuf,0.326,191,0.5232876712328767,0.9267015706806283,0.5543065308940395
tuf,0.327,191,0.5232876712328767,0.9267015706806283,0.5543065308940395
tuf,0.328,191,0.5232876712328767,0.9267015706806283,0.5543065308940395
tuf,0.329,191,0.5232876712328767,0.9267015706806283,0.5543065308940395
tuf,0.33,191,0.5232876712328767,0.9267015706806283,0.5543065308940395
tuf,0.331,191,0.5232876712328767,0.9267015706806283,0.5543065308940395
tuf,0.332,191,0.5232876712328767,0.9267015706806283,0.5543065308940395
tuf,0.333,191,0.5232876712328767,0.9267015706806283,0.5543065308940395
tuf,0.334,191,0.5232876712328767,0.9267015706806283,0.5543065308940395
tuf,0.335,188,0.5150684931506849,0.9308510638297872,0.557812308869299
tuf,0.336,188,0.5150684931506849,0.9308510638297872,0.557812308869299
tuf,0.337,187,0.5123287671232877,0.9358288770053476,0.5589975796832168
tuf,0.338,186,0.5095890410958904,0.9354838709677419,0.5601875308284671
tuf,0.339,186,0.5095890410958904,0.9354838709677419,0.5601875308284671
tuf,0.34,185,0.5068493150684932,0.9351351351351351,0.5613786345987111
tuf,0.341,184,0.5041095890410959,0.9347826086956522,0.5625763445693562
tuf,0.342,184,0.5041095890410959,0.9347826086956522,0.5625763445693562
tuf,0.343,183,0.5013698630136987,0.9344262295081968,0.5637807207208709
tuf,0.344,182,0.4986301369863014,0.9340659340659341,0.5649928858530369
tuf,0.345,181,0.4958904109589041,0.9337016574585635,0.5662138410234956
tuf,0.346,181,0.4958904109589041,0.9337016574585635,0.5662138410234956
tuf,0.347,181,0.4958904109589041,0.9337016574585635,0.5662138410234956
tuf,0.348,181,0.4958904109589041,0.9337016574585635,0.5662138410234956
tuf,0.349,180,0.4931506849315068,0.9333333333333333,0.5674215105106633
tuf,0.35,180,0.4931506849315068,0.9333333333333333,0.5674215105106633
tuf,0.351,180,0.4931506849315068,0.9333333333333333,0.5674215105106633
tuf,0.352,180,0.4931506849315068,0.9333333333333333,0.5674215105106633
tuf,0.353,180,0.4931506849315068,0.9333333333333333,0.5674215105106633
tuf,0.354,180,0.4931506849315068,0.9333333333333333,0.5674215105106633
tuf,0.355,180,0.4931506849315068,0.9333333333333333,0.5674215105106633
tuf,0.356,179,0.4904109589041096,0.9329608938547486,0.5686035673664025
tuf,0.357,178,0.4876712328767123,0.9325842696629213,0.5697979694302587
tuf,0.358,178,0.4876712328767123,0.9325842696629213,0.5697979694302587
tuf,0.359,178,0.4876712328767123,0.9325842696629213,0.5697979694302587
tuf,0.36,178,0.4876712328767123,0.9325842696629213,0.5697979694302587
tuf,0.361,178,0.4876712328767123,0.9325842696629213,0.5697979694302587
tuf,0.362,178,0.4876712328767123,0.9325842696629213,0.5697979694302587
tuf,0.363,178,0.4876712328767123,0.9325842696629213,0.5697979694302587
tuf,0.364,177,0.4849315068493151,0.9322033898305084,0.5709644363008627
tuf,0.365,177,0.4849315068493151,0.9322033898305084,0.5709644363008627
tuf,0.366,177,0.4849315068493151,0.9322033898305084,0.5709644363008627
tuf,0.367,177,0.4849315068493151,0.9322033898305084,0.5709644363008627
tuf,0.368,175,0.4794520547945205,0.9314285714285714,0.5732859346204917
tuf,0.369,175,0.4794520547945205,0.9314285714285714,0.5732859346204917
tuf,0.37,175,0.4794520547945205,0.9314285714285714,0.5732859346204917
tuf,0.371,174,0.4767123287671233,0.9367816091954023,0.5744530748374473
tuf,0.372,174,0.4767123287671233,0.9367816091954023,0.5744530748374473
tuf,0.373,173,0.473972602739726,0.9364161849710982,0.5756192426725036
tuf,0.374,173,0.473972602739726,0.9364161849710982,0.5756192426725036
tuf,0.375,173,0.473972602739726,0.9364161849710982,0.5756192426725036
tuf,0.376,172,0.4712328767123288,0.9418604651162791,0.5767798196647856
tuf,0.377,171,0.4684931506849315,0.9473684210526315,0.5779517696255366
tuf,0.378,171,0.4684931506849315,0.9473684210526315,0.5779517696255366
tuf,0.379,171,0.4684931506849315,0.9473684210526315,0.5779517696255366
tuf,0.38,170,0.4657534246575342,0.9470588235294117,0.5791218097447761
tuf,0.381,170,0.4657534246575342,0.9470588235294117,0.5791218097447761
tuf,0.382,170,0.4657534246575342,0.9470588235294117,0.5791218097447761
tuf,0.383,169,0.46301369863013697,0.9467455621301775,0.5802872247925756
tuf,0.384,168,0.4602739726027397,0.9464285714285714,0.5814595693845949
tuf,0.385,168,0.4602739726027397,0.9464285714285714,0.5814595693845949
tuf,0.386,168,0.4602739726027397,0.9464285714285714,0.5814595693845949
tuf,0.387,168,0.4602739726027397,0.9464285714285714,0.5814595693845949
tuf,0.388,167,0.4575342465753425,0.9520958083832335,0.5826216782588296
tuf,0.389,166,0.4547945205479452,0.9518072289156626,0.5837900819431198
tuf,0.39,166,0.4547945205479452,0.9518072289156626,0.5837900819431198
tuf,0.391,163,0.4465753424657534,0.950920245398773,0.5873478724918723
tuf,0.392,162,0.4438356164383562,0.9506172839506173,0.5885545662616557
tuf,0.393,162,0.4438356164383562,0.9506172839506173,0.5885545662616557
tuf,0.394,162,0.4438356164383562,0.9506172839506173,0.5885545662616557
tuf,0.395,162,0.4438356164383562,0.9506172839506173,0.5885545662616557
tuf,0.396,162,0.4438356164383562,0.9506172839506173,0.5885545662616557
tuf,0.397,161,0.4410958904109589,0.9503105590062112,0.5897464165696992
tuf,0.398,160,0.4383561643835616,0.95,0.5909489983399264
tuf,0.399,160,0.4383561643835616,0.95,0.5909489983399264
tuf,0.4,159,0.43561643835616437,0.949685534591195,0.5921502418886029
tuf,0.401,157,0.4301369863013699,0.9554140127388535,0.5945958510958704
tuf,0.402,157,0.4301369863013699,0.9554140127388535,0.5945958510958704
tuf,0.403,157,0.4301369863013699,0.9554140127388535,0.5945958510958704
tuf,0.404,157,0.4301369863013699,0.9554140127388535,0.5945958510958704
tuf,0.405,157,0.4301369863013699,0.9554140127388535,0.5945958510958704
tuf,0.406,155,0.4246575342465753,0.9548387096774194,0.5970368728304407
tuf,0.407,154,0.42191780821917807,0.9545454545454546,0.5982752075024999
tuf,0.408,154,0.42191780821917807,0.9545454545454546,0.5982752075024999
tuf,0.409,154,0.42191780821917807,0.9545454545454546,0.5982752075024999
tuf,0.41,154,0.42191780821917807,0.9545454545454546,0.5982752075024999
tuf,0.411,153,0.4191780821917808,0.954248366013072,0.5995003177911873
tuf,0.412,153,0.4191780821917808,0.954248366013072,0.5995003177911873
tuf,0.413,152,0.41643835616438357,0.9539473684210527,0.6007286696516319
tuf,0.414,151,0.4136986301369863,0.9536423841059603,0.6019674908634528
tuf,0.415,150,0.410958904109589,0.9533333333333334,0.6032167324831119
tuf,0.416,150,0.410958904109589,0.9533333333333334,0.6032167324831119
tuf,0.417,150,0.410958904109589,0.9533333333333334,0.6032167324831119
tuf,0.418,150,0.410958904109589,0.9533333333333334,0.6032167324831119
tuf,0.419,150,0.410958904109589,0.9533333333333334,0.6032167324831119
tuf,0.42,150,0.410958904109589,0.9533333333333334,0.6032167324831119
tuf,0.421,148,0.4054794520547945,0.9594594594594594,0.6056858775166676
tuf,0.422,148,0.4054794520547945,0.9594594594594594,0.6056858775166676
tuf,0.423,148,0.4054794520547945,0.9594594594594594,0.6056858775166676
tuf,0.424,148,0.4054794520547945,0.9594594594594594,0.6056858775166676
tuf,0.425,147,0.40273972602739727,0.9591836734693877,0.606915767103158
tuf,0.426,147,0.40273972602739727,0.9591836734693877,0.606915767103158
tuf,0.427,146,0.4,0.958904109589041,0.6081514915353714
tuf,0.428,146,0.4,0.958904109589041,0.6081514915353714
tuf,0.429,146,0.4,0.958904109589041,0.6081514915353714
tuf,0.43,146,0.4,0.958904109589041,0.6081514915353714
tuf,0.431,145,0.3972602739726027,0.9586206896551724,0.6093781784442196
tuf,0.432,144,0.39452054794520547,0.9583333333333334,0.6106116026109727
tuf,0.433,144,0.39452054794520547,0.9583333333333334,0.6106116026109727
tuf,0.434,144,0.39452054794520547,0.9583333333333334,0.6106116026109727
tuf,0.435,144,0.39452054794520547,0.9583333333333334,0.6106116026109727
tuf,0.436,144,0.39452054794520547,0.9583333333333334,0.6106116026109727
tuf,0.437,144,0.39452054794520547,0.9583333333333334,0.6106116026109727
tuf,0.438,144,0.39452054794520547,0.9583333333333334,0.6106116026109727
tuf,0.439,143,0.3917808219178082,0.958041958041958,0.6118151802516089
tuf,0.44,143,0.3917808219178082,0.958041958041958,0.6118151802516089
tuf,0.441,143,0.3917808219178082,0.958041958041958,0.6118151802516089
tuf,0.442,143,0.3917808219178082,0.958041958041958,0.6118151802516089
tuf,0.443,141,0.3863013698630137,0.9574468085106383,0.6142156319809462
tuf,0.444,140,0.3835616438356164,0.9571428571428572,0.6154331285834764
tuf,0.445,140,0.3835616438356164,0.9571428571428572,0.6154331285834764
tuf,0.446,138,0.3780821917808219,0.9565217391304348,0.6178959275484545
tuf,0.447,137,0.37534246575342467,0.9562043795620438,0.6191470056573023
tuf,0.448,136,0.3726027397260274,0.9558823529411765,0.6204054395224294
tuf,0.449,134,0.36712328767123287,0.9552238805970149,0.6229687047889334
tuf,0.45,134,0.36712328767123287,0.9552238805970149,0.6229687047889334
tuf,0.451,133,0.3643835616438356,0.9548872180451128,0.6242679682334616
tuf,0.452,132,0.36164383561643837,0.9621212121212122,0.625575553851392
tuf,0.453,132,0.36164383561643837,0.9621212121212122,0.625575553851392
tuf,0.454,131,0.3589041095890411,0.9618320610687023,0.6268852909036927
tuf,0.455,131,0.3589041095890411,0.9618320610687023,0.6268852909036927
tuf,0.456,131,0.3589041095890411,0.9618320610687023,0.6268852909036927
tuf,0.457,131,0.3589041095890411,0.9618320610687023,0.6268852909036927
tuf,0.458,130,0.3561643835616438,0.9615384615384616,0.6281911485994355
tuf,0.459,129,0.35342465753424657,0.9612403100775194,0.6295078758495604
tuf,0.46,128,0.3506849315068493,0.9609375,0.6308347602963017
tuf,0.461,128,0.3506849315068493,0.9609375,0.6308347602963017
tuf,0.462,127,0.34794520547945207,0.9606299212598425,0.6321694172015219
tuf,0.463,127,0.34794520547945207,0.9606299212598425,0.6321694172015219
tuf,0.464,127,0.34794520547945207,0.9606299212598425,0.6321694172015219
tuf,0.465,127,0.34794520547945207,0.9606299212598425,0.6321694172015219
tuf,0.466,127,0.34794520547945207,0.9606299212598425,0.6321694172015219
tuf,0.467,127,0.34794520547945207,0.9606299212598425,0.6321694172015219
tuf,0.468,127,0.34794520547945207,0.9606299212598425,0.6321694172015219
tuf,0.469,126,0.3452054794520548,0.9603174603174603,0.6334673070049575
tuf,0.47,125,0.3424657534246575,0.96,0.6347777121276638
tuf,0.471,125,0.3424657534246575,0.96,0.6347777121276638
tuf,0.472,125,0.3424657534246575,0.96,0.6347777121276638
tuf,0.473,123,0.336986301369863,0.967479674796748,0.6374197073294182
tuf,0.474,123,0.336986301369863,0.967479674796748,0.6374197073294182
tuf,0.475,123,0.336986301369863,0.967479674796748,0.6374197073294182
tuf,0.476,122,0.33424657534246577,0.9672131147540983,0.6387455519250146
tuf,0.477,121,0.3315068493150685,0.9669421487603306,0.6400905564863784
tuf,0.478,121,0.3315068493150685,0.9669421487603306,0.6400905564863784
tuf,0.479,121,0.3315068493150685,0.9669421487603306,0.6400905564863784
tuf,0.48,121,0.3315068493150685,0.9669421487603306,0.6400905564863784
tuf,0.481,121,0.3315068493150685,0.9669421487603306,0.6400905564863784
tuf,0.482,120,0.3287671232876712,0.9666666666666667,0.6414121444570982
tuf,0.483,119,0.32602739726027397,0.9663865546218487,0.6427489411892305
tuf,0.484,117,0.32054794520547947,0.9743589743589743,0.6454698619775068
tuf,0.485,117,0.32054794520547947,0.9743589743589743,0.6454698619775068
tuf,0.486,116,0.3178082191780822,0.9741379310344828,0.646851786075014
tuf,0.487,115,0.3150684931506849,0.9739130434782609,0.6482432508814635
tuf,0.488,115,0.3150684931506849,0.9739130434782609,0.6482432508814635
tuf,0.489,112,0.30684931506849317,0.9732142857142857,0.6525295284348359
tuf,0.49,111,0.3041095890410959,0.972972972972973,0.6540027674297445
tuf,0.491,111,0.3041095890410959,0.972972972972973,0.6540027674297445
tuf,0.492,111,0.3041095890410959,0.972972972972973,0.6540027674297445
tuf,0.493,110,0.3013698630136986,0.9727272727272728,0.6554679441033482
tuf,0.494,109,0.29863013698630136,0.9724770642201835,0.6569584757006265
tuf,0.495,109,0.29863013698630136,0.9724770642201835,0.6569584757006265
tuf,0.496,108,0.2958904109589041,0.9722222222222222,0.6584503751669905
tuf,0.497,106,0.29041095890410956,0.9811320754716981,0.6615060725270893
tuf,0.498,106,0.29041095890410956,0.9811320754716981,0.6615060725270893
tuf,0.499,106,0.29041095890410956,0.9811320754716981,0.6615060725270893
tuf,0.5,106,0.29041095890410956,0.9811320754716981,0.6615060725270893
tuf,0.501,106,0.29041095890410956,0.9811320754716981,0.6615060725270893
tuf,0.502,106,0.29041095890410956,0.9811320754716981,0.6615060725270893
tuf,0.503,106,0.29041095890410956,0.9811320754716981,0.6615060725270893
tuf,0.504,106,0.29041095890410956,0.9811320754716981,0.6615060725270893
tuf,0.505,106,0.29041095890410956,0.9811320754716981,0.6615060725270893
tuf,0.506,106,0.29041095890410956,0.9811320754716981,0.6615060725270893
tuf,0.507,106,0.29041095890410956,0.9811320754716981,0.6615060725270893
tuf,0.508,106,0.29041095890410956,0.9811320754716981,0.6615060725270893
tuf,0.509,106,0.29041095890410956,0.9811320754716981,0.6615060725270893
tuf,0.51,106,0.29041095890410956,0.9811320754716981,0.6615060725270893
tuf,0.511,104,0.28493150684931506,0.9807692307692307,0.6644100354603025
tuf,0.512,104,0.28493150684931506,0.9807692307692307,0.6644100354603025
tuf,0.513,102,0.27945205479452057,0.9803921568627451,0.6673935655673674
tuf,0.514,102,0.27945205479452057,0.9803921568627451,0.6673935655673674
tuf,0.515,102,0.27945205479452057,0.9803921568627451,0.6673935655673674
tuf,0.516,102,0.27945205479452057,0.9803921568627451,0.6673935655673674
tuf,0.517,102,0.27945205479452057,0.9803921568627451,0.6673935655673674
tuf,0.518,102,0.27945205479452057,0.9803921568627451,0.6673935655673674
tuf,0.519,102,0.27945205479452057,0.9803921568627451,0.6673935655673674
tuf,0.52,102,0.27945205479452057,0.9803921568627451,0.6673935655673674
tuf,0.521,100,0.273972602739726,0.99,0.6703276897983009
tuf,0.522,99,0.27123287671232876,0.98989898989899,0.671832683297947
tuf,0.523,99,0.27123287671232876,0.98989898989899,0.671832683297947
tuf,0.524,99,0.27123287671232876,0.98989898989899,0.671832683297947
tuf,0.525,97,0.26575342465753427,0.9896907216494846,0.6748736593382068
tuf,0.526,97,0.26575342465753427,0.9896907216494846,0.6748736593382068
tuf,0.527,97,0.26575342465753427,0.9896907216494846,0.6748736593382068
tuf,0.528,97,0.26575342465753427,0.9896907216494846,0.6748736593382068
tuf,0.529,97,0.26575342465753427,0.9896907216494846,0.6748736593382068
tuf,0.53,96,0.26301369863013696,0.9895833333333334,0.6763914405118688
tuf,0.531,96,0.26301369863013696,0.9895833333333334,0.6763914405118688
tuf,0.532,96,0.26301369863013696,0.9895833333333334,0.6763914405118688
tuf,0.533,94,0.25753424657534246,0.9893617021276596,0.6794490665578726
tuf,0.534,93,0.2547945205479452,0.989247311827957,0.6810166192448749
tuf,0.535,93,0.2547945205479452,0.989247311827957,0.6810166192448749
tuf,0.536,93,0.2547945205479452,0.989247311827957,0.6810166192448749
tuf,0.537,93,0.2547945205479452,0.989247311827957,0.6810166192448749
tuf,0.538,93,0.2547945205479452,0.989247311827957,0.6810166192448749
tuf,0.539,92,0.25205479452054796,1.0,0.6825602781497105
tuf,0.54,92,0.25205479452054796,1.0,0.6825602781497105
tuf,0.541,92,0.25205479452054796,1.0,0.6825602781497105
tuf,0.542,92,0.25205479452054796,1.0,0.6825602781497105
tuf,0.543,92,0.25205479452054796,1.0,0.6825602781497105
tuf,0.544,91,0.2493150684931507,1.0,0.6840884130744326
tuf,0.545,90,0.2465753424657534,1.0,0.6856430991456299
tuf,0.546,88,0.2410958904109589,1.0,0.6888281695807579
tuf,0.547,88,0.2410958904109589,1.0,0.6888281695807579
tuf,0.548,88,0.2410958904109589,1.0,0.6888281695807579
tuf,0.549,88,0.2410958904109589,1.0,0.6888281695807579
tuf,0.55,88,0.2410958904109589,1.0,0.6888281695807579
tuf,0.551,87,0.23835616438356164,1.0,0.6904162328326441
tuf,0.552,87,0.23835616438356164,1.0,0.6904162328326441
tuf,0.553,87,0.23835616438356164,1.0,0.6904162328326441
tuf,0.554,86,0.2356164383561644,1.0,0.6920140960051167
tuf,0.555,86,0.2356164383561644,1.0,0.6920140960051167
tuf,0.556,86,0.2356164383561644,1.0,0.6920140960051167
tuf,0.557,85,0.2328767123287671,1.0,0.693606418703216
tuf,0.558,84,0.23013698630136986,1.0,0.6952267332115877
tuf,0.559,83,0.2273972602739726,1.0,0.6968780593145386
tuf,0.56,83,0.2273972602739726,1.0,0.6968780593145386
tuf,0.561,83,0.2273972602739726,1.0,0.6968780593145386
tuf,0.562,83,0.2273972602739726,1.0,0.6968780593145386
tuf,0.563,83,0.2273972602739726,1.0,0.6968780593145386
tuf,0.564,83,0.2273972602739726,1.0,0.6968780593145386
tuf,0.565,83,0.2273972602739726,1.0,0.6968780593145386
tuf,0.566,83,0.2273972602739726,1.0,0.6968780593145386
tuf,0.567,83,0.2273972602739726,1.0,0.6968780593145386
tuf,0.568,82,0.22465753424657534,1.0,0.6984599055663419
tuf,0.569,82,0.22465753424657534,1.0,0.6984599055663419
tuf,0.57,82,0.22465753424657534,1.0,0.6984599055663419
tuf,0.571,80,0.2191780821917808,1.0,0.7016663585775391
tuf,0.572,79,0.21643835616438356,1.0,0.7033140340025713
tuf,0.573,79,0.21643835616438356,1.0,0.7033140340025713
tuf,0.574,79,0.21643835616438356,1.0,0.7033140340025713
tuf,0.575,78,0.2136986301369863,1.0,0.7049697694812368
tuf,0.576,78,0.2136986301369863,1.0,0.7049697694812368
tuf,0.577,77,0.21095890410958903,1.0,0.7066382080459281
tuf,0.578,77,0.21095890410958903,1.0,0.7066382080459281
tuf,0.579,77,0.21095890410958903,1.0,0.7066382080459281
tuf,0.58,75,0.2054794520547945,1.0,0.7100330047049306
tuf,0.581,75,0.2054794520547945,1.0,0.7100330047049306
tuf,0.582,74,0.20273972602739726,1.0,0.7117744417054478
tuf,0.583,73,0.2,1.0,0.7135498906785817
tuf,0.584,73,0.2,1.0,0.7135498906785817
tuf,0.585,72,0.19726027397260273,1.0,0.7153422502713398
tuf,0.586,72,0.19726027397260273,1.0,0.7153422502713398
tuf,0.587,72,0.19726027397260273,1.0,0.7153422502713398
tuf,0.588,71,0.19452054794520549,1.0,0.7171381505099033
tuf,0.589,71,0.19452054794520549,1.0,0.7171381505099033
tuf,0.59,71,0.19452054794520549,1.0,0.7171381505099033
tuf,0.591,70,0.1917808219178082,1.0,0.71894964789814
tuf,0.592,70,0.1917808219178082,1.0,0.71894964789814
tuf,0.593,69,0.18904109589041096,1.0,0.7207809095692348
tuf,0.594,68,0.1863013698630137,1.0,0.7226453347099588
tuf,0.595,68,0.1863013698630137,1.0,0.7226453347099588
tuf,0.596,68,0.1863013698630137,1.0,0.7226453347099588
tuf,0.597,68,0.1863013698630137,1.0,0.7226453347099588
tuf,0.598,67,0.18356164383561643,1.0,0.7245092287937229
tuf,0.599,66,0.18082191780821918,1.0,0.7264134090279714
tuf,0.6,66,0.18082191780821918,1.0,0.7264134090279714
tuf,0.601,66,0.18082191780821918,1.0,0.7264134090279714
tuf,0.602,65,0.1780821917808219,1.0,0.7283377178848118
tuf,0.603,65,0.1780821917808219,1.0,0.7283377178848118
tuf,0.604,65,0.1780821917808219,1.0,0.7283377178848118
tuf,0.605,65,0.1780821917808219,1.0,0.7283377178848118
tuf,0.606,65,0.1780821917808219,1.0,0.7283377178848118
tuf,0.607,65,0.1780821917808219,1.0,0.7283377178848118
tuf,0.608,64,0.17534246575342466,1.0,0.7302241258578932
tuf,0.609,64,0.17534246575342466,1.0,0.7302241258578932
tuf,0.61,64,0.17534246575342466,1.0,0.7302241258578932
tuf,0.611,62,0.16986301369863013,1.0,0.7340942589500833
tuf,0.612,62,0.16986301369863013,1.0,0.7340942589500833
tuf,0.613,62,0.16986301369863013,1.0,0.7340942589500833
tuf,0.614,62,0.16986301369863013,1.0,0.7340942589500833
tuf,0.615,62,0.16986301369863013,1.0,0.7340942589500833
tuf,0.616,61,0.16712328767123288,1.0,0.7360401080871364
tuf,0.617,61,0.16712328767123288,1.0,0.7360401080871364
tuf,0.618,60,0.1643835616438356,1.0,0.7380129987774776
tuf,0.619,60,0.1643835616438356,1.0,0.7380129987774776
tuf,0.62,60,0.1643835616438356,1.0,0.7380129987774776
tuf,0.621,60,0.1643835616438356,1.0,0.7380129987774776
tuf,0.622,59,0.16164383561643836,1.0,0.7399793207906552
tuf,0.623,59,0.16164383561643836,1.0,0.7399793207906552
tuf,0.624,58,0.1589041095890411,1.0,0.7419818378157813
tuf,0.625,57,0.15616438356164383,1.0,0.744051694619567
tuf,0.626,57,0.15616438356164383,1.0,0.744051694619567
tuf,0.627,57,0.15616438356164383,1.0,0.744051694619567
tuf,0.628,57,0.15616438356164383,1.0,0.744051694619567
tuf,0.629,57,0.15616438356164383,1.0,0.744051694619567
tuf,0.63,57,0.15616438356164383,1.0,0.744051694619567
tuf,0.631,57,0.15616438356164383,1.0,0.744051694619567
tuf,0.632,57,0.15616438356164383,1.0,0.744051694619567
tuf,0.633,56,0.15342465753424658,1.0,0.7460377367853926
tuf,0.634,56,0.15342465753424658,1.0,0.7460377367853926
tuf,0.635,55,0.1506849315068493,1.0,0.7480626653330058
tuf,0.636,54,0.14794520547945206,1.0,0.7501502455552219
tuf,0.637,54,0.14794520547945206,1.0,0.7501502455552219
tuf,0.638,54,0.14794520547945206,1.0,0.7501502455552219
tuf,0.639,54,0.14794520547945206,1.0,0.7501502455552219
tuf,0.64,54,0.14794520547945206,1.0,0.7501502455552219
tuf,0.641,53,0.14520547945205478,1.0,0.7522269119345844
tuf,0.642,53,0.14520547945205478,1.0,0.7522269119345844
tuf,0.643,53,0.14520547945205478,1.0,0.7522269119345844
tuf,0.644,53,0.14520547945205478,1.0,0.7522269119345844
tuf,0.645,53,0.14520547945205478,1.0,0.7522269119345844
tuf,0.646,53,0.14520547945205478,1.0,0.7522269119345844
tuf,0.647,52,0.14246575342465753,1.0,0.7542544758722811
tuf,0.648,52,0.14246575342465753,1.0,0.7542544758722811
tuf,0.649,52,0.14246575342465753,1.0,0.7542544758722811
tuf,0.65,52,0.14246575342465753,1.0,0.7542544758722811
tuf,0.651,52,0.14246575342465753,1.0,0.7542544758722811
tuf,0.652,52,0.14246575342465753,1.0,0.7542544758722811
tuf,0.653,52,0.14246575342465753,1.0,0.7542544758722811
tuf,0.654,51,0.13972602739726028,1.0,0.7562202499089926
tuf,0.655,51,0.13972602739726028,1.0,0.7562202499089926
tuf,0.656,51,0.13972602739726028,1.0,0.7562202499089926
tuf,0.657,50,0.136986301369863,1.0,0.7582213215738391
tuf,0.658,50,0.136986301369863,1.0,0.7582213215738391
tuf,0.659,50,0.136986301369863,1.0,0.7582213215738391
tuf,0.66,49,0.13424657534246576,1.0,0.7602360424222848
tuf,0.661,49,0.13424657534246576,1.0,0.7602360424222848
tuf,0.662,49,0.13424657534246576,1.0,0.7602360424222848
tuf,0.663,49,0.13424657534246576,1.0,0.7602360424222848
tuf,0.664,48,0.13150684931506848,1.0,0.7622513766394158
tuf,0.665,48,0.13150684931506848,1.0,0.7622513766394158
tuf,0.666,48,0.13150684931506848,1.0,0.7622513766394158
tuf,0.667,46,0.12602739726027398,1.0,0.7664253676708578
tuf,0.668,46,0.12602739726027398,1.0,0.7664253676708578
tuf,0.669,45,0.1232876712328767,1.0,0.7686088943598398
tuf,0.67,45,0.1232876712328767,1.0,0.7686088943598398
tuf,0.671,43,0.1178082191780822,1.0,0.7731604708416928
tuf,0.672,43,0.1178082191780822,1.0,0.7731604708416928
tuf,0.673,42,0.11506849315068493,1.0,0.7755571487188759
tuf,0.674,42,0.11506849315068493,1.0,0.7755571487188759
tuf,0.675,42,0.11506849315068493,1.0,0.7755571487188759
tuf,0.676,42,0.11506849315068493,1.0,0.7755571487188759
tuf,0.677,42,0.11506849315068493,1.0,0.7755571487188759
tuf,0.678,42,0.11506849315068493,1.0,0.7755571487188759
tuf,0.679,41,0.11232876712328767,1.0,0.7779325263299055
tuf,0.68,41,0.11232876712328767,1.0,0.7779325263299055
tuf,0.681,41,0.11232876712328767,1.0,0.7779325263299055
tuf,0.682,38,0.10410958904109589,1.0,0.785523690689284
tuf,0.683,38,0.10410958904109589,1.0,0.785523690689284
tuf,0.684,38,0.10410958904109589,1.0,0.785523690689284
tuf,0.685,38,0.10410958904109589,1.0,0.785523690689284
tuf,0.686,37,0.10136986301369863,1.0,0.7882270336808862
tuf,0.687,36,0.09863013698630137,1.0,0.7910661359307437
tuf,0.688,36,0.09863013698630137,1.0,0.7910661359307437
tuf,0.689,36,0.09863013698630137,1.0,0.7910661359307437
tuf,0.69,36,0.09863013698630137,1.0,0.7910661359307437
tuf,0.691,36,0.09863013698630137,1.0,0.7910661359307437
tuf,0.692,36,0.09863013698630137,1.0,0.7910661359307437
tuf,0.693,36,0.09863013698630137,1.0,0.7910661359307437
tuf,0.694,36,0.09863013698630137,1.0,0.7910661359307437
tuf,0.695,34,0.09315068493150686,1.0,0.7967563007894148
tuf,0.696,34,0.09315068493150686,1.0,0.7967563007894148
tuf,0.697,33,0.09041095890410959,1.0,0.7997842695002052
tuf,0.698,32,0.08767123287671233,1.0,0.8029962779220866
tuf,0.699,32,0.08767123287671233,1.0,0.8029962779220866
tuf,0.7,31,0.08493150684931507,1.0,0.8063348675324765
tuf,0.701,31,0.08493150684931507,1.0,0.8063348675324765
tuf,0.702,31,0.08493150684931507,1.0,0.8063348675324765
tuf,0.703,31,0.08493150684931507,1.0,0.8063348675324765
tuf,0.704,31,0.08493150684931507,1.0,0.8063348675324765
tuf,0.705,31,0.08493150684931507,1.0,0.8063348675324765
tuf,0.706,30,0.0821917808219178,1.0,0.8097071408946701
tuf,0.707,29,0.07945205479452055,1.0,0.8132602606956358
tuf,0.708,28,0.07671232876712329,1.0,0.8170314604823847
tuf,0.709,26,0.07123287671232877,1.0,0.8253992651348759
tuf,0.71,26,0.07123287671232877,1.0,0.8253992651348759
tuf,0.711,26,0.07123287671232877,1.0,0.8253992651348759
tuf,0.712,26,0.07123287671232877,1.0,0.8253992651348759
tuf,0.713,26,0.07123287671232877,1.0,0.8253992651348759
tuf,0.714,26,0.07123287671232877,1.0,0.8253992651348759
tuf,0.715,26,0.07123287671232877,1.0,0.8253992651348759
tuf,0.716,26,0.07123287671232877,1.0,0.8253992651348759
tuf,0.717,26,0.07123287671232877,1.0,0.8253992651348759
tuf,0.718,25,0.0684931506849315,1.0,0.8297285690736043
tuf,0.719,25,0.0684931506849315,1.0,0.8297285690736043
tuf,0.72,24,0.06575342465753424,1.0,0.8343100561561911
tuf,0.721,23,0.06301369863013699,1.0,0.8392438267137068
tuf,0.722,23,0.06301369863013699,1.0,0.8392438267137068
tuf,0.723,22,0.06027397260273973,1.0,0.8445427885340269
tuf,0.724,22,0.06027397260273973,1.0,0.8445427885340269
tuf,0.725,22,0.06027397260273973,1.0,0.8445427885340269
tuf,0.726,22,0.06027397260273973,1.0,0.8445427885340269
tuf,0.727,22,0.06027397260273973,1.0,0.8445427885340269
tuf,0.728,22,0.06027397260273973,1.0,0.8445427885340269
tuf,0.729,22,0.06027397260273973,1.0,0.8445427885340269
tuf,0.73,22,0.06027397260273973,1.0,0.8445427885340269
tuf,0.731,22,0.06027397260273973,1.0,0.8445427885340269
tuf,0.732,22,0.06027397260273973,1.0,0.8445427885340269
tuf,0.733,22,0.06027397260273973,1.0,0.8445427885340269
tuf,0.734,22,0.06027397260273973,1.0,0.8445427885340269
tuf,0.735,22,0.06027397260273973,1.0,0.8445427885340269
tuf,0.736,22,0.06027397260273973,1.0,0.8445427885340269
tuf,0.737,22,0.06027397260273973,1.0,0.8445427885340269
tuf,0.738,22,0.06027397260273973,1.0,0.8445427885340269
tuf,0.739,21,0.057534246575342465,1.0,0.8495924451308852
tuf,0.74,21,0.057534246575342465,1.0,0.8495924451308852
tuf,0.741,21,0.057534246575342465,1.0,0.8495924451308852
tuf,0.742,21,0.057534246575342465,1.0,0.8495924451308852
tuf,0.743,21,0.057534246575342465,1.0,0.8495924451308852
tuf,0.744,21,0.057534246575342465,1.0,0.8495924451308852
tuf,0.745,21,0.057534246575342465,1.0,0.8495924451308852
tuf,0.746,20,0.0547945205479452,1.0,0.854776438425134
tuf,0.747,20,0.0547945205479452,1.0,0.854776438425134
tuf,0.748,19,0.052054794520547946,1.0,0.8604401106229479
tuf,0.749,19,0.052054794520547946,1.0,0.8604401106229479
tuf,0.75,19,0.052054794520547946,1.0,0.8604401106229479
tuf,0.751,18,0.049315068493150684,1.0,0.8665201167686672
tuf,0.752,17,0.04657534246575343,1.0,0.87327119706378
tuf,0.753,17,0.04657534246575343,1.0,0.87327119706378
tuf,0.754,16,0.043835616438356165,1.0,0.8807777302135995
tuf,0.755,16,0.043835616438356165,1.0,0.8807777302135995
tuf,0.756,16,0.043835616438356165,1.0,0.8807777302135995
tuf,0.757,14,0.038356164383561646,1.0,0.898484072625066
tuf,0.758,13,0.03561643835616438,1.0,0.9093546423141737
tuf,0.759,13,0.03561643835616438,1.0,0.9093546423141737
tuf,0.76,13,0.03561643835616438,1.0,0.9093546423141737
tuf,0.761,13,0.03561643835616438,1.0,0.9093546423141737
tuf,0.762,13,0.03561643835616438,1.0,0.9093546423141737
tuf,0.763,13,0.03561643835616438,1.0,0.9093546423141737
tuf,0.764,13,0.03561643835616438,1.0,0.9093546423141737
tuf,0.765,13,0.03561643835616438,1.0,0.9093546423141737
tuf,0.766,13,0.03561643835616438,1.0,0.9093546423141737
tuf,0.767,13,0.03561643835616438,1.0,0.9093546423141737
tuf,0.768,13,0.03561643835616438,1.0,0.9093546423141737
tuf,0.769,13,0.03561643835616438,1.0,0.9093546423141737
tuf,0.77,13,0.03561643835616438,1.0,0.9093546423141737
tuf,0.771,12,0.03287671232876712,1.0,0.9208980847292438
tuf,0.772,12,0.03287671232876712,1.0,0.9208980847292438
tuf,0.773,12,0.03287671232876712,1.0,0.9208980847292438
tuf,0.774,12,0.03287671232876712,1.0,0.9208980847292438
tuf,0.775,12,0.03287671232876712,1.0,0.9208980847292438
tuf,0.776,12,0.03287671232876712,1.0,0.9208980847292438
tuf,0.777,12,0.03287671232876712,1.0,0.9208980847292438
tuf,0.778,11,0.030136986301369864,1.0,0.9339494257652358
tuf,0.779,11,0.030136986301369864,1.0,0.9339494257652358
tuf,0.78,11,0.030136986301369864,1.0,0.9339494257652358
tuf,0.781,11,0.030136986301369864,1.0,0.9339494257652358
tuf,0.782,11,0.030136986301369864,1.0,0.9339494257652358
tuf,0.783,11,0.030136986301369864,1.0,0.9339494257652358
tuf,0.784,11,0.030136986301369864,1.0,0.9339494257652358
tuf,0.785,11,0.030136986301369864,1.0,0.9339494257652358
tuf,0.786,11,0.030136986301369864,1.0,0.9339494257652358
tuf,0.787,11,0.030136986301369864,1.0,0.9339494257652358
tuf,0.788,10,0.0273972602739726,1.0,0.9486156396130305
tuf,0.789,10,0.0273972602739726,1.0,0.9486156396130305
tuf,0.79,10,0.0273972602739726,1.0,0.9486156396130305
tuf,0.791,10,0.0273972602739726,1.0,0.9486156396130305
tuf,0.792,10,0.0273972602739726,1.0,0.9486156396130305
tuf,0.793,10,0.0273972602739726,1.0,0.9486156396130305
tuf,0.794,10,0.0273972602739726,1.0,0.9486156396130305
tuf,0.795,10,0.0273972602739726,1.0,0.9486156396130305
tuf,0.796,10,0.0273972602739726,1.0,0.9486156396130305
tuf,0.797,10,0.0273972602739726,1.0,0.9486156396130305
tuf,0.798,10,0.0273972602739726,1.0,0.9486156396130305
tuf,0.799,10,0.0273972602739726,1.0,0.9486156396130305
tuf,0.8,10,0.0273972602739726,1.0,0.9486156396130305
tuf,0.801,10,0.0273972602739726,1.0,0.9486156396130305
tuf,0.802,9,0.024657534246575342,1.0,0.9649433032737377
tuf,0.803,9,0.024657534246575342,1.0,0.9649433032737377
tuf,0.804,9,0.024657534246575342,1.0,0.9649433032737377
tuf,0.805,9,0.024657534246575342,1.0,0.9649433032737377
tuf,0.806,9,0.024657534246575342,1.0,0.9649433032737377
tuf,0.807,9,0.024657534246575342,1.0,0.9649433032737377
tuf,0.808,9,0.024657534246575342,1.0,0.9649433032737377
tuf,0.809,9,0.024657534246575342,1.0,0.9649433032737377
tuf,0.81,9,0.024657534246575342,1.0,0.9649433032737377
tuf,0.811,9,0.024657534246575342,1.0,0.9649433032737377
tuf,0.812,9,0.024657534246575342,1.0,0.9649433032737377
tuf,0.813,9,0.024657534246575342,1.0,0.9649433032737377
tuf,0.814,9,0.024657534246575342,1.0,0.9649433032737377
tuf,0.815,9,0.024657534246575342,1.0,0.9649433032737377
tuf,0.816,9,0.024657534246575342,1.0,0.9649433032737377
tuf,0.817,9,0.024657534246575342,1.0,0.9649433032737377
tuf,0.818,9,0.024657534246575342,1.0,0.9649433032737377
tuf,0.819,9,0.024657534246575342,1.0,0.9649433032737377
tuf,0.82,9,0.024657534246575342,1.0,0.9649433032737377
tuf,0.821,9,0.024657534246575342,1.0,0.9649433032737377
tuf,0.822,9,0.024657534246575342,1.0,0.9649433032737377
tuf,0.823,9,0.024657534246575342,1.0,0.9649433032737377
tuf,0.824,9,0.024657534246575342,1.0,0.9649433032737377
tuf,0.825,9,0.024657534246575342,1.0,0.9649433032737377
tuf,0.826,9,0.024657534246575342,1.0,0.9649433032737377
tuf,0.827,9,0.024657534246575342,1.0,0.9649433032737377
tuf,0.828,9,0.024657534246575342,1.0,0.9649433032737377
tuf,0.829,9,0.024657534246575342,1.0,0.9649433032737377
tuf,0.83,9,0.024657534246575342,1.0,0.9649433032737377
tuf,0.831,9,0.024657534246575342,1.0,0.9649433032737377
tuf,0.832,9,0.024657534246575342,1.0,0.9649433032737377
tuf,0.833,9,0.024657534246575342,1.0,0.9649433032737377
tuf,0.834,8,0.021917808219178082,1.0,0.9814153828496215
tuf,0.835,8,0.021917808219178082,1.0,0.9814153828496215
tuf,0.836,8,0.021917808219178082,1.0,0.9814153828496215
tuf,0.837,8,0.021917808219178082,1.0,0.9814153828496215
tuf,0.838,8,0.021917808219178082,1.0,0.9814153828496215
tuf,0.839,8,0.021917808219178082,1.0,0.9814153828496215
tuf,0.84,8,0.021917808219178082,1.0,0.9814153828496215
tuf,0.841,8,0.021917808219178082,1.0,0.9814153828496215
tuf,0.842,8,0.021917808219178082,1.0,0.9814153828496215
tuf,0.843,8,0.021917808219178082,1.0,0.9814153828496215
tuf,0.844,8,0.021917808219178082,1.0,0.9814153828496215
tuf,0.845,8,0.021917808219178082,1.0,0.9814153828496215
tuf,0.846,8,0.021917808219178082,1.0,0.9814153828496215
tuf,0.847,8,0.021917808219178082,1.0,0.9814153828496215
tuf,0.848,8,0.021917808219178082,1.0,0.9814153828496215
tuf,0.849,8,0.021917808219178082,1.0,0.9814153828496215
tuf,0.85,8,0.021917808219178082,1.0,0.9814153828496215
tuf,0.851,8,0.021917808219178082,1.0,0.9814153828496215
tuf,0.852,8,0.021917808219178082,1.0,0.9814153828496215
tuf,0.853,8,0.021917808219178082,1.0,0.9814153828496215
tuf,0.854,8,0.021917808219178082,1.0,0.9814153828496215
tuf,0.855,8,0.021917808219178082,1.0,0.9814153828496215
tuf,0.856,8,0.021917808219178082,1.0,0.9814153828496215
tuf,0.857,8,0.021917808219178082,1.0,0.9814153828496215
tuf,0.858,8,0.021917808219178082,1.0,0.9814153828496215
tuf,0.859,8,0.021917808219178082,1.0,0.9814153828496215
tuf,0.86,8,0.021917808219178082,1.0,0.9814153828496215
tuf,0.861,8,0.021917808219178082,1.0,0.9814153828496215
tuf,0.862,8,0.021917808219178082,1.0,0.9814153828496215
tuf,0.863,8,0.021917808219178082,1.0,0.9814153828496215
tuf,0.864,8,0.021917808219178082,1.0,0.9814153828496215
tuf,0.865,8,0.021917808219178082,1.0,0.9814153828496215
tuf,0.866,8,0.021917808219178082,1.0,0.9814153828496215
tuf,0.867,8,0.021917808219178082,1.0,0.9814153828496215
tuf,0.868,8,0.021917808219178082,1.0,0.9814153828496215
tuf,0.869,8,0.021917808219178082,1.0,0.9814153828496215
tuf,0.87,8,0.021917808219178082,1.0,0.9814153828496215
tuf,0.871,8,0.021917808219178082,1.0,0.9814153828496215
tuf,0.872,8,0.021917808219178082,1.0,0.9814153828496215
tuf,0.873,8,0.021917808219178082,1.0,0.9814153828496215
tuf,0.874,8,0.021917808219178082,1.0,0.9814153828496215
tuf,0.875,8,0.021917808219178082,1.0,0.9814153828496215
tuf,0.876,8,0.021917808219178082,1.0,0.9814153828496215
tuf,0.877,8,0.021917808219178082,1.0,0.9814153828496215
tuf,0.878,8,0.021917808219178082,1.0,0.9814153828496215
tuf,0.879,8,0.021917808219178082,1.0,0.9814153828496215
tuf,0.88,8,0.021917808219178082,1.0,0.9814153828496215
tuf,0.881,8,0.021917808219178082,1.0,0.9814153828496215
tuf,0.882,8,0.021917808219178082,1.0,0.9814153828496215
tuf,0.883,8,0.021917808219178082,1.0,0.9814153828496215
tuf,0.884,8,0.021917808219178082,1.0,0.9814153828496215
tuf,0.885,7,0.019178082191780823,1.0,0.9953224197205436
tuf,0.886,7,0.019178082191780823,1.0,0.9953224197205436
tuf,0.887,7,0.019178082191780823,1.0,0.9953224197205436
tuf,0.888,7,0.019178082191780823,1.0,0.9953224197205436
tuf,0.889,7,0.019178082191780823,1.0,0.9953224197205436
tuf,0.89,7,0.019178082191780823,1.0,0.9953224197205436
tuf,0.891,7,0.019178082191780823,1.0,0.9953224197205436
tuf,0.892,7,0.019178082191780823,1.0,0.9953224197205436
tuf,0.893,7,0.019178082191780823,1.0,0.9953224197205436
tuf,0.894,7,0.019178082191780823,1.0,0.9953224197205436
tuf,0.895,7,0.019178082191780823,1.0,0.9953224197205436
tuf,0.896,7,0.019178082191780823,1.0,0.9953224197205436
tuf,0.897,7,0.019178082191780823,1.0,0.9953224197205436
tuf,0.898,7,0.019178082191780823,1.0,0.9953224197205436
tuf,0.899,7,0.019178082191780823,1.0,0.9953224197205436
tuf,0.9,7,0.019178082191780823,1.0,0.9953224197205436
tuf,0.901,7,0.019178082191780823,1.0,0.9953224197205436
tuf,0.902,7,0.019178082191780823,1.0,0.9953224197205436
tuf,0.903,7,0.019178082191780823,1.0,0.9953224197205436
tuf,0.904,7,0.019178082191780823,1.0,0.9953224197205436
tuf,0.905,7,0.019178082191780823,1.0,0.9953224197205436
tuf,0.906,7,0.019178082191780823,1.0,0.9953224197205436
tuf,0.907,7,0.019178082191780823,1.0,0.9953224197205436
tuf,0.908,7,0.019178082191780823,1.0,0.9953224197205436
tuf,0.909,7,0.019178082191780823,1.0,0.9953224197205436
tuf,0.91,7,0.019178082191780823,1.0,0.9953224197205436
tuf,0.911,7,0.019178082191780823,1.0,0.9953224197205436
tuf,0.912,7,0.019178082191780823,1.0,0.9953224197205436
tuf,0.913,7,0.019178082191780823,1.0,0.9953224197205436
tuf,0.914,7,0.019178082191780823,1.0,0.9953224197205436
tuf,0.915,7,0.019178082191780823,1.0,0.9953224197205436
tuf,0.916,7,0.019178082191780823,1.0,0.9953224197205436
tuf,0.917,7,0.019178082191780823,1.0,0.9953224197205436
tuf,0.918,7,0.019178082191780823,1.0,0.9953224197205436
tuf,0.919,7,0.019178082191780823,1.0,0.9953224197205436
tuf,0.92,7,0.019178082191780823,1.0,0.9953224197205436
tuf,0.921,7,0.019178082191780823,1.0,0.9953224197205436
tuf,0.922,7,0.019178082191780823,1.0,0.9953224197205436
tuf,0.923,7,0.019178082191780823,1.0,0.9953224197205436
tuf,0.924,7,0.019178082191780823,1.0,0.9953224197205436
tuf,0.925,7,0.019178082191780823,1.0,0.9953224197205436
tuf,0.926,7,0.019178082191780823,1.0,0.9953224197205436
tuf,0.927,7,0.019178082191780823,1.0,0.9953224197205436
tuf,0.928,7,0.019178082191780823,1.0,0.9953224197205436
tuf,0.929,7,0.019178082191780823,1.0,0.9953224197205436
tuf,0.93,7,0.019178082191780823,1.0,0.9953224197205436
tuf,0.931,7,0.019178082191780823,1.0,0.9953224197205436
tuf,0.932,7,0.019178082191780823,1.0,0.9953224197205436
tuf,0.933,7,0.019178082191780823,1.0,0.9953224197205436
tuf,0.934,7,0.019178082191780823,1.0,0.9953224197205436
tuf,0.935,7,0.019178082191780823,1.0,0.9953224197205436
tuf,0.936,7,0.019178082191780823,1.0,0.9953224197205436
tuf,0.937,7,0.019178082191780823,1.0,0.9953224197205436
tuf,0.938,7,0.019178082191780823,1.0,0.9953224197205436
tuf,0.939,7,0.019178082191780823,1.0,0.9953224197205436
tuf,0.94,7,0.019178082191780823,1.0,0.9953224197205436
tuf,0.941,7,0.019178082191780823,1.0,0.9953224197205436
tuf,0.942,7,0.019178082191780823,1.0,0.9953224197205436
tuf,0.943,7,0.019178082191780823,1.0,0.9953224197205436
tuf,0.944,7,0.019178082191780823,1.0,0.9953224197205436
tuf,0.945,7,0.019178082191780823,1.0,0.9953224197205436
tuf,0.946,7,0.019178082191780823,1.0,0.9953224197205436
tuf,0.947,7,0.019178082191780823,1.0,0.9953224197205436
tuf,0.948,7,0.019178082191780823,1.0,0.9953224197205436
tuf,0.949,7,0.019178082191780823,1.0,0.9953224197205436
tuf,0.95,7,0.019178082191780823,1.0,0.9953224197205436
tuf,0.951,7,0.019178082191780823,1.0,0.9953224197205436
tuf,0.952,7,0.019178082191780823,1.0,0.9953224197205436
tuf,0.953,7,0.019178082191780823,1.0,0.9953224197205436
tuf,0.954,7,0.019178082191780823,1.0,0.9953224197205436
tuf,0.955,7,0.019178082191780823,1.0,0.9953224197205436
tuf,0.956,7,0.019178082191780823,1.0,0.9953224197205436
tuf,0.957,7,0.019178082191780823,1.0,0.9953224197205436
tuf,0.958,7,0.019178082191780823,1.0,0.9953224197205436
tuf,0.959,7,0.019178082191780823,1.0,0.9953224197205436
tuf,0.96,7,0.019178082191780823,1.0,0.9953224197205436
tuf,0.961,7,0.019178082191780823,1.0,0.9953224197205436
tuf,0.962,7,0.019178082191780823,1.0,0.9953224197205436
tuf,0.963,7,0.019178082191780823,1.0,0.9953224197205436
tuf,0.964,7,0.019178082191780823,1.0,0.9953224197205436
tuf,0.965,7,0.019178082191780823,1.0,0.9953224197205436
tuf,0.966,7,0.019178082191780823,1.0,0.9953224197205436
tuf,0.967,7,0.019178082191780823,1.0,0.9953224197205436
tuf,0.968,7,0.019178082191780823,1.0,0.9953224197205436
tuf,0.969,7,0.019178082191780823,1.0,0.9953224197205436
tuf,0.97,7,0.019178082191780823,1.0,0.9953224197205436
tuf,0.971,7,0.019178082191780823,1.0,0.9953224197205436
tuf,0.972,7,0.019178082191780823,1.0,0.9953224197205436
tuf,0.973,7,0.019178082191780823,1.0,0.9953224197205436
tuf,0.974,7,0.019178082191780823,1.0,0.9953224197205436
tuf,0.975,7,0.019178082191780823,1.0,0.9953224197205436
tuf,0.976,7,0.019178082191780823,1.0,0.9953224197205436
tuf,0.977,7,0.019178082191780823,1.0,0.9953224197205436
tuf,0.978,7,0.019178082191780823,1.0,0.9953224197205436
tuf,0.979,7,0.019178082191780823,1.0,0.9953224197205436
tuf,0.98,7,0.019178082191780823,1.0,0.9953224197205436
tuf,0.981,7,0.019178082191780823,1.0,0.9953224197205436
tuf,0.982,7,0.019178082191780823,1.0,0.9953224197205436
tuf,0.983,7,0.019178082191780823,1.0,0.9953224197205436
tuf,0.984,6,0.01643835616438356,1.0,0.9973206007850788
tuf,0.985,5,0.0136986301369863,1.0,0.9999847209420946
tuf,0.986,5,0.0136986301369863,1.0,0.9999847209420946
tuf,0.987,5,0.0136986301369863,1.0,0.9999847209420946
tuf,0.988,5,0.0136986301369863,1.0,0.9999847209420946
tuf,0.989,5,0.0136986301369863,1.0,0.9999847209420946
tuf,0.99,5,0.0136986301369863,1.0,0.9999847209420946
tuf,0.991,5,0.0136986301369863,1.0,0.9999847209420946
tuf,0.992,5,0.0136986301369863,1.0,0.9999847209420946
tuf,0.993,5,0.0136986301369863,1.0,0.9999847209420946
tuf,0.994,5,0.0136986301369863,1.0,0.9999847209420946
tuf,0.995,5,0.0136986301369863,1.0,0.9999847209420946
tuf,0.996,5,0.0136986301369863,1.0,0.9999847209420946
tuf,0.997,5,0.0136986301369863,1.0,0.9999847209420946
tuf,0.998,5,0.0136986301369863,1.0,0.9999847209420946
tuf,0.999,5,0.0136986301369863,1.0,0.9999847209420946
