base_model,instance_id,latent_instance_id,family,representation,probability_band,p_star,p_noul,p_choice,mu_score,score_threshold,score_endpoint,score_endpoint_mass,score_adapter_probability,error_noul,error_choice,error_score_expectation,delta_nc,abs_nc,extremeness_noul,extremeness_choice,extremeness_choice_minus_noul,abs_score_noul,abs_score_choice,q_0,q_1,q_2,q_3,q_4,q_5,q_6,q_7,q_8,q_9
jev,bayes__seed_000042__repr_counts__parallel_primitives,bayes__seed_000042,bayes,counts,"[0.01,0.10]",0.04367480789658851,0.11499999999999999,0.304,0.225,0.118,0.24657534246575338,0.14600000000000002,0.22499999998930004,0.07132519210341148,0.2603251921034115,0.1813251921034115,0.189,0.189,0.385,0.196,-0.189,0.11000000000000001,0.07899999999999999,0.11000000000000001,0.49000000000000005,0.183,0.059,0.04,0.034,0.015,0.016,0.017,0.036
jev,bayes__seed_000042__repr_direct__parallel_primitives,bayes__seed_000042,bayes,direct,"[0.01,0.10]",0.04367480789658851,0.248,0.362,0.2777777777777778,0.15300000000000002,0.21518987341772153,0.079,0.2777777777653,0.2043251921034115,0.3183251921034115,0.23410296988118928,0.11399999999999999,0.11399999999999999,0.252,0.138,-0.11399999999999999,0.029777777777777792,0.0842222222222222,0.062,0.321,0.257,0.129,0.078,0.05600000000000001,0.041,0.025,0.014000000000000002,0.017
jev,bayes__seed_000042__repr_distractor__parallel_primitives,bayes__seed_000042,bayes,distractor,"[0.01,0.10]",0.04367480789658851,0.21400000000000002,0.363,0.3082222222222222,0.205,0.2289156626506024,0.083,0.3082222222119,0.17032519210341152,0.3193251921034115,0.26454741432563367,0.14899999999999997,0.14899999999999997,0.286,0.137,-0.14899999999999997,0.09422222222222215,0.054777777777777814,0.064,0.269,0.24300000000000002,0.142,0.077,0.075,0.056999999999999995,0.034999999999999996,0.019,0.019
jev,bayes__seed_000042__repr_prose__parallel_primitives,bayes__seed_000042,bayes,prose,"[0.01,0.10]",0.04367480789658851,0.16999999999999998,0.575,0.2634444444444444,0.139,0.27536231884057966,0.069,0.263444444432,0.12632519210341148,0.5313251921034114,0.21976963654785592,0.40499999999999997,0.40499999999999997,0.33,0.07499999999999996,-0.25500000000000006,0.09344444444444444,0.31155555555555553,0.05,0.304,0.357,0.087,0.063,0.084,0.014000000000000002,0.011,0.011,0.019
jev,bayes__seed_000042__repr_table__parallel_primitives,bayes__seed_000042,bayes,table,"[0.01,0.10]",0.04367480789658851,0.161,0.165,0.17452357071213642,0.03610832497492478,0.08771929824561404,0.1143430290872618,0.17449046014328587,0.1173251921034115,0.1213251921034115,0.13084876281554791,0.0040000000000000036,0.0040000000000000036,0.33899999999999997,0.33499999999999996,-0.0040000000000000036,0.013523570712136418,0.009523570712136414,0.10431293881644936,0.5386158475426279,0.20361083249749248,0.07923771313941826,0.03811434302908726,0.015045135406218655,0.008024072216649952,0.0030090270812437314,0.0,0.010030090270812439
jev,bayes__seed_000045__repr_counts__parallel_primitives,bayes__seed_000045,bayes,counts,"(0.70,0.90]",0.8768016590833436,0.716,0.9030000000000001,0.6548888888888889,0.775,0.8513513513513514,0.074,0.6548888889009,0.16080165908334365,0.026198340916656515,0.22191277019445477,0.18700000000000017,0.18700000000000017,0.21599999999999997,0.40300000000000014,0.18700000000000017,0.061111111111111116,0.24811111111111128,0.011,0.033,0.043,0.071,0.067,0.10500000000000001,0.187,0.28,0.13999999999999999,0.063
jev,bayes__seed_000045__repr_direct__parallel_primitives,bayes__seed_000045,bayes,direct,"(0.70,0.90]",0.8768016590833436,0.804,0.9629999999999999,0.7493333333333334,0.923,0.7999999999999999,0.05,0.7493333333507001,0.07280165908334357,0.08619834091665624,0.12746832575001021,0.1589999999999998,0.1589999999999998,0.30400000000000005,0.46299999999999986,0.1589999999999998,0.05466666666666664,0.21366666666666645,0.01,0.01,0.015,0.020999999999999998,0.020999999999999998,0.038,0.125,0.503,0.217,0.04
jev,bayes__seed_000045__repr_distractor__parallel_primitives,bayes__seed_000045,bayes,distractor,"(0.70,0.90]",0.8768016590833436,0.82,0.969,0.7435983077265642,0.9298597194388777,0.7931034482758621,0.058116232464929855,0.7436071829591414,0.05680165908334367,0.09219834091665635,0.1332033513567794,0.14900000000000002,0.14900000000000002,0.31999999999999995,0.469,0.14900000000000002,0.07640169227343574,0.22540169227343576,0.012024048096192385,0.01002004008016032,0.01002004008016032,0.02004008016032064,0.018036072144288574,0.035070140280561116,0.15831663326653306,0.533066132264529,0.15731462925851702,0.04609218436873747
jev,bayes__seed_000045__repr_prose__parallel_primitives,bayes__seed_000045,bayes,prose,"(0.70,0.90]",0.8768016590833436,0.8379999999999999,0.9800000000000001,0.8138888888888889,0.9380000000000001,0.798165137614679,0.10899999999999999,0.8138888889013,0.038801659083343765,0.10319834091665647,0.06291277019445474,0.14200000000000024,0.14200000000000024,0.33799999999999986,0.4800000000000001,0.14200000000000024,0.024111111111110972,0.1661111111111112,0.022,0.01,0.01,0.01,0.01,0.017,0.028999999999999998,0.257,0.548,0.087
jev,bayes__seed_000045__repr_table__parallel_primitives,bayes__seed_000045,bayes,table,"(0.70,0.90]",0.8768016590833436,0.818,0.969,0.7693333333333333,0.958,0.8163265306122449,0.049,0.7693333333522,0.05880165908334367,0.09219834091665635,0.10746832575001031,0.15100000000000002,0.15100000000000002,0.31799999999999995,0.469,0.15100000000000002,0.048666666666666636,0.19966666666666666,0.009,0.005,0.008,0.01,0.01,0.016,0.096,0.631,0.175,0.04
jev,bayes__seed_000048__repr_counts__parallel_primitives,bayes__seed_000048,bayes,counts,"(0.70,0.90]",0.8313821568498233,0.916,0.9709999999999999,0.8256666666666665,0.95,0.908256880733945,0.109,0.8256666666791,0.08461784315017673,0.13961784315017656,0.005715490183156757,0.05499999999999983,0.05499999999999983,0.41600000000000004,0.47099999999999986,0.05499999999999983,0.09033333333333349,0.14533333333333331,0.01,0.01,0.01,0.01,0.01,0.019,0.034,0.24300000000000002,0.5549999999999999,0.099
jev,bayes__seed_000048__repr_direct__parallel_primitives,bayes__seed_000048,bayes,direct,"(0.70,0.90]",0.8313821568498233,0.46799999999999997,0.727,0.534,0.549,0.5348837209302326,0.086,0.5340000000015,0.36338215684982333,0.10438215684982333,0.2973821568498233,0.259,0.259,0.03200000000000003,0.22699999999999998,0.19499999999999995,0.06600000000000006,0.19299999999999995,0.04,0.094,0.131,0.10500000000000001,0.081,0.068,0.11000000000000001,0.20299999999999999,0.122,0.046
jev,bayes__seed_000048__repr_distractor__parallel_primitives,bayes__seed_000048,bayes,distractor,"(0.70,0.90]",0.8313821568498233,0.378,0.643,0.4378888888888889,0.406,0.35106382978723405,0.094,0.43788888888570004,0.4533821568498233,0.1883821568498233,0.3934932679609344,0.265,0.265,0.122,0.14300000000000002,0.02100000000000002,0.05988888888888888,0.20511111111111113,0.061,0.156,0.158,0.145,0.074,0.078,0.084,0.14100000000000001,0.06999999999999999,0.033
jev,bayes__seed_000048__repr_prose__parallel_primitives,bayes__seed_000048,bayes,prose,"(0.70,0.90]",0.8313821568498233,0.75,0.951,0.7854444444444444,0.9069999999999999,0.7542372881355932,0.118,0.7854444444566,0.0813821568498233,0.11961784315017665,0.04593771240537892,0.20099999999999996,0.20099999999999996,0.25,0.45099999999999996,0.20099999999999996,0.03544444444444439,0.16555555555555557,0.028999999999999998,0.02,0.013000000000000001,0.018,0.013000000000000001,0.014000000000000002,0.038,0.31,0.45599999999999996,0.089
jev,bayes__seed_000048__repr_table__parallel_primitives,bayes__seed_000048,bayes,table,"(0.70,0.90]",0.8313821568498233,0.271,0.326,0.251,0.079,0.12195121951219513,0.040999999999999995,0.2509999999828,0.5603821568498233,0.5053821568498233,0.5803821568498233,0.05499999999999999,0.05499999999999999,0.22899999999999998,0.174,-0.05499999999999999,0.020000000000000018,0.07500000000000001,0.036,0.28500000000000003,0.385,0.16799999999999998,0.047,0.025,0.014000000000000002,0.022,0.013000000000000001,0.005
jev,bayes__seed_000051__repr_counts__parallel_primitives,bayes__seed_000051,bayes,counts,"(0.90,0.99]",0.9696712044107276,0.799,0.9279999999999999,0.7020000000000001,0.79,0.8473282442748092,0.131,0.7020000000088,0.17067120441072758,0.04167120441072769,0.26767120441072756,0.1289999999999999,0.1289999999999999,0.29900000000000004,0.42799999999999994,0.1289999999999999,0.09699999999999998,0.22599999999999987,0.02,0.052000000000000005,0.044,0.054000000000000006,0.04,0.057999999999999996,0.08,0.24100000000000002,0.3,0.11100000000000002
jev,bayes__seed_000051__repr_direct__parallel_primitives,bayes__seed_000051,bayes,direct,"(0.90,0.99]",0.9696712044107276,0.881,0.9390000000000001,0.7293333333333333,0.855,0.7101449275362318,0.069,0.7293333333459,0.08867120441072762,0.03067120441072757,0.24033787107739435,0.05800000000000005,0.05800000000000005,0.381,0.43900000000000006,0.05800000000000005,0.15166666666666673,0.20966666666666678,0.02,0.022,0.03,0.038,0.034999999999999996,0.039,0.093,0.358,0.316,0.049
jev,bayes__seed_000051__repr_distractor__parallel_primitives,bayes__seed_000051,bayes,distractor,"(0.90,0.99]",0.9696712044107276,0.907,0.9559999999999998,0.705,0.872,0.7333333333333333,0.06,0.7050000000166999,0.0626712044107276,0.013671204410727777,0.26467120441072767,0.04899999999999982,0.04899999999999982,0.40700000000000003,0.45599999999999985,0.04899999999999982,0.20200000000000007,0.2509999999999999,0.016,0.023,0.028999999999999998,0.037,0.023,0.045,0.20299999999999999,0.418,0.162,0.044
jev,bayes__seed_000051__repr_prose__parallel_primitives,bayes__seed_000051,bayes,prose,"(0.90,0.99]",0.9696712044107276,0.9120000000000001,0.985,0.8354444444444444,0.9349999999999999,0.7669902912621359,0.10300000000000001,0.8354444444543999,0.057671204410727483,0.01532879558927236,0.1342267599662832,0.07299999999999984,0.07299999999999984,0.41200000000000014,0.485,0.07299999999999984,0.07655555555555571,0.14955555555555555,0.024,0.01,0.01,0.01,0.011,0.01,0.01,0.094,0.742,0.079
jev,bayes__seed_000051__repr_table__parallel_primitives,bayes__seed_000051,bayes,table,"(0.90,0.99]",0.9696712044107276,0.884,0.975,0.8114444444444444,0.954,0.9038461538461539,0.104,0.8114444444587001,0.08567120441072762,0.00532879558927235,0.15822675996628321,0.09099999999999997,0.09099999999999997,0.384,0.475,0.09099999999999997,0.0725555555555556,0.16355555555555557,0.01,0.007000000000000001,0.009,0.01,0.01,0.01,0.063,0.362,0.425,0.094
jev,bayes__seed_000054__repr_counts__parallel_primitives,bayes__seed_000054,bayes,counts,"(0.30,0.45]",0.4137933255962194,0.737,0.7929999999999999,0.6136666666666667,0.686,0.5714285714285715,0.098,0.6136666666739,0.3232066744037806,0.37920667440378053,0.1998733410704473,0.05599999999999994,0.05599999999999994,0.237,0.2929999999999999,0.05599999999999994,0.1233333333333333,0.17933333333333323,0.042,0.057999999999999996,0.077,0.079,0.057999999999999996,0.07,0.10900000000000001,0.274,0.177,0.05600000000000001
jev,bayes__seed_000054__repr_direct__parallel_primitives,bayes__seed_000054,bayes,direct,"(0.30,0.45]",0.4137933255962194,0.43099999999999994,0.717,0.47155555555555556,0.47000000000000003,0.4565217391304348,0.092,0.4715555555554,0.017206674403780542,0.3032066744037806,0.057762229959336164,0.28600000000000003,0.28600000000000003,0.06900000000000006,0.21699999999999997,0.1479999999999999,0.04055555555555562,0.2454444444444444,0.05,0.159,0.146,0.10400000000000001,0.07100000000000001,0.076,0.11000000000000001,0.157,0.08499999999999999,0.042
jev,bayes__seed_000054__repr_distractor__parallel_primitives,bayes__seed_000054,bayes,distractor,"(0.30,0.45]",0.4137933255962194,0.44800000000000006,0.706,0.5006666666666667,0.52,0.4051724137931034,0.116,0.5006666666685999,0.03420667440378067,0.29220667440378056,0.08687334107044731,0.2579999999999999,0.2579999999999999,0.051999999999999935,0.20599999999999996,0.15400000000000003,0.05266666666666664,0.20533333333333326,0.069,0.139,0.10600000000000001,0.098,0.068,0.068,0.10900000000000001,0.196,0.1,0.047
jev,bayes__seed_000054__repr_prose__parallel_primitives,bayes__seed_000054,bayes,prose,"(0.30,0.45]",0.4137933255962194,0.44800000000000006,0.818,0.4742222222222222,0.47800000000000004,0.5555555555555556,0.08099999999999999,0.4742222222226,0.03420667440378067,0.40420667440378055,0.060428896626002815,0.3699999999999999,0.3699999999999999,0.051999999999999935,0.31799999999999995,0.266,0.026222222222222147,0.34377777777777774,0.036,0.037,0.079,0.21600000000000003,0.154,0.273,0.10400000000000001,0.033,0.023,0.045
jev,bayes__seed_000054__repr_table__parallel_primitives,bayes__seed_000054,bayes,table,"(0.30,0.45]",0.4137933255962194,0.277,0.343,0.323,0.228,0.212962962962963,0.10799999999999998,0.3229999999905,0.13679332559621937,0.07079332559621937,0.09079332559621939,0.066,0.066,0.22299999999999998,0.15699999999999997,-0.066,0.045999999999999985,0.020000000000000018,0.08499999999999999,0.263,0.223,0.128,0.073,0.053000000000000005,0.052000000000000005,0.062,0.038,0.023
jev,bayes__seed_000057__repr_counts__parallel_primitives,bayes__seed_000057,bayes,counts,"(0.10,0.30]",0.12523423738446504,0.217,0.34299999999999997,0.24666666666666667,0.11399999999999999,0.24096385542168675,0.083,0.2466666666534,0.09176576261553496,0.21776576261553493,0.12143242928220163,0.12599999999999997,0.12599999999999997,0.28300000000000003,0.15700000000000003,-0.126,0.029666666666666675,0.0963333333333333,0.063,0.391,0.278,0.1,0.054000000000000006,0.037,0.022,0.02,0.015,0.02
jev,bayes__seed_000057__repr_direct__parallel_primitives,bayes__seed_000057,bayes,direct,"(0.10,0.30]",0.12523423738446504,0.353,0.514,0.33244444444444443,0.203,0.3220338983050848,0.059,0.3324444444315,0.22776576261553494,0.38876576261553497,0.2072102070599794,0.16100000000000003,0.16100000000000003,0.14700000000000002,0.014000000000000012,-0.133,0.02055555555555555,0.18155555555555558,0.04,0.173,0.296,0.198,0.09,0.07200000000000001,0.06,0.034,0.018,0.019
jev,bayes__seed_000057__repr_distractor__parallel_primitives,bayes__seed_000057,bayes,distractor,"(0.10,0.30]",0.12523423738446504,0.426,0.495,0.37677777777777777,0.30600000000000005,0.30303030303030304,0.066,0.37677777777070004,0.30076576261553495,0.36976576261553495,0.2515435403933127,0.069,0.069,0.07400000000000001,0.0050000000000000044,-0.069,0.04922222222222222,0.11822222222222223,0.046,0.177,0.211,0.183,0.077,0.081,0.11100000000000002,0.068,0.026000000000000002,0.02
jev,bayes__seed_000057__repr_prose__parallel_primitives,bayes__seed_000057,bayes,prose,"(0.10,0.30]",0.12523423738446504,0.277,0.647,0.3556666666666667,0.304,0.3529411764705882,0.10200000000000001,0.3556666666615,0.15176576261553498,0.521765762615535,0.23043242928220165,0.37,0.37,0.22299999999999998,0.14700000000000002,-0.07599999999999996,0.07866666666666666,0.29133333333333333,0.066,0.188,0.251,0.11599999999999999,0.075,0.152,0.05800000000000001,0.033,0.025,0.036
jev,bayes__seed_000057__repr_table__parallel_primitives,bayes__seed_000057,bayes,table,"(0.10,0.30]",0.12523423738446504,0.24100000000000002,0.182,0.2338888888888889,0.08399999999999999,0.09900990099009901,0.10099999999999999,0.2338888888739,0.11576576261553498,0.056765762615534954,0.10865465150442385,-0.059000000000000025,0.059000000000000025,0.259,0.318,0.059,0.007111111111111124,0.0518888888888889,0.091,0.348,0.267,0.14300000000000002,0.067,0.036,0.019,0.01,0.009,0.01
jev,bayes__seed_000060__repr_counts__parallel_primitives,bayes__seed_000060,bayes,counts,"(0.70,0.90]",0.8130236350735895,0.787,0.969,0.7774441107774441,0.9409409409409409,0.863013698630137,0.07307307307307306,0.7774421997918829,0.026023635073589513,0.15597636492641043,0.035579524296145415,0.18199999999999994,0.18199999999999994,0.28700000000000003,0.469,0.18199999999999994,0.009555889222555902,0.19155588922255584,0.01001001001001001,0.01001001001001001,0.01001001001001001,0.018018018018018018,0.011011011011011011,0.024024024024024024,0.08708708708708708,0.4754754754754755,0.29129129129129133,0.06306306306306306
jev,bayes__seed_000060__repr_direct__parallel_primitives,bayes__seed_000060,bayes,direct,"(0.70,0.90]",0.8130236350735895,0.829,0.975,0.796,0.9500000000000001,0.8305084745762712,0.05900000000000001,0.7960000000154,0.015976364926410414,0.16197636492641043,0.017023635073589505,0.14600000000000002,0.14600000000000002,0.32899999999999996,0.475,0.14600000000000002,0.03299999999999992,0.17899999999999994,0.010000000000000002,0.010000000000000002,0.010000000000000002,0.010000000000000002,0.010000000000000002,0.018000000000000002,0.059000000000000004,0.41300000000000003,0.411,0.04900000000000001
jev,bayes__seed_000060__repr_distractor__parallel_primitives,bayes__seed_000060,bayes,distractor,"(0.70,0.90]",0.8130236350735895,0.873,0.9800000000000001,0.7806666666666666,0.949,0.7857142857142857,0.055999999999999994,0.7806666666834999,0.05997636492641045,0.16697636492641055,0.032356968406922926,0.1070000000000001,0.1070000000000001,0.373,0.4800000000000001,0.1070000000000001,0.09233333333333338,0.19933333333333347,0.012,0.01,0.009,0.01,0.01,0.016,0.075,0.51,0.304,0.044
jev,bayes__seed_000060__repr_prose__parallel_primitives,bayes__seed_000060,bayes,prose,"(0.70,0.90]",0.8130236350735895,0.8030000000000002,0.982,0.8044444444444445,0.9400000000000001,0.8434782608695652,0.115,0.804444444458,0.010023635073589388,0.16897636492641044,0.008579190629145028,0.17899999999999983,0.17899999999999983,0.30300000000000016,0.482,0.17899999999999983,0.0014444444444443594,0.17755555555555547,0.018,0.01,0.01,0.01,0.012,0.013000000000000001,0.034999999999999996,0.376,0.41900000000000004,0.097
jev,bayes__seed_000060__repr_table__parallel_primitives,bayes__seed_000060,bayes,table,"(0.70,0.90]",0.8130236350735895,0.852,0.9800000000000001,0.8051111111111111,0.963,0.868421052631579,0.076,0.8051111111269,0.038976364926410434,0.16697636492641055,0.007912523962478435,0.1280000000000001,0.1280000000000001,0.352,0.4800000000000001,0.1280000000000001,0.04688888888888887,0.17488888888888898,0.01,0.002,0.005,0.01,0.01,0.01,0.06,0.45599999999999996,0.371,0.066
jev,compound__seed_000042__repr_direct__parallel_primitives,compound__seed_000042,compound,direct,"(0.90,0.99]",0.92542,0.8150000000000001,0.768,0.7401111111111112,0.762,0.7849462365591398,0.651,0.7401111111133,0.11041999999999996,0.15742,0.18530888888888886,-0.04700000000000004,0.04700000000000004,0.31500000000000006,0.268,-0.04700000000000004,0.0748888888888889,0.027888888888888852,0.13999999999999999,0.028999999999999998,0.022,0.027000000000000003,0.02,0.02,0.03,0.06,0.141,0.511
jev,compound__seed_000042__repr_prose__parallel_primitives,compound__seed_000042,compound,prose,"(0.90,0.99]",0.92542,0.671,0.6990000000000001,0.5427777777777778,0.54,0.5656565656565657,0.396,0.5427777777775,0.25442,0.22641999999999995,0.3826422222222222,0.028000000000000025,0.028000000000000025,0.17100000000000004,0.19900000000000007,0.028000000000000025,0.12822222222222224,0.15622222222222226,0.172,0.139,0.068,0.032,0.049,0.03,0.02,0.096,0.16999999999999998,0.22400000000000003
jev,compound__seed_000042__repr_table__parallel_primitives,compound__seed_000042,compound,table,"(0.90,0.99]",0.92542,0.8299999999999998,0.819,0.7252222222222222,0.75,0.7612179487179487,0.624,0.7252222222247,0.09542000000000017,0.10642000000000007,0.2001977777777778,-0.010999999999999899,0.010999999999999899,0.32999999999999985,0.31899999999999995,-0.010999999999999899,0.10477777777777764,0.09377777777777774,0.149,0.027999999999999997,0.024,0.028999999999999998,0.02,0.02,0.032,0.067,0.156,0.475
jev,compound__seed_000043__repr_direct__parallel_primitives,compound__seed_000043,compound,direct,"(0.10,0.30]",0.133797975723,0.238,0.622,0.3536666666666667,0.349,0.2243243243243243,0.37000000000000005,0.3536666666662,0.10420202427699998,0.488202024277,0.21986869094366668,0.384,0.384,0.262,0.122,-0.14,0.1156666666666667,0.2683333333333333,0.28700000000000003,0.08499999999999999,0.10200000000000001,0.096,0.081,0.145,0.064,0.03,0.027000000000000003,0.083
jev,compound__seed_000043__repr_prose__parallel_primitives,compound__seed_000043,compound,prose,"(0.10,0.30]",0.133797975723,0.292,0.597,0.4841111111111111,0.551,0.49880668257756555,0.41900000000000004,0.4841111111178,0.15820202427699998,0.46320202427699997,0.3503131353881111,0.305,0.305,0.20800000000000002,0.09699999999999998,-0.11100000000000004,0.19211111111111112,0.11288888888888887,0.21000000000000002,0.081,0.06999999999999999,0.05500000000000001,0.033,0.199,0.07200000000000001,0.037,0.033999999999999996,0.209
jev,compound__seed_000043__repr_table__parallel_primitives,compound__seed_000043,compound,table,"(0.10,0.30]",0.133797975723,0.35300000000000004,0.649,0.4441111111111111,0.463,0.4145833333333333,0.48000000000000004,0.44411111111299995,0.21920202427700003,0.515202024277,0.3103131353881111,0.296,0.296,0.14699999999999996,0.14900000000000002,0.0020000000000000573,0.09111111111111109,0.2048888888888889,0.281,0.067,0.065,0.079,0.045,0.099,0.092,0.039,0.033999999999999996,0.199
jev,compound__seed_000044__repr_direct__parallel_primitives,compound__seed_000044,compound,direct,"(0.99,1)",0.9933489510039999,0.852,0.951,0.7318429540651763,0.8448448448448448,0.6861702127659575,0.1881881881881882,0.7318417508530495,0.1413489510039999,0.042348951003999935,0.2615059969388236,0.09899999999999998,0.09899999999999998,0.352,0.45099999999999996,0.09899999999999998,0.12015704593482368,0.21915704593482366,0.05905905905905907,0.02002002002002002,0.01701701701701702,0.024024024024024024,0.03503503503503503,0.025025025025025027,0.08708708708708708,0.3183183183183183,0.2852852852852853,0.12912912912912913
jev,compound__seed_000044__repr_prose__parallel_primitives,compound__seed_000044,compound,prose,"(0.99,1)",0.9933489510039999,0.8859999999999999,0.961,0.8306083861639417,0.9049049049049048,0.8470588235294118,0.2552552552552553,0.8306161616235908,0.10734895100399999,0.032348951003999926,0.16274056484005817,0.07500000000000007,0.07500000000000007,0.3859999999999999,0.46099999999999997,0.07500000000000007,0.05539161383605817,0.13039161383605824,0.03903903903903904,0.012012012012012012,0.01001001001001001,0.01001001001001001,0.024024024024024024,0.013013013013013015,0.012012012012012012,0.07507507507507508,0.5885885885885885,0.21621621621621623
jev,compound__seed_000044__repr_table__parallel_primitives,compound__seed_000044,compound,table,"(0.99,1)",0.9933489510039999,0.844,0.969,0.7816666666666666,0.85,0.7951219512195122,0.4099999999999999,0.7816666666735,0.14934895100399992,0.02434895100399992,0.21168228433733327,0.125,0.125,0.344,0.469,0.125,0.06233333333333335,0.18733333333333335,0.08399999999999999,0.012,0.012,0.02,0.022,0.02,0.043,0.129,0.332,0.32599999999999996
jev,compound__seed_000045__repr_direct__parallel_primitives,compound__seed_000045,compound,direct,"(0.10,0.30]",0.27850644262429947,0.536,0.653,0.5041111111111111,0.533,0.4806451612903226,0.62,0.504111111114,0.25749355737570057,0.37449355737570056,0.2256046684868116,0.11699999999999999,0.11699999999999999,0.03600000000000003,0.15300000000000002,0.11699999999999999,0.03188888888888897,0.14888888888888896,0.322,0.019,0.033,0.065,0.027999999999999997,0.051000000000000004,0.11200000000000002,0.04,0.032,0.298
jev,compound__seed_000045__repr_prose__parallel_primitives,compound__seed_000045,compound,prose,"(0.10,0.30]",0.27850644262429947,0.568,0.6859999999999999,0.6804582360137916,0.7017017017017018,0.753577106518283,0.6296296296296297,0.6805028058382626,0.2894935573757005,0.4074935573757005,0.40195179338949216,0.118,0.118,0.06799999999999995,0.18599999999999994,0.118,0.11245823601379168,0.0055417639862083146,0.15515515515515516,0.02602602602602603,0.044044044044044044,0.04704704704704705,0.02602602602602603,0.05305305305305306,0.054054054054054064,0.05605605605605606,0.06406406406406408,0.4744744744744745
jev,compound__seed_000045__repr_table__parallel_primitives,compound__seed_000045,compound,table,"(0.10,0.30]",0.27850644262429947,0.617,0.727,0.6001111111111112,0.62,0.6192592592592592,0.675,0.6001111111131,0.3384935573757005,0.4484935573757005,0.3216046684868117,0.10999999999999999,0.10999999999999999,0.11699999999999999,0.22699999999999998,0.10999999999999999,0.016888888888888842,0.12688888888888883,0.257,0.013000000000000001,0.033,0.05700000000000001,0.02,0.036,0.075,0.049,0.042,0.418
jev,compound__seed_000046__repr_direct__parallel_primitives,compound__seed_000046,compound,direct,"(0.10,0.30]",0.28173374613003094,0.502,0.332,0.33488888888888885,0.344,0.2529585798816568,0.6759999999999999,0.33488888888979995,0.22026625386996906,0.05026625386996908,0.05315514275885791,-0.16999999999999998,0.16999999999999998,0.0020000000000000018,0.16799999999999998,0.16599999999999998,0.16711111111111115,0.0028888888888888298,0.505,0.02,0.038,0.07200000000000001,0.020999999999999998,0.031,0.09,0.032,0.02,0.17099999999999999
jev,compound__seed_000046__repr_prose__parallel_primitives,compound__seed_000046,compound,prose,"(0.10,0.30]",0.28173374613003094,0.5900000000000001,0.666,0.6641111111111111,0.7050000000000001,0.727427597955707,0.587,0.6641111111152,0.30826625386996914,0.3842662538699691,0.38237736498108016,0.07599999999999996,0.07599999999999996,0.09000000000000008,0.16600000000000004,0.07599999999999996,0.07411111111111102,0.00188888888888894,0.16000000000000003,0.021,0.037000000000000005,0.05000000000000001,0.027000000000000007,0.06700000000000002,0.09000000000000001,0.062000000000000006,0.059000000000000004,0.427
jev,compound__seed_000046__repr_table__parallel_primitives,compound__seed_000046,compound,table,"(0.10,0.30]",0.28173374613003094,0.515,0.46299999999999997,0.4826666666666667,0.5,0.4560439560439561,0.728,0.48266666666839997,0.23326625386996908,0.18126625386996903,0.20093292053663575,-0.052000000000000046,0.052000000000000046,0.015000000000000013,0.03700000000000003,0.02200000000000002,0.032333333333333325,0.01966666666666672,0.396,0.01,0.03,0.047,0.017,0.024,0.08,0.034999999999999996,0.028999999999999998,0.332
jev,compound__seed_000047__repr_direct__parallel_primitives,compound__seed_000047,compound,direct,"(0.10,0.30]",0.15353000000000006,0.297,0.32599999999999996,0.3340006673340007,0.2842842842842843,0.2762430939226519,0.3623623623623624,0.3340056116673081,0.14346999999999993,0.1724699999999999,0.18047066733400063,0.02899999999999997,0.02899999999999997,0.203,0.17400000000000004,-0.02899999999999997,0.0370006673340007,0.008000667334000733,0.2622622622622623,0.1831831831831832,0.13713713713713716,0.07107107107107108,0.062062062062062065,0.06106106106106106,0.03303303303303304,0.038038038038038034,0.05205205205205206,0.1001001001001001
jev,compound__seed_000047__repr_prose__parallel_primitives,compound__seed_000047,compound,prose,"(0.10,0.30]",0.15353000000000006,0.42800000000000005,0.717,0.4982222222222223,0.519,0.5074906367041199,0.534,0.4982222222243,0.27447,0.5634699999999999,0.34469222222222223,0.2889999999999999,0.2889999999999999,0.07199999999999995,0.21699999999999997,0.14500000000000002,0.07022222222222224,0.21877777777777768,0.263,0.053000000000000005,0.048,0.068,0.049,0.11400000000000002,0.051000000000000004,0.044,0.039,0.271
jev,compound__seed_000047__repr_table__parallel_primitives,compound__seed_000047,compound,table,"(0.10,0.30]",0.15353000000000006,0.255,0.305,0.28988888888888886,0.24,0.22596153846153844,0.41600000000000004,0.2898888888839,0.10146999999999995,0.15146999999999994,0.1363588888888888,0.04999999999999999,0.04999999999999999,0.245,0.195,-0.04999999999999999,0.03488888888888886,0.01511111111111113,0.322,0.22200000000000003,0.11200000000000002,0.05800000000000001,0.046,0.037,0.033,0.032,0.044,0.094
jev,compound__seed_000048__repr_direct__parallel_primitives,compound__seed_000048,compound,direct,"(0.30,0.45]",0.377187981481,0.388,0.7150000000000001,0.421,0.42100000000000004,0.26168224299065423,0.21400000000000002,0.421,0.010812018518999988,0.33781201851900006,0.04381201851899996,0.32700000000000007,0.32700000000000007,0.11199999999999999,0.21500000000000008,0.10300000000000009,0.032999999999999974,0.2940000000000001,0.158,0.065,0.10900000000000001,0.182,0.065,0.10500000000000001,0.18,0.049,0.031,0.05600000000000001
jev,compound__seed_000048__repr_prose__parallel_primitives,compound__seed_000048,compound,prose,"(0.30,0.45]",0.377187981481,0.46299999999999997,0.698,0.5484444444444444,0.621,0.5641891891891891,0.296,0.5484444444517,0.08581201851899994,0.32081201851899993,0.17125646296344438,0.235,0.235,0.03700000000000003,0.19799999999999995,0.16099999999999992,0.08544444444444443,0.14955555555555555,0.129,0.033,0.075,0.093,0.049,0.131,0.198,0.068,0.056999999999999995,0.16699999999999998
jev,compound__seed_000048__repr_table__parallel_primitives,compound__seed_000048,compound,table,"(0.30,0.45]",0.377187981481,0.45899999999999996,0.751,0.49711111111111106,0.546,0.3942307692307692,0.312,0.497111111116,0.08181201851899994,0.373812018519,0.11992312963011104,0.29200000000000004,0.29200000000000004,0.041000000000000036,0.251,0.20999999999999996,0.038111111111111096,0.25388888888888894,0.189,0.031,0.07,0.118,0.046,0.057999999999999996,0.24,0.072,0.053000000000000005,0.123
jev,compound__seed_000049__repr_direct__parallel_primitives,compound__seed_000049,compound,direct,"(0.55,0.70]",0.6016297147779999,0.679,0.921,0.6034444444444444,0.771,0.48299319727891155,0.14700000000000002,0.6034444444612,0.07737028522200018,0.31937028522200017,0.0018147296664445811,0.242,0.242,0.17900000000000005,0.42100000000000004,0.242,0.0755555555555556,0.3175555555555556,0.076,0.028999999999999998,0.033,0.05800000000000001,0.033,0.057999999999999996,0.449,0.137,0.05600000000000001,0.07100000000000001
jev,compound__seed_000049__repr_prose__parallel_primitives,compound__seed_000049,compound,prose,"(0.55,0.70]",0.6016297147779999,0.708,0.952,0.7564444444444444,0.863,0.8525798525798526,0.407,0.7564444444551,0.1063702852220001,0.3503702852220001,0.1548147296664445,0.244,0.244,0.20799999999999996,0.45199999999999996,0.244,0.0484444444444444,0.1955555555555556,0.06,0.01,0.014000000000000002,0.028999999999999998,0.024,0.061,0.154,0.173,0.128,0.347
jev,compound__seed_000049__repr_table__parallel_primitives,compound__seed_000049,compound,table,"(0.55,0.70]",0.6016297147779999,0.726,0.942,0.661888888888889,0.773,0.6459016393442623,0.30500000000000005,0.6618888889,0.12437028522200011,0.3403702852220001,0.0602591741108891,0.21599999999999997,0.21599999999999997,0.22599999999999998,0.44199999999999995,0.21599999999999997,0.06411111111111101,0.280111111111111,0.10800000000000001,0.02,0.028999999999999998,0.042,0.027999999999999997,0.038,0.21600000000000003,0.194,0.128,0.197
jev,compound__seed_000050__repr_direct__parallel_primitives,compound__seed_000050,compound,direct,"[0.01,0.10]",0.08763769296029794,0.55,0.637,0.5144444444444445,0.535,0.5039619651347068,0.631,0.5144444444465,0.4623623070397021,0.549362307039702,0.42680675148414654,0.08699999999999997,0.08699999999999997,0.050000000000000044,0.137,0.08699999999999997,0.03555555555555556,0.12255555555555553,0.313,0.016,0.034999999999999996,0.07100000000000001,0.03,0.051000000000000004,0.099,0.036,0.031,0.318
jev,compound__seed_000050__repr_prose__parallel_primitives,compound__seed_000050,compound,prose,"[0.01,0.10]",0.08763769296029794,0.42299999999999993,0.5549999999999999,0.5137359581804026,0.5195195195195195,0.5645756457564576,0.5425425425425425,0.5136857463529909,0.335362307039702,0.467362307039702,0.4260982652201047,0.132,0.132,0.07700000000000007,0.05499999999999994,-0.02200000000000013,0.0907359581804027,0.04126404181959731,0.2362362362362362,0.08108108108108109,0.07907907907907907,0.058058058058058054,0.02602602602602603,0.07407407407407407,0.04704704704704705,0.04004004004004004,0.05205205205205206,0.3063063063063063
jev,compound__seed_000050__repr_table__parallel_primitives,compound__seed_000050,compound,table,"[0.01,0.10]",0.08763769296029794,0.574,0.681,0.5915915915915916,0.6006006006006006,0.6206395348837209,0.6886886886886887,0.5915712682388353,0.486362307039702,0.593362307039702,0.5039538986312937,0.1070000000000001,0.1070000000000001,0.07399999999999995,0.18100000000000005,0.1070000000000001,0.017591591591591627,0.08940840840840847,0.2612612612612613,0.01701701701701702,0.03903903903903904,0.06206206206206207,0.020020020020020023,0.036036036036036036,0.060060060060060066,0.041041041041041046,0.036036036036036036,0.4274274274274274
jev,compound__seed_000051__repr_direct__parallel_primitives,compound__seed_000051,compound,direct,"(0.55,0.70]",0.5757575757575758,0.509,0.40099999999999997,0.3691111111111111,0.386,0.2967189728958631,0.7010000000000001,0.3691111111128,0.0667575757575758,0.17475757575757583,0.2066464646464647,-0.10800000000000004,0.10800000000000004,0.009000000000000008,0.09900000000000003,0.09000000000000002,0.1398888888888889,0.031888888888888856,0.493,0.015,0.037,0.049,0.02,0.03,0.081,0.038,0.028999999999999998,0.20800000000000002
jev,compound__seed_000051__repr_prose__parallel_primitives,compound__seed_000051,compound,prose,"(0.55,0.70]",0.5757575757575758,0.677,0.8029999999999999,0.6968888888888889,0.73,0.7616747181964574,0.621,0.6968888888922,0.10124242424242424,0.22724242424242413,0.12113131313131309,0.1259999999999999,0.1259999999999999,0.17700000000000005,0.30299999999999994,0.1259999999999999,0.019888888888888845,0.10611111111111104,0.148,0.019,0.028999999999999998,0.046,0.027999999999999997,0.05600000000000001,0.072,0.05600000000000001,0.073,0.47300000000000003
jev,compound__seed_000051__repr_table__parallel_primitives,compound__seed_000051,compound,table,"(0.55,0.70]",0.5757575757575758,0.5509999999999999,0.523,0.43266666666666664,0.449,0.39382239382239387,0.7769999999999999,0.4326666666683,0.024757575757575867,0.05275757575757578,0.14309090909090916,-0.027999999999999914,0.027999999999999914,0.050999999999999934,0.02300000000000002,-0.027999999999999914,0.11833333333333329,0.09033333333333338,0.471,0.01,0.025,0.03,0.015,0.020999999999999998,0.059,0.033,0.03,0.306
jev,compound__seed_000052__repr_direct__parallel_primitives,compound__seed_000052,compound,direct,"(0.45,0.55]",0.546001,0.586,0.61,0.6334444444444445,0.656,0.6748251748251748,0.5720000000000001,0.6334444444467,0.03999900000000001,0.06399900000000003,0.08744344444444452,0.02400000000000002,0.02400000000000002,0.08599999999999997,0.10999999999999999,0.02400000000000002,0.04744444444444451,0.02344444444444449,0.186,0.033,0.034999999999999996,0.05600000000000001,0.033999999999999996,0.047,0.067,0.065,0.091,0.386
jev,compound__seed_000052__repr_prose__parallel_primitives,compound__seed_000052,compound,prose,"(0.45,0.55]",0.546001,0.61,0.729,0.5563333333333333,0.585,0.5727848101265822,0.316,0.5563333333362,0.06399900000000003,0.18299900000000002,0.010332333333333388,0.119,0.119,0.10999999999999999,0.22899999999999998,0.119,0.05366666666666664,0.17266666666666663,0.135,0.052000000000000005,0.07,0.075,0.083,0.077,0.13,0.11200000000000002,0.08499999999999999,0.181
jev,compound__seed_000052__repr_table__parallel_primitives,compound__seed_000052,compound,table,"(0.45,0.55]",0.546001,0.603,0.711,0.5784444444444444,0.617,0.5922920892494928,0.493,0.5784444444483,0.05699900000000002,0.164999,0.03244344444444447,0.10799999999999998,0.10799999999999998,0.10299999999999998,0.21099999999999997,0.10799999999999998,0.024555555555555553,0.13255555555555554,0.20099999999999998,0.032,0.045,0.074,0.031,0.07,0.10200000000000001,0.076,0.077,0.292
jev,compound__seed_000053__repr_direct__parallel_primitives,compound__seed_000053,compound,direct,"(0,0.01)",0.0070664154000000005,0.122,0.45499999999999996,0.26455555555555554,0.237,0.11475409836065571,0.24400000000000002,0.2645555555528,0.1149335846,0.44793358459999993,0.2574891401555555,0.33299999999999996,0.33299999999999996,0.378,0.04500000000000004,-0.33299999999999996,0.14255555555555555,0.19044444444444442,0.21600000000000003,0.305,0.132,0.043,0.067,0.145,0.027000000000000003,0.02,0.017,0.027999999999999997
jev,compound__seed_000053__repr_prose__parallel_primitives,compound__seed_000053,compound,prose,"(0,0.01)",0.0070664154000000005,0.181,0.42300000000000004,0.31598264931598263,0.33633633633633636,0.2789473684210526,0.3803803803803804,0.31597081930618687,0.1739335846,0.4159335846,0.3089162339159826,0.24200000000000005,0.24200000000000005,0.319,0.07699999999999996,-0.24200000000000005,0.13498264931598264,0.10701735068401741,0.2742742742742743,0.2502502502502503,0.08008008008008008,0.029029029029029027,0.03003003003003003,0.17017017017017017,0.02002002002002002,0.02002002002002002,0.02002002002002002,0.10610610610610612
jev,compound__seed_000053__repr_table__parallel_primitives,compound__seed_000053,compound,table,"(0,0.01)",0.0070664154000000005,0.244,0.541,0.38211111111111107,0.39499999999999996,0.32602739726027397,0.365,0.3821111111124,0.2369335846,0.5339335846000001,0.37504469571111104,0.29700000000000004,0.29700000000000004,0.256,0.041000000000000036,-0.21499999999999997,0.13811111111111107,0.15888888888888897,0.246,0.125,0.11299999999999999,0.05700000000000001,0.064,0.16499999999999998,0.045,0.033,0.033,0.119
jev,compound__seed_000054__repr_direct__parallel_primitives,compound__seed_000054,compound,direct,"(0.70,0.90]",0.891616122019,0.844,0.9549999999999998,0.6884662440217996,0.8108108108108109,0.6255707762557078,0.21921921921921925,0.6884781144903495,0.04761612201900001,0.06338387798099987,0.2031498779972004,0.11099999999999988,0.11099999999999988,0.344,0.45499999999999985,0.11099999999999988,0.1555337559782004,0.2665337559782003,0.08208208208208209,0.02002002002002002,0.02102102102102102,0.03503503503503503,0.031031031031031032,0.028028028028028024,0.13513513513513514,0.36436436436436437,0.14614614614614613,0.13713713713713716
jev,compound__seed_000054__repr_prose__parallel_primitives,compound__seed_000054,compound,prose,"(0.70,0.90]",0.891616122019,0.837,0.944,0.798,0.8650000000000001,0.8507853403141361,0.382,0.7980000000067,0.05461612201900001,0.05238387798099997,0.09361612201899994,0.10699999999999998,0.10699999999999998,0.33699999999999997,0.44399999999999995,0.10699999999999998,0.038999999999999924,0.1459999999999999,0.05700000000000001,0.018,0.018,0.02,0.022,0.02,0.03,0.14500000000000002,0.34500000000000003,0.325
jev,compound__seed_000054__repr_table__parallel_primitives,compound__seed_000054,compound,table,"(0.70,0.90]",0.891616122019,0.861,0.967,0.7268888888888889,0.803,0.7321428571428572,0.392,0.7268888888964999,0.03061612201899999,0.07538387798099999,0.16472723313011106,0.10599999999999998,0.10599999999999998,0.361,0.46699999999999997,0.10599999999999998,0.13411111111111107,0.24011111111111105,0.10500000000000001,0.015,0.02,0.028999999999999998,0.027999999999999997,0.020999999999999998,0.082,0.196,0.217,0.28700000000000003
jev,compound__seed_000055__repr_direct__parallel_primitives,compound__seed_000055,compound,direct,"(0,0.01)",5.348138586410087e-05,0.517,0.675,0.513888888888889,0.511,0.539651837524178,0.517,0.5138888888886,0.5169465186141359,0.6749465186141359,0.5138354075030248,0.15800000000000003,0.15800000000000003,0.017000000000000015,0.17500000000000004,0.15800000000000003,0.0031111111111110645,0.1611111111111111,0.238,0.071,0.07300000000000001,0.065,0.042,0.042,0.068,0.06,0.062,0.279
jev,compound__seed_000055__repr_prose__parallel_primitives,compound__seed_000055,compound,prose,"(0,0.01)",5.348138586410087e-05,0.374,0.425,0.3401111111111111,0.322,0.3287037037037037,0.43199999999999994,0.3401111111093,0.3739465186141359,0.4249465186141359,0.340057629725247,0.05099999999999999,0.05099999999999999,0.126,0.07500000000000001,-0.05099999999999999,0.03388888888888891,0.0848888888888889,0.29,0.215,0.10600000000000001,0.041,0.026000000000000002,0.069,0.033,0.038,0.04,0.142
jev,compound__seed_000055__repr_table__parallel_primitives,compound__seed_000055,compound,table,"(0,0.01)",5.348138586410087e-05,0.568,0.696,0.584,0.585,0.6243822075782537,0.607,0.5840000000001,0.5679465186141358,0.6959465186141358,0.5839465186141358,0.128,0.128,0.06799999999999995,0.19599999999999995,0.128,0.016000000000000014,0.11199999999999999,0.22800000000000004,0.053000000000000005,0.05500000000000001,0.051000000000000004,0.027999999999999997,0.028999999999999998,0.043,0.05800000000000001,0.076,0.379
jev,compound__seed_000056__repr_direct__parallel_primitives,compound__seed_000056,compound,direct,"(0.10,0.30]",0.2042042042042042,0.49399999999999994,0.381,0.3847777777777778,0.39899999999999997,0.32538569424964936,0.713,0.38477777777919997,0.28979579579579573,0.1767957957957958,0.18057357357357356,-0.11299999999999993,0.11299999999999993,0.006000000000000061,0.119,0.11299999999999993,0.10922222222222217,0.003777777777777769,0.481,0.016,0.028999999999999998,0.056999999999999995,0.018,0.027000000000000003,0.081,0.034999999999999996,0.024,0.23199999999999998
jev,compound__seed_000056__repr_prose__parallel_primitives,compound__seed_000056,compound,prose,"(0.10,0.30]",0.2042042042042042,0.581,0.709,0.6926666666666667,0.711,0.7662538699690402,0.646,0.6926666666685,0.37679579579579575,0.5047957957957958,0.48846246246246244,0.128,0.128,0.08099999999999996,0.20899999999999996,0.128,0.11166666666666669,0.01633333333333331,0.151,0.027999999999999997,0.039,0.039,0.032,0.049,0.049,0.05500000000000001,0.063,0.495
jev,compound__seed_000056__repr_table__parallel_primitives,compound__seed_000056,compound,table,"(0.10,0.30]",0.2042042042042042,0.532,0.544,0.5354444444444445,0.546,0.5297225891677675,0.7570000000000001,0.5354444444455,0.3277957957957958,0.33979579579579583,0.3312402402402403,0.01200000000000001,0.01200000000000001,0.03200000000000003,0.04400000000000004,0.01200000000000001,0.003444444444444472,0.008555555555555538,0.35600000000000004,0.010000000000000002,0.030000000000000002,0.042,0.016000000000000004,0.024000000000000004,0.05100000000000001,0.036000000000000004,0.034,0.401
jev,compound__seed_000057__repr_direct__parallel_primitives,compound__seed_000057,compound,direct,"(0.70,0.90]",0.773038,0.712,0.7,0.6861111111111111,0.7070000000000001,0.7294303797468354,0.632,0.6861111111132,0.06103800000000004,0.07303800000000005,0.08692688888888889,-0.01200000000000001,0.01200000000000001,0.21199999999999997,0.19999999999999996,-0.01200000000000001,0.02588888888888885,0.01388888888888884,0.17099999999999999,0.028999999999999998,0.031,0.04,0.022,0.022,0.047,0.081,0.096,0.461
jev,compound__seed_000057__repr_prose__parallel_primitives,compound__seed_000057,compound,prose,"(0.70,0.90]",0.773038,0.679,0.71,0.5658888888888889,0.5800000000000001,0.5766423357664233,0.41100000000000003,0.5658888888903,0.09403799999999995,0.06303800000000004,0.20714911111111112,0.030999999999999917,0.030999999999999917,0.17900000000000005,0.20999999999999996,0.030999999999999917,0.11311111111111116,0.14411111111111108,0.174,0.06999999999999999,0.08,0.053000000000000005,0.043,0.03,0.05500000000000001,0.14500000000000002,0.11300000000000002,0.23700000000000002
jev,compound__seed_000057__repr_table__parallel_primitives,compound__seed_000057,compound,table,"(0.70,0.90]",0.773038,0.736,0.779,0.6638888888888889,0.69,0.6960950764006791,0.589,0.6638888888915,0.037038000000000015,0.005962000000000023,0.10914911111111114,0.04300000000000004,0.04300000000000004,0.236,0.279,0.04300000000000004,0.07211111111111113,0.11511111111111116,0.179,0.03,0.039,0.042,0.02,0.024,0.046,0.10500000000000001,0.10500000000000001,0.41
jev,compound__seed_000058__repr_direct__parallel_primitives,compound__seed_000058,compound,direct,"(0.30,0.45]",0.337067470845,0.378,0.738,0.4092222222222222,0.425,0.25949367088607594,0.316,0.4092222222238,0.04093252915500001,0.400932529155,0.07215475137722221,0.36,0.36,0.122,0.238,0.11599999999999999,0.031222222222222207,0.3287777777777778,0.23399999999999999,0.045,0.083,0.151,0.062,0.125,0.147,0.042,0.028999999999999998,0.082
jev,compound__seed_000058__repr_prose__parallel_primitives,compound__seed_000058,compound,prose,"(0.30,0.45]",0.337067470845,0.43499999999999994,0.706,0.5411111111111111,0.614,0.5536332179930795,0.28900000000000003,0.5411111111184,0.09793252915499995,0.36893252915499997,0.2040436402661111,0.271,0.271,0.06500000000000006,0.20599999999999996,0.1409999999999999,0.10611111111111116,0.16488888888888886,0.129,0.032,0.075,0.10300000000000001,0.047,0.14200000000000002,0.196,0.063,0.053000000000000005,0.16
jev,compound__seed_000058__repr_table__parallel_primitives,compound__seed_000058,compound,table,"(0.30,0.45]",0.337067470845,0.44400000000000006,0.734,0.48133333333333334,0.517,0.41666666666666663,0.408,0.4813333333369,0.10693252915500007,0.396932529155,0.14426586248833334,0.2899999999999999,0.2899999999999999,0.05599999999999994,0.23399999999999999,0.17800000000000005,0.037333333333333274,0.25266666666666665,0.238,0.026000000000000002,0.054000000000000006,0.124,0.041,0.076,0.183,0.05,0.038,0.16999999999999998
jev,compound__seed_000059__repr_direct__parallel_primitives,compound__seed_000059,compound,direct,"(0.45,0.55]",0.495809321736,0.637,0.931,0.6344444444444445,0.801,0.58,0.15,0.6344444444610999,0.141190678264,0.43519067826400004,0.13863512270844447,0.29400000000000004,0.29400000000000004,0.137,0.43100000000000005,0.29400000000000004,0.002555555555555533,0.29655555555555557,0.063,0.019,0.027000000000000003,0.048,0.042,0.07,0.385,0.19,0.069,0.087
jev,compound__seed_000059__repr_prose__parallel_primitives,compound__seed_000059,compound,prose,"(0.45,0.55]",0.495809321736,0.5660000000000001,0.8859999999999999,0.6557777777777778,0.736,0.774390243902439,0.328,0.6557777777858,0.07019067826400005,0.3901906782639999,0.15996845604177778,0.31999999999999984,0.31999999999999984,0.06600000000000006,0.3859999999999999,0.31999999999999984,0.08977777777777773,0.2302222222222221,0.074,0.019,0.032,0.052000000000000005,0.087,0.10200000000000001,0.221,0.079,0.08,0.254
jev,compound__seed_000059__repr_table__parallel_primitives,compound__seed_000059,compound,table,"(0.45,0.55]",0.495809321736,0.67,0.944,0.6483333333333333,0.772,0.6391752577319587,0.29100000000000004,0.6483333333457,0.17419067826400003,0.44819067826399994,0.1525240115973333,0.2739999999999999,0.2739999999999999,0.17000000000000004,0.44399999999999995,0.2739999999999999,0.021666666666666723,0.29566666666666663,0.10500000000000001,0.017,0.027000000000000003,0.047,0.032,0.048,0.267,0.189,0.082,0.186
jev,compound__seed_000060__repr_direct__parallel_primitives,compound__seed_000060,compound,direct,"[0.01,0.10]",0.023320681856236536,0.47000000000000003,0.655,0.513,0.535,0.507380073800738,0.542,0.5130000000022,0.4466793181437635,0.6316793181437634,0.4896793181437635,0.185,0.185,0.02999999999999997,0.15500000000000003,0.12500000000000006,0.04299999999999998,0.14200000000000002,0.267,0.03,0.05500000000000001,0.077,0.036,0.061,0.11000000000000001,0.05,0.039,0.275
jev,compound__seed_000060__repr_prose__parallel_primitives,compound__seed_000060,compound,prose,"[0.01,0.10]",0.023320681856236536,0.44699999999999995,0.5700000000000001,0.5144444444444445,0.516,0.5714285714285714,0.5740000000000001,0.5144444444446,0.4236793181437634,0.5466793181437635,0.49112376258820795,0.12300000000000011,0.12300000000000011,0.05300000000000005,0.07000000000000006,0.017000000000000015,0.06744444444444453,0.05555555555555558,0.246,0.092,0.077,0.047,0.022,0.063,0.036,0.04,0.049,0.328
jev,compound__seed_000060__repr_table__parallel_primitives,compound__seed_000060,compound,table,"[0.01,0.10]",0.023320681856236536,0.542,0.655,0.5574444444444444,0.5619999999999999,0.5942028985507246,0.621,0.5574444444449,0.5186793181437634,0.6316793181437634,0.5341237625882078,0.11299999999999999,0.11299999999999999,0.04200000000000004,0.15500000000000003,0.11299999999999999,0.015444444444444372,0.09755555555555562,0.252,0.037,0.05800000000000001,0.067,0.024,0.043,0.062,0.045,0.043,0.369
jev,compound__seed_000061__repr_direct__parallel_primitives,compound__seed_000061,compound,direct,"[0.01,0.10]",0.04782608695652174,0.49000000000000005,0.371,0.35055555555555556,0.36000000000000004,0.2843137254901961,0.714,0.3505555555565,0.4421739130434783,0.32317391304347826,0.3027294685990338,-0.11900000000000005,0.11900000000000005,0.009999999999999953,0.129,0.11900000000000005,0.13944444444444448,0.020444444444444432,0.511,0.015,0.033,0.064,0.017,0.025,0.082,0.03,0.02,0.203
jev,compound__seed_000061__repr_prose__parallel_primitives,compound__seed_000061,compound,prose,"[0.01,0.10]",0.04782608695652174,0.457,0.512,0.5801356912468023,0.5905905905905906,0.6548223350253807,0.5915915915915916,0.5801672278349413,0.4091739130434783,0.46417391304347827,0.5323096042902806,0.05499999999999999,0.05499999999999999,0.04299999999999998,0.01200000000000001,-0.030999999999999972,0.12313569124680229,0.0681356912468023,0.2042042042042042,0.07707707707707707,0.05905905905905905,0.04004004004004004,0.029029029029029027,0.06906906906906908,0.038038038038038034,0.03903903903903904,0.05705705705705707,0.38738738738738737
jev,compound__seed_000061__repr_table__parallel_primitives,compound__seed_000061,compound,table,"[0.01,0.10]",0.04782608695652174,0.516,0.52,0.477,0.482,0.4588394062078273,0.7409999999999999,0.4770000000005,0.4681739130434783,0.4721739130434783,0.42917391304347824,0.0040000000000000036,0.0040000000000000036,0.016000000000000014,0.020000000000000018,0.0040000000000000036,0.039000000000000035,0.04300000000000004,0.40099999999999997,0.011,0.034999999999999996,0.052000000000000005,0.019,0.025,0.054000000000000006,0.033,0.03,0.33999999999999997
jev,conditional__seed_000042__repr_direct__parallel_primitives,conditional__seed_000042,conditional,direct,"(0.45,0.55]",0.48366013071895425,0.521,0.767,0.5246666666666666,0.606,0.29292929292929293,0.09899999999999999,0.5246666666748,0.03733986928104577,0.28333986928104576,0.041006535947712364,0.246,0.246,0.02100000000000002,0.267,0.246,0.003666666666666596,0.2423333333333334,0.06999999999999999,0.026000000000000002,0.061,0.14100000000000001,0.096,0.10200000000000001,0.359,0.086,0.03,0.028999999999999998
jev,conditional__seed_000042__repr_distractor__parallel_primitives,conditional__seed_000042,conditional,distractor,"(0.45,0.55]",0.48366013071895425,0.511,0.774,0.47933333333333333,0.554,0.18589743589743588,0.156,0.4793333333408,0.02733986928104576,0.29033986928104577,0.004326797385620917,0.263,0.263,0.01100000000000001,0.274,0.263,0.031666666666666676,0.2946666666666667,0.127,0.026000000000000002,0.065,0.144,0.084,0.123,0.323,0.05600000000000001,0.023,0.028999999999999998
jev,conditional__seed_000042__repr_nested__parallel_primitives,conditional__seed_000042,conditional,nested,"(0.45,0.55]",0.48366013071895425,0.542,0.6859999999999999,0.478589700811923,0.5275275275275275,0.1941747572815534,0.10310310310310311,0.4785869809252061,0.058339869281045786,0.2023398692810457,0.005070429907031271,0.1439999999999999,0.1439999999999999,0.04200000000000004,0.18599999999999994,0.1439999999999999,0.06341029918807706,0.20741029918807696,0.08308308308308308,0.03503503503503503,0.07207207207207209,0.16916916916916916,0.1131131131131131,0.14914914914914915,0.2862862862862863,0.05205205205205206,0.02002002002002002,0.02002002002002002
jev,conditional__seed_000042__repr_prose__parallel_primitives,conditional__seed_000042,conditional,prose,"(0.45,0.55]",0.48366013071895425,0.52,0.736,0.5226666666666667,0.527,0.4666666666666666,0.10500000000000001,0.5226666666671,0.03633986928104577,0.25233986928104574,0.03900653594771247,0.21599999999999997,0.21599999999999997,0.020000000000000018,0.236,0.21599999999999997,0.002666666666666706,0.21333333333333326,0.05600000000000001,0.02,0.05700000000000001,0.11200000000000002,0.22800000000000004,0.152,0.203,0.081,0.042,0.049
jev,conditional__seed_000042__repr_table__parallel_primitives,conditional__seed_000042,conditional,table,"(0.45,0.55]",0.48366013071895425,0.506,0.636,0.5029473918362808,0.5585585585585586,0.3271028037383177,0.10710710710710711,0.5029393939449525,0.022339869281045754,0.15233986928104576,0.019287261117326537,0.13,0.13,0.006000000000000005,0.136,0.13,0.003052608163719217,0.13305260816371922,0.07207207207207209,0.029029029029029027,0.058058058058058054,0.16816816816816815,0.11411411411411414,0.13113113113113115,0.31931931931931934,0.05105105105105105,0.022022022022022022,0.03503503503503503
jev,conditional__seed_000043__repr_direct__parallel_primitives,conditional__seed_000043,conditional,direct,"(0.55,0.70]",0.5752212389380531,0.61,0.921,0.5378888888888889,0.6639999999999999,0.2698412698412698,0.126,0.5378888889015,0.03477876106194688,0.34577876106194694,0.03733235004916424,0.31100000000000005,0.31100000000000005,0.10999999999999999,0.42100000000000004,0.31100000000000005,0.07211111111111113,0.3831111111111112,0.092,0.020999999999999998,0.062,0.10400000000000001,0.05700000000000001,0.097,0.40199999999999997,0.095,0.036,0.033999999999999996
jev,conditional__seed_000043__repr_distractor__parallel_primitives,conditional__seed_000043,conditional,distractor,"(0.55,0.70]",0.5752212389380531,0.595,0.9030000000000001,0.5598888888888889,0.6990000000000001,0.29729729729729726,0.14800000000000002,0.5598888889028,0.01977876106194687,0.32777876106194703,0.015332350049164223,0.30800000000000016,0.30800000000000016,0.09499999999999997,0.40300000000000014,0.30800000000000016,0.03511111111111109,0.34311111111111126,0.10400000000000001,0.025,0.053000000000000005,0.08,0.039,0.07100000000000001,0.38,0.151,0.053000000000000005,0.044
jev,conditional__seed_000043__repr_nested__parallel_primitives,conditional__seed_000043,conditional,nested,"(0.55,0.70]",0.5752212389380531,0.652,0.9339999999999999,0.5584444444444444,0.681,0.3037037037037037,0.135,0.5584444444566999,0.07677876106194692,0.35877876106194684,0.016776794493608693,0.2819999999999999,0.2819999999999999,0.15200000000000002,0.43399999999999994,0.2819999999999999,0.09355555555555561,0.37555555555555553,0.094,0.025,0.057999999999999996,0.09,0.052000000000000005,0.078,0.34500000000000003,0.158,0.059,0.041
jev,conditional__seed_000043__repr_prose__parallel_primitives,conditional__seed_000043,conditional,prose,"(0.55,0.70]",0.5752212389380531,0.642,0.8949999999999999,0.6586666666666666,0.873,0.574468085106383,0.094,0.6586666666880999,0.06677876106194691,0.3197787610619468,0.08344542772861352,0.2529999999999999,0.2529999999999999,0.14200000000000002,0.3949999999999999,0.2529999999999999,0.016666666666666607,0.23633333333333328,0.04,0.01,0.02,0.033,0.024,0.07200000000000001,0.46299999999999997,0.213,0.071,0.054000000000000006
jev,conditional__seed_000043__repr_table__parallel_primitives,conditional__seed_000043,conditional,table,"(0.55,0.70]",0.5752212389380531,0.616,0.931,0.6042222222222222,0.783,0.3798449612403101,0.129,0.6042222222400999,0.04077876106194689,0.35577876106194695,0.029000983284169113,0.31500000000000006,0.31500000000000006,0.11599999999999999,0.43100000000000005,0.31500000000000006,0.011777777777777776,0.32677777777777783,0.08,0.012,0.034999999999999996,0.05800000000000001,0.032,0.061,0.449,0.178,0.046,0.049
jev,conditional__seed_000044__repr_direct__parallel_primitives,conditional__seed_000044,conditional,direct,"(0.45,0.55]",0.4807692307692308,0.56,0.8099999999999999,0.5842509175842509,0.6996996996996997,0.3679245283018868,0.1061061061061061,0.5842502805951586,0.07923076923076927,0.32923076923076916,0.10348168681502007,0.2499999999999999,0.2499999999999999,0.06000000000000005,0.30999999999999994,0.2499999999999999,0.024250917584250797,0.2257490824157491,0.06706706706706707,0.03303303303303304,0.05705705705705707,0.08908908908908908,0.05405405405405406,0.06506506506506507,0.29429429429429427,0.22522522522522523,0.07607607607607607,0.03903903903903904
jev,conditional__seed_000044__repr_distractor__parallel_primitives,conditional__seed_000044,conditional,distractor,"(0.45,0.55]",0.4807692307692308,0.594,0.834,0.5412222222222222,0.648,0.28143712574850305,0.16699999999999998,0.5412222222329,0.11323076923076919,0.3532307692307692,0.06045299145299138,0.24,0.24,0.09399999999999997,0.33399999999999996,0.24,0.05277777777777781,0.2927777777777778,0.12,0.03,0.061,0.08399999999999999,0.056999999999999995,0.074,0.303,0.164,0.06,0.047
jev,conditional__seed_000044__repr_nested__parallel_primitives,conditional__seed_000044,conditional,nested,"(0.45,0.55]",0.4807692307692308,0.575,0.679,0.46268490712935156,0.4914914914914915,0.20769230769230768,0.13013013013013014,0.46265993266281014,0.09423076923076917,0.19823076923076927,0.01808432363987922,0.10400000000000009,0.10400000000000009,0.07499999999999996,0.17900000000000005,0.10400000000000009,0.11231509287064839,0.21631509287064848,0.10310310310310311,0.04804804804804805,0.0970970970970971,0.15915915915915915,0.10110110110110111,0.12112112112112111,0.24324324324324326,0.06906906906906908,0.031031031031031032,0.02702702702702703
jev,conditional__seed_000044__repr_prose__parallel_primitives,conditional__seed_000044,conditional,prose,"(0.45,0.55]",0.4807692307692308,0.564,0.711,0.5246666666666667,0.53,0.4916666666666667,0.12000000000000001,0.5246666666672001,0.08323076923076916,0.23023076923076918,0.043897435897435944,0.14700000000000002,0.14700000000000002,0.06399999999999995,0.21099999999999997,0.14700000000000002,0.03933333333333322,0.18633333333333324,0.061,0.026000000000000002,0.064,0.10700000000000001,0.21200000000000002,0.139,0.2,0.08299999999999999,0.049,0.05900000000000001
jev,conditional__seed_000044__repr_table__parallel_primitives,conditional__seed_000044,conditional,table,"(0.45,0.55]",0.4807692307692308,0.503,0.573,0.4996666666666667,0.555,0.3305084745762712,0.118,0.49966666667219994,0.02223076923076922,0.09223076923076917,0.01889743589743592,0.06999999999999995,0.06999999999999995,0.0030000000000000027,0.07299999999999995,0.06999999999999995,0.0033333333333332993,0.07333333333333325,0.079,0.043,0.076,0.151,0.096,0.121,0.29000000000000004,0.07100000000000001,0.033999999999999996,0.039
jev,conditional__seed_000045__repr_direct__parallel_primitives,conditional__seed_000045,conditional,direct,"(0.30,0.45]",0.43478260869565216,0.43,0.743,0.40544444444444444,0.376,0.14598540145985403,0.13699999999999998,0.4054444444415,0.0047826086956521685,0.30821739130434783,0.02933816425120772,0.313,0.313,0.07,0.243,0.173,0.024555555555555553,0.33755555555555555,0.11699999999999999,0.05600000000000001,0.11299999999999999,0.22000000000000003,0.118,0.13,0.189,0.025,0.012,0.02
jev,conditional__seed_000045__repr_distractor__parallel_primitives,conditional__seed_000045,conditional,distractor,"(0.30,0.45]",0.43478260869565216,0.42699999999999994,0.779,0.4062222222222222,0.388,0.13157894736842105,0.152,0.40622222222040005,0.007782608695652227,0.34421739130434786,0.028560386473429955,0.3520000000000001,0.3520000000000001,0.07300000000000006,0.279,0.20599999999999996,0.02077777777777773,0.3727777777777778,0.132,0.053000000000000005,0.11599999999999999,0.201,0.11000000000000001,0.123,0.199,0.028999999999999998,0.017,0.02
jev,conditional__seed_000045__repr_nested__parallel_primitives,conditional__seed_000045,conditional,nested,"(0.30,0.45]",0.43478260869565216,0.43499999999999994,0.724,0.414,0.384,0.16666666666666666,0.132,0.413999999997,0.00021739130434778042,0.2892173913043478,0.020782608695652183,0.28900000000000003,0.28900000000000003,0.06500000000000006,0.22399999999999998,0.15899999999999992,0.020999999999999963,0.31,0.11000000000000001,0.051000000000000004,0.11599999999999999,0.22999999999999998,0.10900000000000001,0.13,0.176,0.034999999999999996,0.020999999999999998,0.022
jev,conditional__seed_000045__repr_prose__parallel_primitives,conditional__seed_000045,conditional,prose,"(0.30,0.45]",0.43478260869565216,0.511,0.763,0.5405555555555556,0.633,0.4682539682539682,0.126,0.5405555555648001,0.07621739130434785,0.32821739130434785,0.1057729468599034,0.252,0.252,0.01100000000000001,0.263,0.252,0.029555555555555557,0.22244444444444444,0.067,0.027000000000000003,0.068,0.11499999999999999,0.09,0.133,0.325,0.077,0.039,0.059
jev,conditional__seed_000045__repr_table__parallel_primitives,conditional__seed_000045,conditional,table,"(0.30,0.45]",0.43478260869565216,0.43,0.547,0.4252222222222222,0.38,0.25,0.128,0.4252222222177,0.0047826086956521685,0.11221739130434788,0.009560386473429938,0.11700000000000005,0.11700000000000005,0.07,0.04700000000000004,-0.022999999999999965,0.00477777777777777,0.12177777777777782,0.096,0.047,0.089,0.24100000000000002,0.147,0.145,0.16,0.026000000000000002,0.017,0.032
jev,conditional__seed_000046__repr_direct__parallel_primitives,conditional__seed_000046,conditional,direct,"(0.55,0.70]",0.6124031007751938,0.665,0.953,0.6256666666666667,0.774,0.37606837606837606,0.11699999999999999,0.6256666666815,0.05259689922480626,0.3405968992248062,0.013263565891472928,0.2879999999999999,0.2879999999999999,0.16500000000000004,0.45299999999999996,0.2879999999999999,0.03933333333333333,0.32733333333333325,0.073,0.02,0.04,0.061,0.032,0.04,0.29100000000000004,0.314,0.08499999999999999,0.044
jev,conditional__seed_000046__repr_distractor__parallel_primitives,conditional__seed_000046,conditional,distractor,"(0.55,0.70]",0.6124031007751938,0.6799999999999999,0.9369999999999999,0.6037777777777779,0.738,0.35365853658536583,0.16400000000000003,0.6037777777912,0.06759689922480616,0.32459689922480617,0.008625322997415918,0.257,0.257,0.17999999999999994,0.43699999999999994,0.257,0.07622222222222208,0.3332222222222221,0.10600000000000001,0.022,0.043,0.06,0.031,0.045,0.26,0.28500000000000003,0.09,0.05800000000000001
jev,conditional__seed_000046__repr_nested__parallel_primitives,conditional__seed_000046,conditional,nested,"(0.55,0.70]",0.6124031007751938,0.669,0.95,0.6072222222222222,0.736,0.3695652173913043,0.138,0.6072222222351,0.05659689922480626,0.3375968992248062,0.005180878552971557,0.2809999999999999,0.2809999999999999,0.16900000000000004,0.44999999999999996,0.2809999999999999,0.06177777777777782,0.34277777777777774,0.087,0.020999999999999998,0.041,0.075,0.04,0.049,0.265,0.28500000000000003,0.086,0.051000000000000004
jev,conditional__seed_000046__repr_prose__parallel_primitives,conditional__seed_000046,conditional,prose,"(0.55,0.70]",0.6124031007751938,0.6839999999999999,0.9189999999999999,0.7134444444444444,0.871,0.6689189189189189,0.14800000000000002,0.7134444444602,0.07159689922480617,0.30659689922480615,0.10104134366925066,0.235,0.235,0.18399999999999994,0.41899999999999993,0.235,0.029444444444444495,0.2055555555555555,0.049,0.01,0.02,0.03,0.02,0.045,0.178,0.375,0.174,0.099
jev,conditional__seed_000046__repr_table__parallel_primitives,conditional__seed_000046,conditional,table,"(0.55,0.70]",0.6124031007751938,0.647,0.9400000000000001,0.6176666666666667,0.771,0.44285714285714284,0.14,0.617666666682,0.03459689922480624,0.3275968992248063,0.005263565891472921,0.29300000000000004,0.29300000000000004,0.14700000000000002,0.44000000000000006,0.29300000000000004,0.029333333333333322,0.32233333333333336,0.078,0.02,0.038,0.063,0.03,0.042,0.351,0.248,0.068,0.062
jev,conditional__seed_000047__repr_direct__parallel_primitives,conditional__seed_000047,conditional,direct,"(0.10,0.30]",0.2647058823529412,0.328,0.545,0.35766666666666663,0.303,0.16666666666666669,0.144,0.3576666666612,0.06329411764705883,0.28029411764705886,0.09296078431372545,0.21700000000000003,0.21700000000000003,0.172,0.04500000000000004,-0.12699999999999995,0.02966666666666662,0.1873333333333334,0.12,0.11499999999999999,0.205,0.176,0.081,0.124,0.1,0.033999999999999996,0.020999999999999998,0.024
jev,conditional__seed_000047__repr_distractor__parallel_primitives,conditional__seed_000047,conditional,distractor,"(0.10,0.30]",0.2647058823529412,0.321,0.644,0.3338888888888889,0.278,0.13020833333333334,0.192,0.3338888888833,0.05629411764705883,0.37929411764705884,0.06918300653594772,0.323,0.323,0.179,0.14400000000000002,-0.034999999999999976,0.012888888888888894,0.3101111111111111,0.167,0.11600000000000002,0.202,0.154,0.083,0.123,0.078,0.033,0.019,0.025
jev,conditional__seed_000047__repr_nested__parallel_primitives,conditional__seed_000047,conditional,nested,"(0.10,0.30]",0.2647058823529412,0.325,0.6950000000000001,0.385,0.33499999999999996,0.1679389312977099,0.131,0.384999999995,0.06029411764705883,0.4302941176470589,0.12029411764705883,0.37000000000000005,0.37000000000000005,0.175,0.19500000000000006,0.020000000000000073,0.06,0.31000000000000005,0.10900000000000001,0.089,0.172,0.202,0.093,0.12,0.122,0.044,0.027000000000000003,0.022
jev,conditional__seed_000047__repr_prose__parallel_primitives,conditional__seed_000047,conditional,prose,"(0.10,0.30]",0.2647058823529412,0.369,0.562,0.3755978200422645,0.3313313313313313,0.21428571428571427,0.14014014014014015,0.37560493826718283,0.10429411764705881,0.2972941176470589,0.11089193768932332,0.19300000000000006,0.19300000000000006,0.131,0.062000000000000055,-0.06899999999999995,0.006597820042264502,0.18640217995773556,0.11011011011011013,0.06606606606606608,0.16216216216216217,0.2112112112112112,0.11911911911911911,0.22922922922922923,0.05105105105105105,0.011011011011011011,0.01001001001001001,0.03003003003003003
jev,conditional__seed_000047__repr_table__parallel_primitives,conditional__seed_000047,conditional,table,"(0.10,0.30]",0.2647058823529412,0.28500000000000003,0.414,0.36477777777777776,0.28600000000000003,0.17880794701986757,0.151,0.36477777776990006,0.02029411764705885,0.1492941176470588,0.10007189542483658,0.12899999999999995,0.12899999999999995,0.21499999999999997,0.08600000000000002,-0.12899999999999995,0.07977777777777773,0.04922222222222222,0.124,0.08399999999999999,0.157,0.22999999999999998,0.119,0.14300000000000002,0.071,0.025,0.02,0.027000000000000003
jev,conditional__seed_000048__repr_direct__parallel_primitives,conditional__seed_000048,conditional,direct,"(0.30,0.45]",0.35036496350364965,0.37,0.556,0.39499999999999996,0.354,0.17699115044247787,0.113,0.3949999999959,0.019635036496350344,0.2056350364963504,0.04463503649635031,0.18600000000000005,0.18600000000000005,0.13,0.05600000000000005,-0.07399999999999995,0.024999999999999967,0.1610000000000001,0.093,0.077,0.127,0.259,0.09,0.142,0.157,0.025,0.01,0.02
jev,conditional__seed_000048__repr_distractor__parallel_primitives,conditional__seed_000048,conditional,distractor,"(0.30,0.45]",0.35036496350364965,0.363,0.5860000000000001,0.40277777777777773,0.367,0.17164179104477612,0.134,0.4027777777742,0.012635036496350338,0.23563503649635043,0.05241281427412808,0.2230000000000001,0.2230000000000001,0.137,0.08600000000000008,-0.050999999999999934,0.039777777777777745,0.18322222222222234,0.11100000000000002,0.05600000000000001,0.125,0.252,0.089,0.125,0.175,0.027000000000000003,0.017,0.023
jev,conditional__seed_000048__repr_nested__parallel_primitives,conditional__seed_000048,conditional,nested,"(0.30,0.45]",0.35036496350364965,0.388,0.475,0.37266666666666665,0.28800000000000003,0.1485148514851485,0.10099999999999999,0.37266666665820003,0.03763503649635036,0.12463503649635033,0.022301703163016995,0.08699999999999997,0.08699999999999997,0.11199999999999999,0.025000000000000022,-0.08699999999999997,0.015333333333333365,0.10233333333333333,0.086,0.079,0.17099999999999999,0.257,0.119,0.13,0.11100000000000002,0.020999999999999998,0.011,0.015
jev,conditional__seed_000048__repr_prose__parallel_primitives,conditional__seed_000048,conditional,prose,"(0.30,0.45]",0.35036496350364965,0.458,0.6900000000000001,0.5007777777777778,0.576,0.40366972477064217,0.109,0.5007777777853,0.10763503649635037,0.3396350364963504,0.15041281427412811,0.23200000000000004,0.23200000000000004,0.04199999999999998,0.19000000000000006,0.14800000000000008,0.04277777777777775,0.1892222222222223,0.065,0.03,0.093,0.119,0.11699999999999999,0.223,0.236,0.045,0.027999999999999997,0.044
jev,conditional__seed_000048__repr_table__parallel_primitives,conditional__seed_000048,conditional,table,"(0.30,0.45]",0.35036496350364965,0.364,0.414,0.3721111111111111,0.29200000000000004,0.17543859649122806,0.114,0.3721111111031,0.013635036496350339,0.06363503649635033,0.021746147607461463,0.04999999999999999,0.04999999999999999,0.136,0.08600000000000002,-0.04999999999999999,0.008111111111111124,0.041888888888888864,0.094,0.09,0.142,0.264,0.118,0.14100000000000001,0.101,0.02,0.01,0.02
jev,conditional__seed_000049__repr_direct__parallel_primitives,conditional__seed_000049,conditional,direct,"(0.45,0.55]",0.49230769230769234,0.497,0.74,0.42066666666666663,0.371,0.14285714285714285,0.147,0.4206666666617,0.004692307692307662,0.24769230769230766,0.0716410256410257,0.243,0.243,0.0030000000000000027,0.24,0.237,0.07633333333333336,0.31933333333333336,0.126,0.037,0.078,0.185,0.203,0.126,0.178,0.028999999999999998,0.017,0.020999999999999998
jev,conditional__seed_000049__repr_distractor__parallel_primitives,conditional__seed_000049,conditional,distractor,"(0.45,0.55]",0.49230769230769234,0.489,0.778,0.44822222222222224,0.457,0.18571428571428575,0.13999999999999999,0.4482222222231,0.003307692307692345,0.2856923076923077,0.04408547008547009,0.28900000000000003,0.28900000000000003,0.01100000000000001,0.278,0.267,0.040777777777777746,0.3297777777777778,0.11399999999999999,0.041,0.084,0.177,0.127,0.122,0.24300000000000002,0.044,0.022,0.026000000000000002
jev,conditional__seed_000049__repr_nested__parallel_primitives,conditional__seed_000049,conditional,nested,"(0.45,0.55]",0.49230769230769234,0.533,0.787,0.4301111111111111,0.394,0.184,0.125,0.43011111110750005,0.040692307692307694,0.2946923076923077,0.062196581196581224,0.254,0.254,0.03300000000000003,0.28700000000000003,0.254,0.10288888888888892,0.3568888888888889,0.10200000000000001,0.05,0.08,0.22000000000000003,0.154,0.129,0.183,0.037,0.022,0.023
jev,conditional__seed_000049__repr_prose__parallel_primitives,conditional__seed_000049,conditional,prose,"(0.45,0.55]",0.49230769230769234,0.54,0.768,0.5564444444444444,0.619,0.48,0.1,0.5564444444507,0.0476923076923077,0.2756923076923077,0.06413675213675207,0.22799999999999998,0.22799999999999998,0.040000000000000036,0.268,0.22799999999999998,0.016444444444444373,0.2115555555555556,0.052000000000000005,0.012,0.041,0.094,0.182,0.14200000000000002,0.29,0.09,0.049,0.048
jev,conditional__seed_000049__repr_table__parallel_primitives,conditional__seed_000049,conditional,table,"(0.45,0.55]",0.49230769230769234,0.49399999999999994,0.6839999999999999,0.4666666666666667,0.428,0.3454545454545455,0.10999999999999999,0.4666666666628,0.0016923076923076041,0.1916923076923076,0.02564102564102566,0.19,0.19,0.006000000000000061,0.18399999999999994,0.17799999999999988,0.027333333333333265,0.21733333333333327,0.072,0.031,0.059,0.221,0.189,0.138,0.189,0.038,0.025,0.038
jev,conditional__seed_000050__repr_direct__parallel_primitives,conditional__seed_000050,conditional,direct,"(0.55,0.70]",0.6979166666666666,0.698,0.9369999999999999,0.5786666666666666,0.726,0.3089430894308943,0.123,0.5786666666814,8.333333333332416e-05,0.23908333333333331,0.11925000000000008,0.239,0.239,0.19799999999999995,0.43699999999999994,0.239,0.1193333333333334,0.3583333333333334,0.08499999999999999,0.02,0.054000000000000006,0.077,0.038,0.05700000000000001,0.39699999999999996,0.184,0.05,0.038
jev,conditional__seed_000050__repr_distractor__parallel_primitives,conditional__seed_000050,conditional,distractor,"(0.55,0.70]",0.6979166666666666,0.682,0.9269999999999999,0.5755555555555556,0.722,0.3223684210526315,0.15200000000000002,0.5755555555702,0.01591666666666658,0.2290833333333333,0.12236111111111103,0.24499999999999988,0.24499999999999988,0.18200000000000005,0.42699999999999994,0.24499999999999988,0.10644444444444445,0.35144444444444434,0.10300000000000001,0.02,0.053000000000000005,0.069,0.033,0.059,0.373,0.187,0.054000000000000006,0.049
jev,conditional__seed_000050__repr_nested__parallel_primitives,conditional__seed_000050,conditional,nested,"(0.55,0.70]",0.6979166666666666,0.713,0.9559999999999998,0.5938160382604828,0.7347347347347348,0.31578947368421056,0.13313313313313313,0.5938069584877173,0.015083333333333337,0.2580833333333332,0.10410062840618384,0.24299999999999988,0.24299999999999988,0.21299999999999997,0.45599999999999985,0.24299999999999988,0.11918396173951717,0.36218396173951706,0.09109109109109109,0.02002002002002002,0.042042042042042045,0.07207207207207209,0.04004004004004004,0.049049049049049054,0.33133133133133136,0.24624624624624625,0.06606606606606608,0.042042042042042045
jev,conditional__seed_000050__repr_prose__parallel_primitives,conditional__seed_000050,conditional,prose,"(0.55,0.70]",0.6979166666666666,0.719,0.944,0.7402222222222222,0.892,0.7006802721088435,0.14700000000000002,0.7402222222374,0.021083333333333343,0.24608333333333332,0.042305555555555596,0.22499999999999998,0.22499999999999998,0.21899999999999997,0.44399999999999995,0.22499999999999998,0.021222222222222253,0.20377777777777772,0.044,0.01,0.013000000000000001,0.026000000000000002,0.015,0.027000000000000003,0.126,0.418,0.21800000000000003,0.10300000000000001
jev,conditional__seed_000050__repr_table__parallel_primitives,conditional__seed_000050,conditional,table,"(0.55,0.70]",0.6979166666666666,0.686,0.9349999999999999,0.6091111111111112,0.766,0.3909774436090226,0.133,0.6091111111267999,0.011916666666666575,0.2370833333333333,0.08880555555555547,0.2489999999999999,0.2489999999999999,0.18600000000000005,0.43499999999999994,0.2489999999999999,0.0768888888888889,0.3258888888888888,0.081,0.018,0.043,0.063,0.028999999999999998,0.04,0.372,0.24300000000000002,0.059,0.052000000000000005
jev,conditional__seed_000051__repr_direct__parallel_primitives,conditional__seed_000051,conditional,direct,"(0.55,0.70]",0.5853658536585366,0.646,0.9200000000000002,0.5888888888888889,0.743,0.3571428571428572,0.11199999999999999,0.5888888889043,0.06063414634146347,0.3346341463414636,0.003523035230352356,0.27400000000000013,0.27400000000000013,0.14600000000000002,0.42000000000000015,0.27400000000000013,0.05711111111111111,0.33111111111111124,0.072,0.02,0.047,0.073,0.045,0.067,0.413,0.16999999999999998,0.053000000000000005,0.04
jev,conditional__seed_000051__repr_distractor__parallel_primitives,conditional__seed_000051,conditional,distractor,"(0.55,0.70]",0.5853658536585366,0.678,0.9120000000000001,0.5621111111111111,0.6829999999999999,0.31007751937984496,0.129,0.5621111111232,0.0926341463414635,0.3266341463414636,0.023254742547425433,0.2340000000000001,0.2340000000000001,0.17800000000000005,0.41200000000000014,0.2340000000000001,0.11588888888888893,0.349888888888889,0.089,0.027000000000000003,0.061,0.08499999999999999,0.05500000000000001,0.065,0.355,0.164,0.059,0.04
jev,conditional__seed_000051__repr_nested__parallel_primitives,conditional__seed_000051,conditional,nested,"(0.55,0.70]",0.5853658536585366,0.687,0.946,0.5924444444444444,0.728,0.38461538461538464,0.11699999999999999,0.5924444444579999,0.1016341463414635,0.3606341463414634,0.00707859078590789,0.2589999999999999,0.2589999999999999,0.18700000000000006,0.44599999999999995,0.2589999999999999,0.09455555555555561,0.3535555555555555,0.072,0.02,0.05,0.078,0.052000000000000005,0.067,0.351,0.196,0.069,0.045
jev,conditional__seed_000051__repr_prose__parallel_primitives,conditional__seed_000051,conditional,prose,"(0.55,0.70]",0.5853658536585366,0.669,0.922,0.6884444444444444,0.875,0.6475409836065574,0.122,0.6884444444630999,0.08363414634146349,0.3366341463414635,0.10307859078590786,0.253,0.253,0.16900000000000004,0.42200000000000004,0.253,0.019444444444444375,0.23355555555555563,0.043,0.01,0.020999999999999998,0.03,0.020999999999999998,0.05600000000000001,0.324,0.29300000000000004,0.123,0.079
jev,conditional__seed_000051__repr_table__parallel_primitives,conditional__seed_000051,conditional,table,"(0.55,0.70]",0.5853658536585366,0.629,0.9469999999999998,0.632,0.811,0.4491525423728814,0.11800000000000001,0.6320000000179,0.04363414634146345,0.3616341463414633,0.046634146341463456,0.31799999999999984,0.31799999999999984,0.129,0.44699999999999984,0.31799999999999984,0.0030000000000000027,0.31499999999999984,0.065,0.014000000000000002,0.03,0.051000000000000004,0.028999999999999998,0.049,0.403,0.24300000000000002,0.063,0.053000000000000005
jev,conditional__seed_000052__repr_direct__parallel_primitives,conditional__seed_000052,conditional,direct,"(0.10,0.30]",0.2857142857142857,0.333,0.629,0.31855555555555554,0.21200000000000002,0.12408759124087591,0.137,0.3185555555449,0.04728571428571432,0.3432857142857143,0.03284126984126984,0.296,0.296,0.16699999999999998,0.129,-0.03799999999999998,0.014444444444444482,0.31044444444444447,0.12,0.123,0.24300000000000002,0.20600000000000002,0.096,0.10700000000000001,0.057999999999999996,0.02,0.01,0.017
jev,conditional__seed_000052__repr_distractor__parallel_primitives,conditional__seed_000052,conditional,distractor,"(0.10,0.30]",0.2857142857142857,0.35,0.701,0.308,0.224,0.095,0.19999999999999998,0.3079999999916,0.06428571428571428,0.41528571428571426,0.022285714285714298,0.351,0.351,0.15000000000000002,0.20099999999999996,0.050999999999999934,0.04199999999999998,0.39299999999999996,0.181,0.10500000000000001,0.225,0.181,0.08399999999999999,0.10500000000000001,0.069,0.02,0.011,0.019
jev,conditional__seed_000052__repr_nested__parallel_primitives,conditional__seed_000052,conditional,nested,"(0.10,0.30]",0.2857142857142857,0.388,0.779,0.3681111111111111,0.316,0.13698630136986303,0.146,0.3681111111059,0.10228571428571431,0.4932857142857143,0.08239682539682541,0.391,0.391,0.11199999999999999,0.279,0.16700000000000004,0.0198888888888889,0.4108888888888889,0.126,0.086,0.174,0.21200000000000002,0.086,0.125,0.122,0.03,0.019,0.02
jev,conditional__seed_000052__repr_prose__parallel_primitives,conditional__seed_000052,conditional,prose,"(0.10,0.30]",0.2857142857142857,0.379,0.606,0.39222222222222225,0.373,0.24561403508771928,0.171,0.3922222222203,0.0932857142857143,0.3202857142857143,0.10650793650793655,0.22699999999999998,0.22699999999999998,0.121,0.10599999999999998,-0.015000000000000013,0.013222222222222246,0.21377777777777773,0.129,0.05600000000000001,0.133,0.189,0.12,0.24100000000000002,0.063,0.016,0.011,0.042
jev,conditional__seed_000052__repr_table__parallel_primitives,conditional__seed_000052,conditional,table,"(0.10,0.30]",0.2857142857142857,0.335,0.506,0.33555555555555555,0.247,0.17159763313609466,0.169,0.3355555555467,0.04928571428571432,0.2202857142857143,0.04984126984126985,0.17099999999999999,0.17099999999999999,0.16499999999999998,0.006000000000000005,-0.15899999999999997,0.0005555555555555314,0.17044444444444445,0.14,0.10900000000000001,0.202,0.21200000000000002,0.09,0.11599999999999999,0.063,0.02,0.019,0.028999999999999998
jev,conditional__seed_000053__repr_direct__parallel_primitives,conditional__seed_000053,conditional,direct,"(0.90,0.99]",0.967741935483871,0.8469999999999999,0.931,0.5606666666666666,0.65,0.38993710691823896,0.159,0.5606666666756,0.12074193548387113,0.03674193548387095,0.40707526881720435,0.08400000000000019,0.08400000000000019,0.34699999999999986,0.43100000000000005,0.08400000000000019,0.2863333333333332,0.3703333333333334,0.097,0.037,0.08399999999999999,0.08399999999999999,0.048,0.06,0.24,0.205,0.083,0.062
jev,conditional__seed_000053__repr_distractor__parallel_primitives,conditional__seed_000053,conditional,distractor,"(0.90,0.99]",0.967741935483871,0.829,0.9359999999999999,0.5936666666666667,0.6930000000000001,0.4161849710982659,0.17300000000000001,0.5936666666766001,0.13874193548387104,0.03174193548387105,0.3740752688172043,0.10699999999999998,0.10699999999999998,0.32899999999999996,0.43599999999999994,0.10699999999999998,0.23533333333333328,0.34233333333333327,0.101,0.037,0.065,0.065,0.039,0.043,0.199,0.264,0.11499999999999999,0.07200000000000001
jev,conditional__seed_000053__repr_nested__parallel_primitives,conditional__seed_000053,conditional,nested,"(0.90,0.99]",0.967741935483871,0.907,0.962,0.6734444444444444,0.78,0.5090909090909091,0.16499999999999998,0.6734444444551,0.06074193548387097,0.00574193548387103,0.2942974910394266,0.05499999999999994,0.05499999999999994,0.40700000000000003,0.46199999999999997,0.05499999999999994,0.23355555555555563,0.28855555555555557,0.081,0.020999999999999998,0.036,0.049,0.033,0.037,0.10400000000000001,0.316,0.23900000000000002,0.08399999999999999
jev,conditional__seed_000053__repr_prose__parallel_primitives,conditional__seed_000053,conditional,prose,"(0.90,0.99]",0.967741935483871,0.8480000000000001,0.958,0.8345011678345012,0.908908908908909,0.8780487804878049,0.3283283283283283,0.8344960718368475,0.11974193548387091,0.009741935483871034,0.13324076764936976,0.10999999999999988,0.10999999999999988,0.3480000000000001,0.45799999999999996,0.10999999999999988,0.013498832165498853,0.12349883216549873,0.04004004004004004,0.01001001001001001,0.011011011011011011,0.016016016016016016,0.014014014014014016,0.015015015015015015,0.02102102102102102,0.09809809809809811,0.4864864864864865,0.2882882882882883
jev,conditional__seed_000053__repr_table__parallel_primitives,conditional__seed_000053,conditional,table,"(0.90,0.99]",0.967741935483871,0.869,0.951,0.6593333333333333,0.771,0.5491329479768786,0.173,0.6593333333445,0.098741935483871,0.01674193548387104,0.30840860215053767,0.08199999999999996,0.08199999999999996,0.369,0.45099999999999996,0.08199999999999996,0.20966666666666667,0.29166666666666663,0.078,0.024,0.045,0.052000000000000005,0.03,0.032,0.14900000000000002,0.325,0.16999999999999998,0.095
jev,conditional__seed_000054__repr_direct__parallel_primitives,conditional__seed_000054,conditional,direct,"(0.70,0.90]",0.8333333333333334,0.767,0.9570000000000001,0.6301111111111111,0.764,0.36923076923076925,0.13,0.6301111111244999,0.06633333333333336,0.1236666666666667,0.2032222222222223,0.19000000000000006,0.19000000000000006,0.267,0.4570000000000001,0.19000000000000006,0.13688888888888895,0.326888888888889,0.082,0.022,0.044,0.057999999999999996,0.03,0.034999999999999996,0.221,0.346,0.11400000000000002,0.048
jev,conditional__seed_000054__repr_distractor__parallel_primitives,conditional__seed_000054,conditional,distractor,"(0.70,0.90]",0.8333333333333334,0.777,0.952,0.6567777777777778,0.777,0.4684210526315789,0.19,0.6567777777898,0.056333333333333346,0.11866666666666659,0.17655555555555558,0.17499999999999993,0.17499999999999993,0.277,0.45199999999999996,0.17499999999999993,0.12022222222222223,0.29522222222222216,0.101,0.02,0.032,0.041,0.028999999999999998,0.03,0.139,0.34900000000000003,0.16999999999999998,0.089
jev,conditional__seed_000054__repr_nested__parallel_primitives,conditional__seed_000054,conditional,nested,"(0.70,0.90]",0.8333333333333334,0.782,0.959,0.6322222222222222,0.753,0.3805970149253731,0.134,0.6322222222343,0.05133333333333334,0.1256666666666666,0.20111111111111113,0.17699999999999994,0.17699999999999994,0.28200000000000003,0.45899999999999996,0.17699999999999994,0.1497777777777778,0.3267777777777777,0.083,0.025,0.042,0.062,0.034999999999999996,0.039,0.17099999999999999,0.361,0.131,0.051000000000000004
jev,conditional__seed_000054__repr_prose__parallel_primitives,conditional__seed_000054,conditional,prose,"(0.70,0.90]",0.8333333333333334,0.796,0.9549999999999998,0.7964444444444445,0.899,0.825531914893617,0.23500000000000001,0.7964444444547001,0.03733333333333333,0.12166666666666648,0.03688888888888886,0.1589999999999998,0.1589999999999998,0.29600000000000004,0.45499999999999985,0.1589999999999998,0.0004444444444444695,0.15855555555555534,0.041,0.01,0.01,0.020999999999999998,0.019,0.017,0.039,0.258,0.391,0.194
jev,conditional__seed_000054__repr_table__parallel_primitives,conditional__seed_000054,conditional,table,"(0.70,0.90]",0.8333333333333334,0.759,0.9559999999999998,0.662,0.796,0.47333333333333333,0.15000000000000002,0.6620000000134001,0.07433333333333336,0.12266666666666648,0.17133333333333334,0.19699999999999984,0.19699999999999984,0.259,0.45599999999999985,0.19699999999999984,0.09699999999999998,0.2939999999999998,0.079,0.020999999999999998,0.036,0.045,0.023,0.027999999999999997,0.164,0.389,0.144,0.07100000000000001
jev,conditional__seed_000055__repr_direct__parallel_primitives,conditional__seed_000055,conditional,direct,"(0.70,0.90]",0.7551020408163265,0.715,0.892,0.527,0.624,0.28448275862068967,0.116,0.5270000000097,0.04010204081632651,0.13689795918367353,0.22810204081632646,0.17700000000000005,0.17700000000000005,0.21499999999999997,0.392,0.17700000000000005,0.18799999999999994,0.365,0.083,0.033,0.083,0.122,0.05500000000000001,0.08399999999999999,0.34900000000000003,0.11699999999999999,0.041,0.033
jev,conditional__seed_000055__repr_distractor__parallel_primitives,conditional__seed_000055,conditional,distractor,"(0.70,0.90]",0.7551020408163265,0.716,0.9179999999999999,0.5354444444444444,0.626,0.31496062992125984,0.127,0.5354444444535,0.03910204081632651,0.16289795918367345,0.2196575963718821,0.20199999999999996,0.20199999999999996,0.21599999999999997,0.4179999999999999,0.20199999999999996,0.18055555555555558,0.38255555555555554,0.087,0.037,0.08499999999999999,0.11400000000000002,0.051000000000000004,0.071,0.303,0.16299999999999998,0.049,0.04
jev,conditional__seed_000055__repr_nested__parallel_primitives,conditional__seed_000055,conditional,nested,"(0.70,0.90]",0.7551020408163265,0.763,0.954,0.561450339228117,0.6606606606606608,0.34426229508196715,0.12212212212212215,0.5614489337921879,0.00789795918367353,0.19889795918367348,0.19365170158820944,0.19099999999999995,0.19099999999999995,0.263,0.45399999999999996,0.19099999999999995,0.20154966077188297,0.3925496607718829,0.0800800800800801,0.029029029029029027,0.06706706706706708,0.10910910910910912,0.054054054054054064,0.07507507507507508,0.2812812812812813,0.1931931931931932,0.06906906906906908,0.042042042042042045
jev,conditional__seed_000055__repr_prose__parallel_primitives,conditional__seed_000055,conditional,prose,"(0.70,0.90]",0.7551020408163265,0.75,0.933,0.748,0.882,0.727810650887574,0.16899999999999998,0.7480000000134,0.005102040816326481,0.17789795918367357,0.0071020408163264825,0.18300000000000005,0.18300000000000005,0.25,0.43300000000000005,0.18300000000000005,0.0020000000000000018,0.18500000000000005,0.046,0.01,0.015,0.027000000000000003,0.02,0.03,0.094,0.37,0.265,0.123
jev,conditional__seed_000055__repr_table__parallel_primitives,conditional__seed_000055,conditional,table,"(0.70,0.90]",0.7551020408163265,0.708,0.9280000000000002,0.5982222222222222,0.746,0.41904761904761906,0.105,0.598222222237,0.04710204081632652,0.17289795918367368,0.15687981859410427,0.2200000000000002,0.2200000000000002,0.20799999999999996,0.42800000000000016,0.2200000000000002,0.10977777777777775,0.32977777777777795,0.061,0.022,0.052000000000000005,0.081,0.038,0.054000000000000006,0.389,0.209,0.05,0.044
jev,conditional__seed_000056__repr_direct__parallel_primitives,conditional__seed_000056,conditional,direct,"(0.55,0.70]",0.6853932584269663,0.682,0.922,0.5356666666666667,0.653,0.2615384615384615,0.13,0.5356666666784,0.0033932584269662502,0.23660674157303374,0.14972659176029957,0.24,0.24,0.18200000000000005,0.42200000000000004,0.24,0.14633333333333332,0.3863333333333333,0.096,0.024,0.077,0.099,0.051000000000000004,0.075,0.39,0.11100000000000002,0.043,0.033999999999999996
jev,conditional__seed_000056__repr_distractor__parallel_primitives,conditional__seed_000056,conditional,distractor,"(0.55,0.70]",0.6853932584269663,0.668,0.8960000000000001,0.5214444444444444,0.622,0.24817518248175177,0.137,0.5214444444545,0.017393258426966263,0.21060674157303383,0.16394881398252192,0.2280000000000001,0.2280000000000001,0.16800000000000004,0.39600000000000013,0.2280000000000001,0.14655555555555566,0.37455555555555575,0.10300000000000001,0.03,0.07200000000000001,0.10800000000000001,0.065,0.078,0.37,0.101,0.039,0.033999999999999996
jev,conditional__seed_000056__repr_nested__parallel_primitives,conditional__seed_000056,conditional,nested,"(0.55,0.70]",0.6853932584269663,0.707,0.9490000000000001,0.5434444444444444,0.646,0.30081300813008127,0.123,0.5434444444547,0.02160674157303366,0.26360674157303376,0.1419488139825219,0.2420000000000001,0.2420000000000001,0.20699999999999996,0.44900000000000007,0.2420000000000001,0.16355555555555557,0.40555555555555567,0.086,0.03,0.07100000000000001,0.10300000000000001,0.064,0.078,0.337,0.143,0.051000000000000004,0.037
jev,conditional__seed_000056__repr_prose__parallel_primitives,conditional__seed_000056,conditional,prose,"(0.55,0.70]",0.6853932584269663,0.693,0.901,0.7114444444444444,0.879,0.6538461538461537,0.13,0.7114444444612,0.0076067415730336485,0.21560674157303372,0.026051186017478134,0.20800000000000007,0.20800000000000007,0.19299999999999995,0.401,0.20800000000000007,0.018444444444444485,0.1895555555555556,0.045,0.01,0.017,0.028999999999999998,0.02,0.043,0.20600000000000002,0.384,0.161,0.08499999999999999
jev,conditional__seed_000056__repr_table__parallel_primitives,conditional__seed_000056,conditional,table,"(0.55,0.70]",0.6853932584269663,0.683,0.9349999999999999,0.5977777777777777,0.744,0.40944881889763785,0.127,0.5977777777923999,0.0023932584269662494,0.24960674157303364,0.08761548064918856,0.2519999999999999,0.2519999999999999,0.18300000000000005,0.43499999999999994,0.2519999999999999,0.08522222222222231,0.3372222222222222,0.075,0.02,0.054000000000000006,0.07200000000000001,0.034999999999999996,0.049,0.377,0.207,0.059,0.052000000000000005
jev,conditional__seed_000057__repr_direct__parallel_primitives,conditional__seed_000057,conditional,direct,"(0.70,0.90]",0.845360824742268,0.786,0.954,0.6359999999999999,0.758,0.3716216216216216,0.14800000000000002,0.6360000000121999,0.059360824742268004,0.10863917525773192,0.20936082474226814,0.16799999999999993,0.16799999999999993,0.28600000000000003,0.45399999999999996,0.16799999999999993,0.15000000000000013,0.31800000000000006,0.093,0.025,0.039,0.05500000000000001,0.03,0.033999999999999996,0.16499999999999998,0.351,0.153,0.05500000000000001
jev,conditional__seed_000057__repr_distractor__parallel_primitives,conditional__seed_000057,conditional,distractor,"(0.70,0.90]",0.845360824742268,0.795,0.943,0.6211767322878434,0.7317317317317318,0.36756756756756764,0.18518518518518517,0.6211627385071272,0.050360824742267996,0.09763917525773191,0.2241840924544246,0.1479999999999999,0.1479999999999999,0.29500000000000004,0.44299999999999995,0.1479999999999999,0.17382326771215661,0.3218232677121565,0.11711711711711711,0.02702702702702703,0.041041041041041046,0.05205205205205206,0.031031031031031032,0.037037037037037035,0.15715715715715717,0.29529529529529536,0.17417417417417416,0.06806806806806807
jev,conditional__seed_000057__repr_nested__parallel_primitives,conditional__seed_000057,conditional,nested,"(0.70,0.90]",0.845360824742268,0.799,0.9629999999999999,0.640888888888889,0.7430000000000001,0.39751552795031053,0.161,0.6408888888991,0.04636082474226799,0.11763917525773182,0.20447193585337908,0.1639999999999998,0.1639999999999998,0.29900000000000004,0.46299999999999986,0.1639999999999998,0.1581111111111111,0.3221111111111109,0.097,0.028999999999999998,0.045,0.05500000000000001,0.031,0.033,0.10700000000000001,0.335,0.20400000000000001,0.064
jev,conditional__seed_000057__repr_prose__parallel_primitives,conditional__seed_000057,conditional,prose,"(0.70,0.90]",0.845360824742268,0.787,0.9469999999999998,0.7903333333333333,0.906,0.7784090909090909,0.17600000000000002,0.7903333333449,0.058360824742268,0.1016391752577318,0.0550274914089347,0.1599999999999998,0.1599999999999998,0.28700000000000003,0.44699999999999984,0.1599999999999998,0.0033333333333332993,0.1566666666666665,0.039,0.01,0.01,0.02,0.015,0.02,0.037,0.288,0.42400000000000004,0.137
jev,conditional__seed_000057__repr_table__parallel_primitives,conditional__seed_000057,conditional,table,"(0.70,0.90]",0.845360824742268,0.782,0.952,0.6586666666666666,0.781,0.4654088050314466,0.15899999999999997,0.6586666666789001,0.06336082474226801,0.10663917525773192,0.1866941580756014,0.16999999999999993,0.16999999999999993,0.28200000000000003,0.45199999999999996,0.16999999999999993,0.1233333333333334,0.29333333333333333,0.08499999999999999,0.020999999999999998,0.041,0.047,0.025,0.03,0.14400000000000002,0.36,0.173,0.074
jev,conditional__seed_000058__repr_direct__parallel_primitives,conditional__seed_000058,conditional,direct,"(0.70,0.90]",0.8518518518518519,0.777,0.952,0.6283333333333333,0.765,0.3597122302158273,0.139,0.628333333347,0.07485185185185184,0.1001481481481481,0.22351851851851856,0.17499999999999993,0.17499999999999993,0.277,0.45199999999999996,0.17499999999999993,0.14866666666666672,0.32366666666666666,0.089,0.02,0.042,0.054000000000000006,0.03,0.034999999999999996,0.231,0.33399999999999996,0.11499999999999999,0.05
jev,conditional__seed_000058__repr_distractor__parallel_primitives,conditional__seed_000058,conditional,distractor,"(0.70,0.90]",0.8518518518518519,0.764,0.9469999999999998,0.6136666666666667,0.7420000000000001,0.35795454545454547,0.176,0.6136666666795,0.08785185185185185,0.09514814814814798,0.23818518518518517,0.18299999999999983,0.18299999999999983,0.264,0.44699999999999984,0.18299999999999983,0.15033333333333332,0.33333333333333315,0.11299999999999999,0.02,0.042,0.054000000000000006,0.028999999999999998,0.033,0.23200000000000004,0.29500000000000004,0.119,0.063
jev,conditional__seed_000058__repr_nested__parallel_primitives,conditional__seed_000058,conditional,nested,"(0.70,0.90]",0.8518518518518519,0.8009999999999999,0.958,0.6305555555555555,0.748,0.38461538461538464,0.14300000000000002,0.6305555555673,0.050851851851851926,0.1061481481481481,0.22129629629629632,0.15700000000000003,0.15700000000000003,0.30099999999999993,0.45799999999999996,0.15700000000000003,0.1704444444444444,0.3274444444444444,0.088,0.02,0.041,0.065,0.038,0.039,0.178,0.33999999999999997,0.136,0.05500000000000001
jev,conditional__seed_000058__repr_prose__parallel_primitives,conditional__seed_000058,conditional,prose,"(0.70,0.90]",0.8518518518518519,0.8030000000000002,0.9559999999999998,0.788,0.8980000000000001,0.7814207650273224,0.18300000000000002,0.788000000011,0.0488518518518517,0.10414814814814799,0.06385185185185183,0.1529999999999997,0.1529999999999997,0.30300000000000016,0.45599999999999985,0.1529999999999997,0.015000000000000124,0.16799999999999982,0.04,0.01,0.012,0.020999999999999998,0.019,0.02,0.041,0.266,0.42800000000000005,0.14300000000000002
jev,conditional__seed_000058__repr_table__parallel_primitives,conditional__seed_000058,conditional,table,"(0.70,0.90]",0.8518518518518519,0.759,0.951,0.6543333333333333,0.7799999999999999,0.47133757961783446,0.15699999999999997,0.6543333333458999,0.09285185185185185,0.0991481481481481,0.19751851851851854,0.19199999999999995,0.19199999999999995,0.259,0.45099999999999996,0.19199999999999995,0.10466666666666669,0.29666666666666663,0.08299999999999999,0.02,0.037,0.051000000000000004,0.028999999999999998,0.03,0.16699999999999998,0.364,0.145,0.074
jev,conditional__seed_000059__repr_direct__parallel_primitives,conditional__seed_000059,conditional,direct,"(0.55,0.70]",0.5652173913043478,0.604,0.917,0.5503333333333333,0.6980000000000001,0.27272727272727276,0.121,0.5503333333481,0.0387826086956522,0.35178260869565225,0.014884057971014442,0.31300000000000006,0.31300000000000006,0.10399999999999998,0.41700000000000004,0.31300000000000006,0.05366666666666664,0.3666666666666667,0.088,0.03,0.063,0.083,0.038,0.096,0.404,0.125,0.04,0.033
jev,conditional__seed_000059__repr_distractor__parallel_primitives,conditional__seed_000059,conditional,distractor,"(0.55,0.70]",0.5652173913043478,0.633,0.9099999999999999,0.5461111111111111,0.6849999999999999,0.27205882352941174,0.136,0.546111111125,0.06778260869565222,0.34478260869565214,0.01910628019323668,0.2769999999999999,0.2769999999999999,0.133,0.4099999999999999,0.2769999999999999,0.0868888888888889,0.3638888888888888,0.099,0.033999999999999996,0.06999999999999999,0.075,0.037,0.08499999999999999,0.376,0.142,0.045,0.037
jev,conditional__seed_000059__repr_nested__parallel_primitives,conditional__seed_000059,conditional,nested,"(0.55,0.70]",0.5652173913043478,0.628,0.946,0.5564444444444444,0.6859999999999999,0.30434782608695654,0.11499999999999999,0.5564444444573999,0.06278260869565222,0.38078260869565217,0.008772946859903374,0.31799999999999995,0.31799999999999995,0.128,0.44599999999999995,0.31799999999999995,0.0715555555555556,0.38955555555555554,0.08,0.032,0.063,0.096,0.043,0.078,0.371,0.157,0.045,0.034999999999999996
jev,conditional__seed_000059__repr_prose__parallel_primitives,conditional__seed_000059,conditional,prose,"(0.55,0.70]",0.5652173913043478,0.645,0.883,0.6591111111111111,0.8480000000000001,0.6356589147286822,0.129,0.65911111113,0.07978260869565224,0.3177826086956522,0.09389371980676331,0.238,0.238,0.14500000000000002,0.383,0.238,0.014111111111111074,0.22388888888888892,0.047,0.012,0.027000000000000003,0.04,0.026000000000000002,0.062,0.41900000000000004,0.2,0.08499999999999999,0.082
jev,conditional__seed_000059__repr_table__parallel_primitives,conditional__seed_000059,conditional,table,"(0.55,0.70]",0.5652173913043478,0.594,0.9040000000000001,0.5706666666666667,0.731,0.38260869565217387,0.11500000000000002,0.5706666666827,0.02878260869565219,0.33878260869565235,0.005449275362318873,0.31000000000000016,0.31000000000000016,0.09399999999999997,0.40400000000000014,0.31000000000000016,0.023333333333333317,0.3333333333333335,0.07100000000000001,0.029,0.059000000000000004,0.07700000000000001,0.03300000000000001,0.08600000000000001,0.447,0.114,0.04000000000000001,0.044000000000000004
jev,conditional__seed_000060__repr_direct__parallel_primitives,conditional__seed_000060,conditional,direct,"(0.55,0.70]",0.6290322580645161,0.659,0.932,0.5705555555555555,0.706,0.32835820895522383,0.134,0.5705555555691,0.029967741935483905,0.3029677419354839,0.05847670250896064,0.273,0.273,0.15900000000000003,0.43200000000000005,0.273,0.08844444444444455,0.36144444444444457,0.09,0.027999999999999997,0.059,0.082,0.034999999999999996,0.051000000000000004,0.377,0.182,0.052000000000000005,0.044
jev,conditional__seed_000060__repr_distractor__parallel_primitives,conditional__seed_000060,conditional,distractor,"(0.55,0.70]",0.6290322580645161,0.668,0.93,0.5881111111111111,0.7290000000000001,0.37037037037037035,0.162,0.5881111111252,0.03896774193548391,0.3009677419354839,0.040921146953404985,0.262,0.262,0.16800000000000004,0.43000000000000005,0.262,0.0798888888888889,0.3418888888888889,0.10200000000000001,0.023,0.051000000000000004,0.062,0.033,0.042,0.35300000000000004,0.21000000000000002,0.064,0.06
jev,conditional__seed_000060__repr_nested__parallel_primitives,conditional__seed_000060,conditional,nested,"(0.55,0.70]",0.6290322580645161,0.673,0.9490000000000001,0.5626666666666666,0.673,0.33333333333333337,0.123,0.5626666666777,0.04396774193548392,0.31996774193548394,0.06636559139784948,0.276,0.276,0.17300000000000004,0.44900000000000007,0.276,0.1103333333333334,0.3863333333333334,0.082,0.031,0.068,0.1,0.046,0.057999999999999996,0.325,0.188,0.061,0.041
jev,conditional__seed_000060__repr_prose__parallel_primitives,conditional__seed_000060,conditional,prose,"(0.55,0.70]",0.6290322580645161,0.688,0.923,0.7004444444444444,0.8640000000000001,0.6907894736842105,0.15200000000000002,0.7004444444608,0.05896774193548382,0.2939677419354839,0.0714121863799283,0.2350000000000001,0.2350000000000001,0.18799999999999994,0.42300000000000004,0.2350000000000001,0.01244444444444448,0.22255555555555562,0.047,0.012,0.019,0.033999999999999996,0.024,0.046,0.24700000000000003,0.329,0.137,0.10500000000000001
jev,conditional__seed_000060__repr_table__parallel_primitives,conditional__seed_000060,conditional,table,"(0.55,0.70]",0.6290322580645161,0.648,0.9200000000000002,0.5818040262484706,0.7247247247247247,0.4316546762589928,0.13913913913913914,0.5818193041669304,0.018967741935483895,0.290967741935484,0.04722823181604552,0.27200000000000013,0.27200000000000013,0.14800000000000002,0.42000000000000015,0.27200000000000013,0.06619597375152941,0.33819597375152954,0.07907907907907907,0.028028028028028024,0.058058058058058054,0.07807807807807808,0.03203203203203203,0.05205205205205206,0.4104104104104104,0.15115115115115116,0.05105105105105105,0.06006006006006006
jev,conditional__seed_000061__repr_direct__parallel_primitives,conditional__seed_000061,conditional,direct,"(0.45,0.55]",0.46078431372549017,0.461,0.762,0.42188888888888887,0.409,0.16541353383458646,0.133,0.4218888888876,0.000215686274509852,0.30121568627450984,0.0388954248366013,0.301,0.301,0.03899999999999998,0.262,0.22300000000000003,0.03911111111111115,0.34011111111111114,0.11100000000000002,0.05600000000000001,0.096,0.188,0.14,0.155,0.187,0.03,0.015,0.022
jev,conditional__seed_000061__repr_distractor__parallel_primitives,conditional__seed_000061,conditional,distractor,"(0.45,0.55]",0.46078431372549017,0.46699999999999997,0.782,0.4122222222222222,0.404,0.15151515151515155,0.16499999999999998,0.4122222222214,0.006215686274509802,0.32121568627450986,0.04856209150326796,0.31500000000000006,0.31500000000000006,0.03300000000000003,0.28200000000000003,0.249,0.05477777777777776,0.3697777777777778,0.13999999999999999,0.054000000000000006,0.11000000000000001,0.189,0.10300000000000001,0.12,0.202,0.036,0.020999999999999998,0.025
jev,conditional__seed_000061__repr_nested__parallel_primitives,conditional__seed_000061,conditional,nested,"(0.45,0.55]",0.46078431372549017,0.479,0.702,0.4501111111111111,0.455,0.20610687022900764,0.131,0.45011111111159996,0.018215686274509812,0.2412156862745098,0.010673202614379096,0.22299999999999998,0.22299999999999998,0.02100000000000002,0.20199999999999996,0.18099999999999994,0.02888888888888891,0.2518888888888889,0.10400000000000001,0.039,0.08299999999999999,0.197,0.122,0.138,0.221,0.044,0.025,0.027000000000000003
jev,conditional__seed_000061__repr_prose__parallel_primitives,conditional__seed_000061,conditional,prose,"(0.45,0.55]",0.46078431372549017,0.51,0.73,0.4963333333333333,0.514,0.42276422764227645,0.123,0.49633333333510005,0.04921568627450984,0.2692156862745098,0.035549019607843124,0.21999999999999997,0.21999999999999997,0.010000000000000009,0.22999999999999998,0.21999999999999997,0.013666666666666716,0.2336666666666667,0.071,0.028999999999999998,0.076,0.144,0.16599999999999998,0.173,0.2,0.05500000000000001,0.033999999999999996,0.052000000000000005
jev,conditional__seed_000061__repr_table__parallel_primitives,conditional__seed_000061,conditional,table,"(0.45,0.55]",0.46078431372549017,0.45,0.5780000000000001,0.43566666666666665,0.40599999999999997,0.23423423423423428,0.11099999999999999,0.4356666666637,0.010784313725490158,0.1172156862745099,0.025117647058823522,0.12800000000000006,0.12800000000000006,0.04999999999999999,0.07800000000000007,0.02800000000000008,0.014333333333333365,0.14233333333333342,0.08499999999999999,0.046,0.078,0.22000000000000003,0.165,0.174,0.162,0.028999999999999998,0.015,0.026000000000000002
jev,explicit_probability__seed_000042__repr_direct__parallel_primitives,explicit_probability__seed_000042,explicit_probability,direct,0,0.0,0.02,0.0,0.0,0.0,0.0,1.0,0.0,0.02,0.0,0.0,-0.02,0.02,0.48,0.5,0.020000000000000018,0.02,0.0,1.0,0.0,0.0,0.0,0.0,0.0,0.0,0.0,0.0,0.0
jev,explicit_probability__seed_000042__repr_distractor__parallel_primitives,explicit_probability__seed_000042,explicit_probability,distractor,0,0.0,0.019,0.0,0.0,0.0,0.0,1.0,0.0,0.019,0.0,0.0,-0.019,0.019,0.481,0.5,0.019000000000000017,0.019,0.0,1.0,0.0,0.0,0.0,0.0,0.0,0.0,0.0,0.0,0.0
jev,explicit_probability__seed_000042__repr_prose__parallel_primitives,explicit_probability__seed_000042,explicit_probability,prose,0,0.0,0.013000000000000001,0.0,0.0,0.0,0.0,1.0,0.0,0.013000000000000001,0.0,0.0,-0.013000000000000001,0.013000000000000001,0.487,0.5,0.013000000000000012,0.013000000000000001,0.0,1.0,0.0,0.0,0.0,0.0,0.0,0.0,0.0,0.0,0.0
jev,explicit_probability__seed_000042__repr_ratio__parallel_primitives,explicit_probability__seed_000042,explicit_probability,ratio,0,0.0,0.092,0.014000000000000002,0.006798172294661763,0.0,0.0,0.9448345035105316,0.006801346800666667,0.092,0.014000000000000002,0.006798172294661763,-0.078,0.078,0.40800000000000003,0.486,0.07799999999999996,0.08520182770533824,0.007201827705338239,0.9448345035105316,0.04914744232698094,0.006018054162487463,0.0,0.0,0.0,0.0,0.0,0.0,0.0
jev,explicit_probability__seed_000043__repr_direct__parallel_primitives,explicit_probability__seed_000043,explicit_probability,direct,"[0.01,0.10]",0.052631578947,0.136,0.513,0.18796574352129908,0.07607607607607608,0.10526315789473685,0.09509509509509509,0.187967452289597,0.08336842105300002,0.460368421053,0.1353341645742991,0.377,0.377,0.364,0.013000000000000012,-0.351,0.05196574352129907,0.32503425647870093,0.08508508508508508,0.5615615615615616,0.18418418418418417,0.031031031031031032,0.062062062062062065,0.06606606606606608,0.0,0.0,0.0,0.01001001001001001
jev,explicit_probability__seed_000043__repr_distractor__parallel_primitives,explicit_probability__seed_000043,explicit_probability,distractor,"[0.01,0.10]",0.052631578947,0.11000000000000001,0.434,0.1889334224003563,0.08016032064128258,0.10309278350515465,0.09719438877755511,0.18892143657722626,0.05736842105300002,0.381368421053,0.1363018434533563,0.32399999999999995,0.32399999999999995,0.39,0.066,-0.324,0.07893342240035628,0.2450665775996437,0.0871743486973948,0.5521042084168337,0.19238476953907818,0.030060120240480964,0.058116232464929876,0.07014028056112226,0.0,0.0,0.0,0.010020040080160322
jev,explicit_probability__seed_000043__repr_prose__parallel_primitives,explicit_probability__seed_000043,explicit_probability,prose,"[0.01,0.10]",0.052631578947,0.15,0.422,0.20031142253364476,0.07907907907907909,0.10843373493975904,0.08308308308308308,0.20030864196318587,0.097368421053,0.369368421053,0.14767984358664477,0.272,0.272,0.35,0.07800000000000001,-0.27199999999999996,0.05031142253364476,0.22168857746635523,0.07407407407407407,0.5275275275275275,0.2012012012012012,0.031031031031031032,0.08708708708708708,0.07007007007007007,0.0,0.0,0.0,0.009009009009009009
jev,explicit_probability__seed_000043__repr_ratio__parallel_primitives,explicit_probability__seed_000043,explicit_probability,ratio,"[0.01,0.10]",0.052631578947,0.07300000000000001,0.033999999999999996,0.11278111779113784,0.0,0.0,0.09218436873747496,0.11277890010095556,0.020368421053000012,0.018631578947000002,0.06014953884413784,-0.039000000000000014,0.039000000000000014,0.427,0.466,0.039000000000000035,0.03978111779113783,0.07878111779113783,0.09218436873747496,0.8176352705410822,0.07815631262525051,0.007014028056112225,0.005010020040080161,0.0,0.0,0.0,0.0,0.0
jev,explicit_probability__seed_000044__repr_direct__parallel_primitives,explicit_probability__seed_000044,explicit_probability,direct,"(0.10,0.30]",0.105263157895,0.173,0.58,0.20531642753864976,0.06406406406406408,0.1216216216216216,0.07407407407407408,0.20530415262336063,0.06773684210499999,0.47473684210499995,0.10005326964364976,0.407,0.407,0.327,0.07999999999999996,-0.24700000000000005,0.03231642753864977,0.3746835724613502,0.06506506506506507,0.43743743743743746,0.3063063063063063,0.06706706706706707,0.06006006006006006,0.05505505505505506,0.0,0.0,0.0,0.009009009009009009
jev,explicit_probability__seed_000044__repr_distractor__parallel_primitives,explicit_probability__seed_000044,explicit_probability,distractor,"(0.10,0.30]",0.105263157895,0.162,0.562,0.232,0.08600000000000001,0.12987012987012989,0.07700000000000001,0.23199999998540002,0.056736842105000004,0.45673684210500004,0.12673684210500002,0.4,0.4,0.33799999999999997,0.062000000000000055,-0.2759999999999999,0.07,0.33000000000000007,0.06700000000000002,0.334,0.35100000000000003,0.084,0.07800000000000001,0.07,0.0,0.0,0.006000000000000001,0.010000000000000002
jev,explicit_probability__seed_000044__repr_prose__parallel_primitives,explicit_probability__seed_000044,explicit_probability,prose,"(0.10,0.30]",0.105263157895,0.20600000000000002,0.541,0.22644444444444442,0.073,0.06060606060606061,0.066,0.2264444444291,0.10073684210500002,0.435736842105,0.12118128654944442,0.335,0.335,0.294,0.041000000000000036,-0.25299999999999995,0.020444444444444404,0.3145555555555556,0.062,0.352,0.331,0.08499999999999999,0.097,0.06899999999999999,0.0,0.0,0.0,0.004
jev,explicit_probability__seed_000044__repr_ratio__parallel_primitives,explicit_probability__seed_000044,explicit_probability,ratio,"(0.10,0.30]",0.105263157895,0.14300000000000002,0.093,0.15693471249026802,0.0,0.0,0.03503503503503503,0.1569371492547889,0.037736842105000015,0.012263157895000001,0.051671554595268024,-0.05000000000000002,0.05000000000000002,0.357,0.40700000000000003,0.050000000000000044,0.013934712490268009,0.06393471249026803,0.03503503503503503,0.5765765765765766,0.33933933933933935,0.03903903903903904,0.01001001001001001,0.0,0.0,0.0,0.0,0.0
jev,explicit_probability__seed_000045__repr_direct__parallel_primitives,explicit_probability__seed_000045,explicit_probability,direct,"(0.10,0.30]",0.157894736842,0.21600000000000003,0.63,0.22433544655766877,0.06906906906906907,0.1343283582089552,0.06706706706706708,0.22434118965899597,0.05810526315800002,0.472105263158,0.06644070971566876,0.414,0.414,0.284,0.13,-0.15399999999999997,0.008335446557668741,0.4056645534423312,0.05805805805805807,0.33233233233233234,0.38238238238238237,0.09209209209209208,0.06606606606606608,0.06006006006006006,0.0,0.0,0.0,0.009009009009009009
jev,explicit_probability__seed_000045__repr_distractor__parallel_primitives,explicit_probability__seed_000045,explicit_probability,distractor,"(0.10,0.30]",0.157894736842,0.198,0.5860000000000001,0.2392222222222222,0.06999999999999999,0.12987012987012989,0.077,0.23922222220530004,0.040105263158000004,0.42810526315800007,0.08132748538022219,0.38800000000000007,0.38800000000000007,0.302,0.08600000000000008,-0.21599999999999991,0.04122222222222219,0.34677777777777785,0.067,0.24900000000000003,0.414,0.12,0.08,0.057999999999999996,0.0,0.0,0.002,0.01
jev,explicit_probability__seed_000045__repr_prose__parallel_primitives,explicit_probability__seed_000045,explicit_probability,prose,"(0.10,0.30]",0.157894736842,0.233,0.564,0.2398888888888889,0.062000000000000006,0.10169491525423728,0.059000000000000004,0.23988888887110002,0.07510526315800001,0.40610526315799994,0.0819941520468889,0.33099999999999996,0.33099999999999996,0.267,0.06399999999999995,-0.20300000000000007,0.006888888888888889,0.324111111111111,0.053000000000000005,0.28900000000000003,0.363,0.122,0.11100000000000002,0.05600000000000001,0.0,0.0,0.0,0.006
jev,explicit_probability__seed_000045__repr_ratio__parallel_primitives,explicit_probability__seed_000045,explicit_probability,ratio,"(0.10,0.30]",0.157894736842,0.174,0.06899999999999999,0.16644444444444445,0.0,0.0,0.034999999999999996,0.16644444442780001,0.016105263157999983,0.08889473684200001,0.008549707602444445,-0.105,0.105,0.326,0.431,0.10499999999999998,0.007555555555555538,0.09744444444444446,0.034999999999999996,0.496,0.41500000000000004,0.044,0.01,0.0,0.0,0.0,0.0,0.0
jev,explicit_probability__seed_000046__repr_direct__parallel_primitives,explicit_probability__seed_000046,explicit_probability,direct,"(0.10,0.30]",0.210526315789,0.274,0.668,0.24988888888888888,0.066,0.16666666666666666,0.054,0.24988888887050004,0.06347368421100003,0.45747368421100004,0.03936257309988889,0.394,0.394,0.22599999999999998,0.16800000000000004,-0.05799999999999994,0.02411111111111114,0.41811111111111116,0.045,0.22200000000000003,0.417,0.174,0.076,0.05600000000000001,0.001,0.0,0.0,0.009
jev,explicit_probability__seed_000046__repr_distractor__parallel_primitives,explicit_probability__seed_000046,explicit_probability,distractor,"(0.10,0.30]",0.210526315789,0.25,0.658,0.2643333333333333,0.08800000000000001,0.13513513513513514,0.074,0.26433333331569997,0.039473684211000004,0.44747368421100003,0.05380701754433331,0.40800000000000003,0.40800000000000003,0.25,0.15800000000000003,-0.09199999999999997,0.014333333333333309,0.3936666666666667,0.064,0.182,0.396,0.189,0.081,0.05800000000000001,0.01,0.006,0.004,0.01
jev,explicit_probability__seed_000046__repr_prose__parallel_primitives,explicit_probability__seed_000046,explicit_probability,prose,"(0.10,0.30]",0.210526315789,0.295,0.653,0.2822222222222222,0.09,0.11538461538461539,0.052,0.28222222220300003,0.08447368421099999,0.44247368421100003,0.07169590643322221,0.35800000000000004,0.35800000000000004,0.20500000000000002,0.15300000000000002,-0.05199999999999999,0.012777777777777777,0.3707777777777778,0.046,0.158,0.34199999999999997,0.23700000000000002,0.127,0.079,0.005,0.0,0.0,0.006
jev,explicit_probability__seed_000046__repr_ratio__parallel_primitives,explicit_probability__seed_000046,explicit_probability,ratio,"(0.10,0.30]",0.210526315789,0.23000000000000004,0.132,0.20281124497991967,0.0,0.0,0.024096385542168676,0.2028181817979,0.019473684211000042,0.07852631578899999,0.007715070809080321,-0.09800000000000003,0.09800000000000003,0.26999999999999996,0.368,0.09800000000000003,0.027188755020080363,0.07081124497991967,0.024096385542168676,0.285140562248996,0.5491967871485944,0.12449799196787148,0.01706827309236948,0.0,0.0,0.0,0.0,0.0
jev,explicit_probability__seed_000047__repr_direct__parallel_primitives,explicit_probability__seed_000047,explicit_probability,direct,"(0.10,0.30]",0.263157894737,0.311,0.719,0.2604444444444444,0.06999999999999999,0.13207547169811323,0.053,0.26044444442540005,0.04784210526299998,0.45584210526299995,0.002713450292555597,0.408,0.408,0.189,0.21899999999999997,0.02999999999999997,0.050555555555555576,0.45855555555555555,0.046,0.178,0.41,0.22000000000000003,0.076,0.059,0.004,0.0,0.0,0.007000000000000001
jev,explicit_probability__seed_000047__repr_distractor__parallel_primitives,explicit_probability__seed_000047,explicit_probability,distractor,"(0.10,0.30]",0.263157894737,0.302,0.726,0.2985555555555556,0.12100000000000001,0.1492537313432836,0.06699999999999999,0.2985555555378,0.03884210526299997,0.46284210526299996,0.035397660818555554,0.424,0.424,0.198,0.22599999999999998,0.02799999999999997,0.0034444444444444167,0.4274444444444444,0.056999999999999995,0.123,0.325,0.277,0.097,0.083,0.012,0.01,0.006,0.01
jev,explicit_probability__seed_000047__repr_prose__parallel_primitives,explicit_probability__seed_000047,explicit_probability,prose,"(0.10,0.30]",0.263157894737,0.332,0.6719999999999999,0.30241352463574683,0.0970970970970971,0.10869565217391304,0.04604604604604605,0.3024040403835081,0.068842105263,0.4088421052629999,0.03925562989874681,0.3399999999999999,0.3399999999999999,0.16799999999999998,0.17199999999999993,0.003999999999999948,0.029586475364253184,0.3695864753642531,0.041041041041041046,0.1131131131131131,0.29129129129129133,0.3233233233233233,0.13413413413413414,0.08008008008008008,0.01001001001001001,0.002002002002002002,0.0,0.005005005005005005
jev,explicit_probability__seed_000047__repr_ratio__parallel_primitives,explicit_probability__seed_000047,explicit_probability,ratio,"(0.10,0.30]",0.263157894737,0.24100000000000002,0.08399999999999999,0.2038337233923994,0.0,0.0,0.022066198595787363,0.20383950615245555,0.022157894737,0.17915789473700003,0.05932417134460061,-0.15700000000000003,0.15700000000000003,0.259,0.41600000000000004,0.15700000000000003,0.03716627660760061,0.11983372339239942,0.022066198595787363,0.28886659979939816,0.5406218655967904,0.12938816449348045,0.01905717151454363,0.0,0.0,0.0,0.0,0.0
jev,explicit_probability__seed_000048__repr_direct__parallel_primitives,explicit_probability__seed_000048,explicit_probability,direct,"(0.30,0.45]",0.315789473684,0.363,0.726,0.28644444444444445,0.08700000000000001,0.2173913043478261,0.046,0.2864444444245,0.04721052631599998,0.41021052631599997,0.029345029239555565,0.363,0.363,0.137,0.22599999999999998,0.08899999999999997,0.07655555555555554,0.43955555555555553,0.036,0.11399999999999999,0.394,0.28500000000000003,0.08399999999999999,0.067,0.01,0.0,0.0,0.01
jev,explicit_probability__seed_000048__repr_distractor__parallel_primitives,explicit_probability__seed_000048,explicit_probability,distractor,"(0.30,0.45]",0.315789473684,0.348,0.708,0.3071111111111111,0.117,0.15151515151515152,0.066,0.3071111110921,0.032210526315999966,0.39221052631599995,0.008678362572888898,0.36,0.36,0.15200000000000002,0.20799999999999996,0.05599999999999994,0.040888888888888864,0.40088888888888885,0.05600000000000001,0.093,0.327,0.29,0.11699999999999999,0.077,0.013000000000000001,0.01,0.007000000000000001,0.01
jev,explicit_probability__seed_000048__repr_prose__parallel_primitives,explicit_probability__seed_000048,explicit_probability,prose,"(0.30,0.45]",0.315789473684,0.383,0.751,0.349,0.158,0.19607843137254902,0.051000000000000004,0.34899999998090003,0.067210526316,0.435210526316,0.033210526315999966,0.368,0.368,0.11699999999999999,0.251,0.134,0.03400000000000003,0.402,0.041,0.05500000000000001,0.181,0.403,0.162,0.119,0.020999999999999998,0.008,0.0,0.01
jev,explicit_probability__seed_000048__repr_ratio__parallel_primitives,explicit_probability__seed_000048,explicit_probability,ratio,"(0.30,0.45]",0.315789473684,0.28500000000000003,0.162,0.28388888888888886,0.009,0.0,0.01,0.2838888888614,0.03078947368399998,0.153789473684,0.03190058479511115,-0.12300000000000003,0.12300000000000003,0.21499999999999997,0.33799999999999997,0.123,0.0011111111111111738,0.12188888888888885,0.01,0.064,0.39,0.442,0.08499999999999999,0.009,0.0,0.0,0.0,0.0
jev,explicit_probability__seed_000049__repr_direct__parallel_primitives,explicit_probability__seed_000049,explicit_probability,direct,"(0.30,0.45]",0.368421052632,0.392,0.772,0.30211111111111116,0.10200000000000002,0.22222222222222224,0.045000000000000005,0.3021111110911,0.023578947368000036,0.40357894736800004,0.06630994152088882,0.38,0.38,0.10799999999999998,0.272,0.16400000000000003,0.08988888888888885,0.46988888888888886,0.035,0.08600000000000001,0.35700000000000004,0.34,0.08000000000000002,0.07200000000000001,0.013000000000000003,0.005000000000000001,0.0020000000000000005,0.010000000000000002
jev,explicit_probability__seed_000049__repr_distractor__parallel_primitives,explicit_probability__seed_000049,explicit_probability,distractor,"(0.30,0.45]",0.368421052632,0.386,0.728,0.3194444444444444,0.152,0.125,0.08,0.3194444444277,0.01757894736800003,0.359578947368,0.04897660818755556,0.34199999999999997,0.34199999999999997,0.11399999999999999,0.22799999999999998,0.11399999999999999,0.06655555555555559,0.40855555555555556,0.07,0.082,0.275,0.32199999999999995,0.099,0.091,0.031,0.01,0.01,0.01
jev,explicit_probability__seed_000049__repr_prose__parallel_primitives,explicit_probability__seed_000049,explicit_probability,prose,"(0.30,0.45]",0.368421052632,0.414,0.789,0.3772222222222222,0.236,0.1923076923076923,0.052000000000000005,0.3772222222081,0.045578947368,0.42057894736800006,0.008801169590222202,0.37500000000000006,0.37500000000000006,0.08600000000000002,0.28900000000000003,0.203,0.0367777777777778,0.41177777777777785,0.042,0.041,0.137,0.40099999999999997,0.143,0.155,0.059,0.01,0.002,0.01
jev,explicit_probability__seed_000049__repr_ratio__parallel_primitives,explicit_probability__seed_000049,explicit_probability,ratio,"(0.30,0.45]",0.368421052632,0.391,0.28900000000000003,0.3207777777777778,0.01,0.0,0.009,0.3207777777467,0.022578947368000035,0.07942105263199994,0.047643274854222206,-0.10199999999999998,0.10199999999999998,0.10899999999999999,0.21099999999999997,0.10199999999999998,0.07022222222222224,0.03177777777777774,0.009,0.022,0.189,0.643,0.127,0.01,0.0,0.0,0.0,0.0
jev,explicit_probability__seed_000050__repr_direct__parallel_primitives,explicit_probability__seed_000050,explicit_probability,direct,"(0.30,0.45]",0.421052631579,0.44000000000000006,0.7929999999999999,0.35488888888888886,0.13999999999999999,0.27777777777777773,0.036000000000000004,0.3548888888674,0.018947368421000033,0.3719473684209999,0.06616374269011116,0.35299999999999987,0.35299999999999987,0.05999999999999994,0.2929999999999999,0.23299999999999998,0.08511111111111119,0.43811111111111106,0.026000000000000002,0.046,0.165,0.462,0.161,0.09,0.032,0.008,0.0,0.01
jev,explicit_probability__seed_000050__repr_distractor__parallel_primitives,explicit_probability__seed_000050,explicit_probability,distractor,"(0.30,0.45]",0.421052631579,0.453,0.799,0.38522222222222224,0.229,0.1923076923076923,0.052000000000000005,0.3852222222066,0.03194736842099999,0.377947368421,0.03583040935677778,0.34600000000000003,0.34600000000000003,0.046999999999999986,0.29900000000000004,0.25200000000000006,0.06777777777777777,0.4137777777777778,0.042,0.046,0.11200000000000002,0.399,0.172,0.122,0.077,0.01,0.01,0.01
jev,explicit_probability__seed_000050__repr_prose__parallel_primitives,explicit_probability__seed_000050,explicit_probability,prose,"(0.30,0.45]",0.421052631579,0.477,0.8240000000000001,0.4434444444444445,0.363,0.2631578947368421,0.038,0.44344444443639996,0.055947368420999954,0.40294736842100004,0.02239181286544445,0.3470000000000001,0.3470000000000001,0.02300000000000002,0.32400000000000007,0.30100000000000005,0.033555555555555505,0.3805555555555556,0.027999999999999997,0.022,0.05700000000000001,0.331,0.199,0.18,0.144,0.02,0.009,0.01
jev,explicit_probability__seed_000050__repr_ratio__parallel_primitives,explicit_probability__seed_000050,explicit_probability,ratio,"(0.30,0.45]",0.421052631579,0.371,0.24500000000000002,0.35977777777777775,0.028999999999999998,,0.0,0.3597777777447,0.05005263157900003,0.176052631579,0.06127485380122227,-0.12599999999999997,0.12599999999999997,0.129,0.255,0.126,0.011222222222222245,0.11477777777777773,0.0,0.01,0.089,0.588,0.284,0.023999999999999997,0.005,0.0,0.0,0.0
jev,explicit_probability__seed_000051__repr_direct__parallel_primitives,explicit_probability__seed_000051,explicit_probability,direct,"(0.45,0.55]",0.473684210526,0.47400000000000003,0.781,0.39741446561907945,0.10030090270812436,0.2,0.020060180541624874,0.39741975305670807,0.00031578947400001667,0.307315789474,0.07626974490692057,0.307,0.307,0.025999999999999968,0.281,0.25500000000000006,0.07658553438092058,0.3835855343809206,0.0160481444332999,0.021063189568706116,0.053159478435305926,0.32898696088264795,0.48044132397191575,0.07522567703109327,0.01905717151454363,0.0020060180541624875,0.0,0.004012036108324975
jev,explicit_probability__seed_000051__repr_distractor__parallel_primitives,explicit_probability__seed_000051,explicit_probability,distractor,"(0.45,0.55]",0.473684210526,0.477,0.752,0.41388888888888886,0.157,0.25641025641025644,0.039,0.41388888886319997,0.003315789473999964,0.278315789474,0.059795321637111154,0.275,0.275,0.02300000000000002,0.252,0.22899999999999998,0.06311111111111112,0.33811111111111114,0.028999999999999998,0.03,0.05,0.24,0.49400000000000005,0.095,0.036,0.01,0.006,0.01
jev,explicit_probability__seed_000051__repr_prose__parallel_primitives,explicit_probability__seed_000051,explicit_probability,prose,"(0.45,0.55]",0.473684210526,0.49800000000000005,0.808,0.46244444444444444,0.306,0.4347826086956522,0.023,0.46244444442879995,0.024315789474000038,0.33431578947400004,0.01123976608155558,0.31,0.31,0.0019999999999999463,0.30800000000000005,0.3060000000000001,0.03555555555555562,0.3455555555555556,0.013000000000000001,0.014000000000000002,0.026000000000000002,0.21600000000000003,0.425,0.148,0.123,0.02,0.005,0.01
jev,explicit_probability__seed_000051__repr_ratio__parallel_primitives,explicit_probability__seed_000051,explicit_probability,ratio,"(0.45,0.55]",0.473684210526,0.43499999999999994,0.358,0.4368585452922802,0.06224899598393575,,0.0,0.4368585858211243,0.038684210526000073,0.11568421052600003,0.03682566523371983,-0.07699999999999996,0.07699999999999996,0.06500000000000006,0.14200000000000002,0.07699999999999996,0.0018585452922802448,0.0788585452922802,0.0,0.0,0.006024096385542168,0.12048192771084336,0.8112449799196787,0.06024096385542169,0.002008032128514056,0.0,0.0,0.0
jev,explicit_probability__seed_000052__repr_direct__parallel_primitives,explicit_probability__seed_000052,explicit_probability,direct,"(0.45,0.55]",0.526315789474,0.592,0.958,0.6284444444444445,0.9700000000000001,0.6551724137931034,0.028999999999999998,0.6284444444785999,0.06568421052599993,0.4316842105259999,0.10212865497044443,0.366,0.366,0.09199999999999997,0.45799999999999996,0.366,0.0364444444444445,0.3295555555555555,0.01,0.0,0.0,0.01,0.01,0.397,0.462,0.078,0.014000000000000002,0.019
jev,explicit_probability__seed_000052__repr_distractor__parallel_primitives,explicit_probability__seed_000052,explicit_probability,distractor,"(0.45,0.55]",0.526315789474,0.595,0.942,0.6326666666666666,0.919,0.5,0.044,0.6326666666953,0.06868421052599993,0.4156842105259999,0.10635087719266656,0.347,0.347,0.09499999999999997,0.44199999999999995,0.347,0.037666666666666626,0.30933333333333335,0.022,0.008,0.01,0.022,0.019,0.238,0.504,0.128,0.027000000000000003,0.022
jev,explicit_probability__seed_000052__repr_prose__parallel_primitives,explicit_probability__seed_000052,explicit_probability,prose,"(0.45,0.55]",0.526315789474,0.597,0.929,0.6388888888888888,0.934,0.5142857142857142,0.035,0.6388888889184,0.07068421052599994,0.402684210526,0.1125730994148888,0.3320000000000001,0.3320000000000001,0.09699999999999998,0.42900000000000005,0.3320000000000001,0.041888888888888864,0.2901111111111112,0.017,0.002,0.008,0.019,0.02,0.252,0.5,0.139,0.025,0.018
jev,explicit_probability__seed_000052__repr_ratio__parallel_primitives,explicit_probability__seed_000052,explicit_probability,ratio,"(0.45,0.55]",0.526315789474,0.567,0.952,0.6097208319430542,1.0000000000000002,1.0,0.006006006006006006,0.6097216610940223,0.04068421052599991,0.4256842105259999,0.08340504246905411,0.385,0.385,0.06699999999999995,0.45199999999999996,0.385,0.042720831943054205,0.3422791680569458,0.0,0.0,0.0,0.0,0.0,0.5625625625625627,0.4004004004004004,0.03003003003003003,0.0010010010010010012,0.006006006006006006
jev,explicit_probability__seed_000053__repr_direct__parallel_primitives,explicit_probability__seed_000053,explicit_probability,direct,"(0.55,0.70]",0.578947368421,0.642,0.9549999999999998,0.6504444444444444,0.923,0.48936170212765956,0.047,0.6504444444717,0.06305263157899998,0.3760526315789998,0.07149707602344435,0.31299999999999983,0.31299999999999983,0.14200000000000002,0.45499999999999985,0.31299999999999983,0.008444444444444366,0.30455555555555547,0.024,0.004,0.01,0.02,0.019,0.101,0.634,0.142,0.023,0.023
jev,explicit_probability__seed_000053__repr_distractor__parallel_primitives,explicit_probability__seed_000053,explicit_probability,distractor,"(0.55,0.70]",0.578947368421,0.642,0.9490000000000001,0.6457568679790903,0.8998998998998999,0.4210526315789474,0.05705705705705706,0.6457575757829899,0.06305263157899998,0.37005263157900004,0.06680949955809024,0.30700000000000005,0.30700000000000005,0.14200000000000002,0.44900000000000007,0.30700000000000005,0.0037568679790902504,0.3032431320209098,0.03303303303303304,0.010010010010010012,0.010010010010010012,0.02902902902902903,0.018018018018018018,0.0900900900900901,0.5755755755755756,0.1791791791791792,0.031031031031031036,0.024024024024024027
jev,explicit_probability__seed_000053__repr_prose__parallel_primitives,explicit_probability__seed_000053,explicit_probability,prose,"(0.55,0.70]",0.578947368421,0.627,0.924,0.6556556556556555,0.9119119119119119,0.48780487804878053,0.04104104104104104,0.6556554433477364,0.04805263157899997,0.345052631579,0.0767082872346555,0.29700000000000004,0.29700000000000004,0.127,0.42400000000000004,0.29700000000000004,0.028655655655655532,0.2683443443443445,0.02102102102102102,0.009009009009009009,0.01001001001001001,0.025025025025025027,0.02302302302302302,0.08808808808808809,0.5735735735735735,0.1991991991991992,0.031031031031031032,0.02002002002002002
jev,explicit_probability__seed_000053__repr_ratio__parallel_primitives,explicit_probability__seed_000053,explicit_probability,ratio,"(0.55,0.70]",0.578947368421,0.586,0.943,0.6831111111111111,1.0,1.0,0.005,0.6831111111427999,0.007052631578999935,0.3640526315789999,0.10416374269011108,0.357,0.357,0.08599999999999997,0.44299999999999995,0.357,0.09711111111111115,0.25988888888888884,0.0,0.0,0.0,0.0,0.0,0.067,0.738,0.18,0.01,0.005
jev,explicit_probability__seed_000054__repr_direct__parallel_primitives,explicit_probability__seed_000054,explicit_probability,direct,"(0.55,0.70]",0.631578947368,0.662,0.961,0.6749999999999999,0.918,0.5322580645161291,0.062,0.6750000000243,0.030421052632000012,0.32942105263199994,0.04342105263199991,0.29899999999999993,0.29899999999999993,0.16200000000000003,0.46099999999999997,0.29899999999999993,0.0129999999999999,0.28600000000000003,0.028999999999999998,0.009,0.01,0.02,0.014000000000000002,0.045,0.509,0.294,0.037,0.033
jev,explicit_probability__seed_000054__repr_distractor__parallel_primitives,explicit_probability__seed_000054,explicit_probability,distractor,"(0.55,0.70]",0.631578947368,0.662,0.9559999999999998,0.657888888888889,0.886,0.43939393939393934,0.066,0.6578888889116999,0.030421052632000012,0.32442105263199983,0.026309941520888946,0.2939999999999998,0.2939999999999998,0.16200000000000003,0.45599999999999985,0.2939999999999998,0.004111111111111065,0.2981111111111109,0.037,0.01,0.011,0.036,0.02,0.064,0.47300000000000003,0.278,0.042,0.028999999999999998
jev,explicit_probability__seed_000054__repr_prose__parallel_primitives,explicit_probability__seed_000054,explicit_probability,prose,"(0.55,0.70]",0.631578947368,0.659,0.945,0.6891111111111111,0.9299999999999999,0.6222222222222222,0.045,0.6891111111352,0.02742105263200001,0.31342105263199993,0.0575321637431111,0.2859999999999999,0.2859999999999999,0.15900000000000003,0.44499999999999995,0.2859999999999999,0.03011111111111109,0.25588888888888883,0.017,0.005,0.007000000000000001,0.020999999999999998,0.02,0.054000000000000006,0.466,0.33399999999999996,0.048,0.027999999999999997
jev,explicit_probability__seed_000054__repr_ratio__parallel_primitives,explicit_probability__seed_000054,explicit_probability,ratio,"(0.55,0.70]",0.631578947368,0.652,0.959,0.6804582360137916,1.0,1.0,0.006006006006006006,0.6804556678209555,0.020421052632000003,0.32742105263199994,0.04887928864579161,0.30699999999999994,0.30699999999999994,0.15200000000000002,0.45899999999999996,0.30699999999999994,0.028458236013791605,0.27854176398620833,0.0,0.0,0.0,0.0,0.0,0.05105105105105106,0.7957957957957958,0.13713713713713716,0.010010010010010012,0.006006006006006006
jev,explicit_probability__seed_000055__repr_direct__parallel_primitives,explicit_probability__seed_000055,explicit_probability,direct,"(0.55,0.70]",0.684210526316,0.69,0.969,0.6956666666666667,0.927,0.5762711864406779,0.059,0.6956666666898,0.005789473683999957,0.284789473684,0.011456140350666666,0.279,0.279,0.18999999999999995,0.469,0.279,0.005666666666666709,0.2733333333333333,0.025,0.009,0.01,0.019,0.01,0.034999999999999996,0.39899999999999997,0.41200000000000003,0.047,0.033999999999999996
jev,explicit_probability__seed_000055__repr_distractor__parallel_primitives,explicit_probability__seed_000055,explicit_probability,distractor,"(0.55,0.70]",0.684210526316,0.69,0.961,0.6808888888888889,0.897,0.4461538461538461,0.065,0.6808888889105,0.005789473683999957,0.276789473684,0.0033216374271111127,0.271,0.271,0.18999999999999995,0.46099999999999997,0.271,0.00911111111111107,0.2801111111111111,0.036,0.01,0.01,0.027000000000000003,0.02,0.048,0.364,0.396,0.06,0.028999999999999998
jev,explicit_probability__seed_000055__repr_prose__parallel_primitives,explicit_probability__seed_000055,explicit_probability,prose,"(0.55,0.70]",0.684210526316,0.689,0.95,0.7044444444444444,0.9299999999999999,0.5641025641025641,0.039,0.7044444444669999,0.004789473683999956,0.26578947368399997,0.02023391812844444,0.261,0.261,0.18899999999999995,0.44999999999999996,0.261,0.015444444444444483,0.24555555555555553,0.017,0.007000000000000001,0.008,0.02,0.018,0.041,0.35,0.454,0.063,0.022
jev,explicit_probability__seed_000055__repr_ratio__parallel_primitives,explicit_probability__seed_000055,explicit_probability,ratio,"(0.55,0.70]",0.684210526316,0.69,0.953,0.728395061728395,0.9979979979979979,0.9090909090909091,0.011011011011011011,0.7284040404309999,0.005789473683999957,0.26878947368399997,0.044184535412394976,0.263,0.263,0.18999999999999995,0.45299999999999996,0.263,0.03839506172839502,0.224604938271605,0.001001001001001001,0.0,0.0,0.001001001001001001,0.0,0.019019019019019017,0.44644644644644643,0.49149149149149146,0.031031031031031032,0.01001001001001001
jev,explicit_probability__seed_000056__repr_direct__parallel_primitives,explicit_probability__seed_000056,explicit_probability,direct,"(0.70,0.90]",0.736842105263,0.742,0.9730000000000001,0.7325555555555555,0.939,0.6181818181818182,0.05499999999999999,0.7325555555762,0.005157894737000013,0.2361578947370001,0.004286549707444465,0.2310000000000001,0.2310000000000001,0.242,0.4730000000000001,0.2310000000000001,0.009444444444444478,0.24044444444444457,0.020999999999999998,0.01,0.01,0.01,0.01,0.02,0.205,0.583,0.097,0.033999999999999996
jev,explicit_probability__seed_000056__repr_distractor__parallel_primitives,explicit_probability__seed_000056,explicit_probability,distractor,"(0.70,0.90]",0.736842105263,0.742,0.968,0.7134912690468246,0.9159159159159159,0.4745762711864407,0.05905905905905906,0.7134938271807363,0.005157894737000013,0.231157894737,0.023350836216175397,0.22599999999999998,0.22599999999999998,0.242,0.46799999999999997,0.22599999999999998,0.02850873095317541,0.2545087309531754,0.031031031031031036,0.010010010010010012,0.010010010010010012,0.020020020020020023,0.013013013013013016,0.031031031031031036,0.2092092092092092,0.5645645645645646,0.08308308308308308,0.028028028028028028
jev,explicit_probability__seed_000056__repr_prose__parallel_primitives,explicit_probability__seed_000056,explicit_probability,prose,"(0.70,0.90]",0.736842105263,0.73,0.9559999999999998,0.7492222222222222,0.953,0.717948717948718,0.03899999999999999,0.7492222222426,0.006842105262999998,0.21915789473699987,0.012380116959222254,0.22599999999999987,0.22599999999999987,0.22999999999999998,0.45599999999999985,0.22599999999999987,0.01922222222222225,0.20677777777777762,0.011,0.005,0.008,0.011,0.012,0.017,0.177,0.606,0.125,0.027999999999999997
jev,explicit_probability__seed_000056__repr_ratio__parallel_primitives,explicit_probability__seed_000056,explicit_probability,ratio,"(0.70,0.90]",0.736842105263,0.747,0.966,0.773,1.0,1.0,0.01,0.7730000000227,0.010157894737000017,0.229157894737,0.03615789473700004,0.21899999999999997,0.21899999999999997,0.247,0.46599999999999997,0.21899999999999997,0.026000000000000023,0.19299999999999995,0.0,0.0,0.0,0.0,0.0,0.004,0.148,0.745,0.093,0.01
jev,explicit_probability__seed_000057__repr_direct__parallel_primitives,explicit_probability__seed_000057,explicit_probability,direct,"(0.70,0.90]",0.789473684211,0.768,0.9719999999999999,0.7451111111111111,0.9329999999999999,0.5846153846153845,0.065,0.7451111111299,0.021473684210999933,0.18252631578899992,0.04436257309988889,0.20399999999999985,0.20399999999999985,0.268,0.47199999999999986,0.20399999999999985,0.02288888888888896,0.2268888888888888,0.027000000000000003,0.01,0.01,0.01,0.01,0.02,0.124,0.588,0.16299999999999998,0.038
jev,explicit_probability__seed_000057__repr_distractor__parallel_primitives,explicit_probability__seed_000057,explicit_probability,distractor,"(0.70,0.90]",0.789473684211,0.786,0.97,0.7342222222222222,0.9159999999999999,0.515625,0.064,0.7342222222404,0.0034736842109999166,0.18052631578900002,0.05525146198877773,0.18399999999999994,0.18399999999999994,0.28600000000000003,0.47,0.18399999999999994,0.05177777777777781,0.23577777777777775,0.031,0.01,0.01,0.018,0.015,0.027999999999999997,0.11299999999999999,0.587,0.155,0.033
jev,explicit_probability__seed_000057__repr_prose__parallel_primitives,explicit_probability__seed_000057,explicit_probability,prose,"(0.70,0.90]",0.789473684211,0.746,0.952,0.7568888888888889,0.9420000000000001,0.6818181818181819,0.044,0.7568888889073999,0.04347368421099995,0.162526315789,0.032584795322111004,0.20599999999999996,0.20599999999999996,0.246,0.45199999999999996,0.20599999999999996,0.010888888888888948,0.195111111111111,0.014000000000000002,0.009,0.009,0.011,0.015,0.02,0.118,0.5780000000000001,0.196,0.03
jev,explicit_probability__seed_000057__repr_ratio__parallel_primitives,explicit_probability__seed_000057,explicit_probability,ratio,"(0.70,0.90]",0.789473684211,0.783,0.975,0.7906795684573463,1.0,1.0,0.011011011011011011,0.7906790123666111,0.006473684210999919,0.18552631578900003,0.0012058842463463781,0.19199999999999995,0.19199999999999995,0.28300000000000003,0.475,0.19199999999999995,0.0076795684573462974,0.18432043154265365,0.0,0.0,0.0,0.0,0.0,0.0,0.05705705705705707,0.7807807807807808,0.15115115115115116,0.011011011011011011
jev,explicit_probability__seed_000058__repr_direct__parallel_primitives,explicit_probability__seed_000058,explicit_probability,direct,"(0.70,0.90]",0.842105263158,0.8109999999999999,0.9789999999999999,0.7756666666666666,0.933,0.6625,0.08000000000000002,0.7756666666823999,0.031105263158000107,0.13689473684199982,0.06643859649133343,0.16799999999999993,0.16799999999999993,0.31099999999999994,0.47899999999999987,0.16799999999999993,0.03533333333333333,0.20333333333333325,0.027000000000000003,0.01,0.01,0.01,0.01,0.011,0.051000000000000004,0.501,0.317,0.053000000000000005
jev,explicit_probability__seed_000058__repr_distractor__parallel_primitives,explicit_probability__seed_000058,explicit_probability,distractor,"(0.70,0.90]",0.842105263158,0.829,0.97,0.7645290581162324,0.9308617234468938,0.6212121212121212,0.06613226452905811,0.7645331088830758,0.013105263158000091,0.12789473684199992,0.07757620504176765,0.14100000000000001,0.14100000000000001,0.32899999999999996,0.47,0.14100000000000001,0.06447094188376756,0.20547094188376758,0.0250501002004008,0.01002004008016032,0.01002004008016032,0.014028056112224449,0.01002004008016032,0.02004008016032064,0.0531062124248497,0.5531062124248497,0.2635270541082164,0.041082164328657314
jev,explicit_probability__seed_000058__repr_prose__parallel_primitives,explicit_probability__seed_000058,explicit_probability,prose,"(0.70,0.90]",0.842105263158,0.787,0.958,0.7787777777777778,0.9430000000000001,0.7799999999999999,0.05,0.7787777777942,0.05510526315800002,0.11589473684199991,0.06332748538022226,0.17099999999999993,0.17099999999999993,0.28700000000000003,0.45799999999999996,0.17099999999999993,0.008222222222222242,0.17922222222222217,0.011,0.009,0.009,0.01,0.018,0.019,0.065,0.516,0.304,0.039
jev,explicit_probability__seed_000058__repr_ratio__parallel_primitives,explicit_probability__seed_000058,explicit_probability,ratio,"(0.70,0.90]",0.842105263158,0.825,0.9800000000000001,0.8131819193943441,1.0,1.0,0.018036072144288574,0.8131672278525777,0.017105263158000095,0.13789473684200004,0.028923343763655907,0.15500000000000014,0.15500000000000014,0.32499999999999996,0.4800000000000001,0.15500000000000014,0.011818080605655812,0.16681808060565595,0.0,0.0,0.0,0.0,0.0,0.0,0.029058116232464928,0.6412825651302605,0.31162324649298595,0.018036072144288574
jev,explicit_probability__seed_000059__repr_direct__parallel_primitives,explicit_probability__seed_000059,explicit_probability,direct,"(0.70,0.90]",0.894736842105,0.8539999999999999,0.976,0.7996666666666666,0.9369999999999999,0.7294117647058824,0.08499999999999999,0.7996666666804,0.04073684210500017,0.08126315789499994,0.0950701754383334,0.12200000000000011,0.12200000000000011,0.35399999999999987,0.476,0.12200000000000011,0.054333333333333234,0.17633333333333334,0.023,0.01,0.01,0.01,0.01,0.01,0.028999999999999998,0.373,0.46299999999999997,0.062
jev,explicit_probability__seed_000059__repr_distractor__parallel_primitives,explicit_probability__seed_000059,explicit_probability,distractor,"(0.70,0.90]",0.894736842105,0.8720000000000001,0.978,0.7877777777777777,0.9359999999999999,0.625,0.064,0.7877777777925999,0.022736842104999933,0.08326315789499994,0.10695906432722235,0.10599999999999987,0.10599999999999987,0.3720000000000001,0.478,0.10599999999999987,0.08422222222222242,0.1902222222222223,0.024,0.01,0.01,0.01,0.01,0.013000000000000001,0.028000000000000004,0.44299999999999995,0.41200000000000003,0.04
jev,explicit_probability__seed_000059__repr_prose__parallel_primitives,explicit_probability__seed_000059,explicit_probability,prose,"(0.70,0.90]",0.894736842105,0.828,0.968,0.8055555555555556,0.9540000000000001,0.8245614035087719,0.05700000000000001,0.8055555555704,0.06673684210500008,0.07326315789499993,0.08918128654944446,0.14,0.14,0.32799999999999996,0.46799999999999997,0.14,0.022444444444444378,0.1624444444444444,0.010000000000000002,0.007000000000000002,0.007000000000000002,0.010000000000000002,0.012000000000000002,0.010000000000000002,0.036000000000000004,0.42600000000000005,0.435,0.04700000000000001
jev,explicit_probability__seed_000059__repr_ratio__parallel_primitives,explicit_probability__seed_000059,explicit_probability,ratio,"(0.70,0.90]",0.894736842105,0.8560000000000001,0.984,0.8677777777777776,1.0,1.0,0.034999999999999996,0.8677777777910001,0.03873684210499995,0.08926315789499994,0.026959064327222393,0.1279999999999999,0.1279999999999999,0.3560000000000001,0.484,0.1279999999999999,0.011777777777777554,0.11622222222222234,0.0,0.0,0.0,0.0,0.0,0.0,0.0,0.225,0.74,0.034999999999999996
jev,explicit_probability__seed_000060__repr_direct__parallel_primitives,explicit_probability__seed_000060,explicit_probability,direct,"(0.90,0.99]",0.947368421053,0.916,0.9800000000000001,0.834,0.9490000000000001,0.7741935483870968,0.09300000000000001,0.8340000000115,0.03136842105299997,0.032631578947000084,0.11336842105300005,0.06400000000000006,0.06400000000000006,0.41600000000000004,0.4800000000000001,0.06400000000000006,0.08200000000000007,0.14600000000000013,0.021,0.010000000000000002,0.008000000000000002,0.0020000000000000005,0.010000000000000002,0.010000000000000002,0.010000000000000002,0.18000000000000002,0.677,0.07200000000000001
jev,explicit_probability__seed_000060__repr_distractor__parallel_primitives,explicit_probability__seed_000060,explicit_probability,distractor,"(0.90,0.99]",0.947368421053,0.93,0.978,0.8151111111111111,0.9359999999999999,0.7272727272727273,0.07700000000000001,0.8151111111232,0.01736842105299996,0.03063157894699997,0.1322573099418889,0.04799999999999993,0.04799999999999993,0.43000000000000005,0.478,0.04799999999999993,0.11488888888888893,0.16288888888888886,0.020999999999999998,0.01,0.01,0.01,0.013000000000000001,0.01,0.013000000000000001,0.264,0.593,0.05600000000000001
jev,explicit_probability__seed_000060__repr_prose__parallel_primitives,explicit_probability__seed_000060,explicit_probability,prose,"(0.90,0.99]",0.947368421053,0.8699999999999999,0.97,0.8314444444444444,0.9550000000000001,0.8571428571428572,0.06999999999999999,0.8314444444568,0.07736842105300012,0.022631578946999964,0.11592397660855558,0.10000000000000009,0.10000000000000009,0.3699999999999999,0.47,0.10000000000000009,0.038555555555555454,0.13855555555555554,0.01,0.008,0.006,0.008,0.013000000000000001,0.01,0.017,0.24900000000000003,0.619,0.06
jev,explicit_probability__seed_000060__repr_ratio__parallel_primitives,explicit_probability__seed_000060,explicit_probability,ratio,"(0.90,0.99]",0.947368421053,0.932,0.99,0.8887777777777778,0.9940000000000001,0.9393939393939393,0.099,0.8887777777882999,0.015368421052999959,0.04263157894699998,0.05859064327522223,0.05799999999999994,0.05799999999999994,0.43200000000000005,0.49,0.05799999999999994,0.04322222222222227,0.10122222222222221,0.006,0.0,0.0,0.0,0.0,0.0,0.0,0.046,0.8550000000000001,0.093
jev,explicit_probability__seed_000061__repr_direct__parallel_primitives,explicit_probability__seed_000061,explicit_probability,direct,1,1.0,0.983,1.0,0.9888888888888889,0.9900000000000001,0.98989898989899,0.9900000000000001,0.988888888889,0.017000000000000015,0.0,0.011111111111111072,0.017000000000000015,0.017000000000000015,0.483,0.5,0.017000000000000015,0.0058888888888889435,0.011111111111111072,0.01,0.0,0.0,0.0,0.0,0.0,0.0,0.0,0.01,0.9800000000000001
jev,explicit_probability__seed_000061__repr_distractor__parallel_primitives,explicit_probability__seed_000061,explicit_probability,distractor,1,1.0,0.9879999999999999,1.0,1.0,1.0,1.0,1.0,1.0,0.012000000000000122,0.0,0.0,0.012000000000000122,0.012000000000000122,0.4879999999999999,0.5,0.012000000000000122,0.012000000000000122,0.0,0.0,0.0,0.0,0.0,0.0,0.0,0.0,0.0,0.0,1.0
jev,explicit_probability__seed_000061__repr_prose__parallel_primitives,explicit_probability__seed_000061,explicit_probability,prose,1,1.0,0.99,1.0,1.0,1.0,1.0,1.0,1.0,0.010000000000000009,0.0,0.0,0.010000000000000009,0.010000000000000009,0.49,0.5,0.010000000000000009,0.010000000000000009,0.0,0.0,0.0,0.0,0.0,0.0,0.0,0.0,0.0,0.0,1.0
jev,explicit_probability__seed_000061__repr_ratio__parallel_primitives,explicit_probability__seed_000061,explicit_probability,ratio,1,1.0,0.986,1.0,0.9893333333333333,0.99,0.9899396378269618,0.994,0.9893333333333999,0.014000000000000012,0.0,0.010666666666666713,0.014000000000000012,0.014000000000000012,0.486,0.5,0.014000000000000012,0.0033333333333332993,0.010666666666666713,0.01,0.0,0.0,0.0,0.0,0.0,0.0,0.0,0.006,0.984
jev,frequency__seed_000042__repr_counts__parallel_primitives,frequency__seed_000042,frequency,counts,"(0.70,0.90]",0.8,0.788,0.969,0.7978888888888889,0.9420000000000001,0.8780487804878049,0.08199999999999999,0.7978888889033,0.01200000000000001,0.16899999999999993,0.0021111111111111747,0.18099999999999994,0.18099999999999994,0.28800000000000003,0.469,0.18099999999999994,0.009888888888888836,0.1711111111111111,0.01,0.01,0.01,0.018,0.01,0.01,0.03,0.461,0.369,0.072
jev,frequency__seed_000042__repr_distractor__parallel_primitives,frequency__seed_000042,frequency,distractor,"(0.70,0.90]",0.8,0.786,0.954,0.7600579516326758,0.9157472417251755,0.6941176470588235,0.08525576730190572,0.7600606060761737,0.014000000000000012,0.15399999999999991,0.03994204836732429,0.16799999999999993,0.16799999999999993,0.28600000000000003,0.45399999999999996,0.16799999999999993,0.025942048367324277,0.1939420483673242,0.02607823470411234,0.010030090270812437,0.010030090270812437,0.02407221664994985,0.014042126379137414,0.010030090270812437,0.05215646940822468,0.5687061183550651,0.22567703109327986,0.059177532597793375
jev,frequency__seed_000042__repr_prose__parallel_primitives,frequency__seed_000042,frequency,prose,"(0.70,0.90]",0.8,0.756,0.9490000000000001,0.7775553331108886,0.934934934934935,0.7746478873239437,0.07107107107107108,0.777555555571294,0.04400000000000004,0.14900000000000002,0.022444666889111398,0.19300000000000006,0.19300000000000006,0.256,0.44900000000000007,0.19300000000000006,0.02155533311088864,0.17144466688911142,0.016016016016016016,0.01001001001001001,0.01001001001001001,0.019019019019019017,0.01001001001001001,0.016016016016016016,0.05805805805805807,0.4994994994994995,0.3063063063063063,0.05505505505505506
jev,frequency__seed_000042__repr_ratio__parallel_primitives,frequency__seed_000042,frequency,ratio,"(0.70,0.90]",0.8,0.775,0.986,0.7877777777777778,0.963,0.7872340425531914,0.047,0.7877777777953,0.025000000000000022,0.18599999999999994,0.012222222222222245,0.21099999999999997,0.21099999999999997,0.275,0.486,0.21099999999999997,0.012777777777777777,0.1982222222222222,0.01,0.006,0.001,0.01,0.01,0.01,0.046,0.607,0.263,0.037
jev,frequency__seed_000042__repr_scaled_counts__parallel_primitives,frequency__seed_000042,frequency,scaled_counts,"(0.70,0.90]",0.8,0.785,0.97,0.8054444444444445,0.9440000000000001,0.8701298701298702,0.077,0.8054444444583,0.015000000000000013,0.16999999999999993,0.005444444444444474,0.18499999999999994,0.18499999999999994,0.28500000000000003,0.47,0.18499999999999994,0.020444444444444487,0.16455555555555545,0.01,0.01,0.01,0.016,0.01,0.006,0.023,0.42400000000000004,0.42400000000000004,0.067
jev,frequency__seed_000042__repr_table__parallel_primitives,frequency__seed_000042,frequency,table,"(0.70,0.90]",0.8,0.783,0.976,0.7803333333333333,0.9580000000000001,0.8437500000000001,0.064,0.7803333333511,0.017000000000000015,0.17599999999999993,0.01966666666666672,0.19299999999999995,0.19299999999999995,0.28300000000000003,0.476,0.19299999999999995,0.002666666666666706,0.19566666666666666,0.01,0.002,0.01,0.01,0.01,0.01,0.052000000000000005,0.653,0.189,0.054000000000000006
jev,frequency__seed_000046__repr_counts__parallel_primitives,frequency__seed_000046,frequency,counts,"(0.55,0.70]",0.65,0.635,0.944,0.6961111111111111,0.9369999999999999,0.7575757575757576,0.033,0.6961111111352,0.015000000000000013,0.29399999999999993,0.0461111111111111,0.30899999999999994,0.30899999999999994,0.135,0.44399999999999995,0.30899999999999994,0.061111111111111116,0.24788888888888883,0.008,0.007000000000000001,0.01,0.027999999999999997,0.01,0.028999999999999998,0.479,0.362,0.041999999999999996,0.025
jev,frequency__seed_000046__repr_distractor__parallel_primitives,frequency__seed_000046,frequency,distractor,"(0.55,0.70]",0.65,0.653,0.9400000000000001,0.723,0.9369999999999999,0.7777777777777777,0.045,0.7230000000214,0.0030000000000000027,0.29000000000000004,0.07299999999999995,0.28700000000000003,0.28700000000000003,0.15300000000000002,0.44000000000000006,0.28700000000000003,0.06999999999999995,0.21700000000000008,0.01,0.01,0.013000000000000001,0.02,0.01,0.02,0.304,0.492,0.086,0.034999999999999996
jev,frequency__seed_000046__repr_prose__parallel_primitives,frequency__seed_000046,frequency,prose,"(0.55,0.70]",0.65,0.689,0.9359999999999999,0.7194444444444444,0.9359999999999999,0.75,0.055999999999999994,0.7194444444661,0.038999999999999924,0.2859999999999999,0.06944444444444442,0.247,0.247,0.18899999999999995,0.43599999999999994,0.247,0.030444444444444496,0.2165555555555555,0.014000000000000002,0.006,0.01,0.022,0.012,0.04,0.31,0.45499999999999996,0.089,0.041999999999999996
jev,frequency__seed_000046__repr_ratio__parallel_primitives,frequency__seed_000046,frequency,ratio,"(0.55,0.70]",0.65,0.672,0.97,0.7384050717384051,0.9909909909909911,1.0,0.011011011011011011,0.7384085297671212,0.02200000000000002,0.31999999999999995,0.08840507173840506,0.29799999999999993,0.29799999999999993,0.17200000000000004,0.47,0.29799999999999993,0.06640507173840504,0.2315949282615949,0.0,0.0,0.0,0.009009009009009009,0.0,0.019019019019019017,0.35235235235235235,0.5585585585585586,0.05005005005005005,0.011011011011011011
jev,frequency__seed_000046__repr_scaled_counts__parallel_primitives,frequency__seed_000046,frequency,scaled_counts,"(0.55,0.70]",0.65,0.633,0.944,0.7143333333333333,0.9430000000000001,0.896551724137931,0.029,0.7143333333562,0.017000000000000015,0.29399999999999993,0.06433333333333324,0.31099999999999994,0.31099999999999994,0.133,0.44399999999999995,0.31099999999999994,0.08133333333333326,0.22966666666666669,0.003,0.006,0.01,0.027999999999999997,0.01,0.020999999999999998,0.385,0.458,0.053000000000000005,0.026000000000000002
jev,frequency__seed_000046__repr_table__parallel_primitives,frequency__seed_000046,frequency,table,"(0.55,0.70]",0.65,0.662,0.958,0.7196666666666667,0.95,0.7777777777777777,0.045,0.7196666666897,0.01200000000000001,0.30799999999999994,0.06966666666666665,0.29599999999999993,0.29599999999999993,0.16200000000000003,0.45799999999999996,0.29599999999999993,0.057666666666666644,0.23833333333333329,0.01,0.004,0.01,0.016,0.01,0.027000000000000003,0.359,0.471,0.05800000000000001,0.034999999999999996
jev,frequency__seed_000050__repr_counts__parallel_primitives,frequency__seed_000050,frequency,counts,"(0.10,0.30]",0.29,0.302,0.476,0.2777777777777778,0.065,0.0,0.03,0.2777777777565,0.01200000000000001,0.186,0.01222222222222219,0.174,0.174,0.198,0.02400000000000002,-0.174,0.0242222222222222,0.1982222222222222,0.03,0.10800000000000001,0.41500000000000004,0.315,0.067,0.043,0.02,0.002,0.0,0.0
jev,frequency__seed_000050__repr_distractor__parallel_primitives,frequency__seed_000050,frequency,distractor,"(0.10,0.30]",0.29,0.309,0.5900000000000001,0.30497163830497165,0.11711711711711711,0.12000000000000001,0.050050050050050046,0.3049663299475444,0.019000000000000017,0.3000000000000001,0.014971638304971668,0.2810000000000001,0.2810000000000001,0.191,0.09000000000000008,-0.10099999999999992,0.0040283616950283485,0.28502836169502843,0.044044044044044044,0.12212212212212212,0.2882882882882883,0.32432432432432434,0.10410410410410412,0.07507507507507508,0.02602602602602603,0.009009009009009009,0.001001001001001001,0.006006006006006006
jev,frequency__seed_000050__repr_prose__parallel_primitives,frequency__seed_000050,frequency,prose,"(0.10,0.30]",0.29,0.34500000000000003,0.507,0.3100878656434212,0.09809809809809811,0.15625,0.03203203203203204,0.31008417506297575,0.05500000000000005,0.21700000000000003,0.020087865643421243,0.16199999999999998,0.16199999999999998,0.15499999999999997,0.007000000000000006,-0.14799999999999996,0.034912134356578806,0.19691213435657878,0.027027027027027032,0.0800800800800801,0.31631631631631635,0.3563563563563564,0.12212212212212213,0.08308308308308308,0.010010010010010012,0.0,0.0,0.005005005005005006
jev,frequency__seed_000050__repr_ratio__parallel_primitives,frequency__seed_000050,frequency,ratio,"(0.10,0.30]",0.29,0.294,0.266,0.2292362502783344,0.009018036072144287,0.0,0.02004008016032064,0.2292312008758465,0.0040000000000000036,0.023999999999999966,0.060763749721665566,-0.02799999999999997,0.02799999999999997,0.20600000000000002,0.23399999999999999,0.02799999999999997,0.06476374972166557,0.0367637497216656,0.02004008016032064,0.18036072144288576,0.5571142284569138,0.21042084168336672,0.023046092184368736,0.009018036072144287,0.0,0.0,0.0,0.0
jev,frequency__seed_000050__repr_scaled_counts__parallel_primitives,frequency__seed_000050,frequency,scaled_counts,"(0.10,0.30]",0.29,0.296,0.41600000000000004,0.2581111111111111,0.032,0.0,0.018,0.25811111108850004,0.006000000000000005,0.12600000000000006,0.031888888888888856,0.12000000000000005,0.12000000000000005,0.20400000000000001,0.08399999999999996,-0.12000000000000005,0.03788888888888886,0.1578888888888889,0.018,0.128,0.499,0.266,0.056999999999999995,0.020999999999999998,0.011,0.0,0.0,0.0
jev,frequency__seed_000050__repr_table__parallel_primitives,frequency__seed_000050,frequency,table,"(0.10,0.30]",0.29,0.311,0.5650000000000001,0.2826666666666667,0.059,0.0,0.025,0.2826666666443,0.02100000000000002,0.2750000000000001,0.007333333333333303,0.25400000000000006,0.25400000000000006,0.189,0.06500000000000006,-0.12399999999999994,0.02833333333333332,0.2823333333333334,0.025,0.10800000000000001,0.382,0.34199999999999997,0.084,0.044,0.015,0.0,0.0,0.0
jev,frequency__seed_000054__repr_counts__parallel_primitives,frequency__seed_000054,frequency,counts,"(0.10,0.30]",0.2,0.23000000000000004,0.337,0.2275608942275609,0.027027027027027025,0.0,0.04604604604604604,0.22756004487332526,0.030000000000000027,0.137,0.02756089422756089,0.10699999999999998,0.10699999999999998,0.26999999999999996,0.16299999999999998,-0.10699999999999998,0.0024391057724391374,0.10943910577243912,0.04604604604604604,0.23423423423423423,0.45845845845845845,0.18118118118118118,0.05305305305305306,0.02102102102102102,0.006006006006006006,0.0,0.0,0.0
jev,frequency__seed_000054__repr_distractor__parallel_primitives,frequency__seed_000054,frequency,distractor,"(0.10,0.30]",0.2,0.23900000000000002,0.504,0.2693804916027138,0.06506506506506506,0.0,0.05405405405405406,0.2693726150188505,0.03900000000000001,0.304,0.06938049160271381,0.265,0.265,0.261,0.0040000000000000036,-0.257,0.030380491602713805,0.23461950839728618,0.05405405405405406,0.16716716716716715,0.32132132132132135,0.3073073073073074,0.08508508508508508,0.04304304304304304,0.01701701701701702,0.005005005005005005,0.0,0.0
jev,frequency__seed_000054__repr_prose__parallel_primitives,frequency__seed_000054,frequency,prose,"(0.10,0.30]",0.2,0.297,0.369,0.2753864976087198,0.1111111111111111,0.11904761904761905,0.08408408408408408,0.2753860830363212,0.09699999999999998,0.16899999999999998,0.0753864976087198,0.07200000000000001,0.07200000000000001,0.203,0.131,-0.07200000000000001,0.02161350239128018,0.09361350239128019,0.07407407407407407,0.16216216216216217,0.3763763763763764,0.1871871871871872,0.08908908908908908,0.07407407407407407,0.011011011011011011,0.009009009009009009,0.007007007007007008,0.01001001001001001
jev,frequency__seed_000054__repr_ratio__parallel_primitives,frequency__seed_000054,frequency,ratio,"(0.10,0.30]",0.2,0.233,0.151,0.17088888888888887,0.01,0.0,0.05,0.17088888887280002,0.033,0.049000000000000016,0.029111111111111143,-0.08200000000000002,0.08200000000000002,0.267,0.349,0.08199999999999996,0.062111111111111145,0.019888888888888873,0.05,0.496,0.36,0.064,0.02,0.01,0.0,0.0,0.0,0.0
jev,frequency__seed_000054__repr_scaled_counts__parallel_primitives,frequency__seed_000054,frequency,scaled_counts,"(0.10,0.30]",0.2,0.215,0.30300000000000005,0.2031111111111111,0.012,0.0,0.043,0.203111111092,0.014999999999999986,0.10300000000000004,0.0031111111111110923,0.08800000000000005,0.08800000000000005,0.28500000000000003,0.19699999999999995,-0.08800000000000008,0.011888888888888893,0.09988888888888894,0.043,0.32599999999999996,0.453,0.128,0.038,0.012,0.0,0.0,0.0,0.0
jev,frequency__seed_000054__repr_table__parallel_primitives,frequency__seed_000054,frequency,table,"(0.10,0.30]",0.2,0.22800000000000004,0.55,0.2582222222222222,0.037000000000000005,0.0,0.032,0.2582222222001,0.028000000000000025,0.35000000000000003,0.058222222222222175,0.322,0.322,0.27199999999999996,0.050000000000000044,-0.22199999999999992,0.03022222222222215,0.29177777777777786,0.032,0.165,0.41500000000000004,0.264,0.087,0.033,0.004,0.0,0.0,0.0
jev,frequency__seed_000058__repr_counts__parallel_primitives,frequency__seed_000058,frequency,counts,"(0.10,0.30]",0.12,0.164,0.29500000000000004,0.19211111111111112,0.012,0.0,0.05600000000000001,0.19211111109310003,0.04400000000000001,0.17500000000000004,0.07211111111111113,0.13100000000000003,0.13100000000000003,0.33599999999999997,0.20499999999999996,-0.131,0.028111111111111114,0.10288888888888892,0.05600000000000001,0.361,0.44000000000000006,0.096,0.034999999999999996,0.012,0.0,0.0,0.0,0.0
jev,frequency__seed_000058__repr_distractor__parallel_primitives,frequency__seed_000058,frequency,distractor,"(0.10,0.30]",0.12,0.151,0.48200000000000004,0.20955555555555555,0.02,0.0,0.052000000000000005,0.2095555555366,0.031,0.36200000000000004,0.08955555555555555,0.33100000000000007,0.33100000000000007,0.349,0.01799999999999996,-0.331,0.058555555555555555,0.2724444444444445,0.052000000000000005,0.306,0.429,0.15,0.043,0.02,0.0,0.0,0.0,0.0
jev,frequency__seed_000058__repr_prose__parallel_primitives,frequency__seed_000058,frequency,prose,"(0.10,0.30]",0.12,0.227,0.24900000000000003,0.2142222222222222,0.051000000000000004,0.11904761904761907,0.08399999999999999,0.21422222220589998,0.10700000000000001,0.12900000000000003,0.09422222222222221,0.02200000000000002,0.02200000000000002,0.273,0.251,-0.02200000000000002,0.012777777777777805,0.034777777777777824,0.074,0.339,0.378,0.094,0.064,0.041,0.0,0.0,0.0,0.01
jev,frequency__seed_000058__repr_ratio__parallel_primitives,frequency__seed_000058,frequency,ratio,"(0.10,0.30]",0.12,0.17099999999999999,0.10600000000000001,0.14366666666666666,0.0,0.0,0.048,0.14366666665230002,0.05099999999999999,0.013999999999999985,0.02366666666666667,-0.06499999999999997,0.06499999999999997,0.329,0.394,0.065,0.02733333333333332,0.037666666666666654,0.048,0.655,0.263,0.024,0.01,0.0,0.0,0.0,0.0,0.0
jev,frequency__seed_000058__repr_scaled_counts__parallel_primitives,frequency__seed_000058,frequency,scaled_counts,"(0.10,0.30]",0.12,0.144,0.242,0.1632222222222222,0.006,0.0,0.053000000000000005,0.1632222222065,0.023999999999999994,0.122,0.04322222222222222,0.098,0.098,0.356,0.258,-0.09799999999999998,0.019222222222222224,0.07877777777777778,0.053000000000000005,0.514,0.37,0.043,0.014000000000000002,0.006,0.0,0.0,0.0,0.0
jev,frequency__seed_000058__repr_table__parallel_primitives,frequency__seed_000058,frequency,table,"(0.10,0.30]",0.12,0.166,0.533,0.21811111111111112,0.028999999999999998,0.0,0.044,0.2181111110922,0.04600000000000001,0.41300000000000003,0.09811111111111112,0.367,0.367,0.33399999999999996,0.03300000000000003,-0.30099999999999993,0.05211111111111111,0.3148888888888889,0.044,0.28300000000000003,0.454,0.133,0.05700000000000001,0.028999999999999998,0.0,0.0,0.0,0.0
jev,sequential_bayes__seed_000042__repr_direct__parallel_primitives,sequential_bayes__seed_000042,sequential_bayes,direct,"(0.70,0.90]",0.7626689672812239,0.741,0.916,0.6738888888888889,0.9430000000000001,1.0,0.005,0.6738888889158,0.021668967281223916,0.15333103271877613,0.08878007839233504,0.17500000000000004,0.17500000000000004,0.241,0.41600000000000004,0.17500000000000004,0.06711111111111112,0.24211111111111117,0.0,0.003,0.01,0.02,0.024,0.05,0.636,0.24100000000000002,0.011,0.005
jev,sequential_bayes__seed_000042__repr_prose__parallel_primitives,sequential_bayes__seed_000042,sequential_bayes,prose,"(0.70,0.90]",0.7626689672812239,0.766,0.978,0.7707777777777778,0.947,0.8160919540229885,0.087,0.7707777777954,0.0033310327187761057,0.21533103271877607,0.008108810496553875,0.21199999999999997,0.21199999999999997,0.266,0.478,0.21199999999999997,0.00477777777777777,0.2072222222222222,0.016,0.009,0.008,0.01,0.01,0.014000000000000002,0.092,0.579,0.191,0.071
jev,sequential_bayes__seed_000042__repr_table__parallel_primitives,sequential_bayes__seed_000042,sequential_bayes,table,"(0.70,0.90]",0.7626689672812239,0.735,0.9349999999999999,0.6826826826826827,0.947947947947948,1.0,0.0010010010010010012,0.6826846240444839,0.027668967281223922,0.17233103271877603,0.07998628459854118,0.19999999999999996,0.19999999999999996,0.235,0.43499999999999994,0.19999999999999996,0.05231731731731726,0.2523173173173172,0.0,0.0,0.00900900900900901,0.01901901901901902,0.024024024024024027,0.043043043043043044,0.5925925925925927,0.2972972972972973,0.014014014014014017,0.0010010010010010012
jev,sequential_bayes__seed_000043__repr_direct__parallel_primitives,sequential_bayes__seed_000043,sequential_bayes,direct,"[0.01,0.10]",0.077757405790055,0.24100000000000002,0.292,0.263,0.16499999999999998,0.14285714285714285,0.126,0.2629999999902,0.16324259420994502,0.214242594209945,0.18524259420994502,0.05099999999999996,0.05099999999999996,0.259,0.20800000000000002,-0.05099999999999999,0.021999999999999992,0.02899999999999997,0.10800000000000001,0.392,0.16899999999999998,0.10500000000000001,0.061,0.043,0.048,0.034999999999999996,0.020999999999999998,0.018
jev,sequential_bayes__seed_000043__repr_prose__parallel_primitives,sequential_bayes__seed_000043,sequential_bayes,prose,"[0.01,0.10]",0.077757405790055,0.178,0.33199999999999996,0.17722222222222223,0.052,0.07575757575757576,0.132,0.17722222220970002,0.100242594209945,0.254242594209945,0.09946481643216723,0.15399999999999997,0.15399999999999997,0.322,0.16800000000000004,-0.15399999999999997,0.0007777777777777661,0.15477777777777774,0.122,0.515,0.238,0.041,0.032,0.018,0.005,0.009,0.01,0.01
jev,sequential_bayes__seed_000043__repr_table__parallel_primitives,sequential_bayes__seed_000043,sequential_bayes,table,"[0.01,0.10]",0.077757405790055,0.251,0.29700000000000004,0.28388888888888886,0.203,0.1810344827586207,0.11599999999999999,0.2838888888808,0.173242594209945,0.21924259420994505,0.20613148309883386,0.04600000000000004,0.04600000000000004,0.249,0.20299999999999996,-0.04600000000000004,0.032888888888888856,0.013111111111111184,0.095,0.388,0.178,0.087,0.049,0.045,0.051000000000000004,0.054000000000000006,0.032,0.020999999999999998
jev,sequential_bayes__seed_000044__repr_direct__parallel_primitives,sequential_bayes__seed_000044,sequential_bayes,direct,"(0.10,0.30]",0.11267528685894272,0.24700000000000003,0.23700000000000002,0.22099999999999997,0.089,0.08064516129032258,0.12400000000000001,0.22099999998680003,0.13432471314105732,0.1243247131410573,0.10832471314105725,-0.010000000000000009,0.010000000000000009,0.253,0.263,0.010000000000000009,0.02600000000000005,0.016000000000000042,0.11400000000000002,0.369,0.286,0.10300000000000001,0.039,0.020999999999999998,0.027999999999999997,0.02,0.01,0.01
jev,sequential_bayes__seed_000044__repr_prose__parallel_primitives,sequential_bayes__seed_000044,sequential_bayes,prose,"(0.10,0.30]",0.11267528685894272,0.207,0.317,0.20133333333333334,0.067,0.0949367088607595,0.15799999999999997,0.20133333331990003,0.09432471314105727,0.20432471314105727,0.08865804647439061,0.11000000000000001,0.11000000000000001,0.29300000000000004,0.183,-0.11000000000000004,0.005666666666666653,0.11566666666666667,0.143,0.40499999999999997,0.262,0.07200000000000001,0.051000000000000004,0.018,0.01,0.014000000000000002,0.01,0.015
jev,sequential_bayes__seed_000044__repr_table__parallel_primitives,sequential_bayes__seed_000044,sequential_bayes,table,"(0.10,0.30]",0.11267528685894272,0.268,0.236,0.238,0.104,0.09523809523809525,0.105,0.23799999998659999,0.15532471314105728,0.12332471314105727,0.12532471314105725,-0.03200000000000003,0.03200000000000003,0.23199999999999998,0.264,0.03200000000000003,0.030000000000000027,0.0020000000000000018,0.095,0.344,0.29,0.119,0.048,0.028999999999999998,0.032,0.022,0.011,0.01
jev,sequential_bayes__seed_000045__repr_direct__parallel_primitives,sequential_bayes__seed_000045,sequential_bayes,direct,"(0.30,0.45]",0.3509406267523842,0.332,0.6,0.38265419728345584,0.13827655310621242,0.0,0.010020040080160322,0.3826285072707313,0.01894062675238417,0.2490593732476158,0.031713570531071655,0.26799999999999996,0.26799999999999996,0.16799999999999998,0.09999999999999998,-0.068,0.050654197283455826,0.21734580271654413,0.010020040080160322,0.020040080160320644,0.06613226452905813,0.5110220440881764,0.2545090180360722,0.09118236472945893,0.045090180360721446,0.0020040080160320644,0.0,0.0
jev,sequential_bayes__seed_000045__repr_prose__parallel_primitives,sequential_bayes__seed_000045,sequential_bayes,prose,"(0.30,0.45]",0.3509406267523842,0.383,0.8390000000000001,0.44955555555555554,0.379,0.4651162790697675,0.043,0.44955555554849996,0.03205937324761582,0.4880593732476159,0.09861492880317135,0.45600000000000007,0.45600000000000007,0.11699999999999999,0.3390000000000001,0.2220000000000001,0.06655555555555553,0.38944444444444454,0.023,0.017,0.066,0.277,0.238,0.25,0.088,0.012,0.009,0.02
jev,sequential_bayes__seed_000045__repr_table__parallel_primitives,sequential_bayes__seed_000045,sequential_bayes,table,"(0.30,0.45]",0.3509406267523842,0.346,0.623,0.41474808141474806,0.24724724724724723,0.23076923076923073,0.013013013013013013,0.4147239057071495,0.004940626752384214,0.2720593732476158,0.06380745466236387,0.277,0.277,0.15400000000000003,0.123,-0.031000000000000028,0.06874808141474809,0.20825191858525194,0.01001001001001001,0.02002002002002002,0.06206206206206206,0.4114114114114114,0.24924924924924924,0.14214214214214213,0.09509509509509509,0.007007007007007007,0.0,0.0030030030030030025
jev,sequential_bayes__seed_000046__repr_direct__parallel_primitives,sequential_bayes__seed_000046,sequential_bayes,direct,"(0.10,0.30]",0.2207423923319519,0.22400000000000003,0.277,0.3315555555555556,0.077,0.21875000000000003,0.032,0.3315555555301,0.0032576076680481403,0.05625760766804813,0.11081316322360371,0.05299999999999999,0.05299999999999999,0.27599999999999997,0.22299999999999998,-0.05299999999999999,0.10755555555555557,0.05455555555555558,0.025,0.065,0.197,0.49400000000000005,0.14200000000000002,0.032,0.020999999999999998,0.01,0.007000000000000001,0.007000000000000001
jev,sequential_bayes__seed_000046__repr_prose__parallel_primitives,sequential_bayes__seed_000046,sequential_bayes,prose,"(0.10,0.30]",0.2207423923319519,0.266,0.678,0.35744444444444445,0.131,0.2173913043478261,0.046,0.3574444444218,0.04525760766804812,0.4572576076680481,0.13670205211249256,0.41200000000000003,0.41200000000000003,0.23399999999999999,0.17800000000000005,-0.05599999999999994,0.09144444444444444,0.3205555555555556,0.036,0.052000000000000005,0.136,0.41,0.23500000000000001,0.10300000000000001,0.011,0.004,0.003,0.01
jev,sequential_bayes__seed_000046__repr_table__parallel_primitives,sequential_bayes__seed_000046,sequential_bayes,table,"(0.10,0.30]",0.2207423923319519,0.252,0.32599999999999996,0.3502222222222222,0.117,0.3125,0.032,0.35022222219890004,0.03125760766804811,0.10525760766804806,0.12947982989027032,0.07399999999999995,0.07399999999999995,0.248,0.17400000000000004,-0.07399999999999995,0.09822222222222221,0.024222222222222256,0.022,0.075,0.148,0.479,0.159,0.05500000000000001,0.031,0.011,0.01,0.01
jev,sequential_bayes__seed_000047__repr_direct__parallel_primitives,sequential_bayes__seed_000047,sequential_bayes,direct,"(0.70,0.90]",0.7887928911656144,0.475,0.664,0.4329885440996552,0.42342342342342343,0.2636363636363636,0.11011011011011011,0.43295398428635856,0.3137928911656144,0.12479289116561432,0.35580434706595915,0.18900000000000006,0.18900000000000006,0.025000000000000022,0.16400000000000003,0.139,0.042011455900344774,0.23101145590034483,0.08108108108108109,0.18118118118118118,0.18518518518518517,0.08908908908908908,0.04004004004004004,0.042042042042042045,0.08108108108108109,0.21021021021021022,0.06106106106106106,0.029029029029029027
jev,sequential_bayes__seed_000047__repr_prose__parallel_primitives,sequential_bayes__seed_000047,sequential_bayes,prose,"(0.70,0.90]",0.7887928911656144,0.758,0.9650000000000001,0.7552222222222222,0.949,0.7884615384615384,0.052000000000000005,0.7552222222416,0.030792891165614344,0.17620710883438573,0.03357066894339211,0.20700000000000007,0.20700000000000007,0.258,0.4650000000000001,0.20700000000000007,0.002777777777777768,0.20977777777777784,0.011,0.009,0.01,0.01,0.011,0.019,0.133,0.616,0.13999999999999999,0.041
jev,sequential_bayes__seed_000047__repr_table__parallel_primitives,sequential_bayes__seed_000047,sequential_bayes,table,"(0.70,0.90]",0.7887928911656144,0.46299999999999997,0.631,0.47944444444444445,0.489,0.3655913978494623,0.093,0.4794444444454,0.3257928911656144,0.15779289116561435,0.3093484467211699,0.16800000000000004,0.16800000000000004,0.03700000000000003,0.131,0.09399999999999997,0.016444444444444484,0.15155555555555555,0.059,0.154,0.16,0.087,0.051000000000000004,0.05600000000000001,0.081,0.24,0.078,0.033999999999999996
jev,sequential_bayes__seed_000048__repr_direct__parallel_primitives,sequential_bayes__seed_000048,sequential_bayes,direct,"(0.90,0.99]",0.9751627237748509,0.925,0.977,0.838,0.9510000000000001,0.8529411764705882,0.068,0.8380000000113,0.05016272377485087,0.0018372762251490649,0.13716272377485095,0.051999999999999935,0.051999999999999935,0.42500000000000004,0.477,0.051999999999999935,0.08700000000000008,0.139,0.010000000000000002,0.010000000000000002,0.010000000000000002,0.009000000000000001,0.010000000000000002,0.010000000000000002,0.010000000000000002,0.171,0.7020000000000001,0.058
jev,sequential_bayes__seed_000048__repr_prose__parallel_primitives,sequential_bayes__seed_000048,sequential_bayes,prose,"(0.90,0.99]",0.9751627237748509,0.9349999999999999,0.9879999999999999,0.8515555555555555,0.9550000000000001,0.8484848484848486,0.066,0.8515555555659,0.04016272377485097,0.012837276225148964,0.1236071682192954,0.052999999999999936,0.052999999999999936,0.43499999999999994,0.4879999999999999,0.052999999999999936,0.08344444444444443,0.13644444444444437,0.01,0.009,0.006,0.01,0.01,0.007000000000000001,0.004,0.094,0.794,0.05600000000000001
jev,sequential_bayes__seed_000048__repr_table__parallel_primitives,sequential_bayes__seed_000048,sequential_bayes,table,"(0.90,0.99]",0.9751627237748509,0.929,0.9800000000000001,0.8377777777777777,0.95,0.8550724637681161,0.069,0.837777777789,0.04616272377485087,0.0048372762251491785,0.13738494599707318,0.051000000000000045,0.051000000000000045,0.42900000000000005,0.4800000000000001,0.051000000000000045,0.09122222222222232,0.14222222222222236,0.01,0.01,0.01,0.01,0.01,0.01,0.01,0.16899999999999998,0.702,0.05900000000000001
jev,sequential_bayes__seed_000049__repr_direct__parallel_primitives,sequential_bayes__seed_000049,sequential_bayes,direct,"(0.70,0.90]",0.8003900273948994,0.755,0.93,0.7054444444444444,0.9349999999999999,1.0,0.01,0.7054444444674,0.04539002739489939,0.12960997260510065,0.09494558295045497,0.17500000000000004,0.17500000000000004,0.255,0.43000000000000005,0.17500000000000004,0.049555555555555575,0.22455555555555562,0.0,0.004,0.01,0.020999999999999998,0.03,0.034999999999999996,0.388,0.46699999999999997,0.034999999999999996,0.01
jev,sequential_bayes__seed_000049__repr_prose__parallel_primitives,sequential_bayes__seed_000049,sequential_bayes,prose,"(0.70,0.90]",0.8003900273948994,0.791,0.977,0.8034444444444444,0.95,0.8153846153846154,0.06500000000000002,0.8034444444590999,0.009390027394899358,0.17660997260510058,0.0030544170495450107,0.18599999999999994,0.18599999999999994,0.29100000000000004,0.477,0.18599999999999994,0.01244444444444437,0.17355555555555557,0.012000000000000002,0.009000000000000001,0.007000000000000002,0.010000000000000002,0.012000000000000002,0.010000000000000002,0.029,0.435,0.423,0.05300000000000001
jev,sequential_bayes__seed_000049__repr_table__parallel_primitives,sequential_bayes__seed_000049,sequential_bayes,table,"(0.70,0.90]",0.8003900273948994,0.75,0.9469999999999998,0.7176666666666667,0.934,1.0,0.01,0.7176666666882999,0.050390027394899395,0.14660997260510045,0.08272336072823272,0.19699999999999984,0.19699999999999984,0.25,0.44699999999999984,0.19699999999999984,0.032333333333333325,0.22933333333333317,0.0,0.003,0.01,0.022,0.031,0.028999999999999998,0.309,0.531,0.05500000000000001,0.01
jev,sequential_bayes__seed_000050__repr_direct__parallel_primitives,sequential_bayes__seed_000050,sequential_bayes,direct,"[0.01,0.10]",0.02762280113741506,0.11099999999999999,0.06,0.09376042709376042,0.0,0.0,0.2502502502502503,0.09376318742047778,0.08337719886258493,0.03237719886258494,0.06613762595634537,-0.05099999999999999,0.05099999999999999,0.389,0.44,0.05099999999999999,0.017239572906239564,0.033760427093760426,0.2502502502502503,0.6676676676676677,0.07107107107107107,0.01001001001001001,0.001001001001001001,0.0,0.0,0.0,0.0,0.0
jev,sequential_bayes__seed_000050__repr_prose__parallel_primitives,sequential_bayes__seed_000050,sequential_bayes,prose,"[0.01,0.10]",0.02762280113741506,0.092,0.16699999999999998,0.12434656879101323,0.020020020020020023,0.05847953216374269,0.1711711711711712,0.12434567900191314,0.06437719886258494,0.13937719886258493,0.09672376765359816,0.07499999999999998,0.07499999999999998,0.40800000000000003,0.333,-0.07500000000000001,0.03234656879101323,0.04265343120898675,0.1611611611611612,0.6926926926926927,0.10310310310310312,0.012012012012012014,0.011011011011011013,0.010010010010010012,0.0,0.0,0.0,0.010010010010010012
jev,sequential_bayes__seed_000050__repr_table__parallel_primitives,sequential_bayes__seed_000050,sequential_bayes,table,"[0.01,0.10]",0.02762280113741506,0.11200000000000002,0.083,0.10264125710464726,0.0020060180541624875,0.0,0.2286860581745236,0.10263748596075557,0.08437719886258496,0.05537719886258494,0.0750184559672322,-0.029000000000000012,0.029000000000000012,0.388,0.417,0.02899999999999997,0.009358742895352753,0.01964125710464726,0.2286860581745236,0.6569709127382146,0.09027081243731193,0.014042126379137413,0.00802407221664995,0.0010030090270812437,0.0,0.0010030090270812437,0.0,0.0
jev,sequential_bayes__seed_000051__repr_direct__parallel_primitives,sequential_bayes__seed_000051,sequential_bayes,direct,"[0.01,0.10]",0.07608014616604873,0.144,0.121,0.16666666666666666,0.057999999999999996,0.0398406374501992,0.251,0.16666666665580002,0.06791985383395126,0.044919853833951265,0.09058652050061793,-0.022999999999999993,0.022999999999999993,0.356,0.379,0.02300000000000002,0.02266666666666667,0.04566666666666666,0.24100000000000002,0.446,0.15,0.05600000000000001,0.049,0.018,0.01,0.01,0.01,0.01
jev,sequential_bayes__seed_000051__repr_prose__parallel_primitives,sequential_bayes__seed_000051,sequential_bayes,prose,"[0.01,0.10]",0.07608014616604873,0.156,0.516,0.25166666666666665,0.098,0.1142857142857143,0.105,0.2516666666513,0.07991985383395127,0.43991985383395127,0.1755865205006179,0.36,0.36,0.344,0.016000000000000014,-0.32799999999999996,0.09566666666666665,0.26433333333333336,0.093,0.274,0.314,0.11300000000000002,0.10800000000000001,0.059,0.01,0.007000000000000001,0.01,0.012
jev,sequential_bayes__seed_000051__repr_table__parallel_primitives,sequential_bayes__seed_000051,sequential_bayes,table,"[0.01,0.10]",0.07608014616604873,0.16799999999999998,0.139,0.1850739628517406,0.06306306306306306,0.053475935828877004,0.1871871871871872,0.18507519639632827,0.09191985383395125,0.06291985383395128,0.10899381668569187,-0.02899999999999997,0.02899999999999997,0.332,0.361,0.02899999999999997,0.01707396285174062,0.04607396285174059,0.17717717717717718,0.46346346346346345,0.17117117117117114,0.05905905905905907,0.06606606606606608,0.02102102102102102,0.011011011011011011,0.011011011011011011,0.01001001001001001,0.01001001001001001
jev,sequential_bayes__seed_000052__repr_direct__parallel_primitives,sequential_bayes__seed_000052,sequential_bayes,direct,"(0.10,0.30]",0.15389933510803008,0.298,0.281,0.28539650761872987,0.15815815815815817,0.16438356164383564,0.07307307307307306,0.2854006733879495,0.1441006648919699,0.12710066489196994,0.13149717251069978,-0.01699999999999996,0.01699999999999996,0.202,0.21899999999999997,0.01699999999999996,0.01260349238127012,0.004396507618729839,0.06106106106106106,0.2812812812812813,0.2772772772772773,0.15415415415415415,0.06806806806806807,0.04804804804804805,0.05305305305305306,0.029029029029029027,0.01601601601601602,0.012012012012012012
jev,sequential_bayes__seed_000052__repr_prose__parallel_primitives,sequential_bayes__seed_000052,sequential_bayes,prose,"(0.10,0.30]",0.15389933510803008,0.211,0.481,0.248,0.057,0.14473684210526316,0.076,0.24799999998090003,0.05710066489196991,0.3271006648919699,0.09410066489196992,0.27,0.27,0.28900000000000003,0.019000000000000017,-0.27,0.037000000000000005,0.23299999999999998,0.065,0.236,0.387,0.174,0.081,0.023,0.006,0.01,0.007000000000000001,0.011
jev,sequential_bayes__seed_000052__repr_table__parallel_primitives,sequential_bayes__seed_000052,sequential_bayes,table,"(0.10,0.30]",0.15389933510803008,0.268,0.225,0.27855555555555556,0.165,0.16279069767441864,0.086,0.2785555555442,0.11410066489196993,0.07110066489196992,0.12465622044752547,-0.04300000000000001,0.04300000000000001,0.23199999999999998,0.275,0.04300000000000004,0.01055555555555554,0.05355555555555555,0.072,0.32799999999999996,0.24700000000000003,0.133,0.05500000000000001,0.043,0.052000000000000005,0.034999999999999996,0.020999999999999998,0.014000000000000002
jev,sequential_bayes__seed_000053__repr_direct__parallel_primitives,sequential_bayes__seed_000053,sequential_bayes,direct,"[0.01,0.10]",0.02247158859218456,0.089,0.039,0.10876605248464545,0.007035175879396985,0.022421524663677125,0.22412060301507541,0.1087631874196798,0.06652841140781543,0.01652841140781544,0.0862944638924609,-0.049999999999999996,0.049999999999999996,0.41100000000000003,0.461,0.04999999999999999,0.019766052484645455,0.06976605248464546,0.21909547738693472,0.6653266331658292,0.07738693467336684,0.021105527638190954,0.010050251256281407,0.0020100502512562816,0.0,0.0,0.0,0.005025125628140704
jev,sequential_bayes__seed_000053__repr_prose__parallel_primitives,sequential_bayes__seed_000053,sequential_bayes,prose,"[0.01,0.10]",0.02247158859218456,0.099,0.23399999999999999,0.15564462257849032,0.021042084168336674,0.09782608695652173,0.09218436873747494,0.15564085296072527,0.07652841140781544,0.21152841140781542,0.13317303398630576,0.13499999999999998,0.13499999999999998,0.401,0.266,-0.135,0.05664462257849032,0.07835537742150966,0.08316633266533066,0.62625250501002,0.20841683366733468,0.028056112224448895,0.033066132264529056,0.012024048096192385,0.0,0.0,0.0,0.009018036072144287
jev,sequential_bayes__seed_000053__repr_table__parallel_primitives,sequential_bayes__seed_000053,sequential_bayes,table,"[0.01,0.10]",0.02247158859218456,0.089,0.045,0.12045378712045376,0.005005005005005005,0.0,0.13813813813813816,0.12045005610517778,0.06652841140781543,0.02252841140781544,0.0979821985282692,-0.044,0.044,0.41100000000000003,0.455,0.043999999999999984,0.03145378712045377,0.07545378712045377,0.13813813813813816,0.7067067067067067,0.11211211211211213,0.028028028028028024,0.01001001001001001,0.002002002002002002,0.002002002002002002,0.001001001001001001,0.0,0.0
jev,sequential_bayes__seed_000054__repr_direct__parallel_primitives,sequential_bayes__seed_000054,sequential_bayes,direct,"(0.55,0.70]",0.6251234123859295,0.429,0.557,0.335,0.239,0.2045454545454545,0.08800000000000001,0.3349999999904,0.1961234123859295,0.06812341238592945,0.2901234123859295,0.12800000000000006,0.12800000000000006,0.07100000000000001,0.05700000000000005,-0.013999999999999957,0.09399999999999997,0.22200000000000003,0.07,0.198,0.279,0.161,0.053000000000000005,0.044,0.082,0.06999999999999999,0.025,0.018
jev,sequential_bayes__seed_000054__repr_prose__parallel_primitives,sequential_bayes__seed_000054,sequential_bayes,prose,"(0.55,0.70]",0.6251234123859295,0.668,0.953,0.697111111111111,0.945,0.7755102040816326,0.049,0.6971111111359,0.04287658761407054,0.32787658761407046,0.07198769872518151,0.2849999999999999,0.2849999999999999,0.16800000000000004,0.45299999999999996,0.2849999999999999,0.029111111111110977,0.25588888888888894,0.011,0.01,0.01,0.012,0.012,0.064,0.46799999999999997,0.31,0.065,0.038
jev,sequential_bayes__seed_000054__repr_table__parallel_primitives,sequential_bayes__seed_000054,sequential_bayes,table,"(0.55,0.70]",0.6251234123859295,0.48,0.622,0.4093333333333333,0.374,0.23595505617977527,0.089,0.40933333332980004,0.14512341238592952,0.0031234123859295027,0.21579007905259617,0.14200000000000002,0.14200000000000002,0.020000000000000018,0.122,0.10199999999999998,0.07066666666666666,0.21266666666666667,0.068,0.162,0.186,0.156,0.054000000000000006,0.053000000000000005,0.129,0.13,0.041,0.020999999999999998
jev,sequential_bayes__seed_000055__repr_direct__parallel_primitives,sequential_bayes__seed_000055,sequential_bayes,direct,"(0.99,1)",0.9948143100686025,0.923,0.976,0.8381111111111111,0.9450000000000001,0.8369565217391305,0.092,0.8381111111217999,0.0718143100686025,0.01881431006860257,0.1567031989574914,0.052999999999999936,0.052999999999999936,0.42300000000000004,0.476,0.052999999999999936,0.0848888888888889,0.13788888888888884,0.015,0.01,0.01,0.01,0.01,0.01,0.013000000000000001,0.13799999999999998,0.7070000000000001,0.077
jev,sequential_bayes__seed_000055__repr_prose__parallel_primitives,sequential_bayes__seed_000055,sequential_bayes,prose,"(0.99,1)",0.9948143100686025,0.944,0.99,0.8581915248581916,0.9549549549549551,0.8837209302325582,0.08608608608608609,0.8581952862049625,0.0508143100686026,0.004814310068602556,0.13662278521041094,0.04600000000000004,0.04600000000000004,0.44399999999999995,0.49,0.04600000000000004,0.08580847514180834,0.13180847514180838,0.010010010010010012,0.009009009009009009,0.004004004004004005,0.009009009009009009,0.013013013013013016,0.009009009009009009,0.0010010010010010012,0.05905905905905906,0.8098098098098099,0.07607607607607608
jev,sequential_bayes__seed_000055__repr_table__parallel_primitives,sequential_bayes__seed_000055,sequential_bayes,table,"(0.99,1)",0.9948143100686025,0.944,0.9810000000000001,0.8472222222222222,0.9520000000000001,0.8625,0.08,0.8472222222326999,0.0508143100686026,0.013814310068602453,0.14759208784638034,0.037000000000000144,0.037000000000000144,0.44399999999999995,0.4810000000000001,0.037000000000000144,0.09677777777777774,0.13377777777777788,0.011,0.01,0.01,0.007000000000000001,0.01,0.009,0.01,0.10400000000000001,0.76,0.069
jev,sequential_bayes__seed_000056__repr_direct__parallel_primitives,sequential_bayes__seed_000056,sequential_bayes,direct,"(0.55,0.70]",0.6769462255144328,0.668,0.898,0.6464444444444445,0.936,,0.0,0.6464444444734,0.008946225514432804,0.22105377448556718,0.030501781069988354,0.22999999999999998,0.22999999999999998,0.16800000000000004,0.398,0.22999999999999998,0.02155555555555555,0.25155555555555553,0.0,0.0,0.007000000000000001,0.02,0.037,0.10800000000000001,0.747,0.074,0.007000000000000001,0.0
jev,sequential_bayes__seed_000056__repr_prose__parallel_primitives,sequential_bayes__seed_000056,sequential_bayes,prose,"(0.55,0.70]",0.6769462255144328,0.681,0.9629999999999999,0.7214444444444444,0.965,0.7674418604651162,0.043000000000000003,0.7214444444688001,0.0040537744855672075,0.286053774485567,0.0444982189300116,0.2819999999999998,0.2819999999999998,0.18100000000000005,0.46299999999999986,0.2819999999999998,0.040444444444444394,0.2415555555555554,0.01,0.004,0.001,0.01,0.01,0.037,0.388,0.449,0.057999999999999996,0.033
jev,sequential_bayes__seed_000056__repr_table__parallel_primitives,sequential_bayes__seed_000056,sequential_bayes,table,"(0.55,0.70]",0.6769462255144328,0.656,0.931,0.6506666666666666,0.9380000000000001,,0.0,0.6506666666954,0.020946225514432815,0.2540537744855672,0.026279558847766227,0.275,0.275,0.15600000000000003,0.43100000000000005,0.275,0.005333333333333412,0.28033333333333343,0.0,0.0,0.005,0.02,0.037,0.089,0.759,0.081,0.009,0.0
jev,sequential_bayes__seed_000057__repr_direct__parallel_primitives,sequential_bayes__seed_000057,sequential_bayes,direct,"(0.55,0.70]",0.6583011485114412,0.658,0.882,0.6397777777777778,0.895,0.5625,0.016,0.6397777778033,0.0003011485114411405,0.22369885148855884,0.01852337073366339,0.22399999999999998,0.22399999999999998,0.15800000000000003,0.382,0.22399999999999998,0.01822222222222225,0.24222222222222223,0.007000000000000001,0.002,0.01,0.041,0.045,0.08499999999999999,0.6900000000000001,0.101,0.01,0.009
jev,sequential_bayes__seed_000057__repr_prose__parallel_primitives,sequential_bayes__seed_000057,sequential_bayes,prose,"(0.55,0.70]",0.6583011485114412,0.67,0.967,0.7161111111111111,0.967,0.7777777777777777,0.045,0.7161111111362001,0.01169885148855887,0.3086988514885588,0.05780996259966997,0.29699999999999993,0.29699999999999993,0.17000000000000004,0.46699999999999997,0.29699999999999993,0.0461111111111111,0.25088888888888883,0.01,0.002,0.001,0.01,0.01,0.047,0.422,0.41500000000000004,0.048,0.034999999999999996
jev,sequential_bayes__seed_000057__repr_table__parallel_primitives,sequential_bayes__seed_000057,sequential_bayes,table,"(0.55,0.70]",0.6583011485114412,0.64,0.898,0.6380825269714159,0.8958958958958959,1.0,0.0010010010010010012,0.6380718294309424,0.018301148511441157,0.23969885148855885,0.020218621540025294,0.258,0.258,0.14,0.398,0.258,0.001917473028584138,0.25991747302858415,0.0,0.0,0.010010010010010012,0.04004004004004005,0.054054054054054064,0.09909909909909911,0.6986986986986987,0.0870870870870871,0.010010010010010012,0.0010010010010010012
jev,sequential_bayes__seed_000058__repr_direct__parallel_primitives,sequential_bayes__seed_000058,sequential_bayes,direct,"(0,0.01)",0.008611190063057283,0.094,0.066,0.107,0.022000000000000002,0.020338983050847456,0.29500000000000004,0.1069999999915,0.08538880993694271,0.05738880993694272,0.09838880993694271,-0.027999999999999997,0.027999999999999997,0.406,0.434,0.02799999999999997,0.012999999999999998,0.040999999999999995,0.28900000000000003,0.606,0.06,0.015,0.008,0.001,0.006,0.007000000000000001,0.002,0.006
jev,sequential_bayes__seed_000058__repr_prose__parallel_primitives,sequential_bayes__seed_000058,sequential_bayes,prose,"(0,0.01)",0.008611190063057283,0.08499999999999999,0.122,0.11988888888888888,0.022,0.052910052910052914,0.189,0.11988888887910001,0.0763888099369427,0.11338880993694271,0.11127769882583159,0.037000000000000005,0.037000000000000005,0.41500000000000004,0.378,-0.03700000000000003,0.034888888888888886,0.002111111111111119,0.179,0.711,0.067,0.011,0.01,0.008,0.0,0.001,0.003,0.01
jev,sequential_bayes__seed_000058__repr_table__parallel_primitives,sequential_bayes__seed_000058,sequential_bayes,table,"(0,0.01)",0.008611190063057283,0.088,0.043,0.10176843510176843,0.009009009009009009,0.011070110701107012,0.27127127127127126,0.10176767675840001,0.07938880993694271,0.03438880993694271,0.09315724503871115,-0.045,0.045,0.41200000000000003,0.457,0.044999999999999984,0.013768435101768436,0.058768435101768435,0.2682682682682683,0.6346346346346347,0.06006006006006006,0.019019019019019017,0.009009009009009009,0.0,0.001001001001001001,0.005005005005005005,0.0,0.003003003003003003
jev,sequential_bayes__seed_000059__repr_direct__parallel_primitives,sequential_bayes__seed_000059,sequential_bayes,direct,"[0.01,0.10]",0.03849325907238422,0.11699999999999999,0.062,0.11711711711711711,0.005005005005005005,0.0056179775280898875,0.1781781781781782,0.11711335576881113,0.07850674092761578,0.02350674092761578,0.0786238580447329,-0.05499999999999999,0.05499999999999999,0.383,0.438,0.05499999999999999,0.00011711711711712147,0.055117117117117115,0.17717717717717718,0.6626626626626627,0.11611611611611614,0.028028028028028024,0.011011011011011011,0.002002002002002002,0.002002002002002002,0.0,0.0,0.001001001001001001
jev,sequential_bayes__seed_000059__repr_prose__parallel_primitives,sequential_bayes__seed_000059,sequential_bayes,prose,"[0.01,0.10]",0.03849325907238422,0.11299999999999999,0.195,0.1537777777777778,0.019,0.09677419354838711,0.09299999999999999,0.15377777776430002,0.07450674092761578,0.1565067409276158,0.11528451870539358,0.08200000000000002,0.08200000000000002,0.387,0.305,-0.08200000000000002,0.0407777777777778,0.041222222222222216,0.08399999999999999,0.622,0.22000000000000003,0.028999999999999998,0.026000000000000002,0.01,0.0,0.0,0.0,0.009
jev,sequential_bayes__seed_000059__repr_table__parallel_primitives,sequential_bayes__seed_000059,sequential_bayes,table,"[0.01,0.10]",0.03849325907238422,0.118,0.046,0.11704151281190557,0.0,0.0,0.15407854984894262,0.11703928169424445,0.07950674092761578,0.007506740927615781,0.07854825373952135,-0.072,0.072,0.382,0.454,0.07200000000000001,0.0009584871880944229,0.07104151281190557,0.15407854984894262,0.6807653575025177,0.1329305135951662,0.022155085599194362,0.010070493454179257,0.0,0.0,0.0,0.0,0.0
jev,sequential_bayes__seed_000060__repr_direct__parallel_primitives,sequential_bayes__seed_000060,sequential_bayes,direct,"(0.10,0.30]",0.10343497142093172,0.179,0.21400000000000002,0.2142222222222222,0.092,0.0558659217877095,0.179,0.21422222221,0.07556502857906827,0.1105650285790683,0.11078725080129048,0.03500000000000003,0.03500000000000003,0.321,0.286,-0.03500000000000003,0.03522222222222221,0.00022222222222217924,0.16899999999999998,0.366,0.193,0.093,0.087,0.052000000000000005,0.016,0.009,0.005,0.01
jev,sequential_bayes__seed_000060__repr_prose__parallel_primitives,sequential_bayes__seed_000060,sequential_bayes,prose,"(0.10,0.30]",0.10343497142093172,0.184,0.42699999999999994,0.2812222222222222,0.11599999999999999,0.12658227848101267,0.079,0.28122222220570003,0.08056502857906828,0.3235650285790682,0.1777872508012905,0.24299999999999994,0.24299999999999994,0.316,0.07300000000000006,-0.24299999999999994,0.09722222222222221,0.14577777777777773,0.069,0.181,0.343,0.153,0.138,0.087,0.01,0.004,0.005,0.01
jev,sequential_bayes__seed_000060__repr_table__parallel_primitives,sequential_bayes__seed_000060,sequential_bayes,table,"(0.10,0.30]",0.10343497142093172,0.183,0.307,0.2758888888888889,0.18200000000000002,0.0847457627118644,0.11800000000000001,0.2758888888795,0.07956502857906828,0.20356502857906827,0.17245391746795719,0.124,0.124,0.317,0.193,-0.124,0.09288888888888891,0.03111111111111109,0.10800000000000001,0.296,0.197,0.12,0.097,0.11400000000000002,0.032,0.015,0.011,0.01
jev,sequential_bayes__seed_000061__repr_direct__parallel_primitives,sequential_bayes__seed_000061,sequential_bayes,direct,"(0.55,0.70]",0.6542643257081491,0.665,0.932,0.6645534423312202,0.940940940940941,0.5238095238095237,0.021021021021021023,0.664557800252106,0.01073567429185096,0.277735674291851,0.010289116623071082,0.267,0.267,0.16500000000000004,0.43200000000000005,0.267,0.0004465576687798789,0.2674465576687799,0.010010010010010012,0.005005005005005006,0.009009009009009009,0.01601601601601602,0.01901901901901902,0.047047047047047055,0.6926926926926927,0.1781781781781782,0.012012012012012014,0.011011011011011011
jev,sequential_bayes__seed_000061__repr_prose__parallel_primitives,sequential_bayes__seed_000061,sequential_bayes,prose,"(0.55,0.70]",0.6542643257081491,0.677,0.9640000000000001,0.7207777777777777,0.967,0.8529411764705883,0.068,0.7207777778024,0.02273567429185097,0.309735674291851,0.06651345206962866,0.28700000000000003,0.28700000000000003,0.17700000000000005,0.4640000000000001,0.28700000000000003,0.04377777777777769,0.24322222222222234,0.01,0.002,0.001,0.01,0.01,0.041,0.45499999999999996,0.348,0.065,0.05800000000000001
jev,sequential_bayes__seed_000061__repr_table__parallel_primitives,sequential_bayes__seed_000061,sequential_bayes,table,"(0.55,0.70]",0.6542643257081491,0.665,0.952,0.6746666666666667,0.9540000000000001,0.6666666666666667,0.015,0.6746666666946,0.01073567429185096,0.2977356742918509,0.020402340958517673,0.2869999999999999,0.2869999999999999,0.16500000000000004,0.45199999999999996,0.2869999999999999,0.009666666666666712,0.2773333333333332,0.005,0.0,0.002,0.019,0.02,0.04,0.6990000000000001,0.193,0.012,0.01
