instance_id,latent_instance_id,family,representation,p_star,p_noul,p_choice,mu_score,implied_unknown_score_choice,ambiguity_unknown,pred_choice_ambiguity,score_central_unknown,score_learned_unknown,pred_choice_score_learned,abs_error_identity,abs_error_ambiguity,abs_improvement,abs_error_score_learned,abs_improvement_score_learned,score_unknown,abs_score_minus_ambiguity_unknown
bayes__seed_000042__repr_counts__parallel_primitives,bayes__seed_000042,bayes,counts,0.04367480789658851,0.11499999999999999,0.304,0.225,0.2598684210526315,0.35052704146249475,0.3464347468856271,0.17774621599999998,0.263878246007572,0.3056559581070531,0.07899999999999999,0.042434746885627095,0.03656525311437289,0.0016559581070531015,0.07734404189294689,0.263878246007572,0.08664879545492277
bayes__seed_000042__repr_direct__parallel_primitives,bayes__seed_000042,bayes,direct,0.04367480789658851,0.248,0.362,0.2777777777777778,0.23265807243707792,0.3649691451415607,0.4374240647561918,0.27996428,0.33053916620786516,0.4149276010731149,0.0842222222222222,0.07542406475619179,0.00879815746603041,0.052927601073114894,0.031294621149107305,0.33053916620786516,0.03442997893369554
bayes__seed_000042__repr_distractor__parallel_primitives,bayes__seed_000042,bayes,distractor,0.04367480789658851,0.21400000000000002,0.363,0.3082222222222222,0.1509029690847874,0.3692188557491954,0.48863575747544863,0.305956544,0.3389875361294171,0.4662880642483132,0.054777777777777814,0.12563575747544864,-0.07085797969767083,0.10328806424831322,-0.0485102864705354,0.3389875361294171,0.030231319619778263
bayes__seed_000042__repr_prose__parallel_primitives,bayes__seed_000042,bayes,prose,0.04367480789658851,0.16999999999999998,0.575,0.2634444444444444,0.5418357487922705,0.36198485672948655,0.4129125260162454,0.27767292,0.33925772902776913,0.39870983894644185,0.31155555555555553,0.16208747398375456,0.14946808157180097,0.1762901610535581,0.13526539450199743,0.33925772902776913,0.02272712770171742
bayes__seed_000042__repr_table__parallel_primitives,bayes__seed_000042,bayes,table,0.04367480789658851,0.161,0.165,0.17452357071213642,0.0,0.3265516108584857,0.25914913975013326,0.16616214242728183,0.2708774384213358,0.2393610894912724,0.009523570712136414,0.09414913975013325,-0.08462556903799684,0.0743610894912724,-0.06483751877913599,0.2708774384213358,0.055674172437149894
bayes__seed_000045__repr_counts__parallel_primitives,bayes__seed_000045,bayes,counts,0.8768016590833436,0.716,0.9030000000000001,0.6548888888888889,0.2747631352282517,0.2725271228953714,0.9002244750283653,0.350154424,0.36788464484556366,0.9999984730257454,0.24811111111111128,0.002775524971634802,0.24533558613947648,0.09699847302574527,0.151112638085366,0.36788464484556366,0.09535752195019226
bayes__seed_000045__repr_direct__parallel_primitives,bayes__seed_000045,bayes,direct,0.8768016590833436,0.804,0.9629999999999999,0.7493333333333334,0.22187608168916562,0.21184593956661504,0.9507447476972902,0.22851317599999996,0.36667372115787167,0.9999986654822081,0.21366666666666645,0.01225525230270963,0.20141141436395682,0.036998665482208204,0.17666800118445825,0.36667372115787167,0.15482778159125662
bayes__seed_000045__repr_distractor__parallel_primitives,bayes__seed_000045,bayes,distractor,0.8768016590833436,0.82,0.969,0.7435983077265642,0.2326126855247015,0.21586623258088464,0.9483054277512256,0.23621392384769535,0.3760684516769777,0.999998655189711,0.22540169227343576,0.020694572248774357,0.2047071200246614,0.03099865518971101,0.19440303708372475,0.3760684516769777,0.16020221909609308
bayes__seed_000045__repr_prose__parallel_primitives,bayes__seed_000045,bayes,prose,0.8768016590833436,0.8379999999999999,0.9800000000000001,0.8138888888888889,0.16950113378684817,0.16378970957976455,0.9733064735186062,0.131819904,0.2690101215105041,0.9999987713325676,0.1661111111111112,0.006693526481393874,0.15941758462971733,0.019998771332567555,0.14611233977854365,0.2690101215105041,0.10522041193073953
bayes__seed_000045__repr_table__parallel_primitives,bayes__seed_000045,bayes,table,0.8768016590833436,0.818,0.969,0.7693333333333333,0.20605435156518748,0.19750212728903624,0.958673361630735,0.19657544,0.3773112279349186,0.9999987001749997,0.19966666666666666,0.010326638369264951,0.1893400282974017,0.030998700174999727,0.16866796649166693,0.3773112279349186,0.17980910064588237
bayes__seed_000048__repr_counts__parallel_primitives,bayes__seed_000048,bayes,counts,0.8313821568498233,0.916,0.9709999999999999,0.8256666666666665,0.14967387572948854,0.15448544311036516,0.976525667049445,0.13396892,0.26749102032238414,0.9999987888589558,0.14533333333333331,0.0055256670494451265,0.1398076662838882,0.028998788858955904,0.11633454447437741,0.26749102032238414,0.11300557721201898
bayes__seed_000048__repr_direct__parallel_primitives,bayes__seed_000048,bayes,direct,0.8313821568498233,0.46799999999999997,0.727,0.534,0.265474552957359,0.33136526963402485,0.7986423315278833,0.314220608,0.3532990948082106,0.8257294766606734,0.19299999999999995,0.07164233152788335,0.1213576684721166,0.09872947666067344,0.0942705233393265,0.3532990948082106,0.02193382517418574
bayes__seed_000048__repr_distractor__parallel_primitives,bayes__seed_000048,bayes,distractor,0.8313821568498233,0.378,0.643,0.4378888888888889,0.3189908415413859,0.3605530946156516,0.6847931942460332,0.317667488,0.34762633128496156,0.6712240390563065,0.20511111111111113,0.04179319424603323,0.1633179168650779,0.028224039056306438,0.1768870720548047,0.34762633128496156,0.012926763330690039
bayes__seed_000048__repr_prose__parallel_primitives,bayes__seed_000048,bayes,prose,0.8313821568498233,0.75,0.951,0.7854444444444444,0.1740857576819722,0.1855877275026584,0.964431002538715,0.14276308799999998,0.28286486051716053,0.9999987268370998,0.16555555555555557,0.013431002538715098,0.15212455301684047,0.048998726837099826,0.11655682871845574,0.28286486051716053,0.09727713301450214
bayes__seed_000048__repr_table__parallel_primitives,bayes__seed_000048,bayes,table,0.8313821568498233,0.271,0.326,0.251,0.23006134969325154,0.3588465422374266,0.3914819408069827,0.24231302399999996,0.3552061411611179,0.3892716975499586,0.07500000000000001,0.06548194080698266,0.009518059193017347,0.0632716975499586,0.011728302450041417,0.3552061411611179,0.003640401076308697
bayes__seed_000051__repr_counts__parallel_primitives,bayes__seed_000051,bayes,counts,0.9696712044107276,0.799,0.9279999999999999,0.7020000000000001,0.24353448275862055,0.2437540199000872,0.9282693970912137,0.230632976,0.3040828971681405,0.9999985755006047,0.22599999999999987,0.0002693970912137633,0.2257306029087861,0.07199857550060473,0.15400142449939513,0.3040828971681405,0.06032887726805333
bayes__seed_000051__repr_direct__parallel_primitives,bayes__seed_000051,bayes,direct,0.9696712044107276,0.881,0.9390000000000001,0.7293333333333333,0.22328718494852695,0.22568371080203606,0.9419062255409557,0.22250494399999998,0.334266396552518,0.9999986288867062,0.20966666666666678,0.0029062255409556537,0.20676044112571113,0.06099862888670615,0.14866803777996063,0.334266396552518,0.10858268575048194
bayes__seed_000051__repr_distractor__parallel_primitives,bayes__seed_000051,bayes,distractor,0.9696712044107276,0.907,0.9559999999999998,0.705,0.2625523012552301,0.24181903828291784,0.929857165502229,0.26135707999999996,0.3714100545756011,0.9999985815622956,0.2509999999999999,0.026142834497770884,0.224857165502229,0.04399858156229575,0.20700141843770414,0.3714100545756011,0.12959101629268327
bayes__seed_000051__repr_prose__parallel_primitives,bayes__seed_000051,bayes,prose,0.9696712044107276,0.9120000000000001,0.985,0.8354444444444444,0.15183305132543712,0.14663986884192737,0.9790057139307465,0.10345977599999999,0.22953628138063212,0.9999988030337508,0.14955555555555555,0.005994286069253452,0.1435612694863021,0.014998803033750785,0.13455675252180477,0.22953628138063212,0.08289641253870475
bayes__seed_000051__repr_table__parallel_primitives,bayes__seed_000051,bayes,table,0.9696712044107276,0.884,0.975,0.8114444444444444,0.16774928774928777,0.16570056932939642,0.9726057751138719,0.148110416,0.2985430797521573,0.9999987676312599,0.16355555555555557,0.00239422488612806,0.1611613306694275,0.024998767631259966,0.1385567879242956,0.2985430797521573,0.1328425104227609
bayes__seed_000054__repr_counts__parallel_primitives,bayes__seed_000054,bayes,counts,0.4137933255962194,0.737,0.7929999999999999,0.6136666666666667,0.22614543926019326,0.29511435778167516,0.8705903907127608,0.28628707999999997,0.3439218917015543,0.9353561091349716,0.17933333333333323,0.07759039071276086,0.10174294262057237,0.14235610913497165,0.03697722419836158,0.3439218917015543,0.04880753391987913
bayes__seed_000054__repr_direct__parallel_primitives,bayes__seed_000054,bayes,direct,0.4137933255962194,0.43099999999999994,0.717,0.47155555555555556,0.3423214008988067,0.35228939826568245,0.7280343324517352,0.308406672,0.344595725829137,0.7194880688749089,0.2454444444444444,0.01103433245173524,0.23441011199270917,0.002488068874908933,0.24295637556953548,0.344595725829137,0.007693672436545451
bayes__seed_000054__repr_distractor__parallel_primitives,bayes__seed_000054,bayes,distractor,0.4137933255962194,0.44800000000000006,0.706,0.5006666666666667,0.2908404154863078,0.34340547768408064,0.7625203221323431,0.293919832,0.33517294119998964,0.7530780524642793,0.20533333333333326,0.05652032213234315,0.1488130112009901,0.04707805246427932,0.15825528086905394,0.33517294119998964,0.008232536484091002
bayes__seed_000054__repr_prose__parallel_primitives,bayes__seed_000054,bayes,prose,0.4137933255962194,0.44800000000000006,0.818,0.4742222222222222,0.4202662320021733,0.3515411539905018,0.7313065819681579,0.58560208,0.38934248671323485,0.7765764146088991,0.34377777777777774,0.08669341803184205,0.2570843597459357,0.0414235853911008,0.30235419238667693,0.38934248671323485,0.03780133272273306
bayes__seed_000054__repr_table__parallel_primitives,bayes__seed_000054,bayes,table,0.4137933255962194,0.277,0.343,0.323,0.058309037900874716,0.37032405670556223,0.5129622680359642,0.274174488,0.3252206639311481,0.4786750019372886,0.020000000000000018,0.1699622680359642,-0.14996226803596419,0.1356750019372886,-0.11567500193728858,0.3252206639311481,0.04510339277441411
bayes__seed_000057__repr_counts__parallel_primitives,bayes__seed_000057,bayes,counts,0.12523423738446504,0.217,0.34299999999999997,0.24666666666666667,0.2808551992225461,0.35762939417022527,0.38399432419239965,0.224886928,0.31337983038682443,0.35924762712058467,0.0963333333333333,0.04099432419239968,0.05533900914093362,0.016247627120584696,0.0800857062127486,0.31337983038682443,0.044249563783400836
bayes__seed_000057__repr_direct__parallel_primitives,bayes__seed_000057,bayes,direct,0.12523423738446504,0.353,0.514,0.33244444444444443,0.3532209252053611,0.37072094843409636,0.5282941544251102,0.342722808,0.3705457952140259,0.5281471502084597,0.18155555555555558,0.014294154425110173,0.1672614011304454,0.014147150208459691,0.1674084053470959,0.3705457952140259,0.00017515322007044531
bayes__seed_000057__repr_distractor__parallel_primitives,bayes__seed_000057,bayes,distractor,0.12523423738446504,0.426,0.495,0.37677777777777777,0.23883277216610554,0.3695620052812174,0.5976444645374615,0.345735464,0.3648768301509846,0.5932357622338785,0.11822222222222223,0.10264446453746146,0.015577757684760773,0.09823576223387853,0.019986459988343697,0.3648768301509846,0.00468517513023281
bayes__seed_000057__repr_prose__parallel_primitives,bayes__seed_000057,bayes,prose,0.12523423738446504,0.277,0.647,0.3556666666666667,0.4502833590932509,0.3707168922019316,0.5651934117716649,0.365958344,0.3469449002369637,0.5446196910424891,0.29133333333333333,0.08180658822833509,0.20952674510499825,0.10238030895751093,0.1889530243758224,0.3469449002369637,0.023771991964967876
bayes__seed_000057__repr_table__parallel_primitives,bayes__seed_000057,bayes,table,0.12523423738446504,0.24100000000000002,0.182,0.2338888888888889,0.0,0.3536509039753626,0.36186155488948585,0.24635221599999998,0.31613264602388186,0.34200914479835914,0.0518888888888889,0.17986155488948585,-0.12797266600059695,0.16000914479835915,-0.10812025590947025,0.31613264602388186,0.03751825795148073
bayes__seed_000060__repr_counts__parallel_primitives,bayes__seed_000060,bayes,counts,0.8130236350735895,0.787,0.969,0.7774441107774441,0.197684096204908,0.19154374367304278,0.9616402924625632,0.1871416296296296,0.3404472417903043,0.99999871373556,0.19155588922255584,0.007359707537436755,0.1841961816851191,0.03099871373556007,0.16055717548699577,0.3404472417903043,0.1489034981172615
bayes__seed_000060__repr_direct__parallel_primitives,bayes__seed_000060,bayes,direct,0.8130236350735895,0.829,0.975,0.796,0.18358974358974356,0.1776110354746143,0.9679118207275372,0.162788248,0.32063247046151483,0.9999987437201712,0.17899999999999994,0.007088179272462747,0.1719118207275372,0.02499874372017119,0.15400125627982875,0.32063247046151483,0.14302143498690054
bayes__seed_000060__repr_distractor__parallel_primitives,bayes__seed_000060,bayes,distractor,0.8130236350735895,0.873,0.9800000000000001,0.7806666666666666,0.20340136054421776,0.1891540094892746,0.9627804488185854,0.176515232,0.34516649930750176,0.9999987190451933,0.19933333333333347,0.017219551181414716,0.18211378215191876,0.019998719045193236,0.17933461428814024,0.34516649930750176,0.15601248981822716
bayes__seed_000060__repr_prose__parallel_primitives,bayes__seed_000060,bayes,prose,0.8130236350735895,0.8030000000000002,0.982,0.8044444444444445,0.18081013804028057,0.17113378559523865,0.9705359326560861,0.143774152,0.29437802203640545,0.9999987569076226,0.17755555555555547,0.01146406734391392,0.16609148821164155,0.01799875690762265,0.15955679864793282,0.29437802203640545,0.1232442364411668
bayes__seed_000060__repr_table__parallel_primitives,bayes__seed_000060,bayes,table,0.8130236350735895,0.852,0.9800000000000001,0.8051111111111111,0.1784580498866214,0.17061882309027207,0.9707371393584708,0.15835522399999996,0.3236060990142255,0.9999987579369554,0.17488888888888898,0.009262860641529258,0.16562602824735972,0.01999875793695527,0.1548901309519337,0.3236060990142255,0.15298727592395342
compound__seed_000042__repr_direct__parallel_primitives,compound__seed_000042,compound,direct,0.92542,0.8150000000000001,0.768,0.7401111111111112,0.03631365740740733,0.21829031542251442,0.9467851373891338,0.09099976,0.11590929508778032,0.8371438665726,0.027888888888888852,0.17878513738913382,-0.15089624850024497,0.06914386657259997,-0.041254977683711114,0.11590929508778032,0.1023810203347341
compound__seed_000042__repr_prose__parallel_primitives,compound__seed_000042,compound,prose,0.92542,0.671,0.6990000000000001,0.5427777777777778,0.22349388014624072,0.32787622735861605,0.8075562863142179,0.152662792,0.1973902654110718,0.6762661283391631,0.15622222222222226,0.10855628631421788,0.047665935908004387,0.022733871660836957,0.1334883505613853,0.1973902654110718,0.13048596194754425
compound__seed_000042__repr_table__parallel_primitives,compound__seed_000042,compound,table,0.92542,0.8299999999999998,0.819,0.7252222222222222,0.11450278116944779,0.22846430064540096,0.9399723471368614,0.095304592,0.1246924317312134,0.8285341616051507,0.09377777777777774,0.12097234713686145,-0.02719456935908371,0.009534161605150748,0.08424361617262699,0.1246924317312134,0.10377186891418756
compound__seed_000043__repr_direct__parallel_primitives,compound__seed_000043,compound,direct,0.133797975723,0.238,0.622,0.3536666666666667,0.4314040728831725,0.37077052185238935,0.5620630929558901,0.324782656,0.2515256247824487,0.4725167332066245,0.2683333333333333,0.05993690704410992,0.2083964262892234,0.14948326679337548,0.11885006653995783,0.2515256247824487,0.11924489706994063
compound__seed_000043__repr_prose__parallel_primitives,compound__seed_000043,compound,prose,0.133797975723,0.292,0.597,0.4841111111111111,0.18909361622929455,0.3486498365065517,0.7432424803804945,0.31273492,0.22942104023226084,0.6282433551741764,0.11288888888888887,0.14624248038049448,-0.033353591491605605,0.031243355174176424,0.08164553371471245,0.22942104023226084,0.11922879627429084
compound__seed_000043__repr_table__parallel_primitives,compound__seed_000043,compound,table,0.133797975723,0.35300000000000004,0.649,0.4441111111111111,0.3156993665468242,0.3591942148132634,0.6930510325865631,0.241648488,0.2057517729714619,0.559159084021668,0.2048888888888889,0.044051032586563066,0.16083785630232583,0.08984091597833199,0.1150479729105569,0.2057517729714619,0.1534424418418015
compound__seed_000044__repr_direct__parallel_primitives,compound__seed_000044,compound,direct,0.9933489510039999,0.852,0.951,0.7318429540651763,0.23044904935312693,0.22397552634320764,0.9430668476428026,0.18849933933933932,0.28917776681716384,0.9999986335884933,0.21915704593482366,0.007933152357197382,0.21122389357762628,0.04899863358849332,0.17015841234633033,0.28917776681716384,0.0652022404739562
compound__seed_000044__repr_prose__parallel_primitives,compound__seed_000044,compound,prose,0.9933489510039999,0.8859999999999999,0.961,0.8306083861639417,0.1356832610156693,0.15053391582632486,0.9778005286366701,0.10579259259259258,0.195730621451684,0.9999987960646525,0.13039161383605824,0.016800528636670142,0.1135910851993881,0.03899879606465251,0.09139281777140573,0.195730621451684,0.04519670562535913
compound__seed_000044__repr_table__parallel_primitives,compound__seed_000044,compound,table,0.9933489510039999,0.844,0.969,0.7816666666666666,0.19332645338837295,0.18840987224231504,0.9631298360248752,0.11881867199999999,0.18366517627508636,0.9575319390393551,0.18733333333333335,0.0058701639751247425,0.1814631693582086,0.011468060960644899,0.17586527237268845,0.18366517627508636,0.004744695967228679
compound__seed_000045__repr_direct__parallel_primitives,compound__seed_000045,compound,direct,0.27850644262429947,0.536,0.653,0.5041111111111111,0.22800748681299998,0.3422519530859175,0.7664197765029015,0.169995688,0.15530666378988756,0.5967977838832109,0.14888888888888896,0.11341977650290147,0.03546911238598749,0.056202216116789105,0.09268667277209985,0.15530666378988756,0.18694528929602994
compound__seed_000045__repr_prose__parallel_primitives,compound__seed_000045,compound,prose,0.27850644262429947,0.568,0.6859999999999999,0.6804582360137916,0.008078373157738072,0.25729098524913857,0.9161841616289637,0.1458737937937938,0.14260743375026558,0.7936367339760597,0.0055417639862083146,0.2301841616289637,-0.2246423976427554,0.10763673397605977,-0.10209496998985146,0.14260743375026558,0.114683551498873
compound__seed_000045__repr_table__parallel_primitives,compound__seed_000045,compound,table,0.27850644262429947,0.617,0.727,0.6001111111111112,0.1745376738499158,0.30198937361244654,0.859744950040222,0.12997964,0.13035810055766,0.690066924668572,0.12688888888888883,0.13274495004022202,-0.005856061151333192,0.03693307533142798,0.08995581355746085,0.13035810055766,0.17163127305478654
compound__seed_000046__repr_direct__parallel_primitives,compound__seed_000046,compound,direct,0.28173374613003094,0.502,0.332,0.33488888888888885,0.0,0.37078539115875525,0.5322331747916929,0.13535152,0.13317549001824652,0.3863398935223211,0.0028888888888888298,0.20023317479169284,-0.197344285902804,0.0543398935223211,-0.051451004633432273,0.13317549001824652,0.23760990114050873
compound__seed_000046__repr_prose__parallel_primitives,compound__seed_000046,compound,prose,0.28173374613003094,0.5900000000000001,0.666,0.6641111111111111,0.002836169502836272,0.2671376313783192,0.9061880368617199,0.17619064000000004,0.1634615478282291,0.7938799578034765,0.00188888888888894,0.24018803686171986,-0.23829914797283092,0.1278799578034765,-0.12599106891458756,0.1634615478282291,0.10367608355009009
compound__seed_000046__repr_table__parallel_primitives,compound__seed_000046,compound,table,0.28173374613003094,0.515,0.46299999999999997,0.4826666666666667,0.0,0.3490835380879672,0.7415186047820311,0.108695432,0.11062548117654446,0.5427035028001269,0.01966666666666672,0.27851860478203117,-0.25885193811536444,0.07970350280012695,-0.060036836133460225,0.11062548117654446,0.23845805691142274
compound__seed_000047__repr_direct__parallel_primitives,compound__seed_000047,compound,direct,0.15353000000000006,0.297,0.32599999999999996,0.3340006673340007,0.0,0.3707637765507183,0.5308033054789989,0.21517585585585586,0.22812576412444496,0.43271384353843073,0.008000667334000733,0.20480330547899894,-0.1968026381449982,0.10671384353843077,-0.09871317620443004,0.22812576412444496,0.14263801242627333
compound__seed_000047__repr_prose__parallel_primitives,compound__seed_000047,compound,prose,0.15353000000000006,0.42800000000000005,0.717,0.4982222222222223,0.3051293971796063,0.3442111740107352,0.7597296606428883,0.236024896,0.18406222503112746,0.6106130118086874,0.21877777777777768,0.0427296606428883,0.17604811713488938,0.10638698819131254,0.11239078958646515,0.18406222503112746,0.16014894897960774
compound__seed_000047__repr_table__parallel_primitives,compound__seed_000047,compound,table,0.15353000000000006,0.255,0.305,0.28988888888888886,0.049544626593806984,0.3669895458192814,0.4579527667739406,0.166329008,0.19796533957325702,0.3614418468332105,0.01511111111111113,0.1529527667739406,-0.13784165566282947,0.05644184683321052,-0.04133073572209939,0.19796533957325702,0.16902420624602438
compound__seed_000048__repr_direct__parallel_primitives,compound__seed_000048,compound,direct,0.377187981481,0.388,0.7150000000000001,0.421,0.41118881118881123,0.36384320535771836,0.6617865336748201,0.357023648,0.3232989259610232,0.6221358531134106,0.2940000000000001,0.05321346632517998,0.2407865336748201,0.0928641468865895,0.2011358531134106,0.3232989259610232,0.04054427939669514
compound__seed_000048__repr_prose__parallel_primitives,compound__seed_000048,compound,prose,0.377187981481,0.46299999999999997,0.698,0.5484444444444444,0.21426297357529456,0.3255551135740541,0.8131790387659253,0.33411312,0.2886991682635798,0.7710442895245708,0.14955555555555555,0.11517903876592539,0.03437651678963016,0.07304428952457087,0.07651126603098468,0.2886991682635798,0.036855945310474314
compound__seed_000048__repr_table__parallel_primitives,compound__seed_000048,compound,table,0.377187981481,0.45899999999999996,0.751,0.49711111111111106,0.33806776150318096,0.3445738353876293,0.7584547855289091,0.28563219199999995,0.28299601705867006,0.6933170846162343,0.25388888888888894,0.0074547855289091025,0.24643410335997984,0.05768291538376569,0.19620597350512325,0.28299601705867006,0.061577818328959255
compound__seed_000049__repr_direct__parallel_primitives,compound__seed_000049,compound,direct,0.6016297147779999,0.679,0.921,0.6034444444444444,0.34479430570635783,0.30032476367856736,0.862463630436708,0.34022547999999997,0.35502051883455865,0.9356025456097526,0.3175555555555556,0.058536369563292,0.2590191859922636,0.014602545609752604,0.302953009945803,0.35502051883455865,0.05469575515599129
compound__seed_000049__repr_prose__parallel_primitives,compound__seed_000049,compound,prose,0.6016297147779999,0.708,0.952,0.7564444444444444,0.20541549953314664,0.20680325255961848,0.9536655903916204,0.205070944,0.22968363621019763,0.9819919191679753,0.1955555555555556,0.0016655903916203973,0.1938899651639352,0.02999191916797539,0.1655636363875802,0.22968363621019763,0.02288038365057915
compound__seed_000049__repr_table__parallel_primitives,compound__seed_000049,compound,table,0.6016297147779999,0.726,0.942,0.661888888888889,0.29735786742156156,0.2684473091523082,0.9047726803135951,0.224662224,0.2721718835078382,0.9094027475593093,0.280111111111111,0.0372273196864048,0.24288379142470617,0.03259725244069067,0.2475138586704203,0.2721718835078382,0.0037245743555300304
compound__seed_000050__repr_direct__parallel_primitives,compound__seed_000050,compound,direct,0.08763769296029794,0.55,0.637,0.5144444444444445,0.19239490668062087,0.3386646550370632,0.7778874187849063,0.168406536,0.1513586205295814,0.6061976906729147,0.12255555555555553,0.1408874187849063,-0.018331863229350764,0.030802309327085275,0.09175324622847025,0.1513586205295814,0.18730603450748182
compound__seed_000050__repr_prose__parallel_primitives,compound__seed_000050,compound,prose,0.08763769296029794,0.42299999999999993,0.5549999999999999,0.5137359581804026,0.07434962490017538,0.33891663585509113,0.7771122161649074,0.1751204244244244,0.17139558159956234,0.6200014708733194,0.04126404181959731,0.2221122161649075,-0.1808481743453102,0.06500147087331942,-0.023737429053722114,0.17139558159956234,0.1675210542555288
compound__seed_000050__repr_table__parallel_primitives,compound__seed_000050,compound,table,0.08763769296029794,0.574,0.681,0.5915915915915916,0.1312898801885587,0.30616610598562927,0.8526415280302501,0.1254040680680681,0.12478733360677226,0.6759403906133519,0.08940840840840847,0.17164152803025,-0.08223311962184154,0.005059609386648178,0.08434879902176029,0.12478733360677226,0.18137877237885702
compound__seed_000051__repr_direct__parallel_primitives,compound__seed_000051,compound,direct,0.5757575757575758,0.509,0.40099999999999997,0.3691111111111111,0.07952341368800209,0.3701041546554833,0.5859875308579446,0.121089872,0.12136174791898884,0.420094515845275,0.031888888888888856,0.18498753085794467,-0.15309864196905582,0.01909451584527505,0.012794373043613805,0.12136174791898884,0.24874240673649445
compound__seed_000051__repr_prose__parallel_primitives,compound__seed_000051,compound,prose,0.5757575757575758,0.677,0.8029999999999999,0.6968888888888889,0.1321433513214334,0.2470228273729481,0.9255113092705356,0.155370096,0.14597124374551484,0.8160016671396819,0.10611111111111104,0.12251130927053566,-0.016400198159424617,0.013001667139681983,0.09310944397142906,0.14597124374551484,0.10105158362743324
compound__seed_000051__repr_table__parallel_primitives,compound__seed_000051,compound,table,0.5757575757575758,0.5509999999999999,0.523,0.43266666666666664,0.17272147864882104,0.361633093331669,0.6777711409333164,0.08657472,0.08895492553724797,0.47491247007927945,0.09033333333333338,0.15477114093331634,-0.06443780759998297,0.04808752992072057,0.042245803412612803,0.08895492553724797,0.272678167794421
compound__seed_000052__repr_direct__parallel_primitives,compound__seed_000052,compound,direct,0.546001,0.586,0.61,0.6334444444444445,0.0,0.2845881702222092,0.8854262930502483,0.159486912,0.1604803223551032,0.7545319797880679,0.02344444444444449,0.27542629305024835,-0.25198184860580386,0.14453197978806787,-0.12108753534362338,0.1604803223551032,0.12410784786710602
compound__seed_000052__repr_prose__parallel_primitives,compound__seed_000052,compound,prose,0.546001,0.61,0.729,0.5563333333333333,0.23685413808870592,0.322235067773217,0.8208352289716604,0.288354856,0.269742941435652,0.7618321888282179,0.17266666666666663,0.09183522897166041,0.08083143769500623,0.03283218882821792,0.1398344778384487,0.269742941435652,0.052492126337565004
compound__seed_000052__repr_table__parallel_primitives,compound__seed_000052,compound,table,0.546001,0.603,0.711,0.5784444444444444,0.18643538052820752,0.3123894980563446,0.8412385250216026,0.204339992,0.19832390150360935,0.7215438323898697,0.13255555555555554,0.1302385250216026,0.002317030533952935,0.010543832389869778,0.12201172316568576,0.19832390150360935,0.11406559655273524
compound__seed_000053__repr_direct__parallel_primitives,compound__seed_000053,compound,direct,0.0070664154000000005,0.122,0.45499999999999996,0.26455555555555554,0.4185592185592185,0.36223990823332847,0.4148198656060543,0.292069136,0.261118837897325,0.3580488570079323,0.19044444444444442,0.04018013439394563,0.15026431005049878,0.09695114299206764,0.09349330145237678,0.261118837897325,0.10112107033600348
compound__seed_000053__repr_prose__parallel_primitives,compound__seed_000053,compound,prose,0.0070664154000000005,0.181,0.42300000000000004,0.31598264931598263,0.2529961009078425,0.36987413314620493,0.5014595748841056,0.25848224224224225,0.21263387361355263,0.40131603167405644,0.10701735068401741,0.0784595748841056,0.02855777579991181,0.021683968325943603,0.0853333823580738,0.21263387361355263,0.1572402595326523
compound__seed_000053__repr_table__parallel_primitives,compound__seed_000053,compound,table,0.0070664154000000005,0.244,0.541,0.38211111111111107,0.29369480386116253,0.36910411207274657,0.605664291720936,0.30930030399999997,0.24373209668744145,0.5052589293257208,0.15888888888888897,0.06466429172093602,0.09422459716795295,0.03574107067427923,0.12314781821460974,0.24373209668744145,0.12537201538530512
compound__seed_000054__repr_direct__parallel_primitives,compound__seed_000054,compound,direct,0.891616122019,0.844,0.9549999999999998,0.6884662440217996,0.2790929381970684,0.25233247480724996,0.9208187072780936,0.21082343143143142,0.30578673658982003,0.991721536174418,0.2665337559782003,0.03418129272190629,0.232352463256294,0.0367215361744182,0.22981221980378208,0.30578673658982003,0.05345426178257007
compound__seed_000054__repr_prose__parallel_primitives,compound__seed_000054,compound,prose,0.891616122019,0.837,0.944,0.798,0.15466101694915246,0.17608461324867028,0.9685460580442451,0.118647144,0.1918010680123899,0.9873806663385118,0.1459999999999999,0.024546058044245145,0.12145394195575476,0.0433806663385119,0.10261933366148801,0.1918010680123899,0.015716454763719634
compound__seed_000054__repr_table__parallel_primitives,compound__seed_000054,compound,table,0.891616122019,0.861,0.967,0.7268888888888889,0.24830518212110764,0.22733968264846224,0.9407612537686154,0.15091081599999998,0.21585168796478674,0.9269788351674051,0.24011111111111105,0.026238746231384558,0.2138723648797265,0.04002116483259488,0.20008994627851617,0.21585168796478674,0.011487994683675506
compound__seed_000055__repr_direct__parallel_primitives,compound__seed_000055,compound,direct,5.348138586410087e-05,0.517,0.675,0.513888888888889,0.23868312757201637,0.338862319031487,0.7772796857321511,0.17317490400000002,0.18260769766653664,0.6286930858314381,0.1611111111111111,0.10227968573215107,0.05883142537896002,0.04630691416856192,0.11480419694254917,0.18260769766653664,0.15625462136495036
compound__seed_000055__repr_prose__parallel_primitives,compound__seed_000055,compound,prose,5.348138586410087e-05,0.374,0.425,0.3401111111111111,0.1997385620915033,0.37087118587597123,0.5406064759323841,0.17037404,0.1933472606455758,0.4216326239508055,0.0848888888888889,0.1156064759323841,-0.030717587043495198,0.003367376049194515,0.08152151283969439,0.1933472606455758,0.17752392523039542
compound__seed_000055__repr_table__parallel_primitives,compound__seed_000055,compound,table,5.348138586410087e-05,0.568,0.696,0.584,0.16091954022988508,0.309792832068575,0.8461227688351431,0.12597055199999999,0.14407129208940986,0.6822998160975391,0.11199999999999999,0.1501227688351432,-0.038122768835143206,0.01370018390246086,0.09829981609753913,0.14407129208940986,0.16572153997916514
compound__seed_000056__repr_direct__parallel_primitives,compound__seed_000056,compound,direct,0.2042042042042042,0.49399999999999994,0.381,0.3847777777777778,0.0,0.3688506382517971,0.609646148911555,0.11721311999999999,0.11697587728758368,0.4357500184659082,0.003777777777777769,0.228646148911555,-0.22486837113377722,0.05475001846590821,-0.050972240688130444,0.11697587728758368,0.2518747609642134
compound__seed_000056__repr_prose__parallel_primitives,compound__seed_000056,compound,prose,0.2042042042042042,0.581,0.709,0.6926666666666667,0.023037141513869264,0.24969655715109187,0.9231820449025341,0.141283608,0.13524257392348565,0.8009953378594971,0.01633333333333331,0.21418204490253412,-0.1978487115692008,0.0919953378594971,-0.07566200452616378,0.13524257392348565,0.11445398322760622
compound__seed_000056__repr_table__parallel_primitives,compound__seed_000056,compound,table,0.2042042042042042,0.532,0.544,0.5354444444444445,0.01572712418300648,0.3308000753512409,0.8001262772488827,0.09396227200000001,0.0968434151374451,0.5928589276973827,0.008555555555555538,0.2561262772488827,-0.24757072169332717,0.04885892769738265,-0.04030337214182711,0.0968434151374451,0.2339566602137958
compound__seed_000057__repr_direct__parallel_primitives,compound__seed_000057,compound,direct,0.773038,0.712,0.7,0.6861111111111111,0.01984126984126977,0.25379988152984007,0.9194733344692552,0.1095578,0.13399366563371778,0.7922703147583636,0.01388888888888884,0.2194733344692552,-0.20558444558036637,0.09227031475836367,-0.07838142586947483,0.13399366563371778,0.11980621589612228
compound__seed_000057__repr_prose__parallel_primitives,compound__seed_000057,compound,prose,0.773038,0.679,0.71,0.5658888888888889,0.2029733959311424,0.3180770110883209,0.8298428093647703,0.17160810399999998,0.21816667623074515,0.7237973512828952,0.14411111111111108,0.11984280936477032,0.02426830174634076,0.013797351282895276,0.1303137598282158,0.21816667623074515,0.09991033485757578
compound__seed_000057__repr_table__parallel_primitives,compound__seed_000057,compound,table,0.773038,0.736,0.779,0.6638888888888889,0.14776779346740843,0.26726891235326955,0.9060471161678999,0.11636348,0.15065009803651758,0.7816435692217606,0.11511111111111116,0.12704711616789988,-0.011936005056788712,0.0026435692217605666,0.1124675418893506,0.15065009803651758,0.11661881431675197
compound__seed_000058__repr_direct__parallel_primitives,compound__seed_000058,compound,direct,0.337067470845,0.378,0.738,0.4092222222222222,0.4454983438723277,0.36578451952175506,0.6452416171135379,0.339692512,0.2834148521287311,0.571072709834808,0.3287777777777778,0.0927583828864621,0.23601939489131568,0.16692729016519203,0.16185048761258575,0.2834148521287311,0.08236966739302398
compound__seed_000058__repr_prose__parallel_primitives,compound__seed_000058,compound,prose,0.337067470845,0.43499999999999994,0.706,0.5411111111111111,0.233553666981429,0.32854868938014514,0.8058828727455766,0.34522068,0.2928490321385013,0.7651988552705936,0.16488888888888886,0.09988287274557661,0.06500601614331225,0.05919885527059365,0.10569003361829521,0.2928490321385013,0.03569965724164387
compound__seed_000058__repr_table__parallel_primitives,compound__seed_000058,compound,table,0.337067470845,0.44400000000000006,0.734,0.48133333333333334,0.3442325158946412,0.3494804393366506,0.739921383520746,0.269027232,0.2453048785420805,0.6377851395189809,0.25266666666666665,0.005921383520746004,0.24674528314592065,0.09621486048101913,0.15645180618564752,0.2453048785420805,0.10417556079457008
compound__seed_000059__repr_direct__parallel_primitives,compound__seed_000059,compound,direct,0.495809321736,0.637,0.931,0.6344444444444445,0.31853443131638626,0.28404057941117955,0.8861458152511824,0.338658544,0.35305599335492455,0.9806790663917713,0.29655555555555557,0.04485418474881764,0.25170137080673793,0.04967906639177122,0.24687648916378435,0.35305599335492455,0.069015413943745
compound__seed_000059__repr_prose__parallel_primitives,compound__seed_000059,compound,prose,0.495809321736,0.5660000000000001,0.8859999999999999,0.6557777777777778,0.25984449460747416,0.27201290840926706,0.9008096233476204,0.330575112,0.2727355622894006,0.9017047222082536,0.2302222222222221,0.014809623347620482,0.21541259887460162,0.015704722208253696,0.2145175000139684,0.2727355622894006,0.0007226538801335392
compound__seed_000059__repr_table__parallel_primitives,compound__seed_000059,compound,table,0.495809321736,0.67,0.944,0.6483333333333333,0.31320621468926557,0.27628459485148665,0.8958401724228727,0.257317112,0.28893517502006344,0.9117780975196274,0.29566666666666663,0.04815982757712722,0.2475068390895394,0.0322219024803726,0.26344476418629403,0.28893517502006344,0.012650580168576786
compound__seed_000060__repr_direct__parallel_primitives,compound__seed_000060,compound,direct,0.023320681856236536,0.47000000000000003,0.655,0.513,0.21679389312977104,0.3391774529768703,0.7763052309745786,0.199174072,0.1855509385375866,0.62987364621535,0.14200000000000002,0.12130523097457857,0.020694769025421444,0.025126353784650002,0.11687364621535001,0.1855509385375866,0.15362651443928368
compound__seed_000060__repr_prose__parallel_primitives,compound__seed_000060,compound,prose,0.023320681856236536,0.44699999999999995,0.5700000000000001,0.5144444444444445,0.09746588693957114,0.3386646550370632,0.7778874187849063,0.150945208,0.1559154218703283,0.6094702566232805,0.05555555555555558,0.20788741878490624,-0.15233186322935066,0.03947025662328041,0.01608529893227517,0.1559154218703283,0.18274923316673491
compound__seed_000060__repr_table__parallel_primitives,compound__seed_000060,compound,table,0.023320681856236536,0.542,0.655,0.5574444444444444,0.14893977947413073,0.32175922551217395,0.821897570026513,0.14527624,0.14857541721086326,0.6547196965095154,0.09755555555555562,0.16689757002651295,-0.06934201447095734,0.00028030349048457914,0.09727525206507104,0.14857541721086326,0.1731838083013107
compound__seed_000061__repr_direct__parallel_primitives,compound__seed_000061,compound,direct,0.04782608695652174,0.49000000000000005,0.371,0.35055555555555556,0.055106319257262615,0.3708343128607274,0.557175260382495,0.11702628,0.1176231221937132,0.3972855186630525,0.020444444444444432,0.186175260382495,-0.16573081593805056,0.02628551866305251,-0.005841074218608078,0.1176231221937132,0.2532111906670142
compound__seed_000061__repr_prose__parallel_primitives,compound__seed_000061,compound,prose,0.04782608695652174,0.457,0.512,0.5801356912468023,0.0,0.3116041733411338,0.8427356308397378,0.15813312512512512,0.14970333371237868,0.6822744510803076,0.0681356912468023,0.3307356308397378,-0.2625999395929355,0.1702744510803076,-0.10213875983350529,0.14970333371237868,0.16190083962875515
compound__seed_000061__repr_table__parallel_primitives,compound__seed_000061,compound,table,0.04782608695652174,0.516,0.52,0.477,0.08269230769230773,0.35074747041613186,0.7346910150750253,0.103552808,0.10449969644136611,0.532663136019549,0.04300000000000004,0.2146910150750253,-0.17169101507502527,0.012663136019548937,0.0303368639804511,0.10449969644136611,0.24624777397476574
conditional__seed_000042__repr_direct__parallel_primitives,conditional__seed_000042,conditional,direct,0.48366013071895425,0.521,0.767,0.5246666666666666,0.31594958713602794,0.33493144246271506,0.7888911011061485,0.438079728,0.3823296518552357,0.8494282884754891,0.2423333333333334,0.021891101106148447,0.22044223222718495,0.08242828847548911,0.1599050448578443,0.3823296518552357,0.04739820939252065
conditional__seed_000042__repr_distractor__parallel_primitives,conditional__seed_000042,conditional,distractor,0.48366013071895425,0.511,0.774,0.47933333333333333,0.38070628768303194,0.3500695834804215,0.7375148495129615,0.428114712,0.3588925928907129,0.7476646315702655,0.2946666666666667,0.03648515048703849,0.2581815161796282,0.026335368429734496,0.2683312982369322,0.3588925928907129,0.008823009410291405
conditional__seed_000042__repr_nested__parallel_primitives,conditional__seed_000042,conditional,nested,0.48366013071895425,0.542,0.6859999999999999,0.478589700811923,0.3023473749097332,0.3502867322911864,0.7366167886637892,0.4795279679679679,0.3807382677229093,0.7728391338700975,0.20741029918807696,0.05061678866378927,0.1567935105242877,0.08683913387009756,0.1205711653179794,0.3807382677229093,0.03045153543172291
conditional__seed_000042__repr_prose__parallel_primitives,conditional__seed_000042,conditional,prose,0.48366013071895425,0.52,0.736,0.5226666666666667,0.28985507246376807,0.33567614118079636,0.7867648583262925,0.541236656,0.37840060089596755,0.8408416536760388,0.21333333333333326,0.05076485832629252,0.16256847500704075,0.10484165367603882,0.10849167965729445,0.37840060089596755,0.04272445971517119
conditional__seed_000042__repr_table__parallel_primitives,conditional__seed_000042,conditional,table,0.48366013071895425,0.506,0.636,0.5029473918362808,0.20920221409389816,0.3426440541377838,0.7651066290677472,0.47301910710710715,0.37985413192449774,0.8110146624004392,0.13305260816371922,0.12910662906774717,0.003945979095972052,0.17501466240043917,-0.04196205423671995,0.37985413192449774,0.037210077786713924
conditional__seed_000043__repr_direct__parallel_primitives,conditional__seed_000043,conditional,direct,0.5752212389380531,0.61,0.921,0.5378888888888889,0.41597297623356266,0.3298355377889018,0.8026222206922347,0.398437816,0.37029129838011715,0.854186844655642,0.3831111111111112,0.11837777930776539,0.2647333318033458,0.06681315534435806,0.3162979557667531,0.37029129838011715,0.04045576059121536
conditional__seed_000043__repr_distractor__parallel_primitives,conditional__seed_000043,conditional,distractor,0.5752212389380531,0.595,0.9030000000000001,0.5598888888888889,0.37996800787498475,0.32070526181843984,0.8242208535100461,0.34496446399999997,0.35610179265157954,0.8695301252577129,0.34311111111111126,0.07877914648995399,0.26433196462115727,0.03346987474228724,0.309641236368824,0.35610179265157954,0.035396530833139705
conditional__seed_000043__repr_nested__parallel_primitives,conditional__seed_000043,conditional,nested,0.5752212389380531,0.652,0.9339999999999999,0.5584444444444444,0.40209374256483466,0.3213292390106277,0.8228503076076817,0.357025792,0.3604914617431923,0.8732400132868744,0.37555555555555553,0.1111496923923182,0.26440586316323733,0.06075998671312555,0.31479556884243,0.3604914617431923,0.03916222273256459
conditional__seed_000043__repr_prose__parallel_primitives,conditional__seed_000043,conditional,prose,0.5752212389380531,0.642,0.8949999999999999,0.6586666666666666,0.26405959031657356,0.27033395111683617,0.9026960589365919,0.35142232799999995,0.3790934273245882,0.9999984817836814,0.23633333333333328,0.007696058936591976,0.2286372743967413,0.10499848178368154,0.13133485154965174,0.3790934273245882,0.108759476207752
conditional__seed_000043__repr_table__parallel_primitives,conditional__seed_000043,conditional,table,0.5752212389380531,0.616,0.931,0.6042222222222222,0.35099653896646377,0.2999339069520472,0.8630931110969183,0.347810304,0.36876080181137444,0.9572000977697044,0.32677777777777783,0.06790688890308172,0.2588708888746961,0.026200097769704334,0.3005776800080735,0.36876080181137444,0.06882689485932725
conditional__seed_000044__repr_direct__parallel_primitives,conditional__seed_000044,conditional,direct,0.4807692307692308,0.56,0.8099999999999999,0.5842509175842509,0.2787025708836409,0.3096744043944839,0.8463410907888729,0.3380184104104104,0.36769295970752913,0.9239987543298713,0.2257490824157491,0.03634109078887293,0.18940799162687616,0.11399875432987139,0.1117503280858777,0.36769295970752913,0.05801855531304523
conditional__seed_000044__repr_distractor__parallel_primitives,conditional__seed_000044,conditional,distractor,0.4807692307692308,0.594,0.834,0.5412222222222222,0.3510524913402612,0.3285040036389894,0.8059947120388333,0.33989791999999996,0.3451788991353502,0.8265192149543936,0.2927777777777778,0.028005287961166636,0.26477248981661117,0.007480785045606342,0.28529699273217146,0.3451788991353502,0.01667489549636081
conditional__seed_000044__repr_nested__parallel_primitives,conditional__seed_000044,conditional,nested,0.4807692307692308,0.575,0.679,0.46268490712935156,0.31857892911730257,0.35468103845094084,0.7169863814611882,0.4264017537537538,0.36369153503985663,0.7271393240986239,0.21631509287064848,0.03798638146118816,0.17832871140946033,0.04813932409862387,0.16817576877202461,0.36369153503985663,0.009010496588915784
conditional__seed_000044__repr_prose__parallel_primitives,conditional__seed_000044,conditional,prose,0.4807692307692308,0.564,0.711,0.5246666666666667,0.2620721987810595,0.334931442462715,0.7888911011061486,0.5114274000000001,0.36901200240868853,0.8315002324441856,0.18633333333333324,0.07789110110614861,0.10844223222718463,0.12050023244418562,0.06583310088914762,0.36901200240868853,0.03408055994597353
conditional__seed_000044__repr_table__parallel_primitives,conditional__seed_000044,conditional,table,0.4807692307692308,0.503,0.573,0.4996666666666667,0.12798138452588703,0.34373638194232786,0.7613810257309681,0.43385557599999997,0.36945362823999506,0.7924344489874363,0.07333333333333325,0.18838102573096815,-0.1150476923976349,0.21943444898743636,-0.1461011156541031,0.36945362823999506,0.025717246297667196
conditional__seed_000045__repr_direct__parallel_primitives,conditional__seed_000045,conditional,direct,0.43478260869565216,0.43,0.743,0.40544444444444444,0.4543143412591596,0.3663442863146657,0.6398497412520504,0.449161184,0.36308803828812547,0.6365784736633019,0.33755555555555555,0.10315025874794959,0.23440529680760597,0.1064215263366981,0.23113402921885745,0.36308803828812547,0.0032562480265402316
conditional__seed_000045__repr_distractor__parallel_primitives,conditional__seed_000045,conditional,distractor,0.43478260869565216,0.42699999999999994,0.779,0.4062222222222222,0.47853373270574817,0.3662315659462449,0.6409631663475484,0.43176416,0.35608659881074917,0.630864680672845,0.3727777777777778,0.13803683365245167,0.23474094412532615,0.14813531932715507,0.22464245845062275,0.35608659881074917,0.01014496713549573
conditional__seed_000045__repr_nested__parallel_primitives,conditional__seed_000045,conditional,nested,0.43478260869565216,0.43499999999999994,0.724,0.414,0.42817679558011046,0.3650325877369349,0.6520019642023471,0.441490736,0.3644091173218376,0.651362395658581,0.31,0.07199803579765285,0.23800196420234715,0.07263760434141897,0.23736239565858103,0.3644091173218376,0.0006234704150973047
conditional__seed_000045__repr_prose__parallel_primitives,conditional__seed_000045,conditional,prose,0.43478260869565216,0.511,0.763,0.5405555555555556,0.2915392456676861,0.3287718068730884,0.8053230795288581,0.438267808,0.3683381682811058,0.8557673242414886,0.22244444444444444,0.042323079528858054,0.1801213649155864,0.09276732424148859,0.12967712020295585,0.3683381682811058,0.03956636140801745
conditional__seed_000045__repr_table__parallel_primitives,conditional__seed_000045,conditional,table,0.43478260869565216,0.43,0.547,0.4252222222222222,0.2226284785699777,0.36307597161491906,0.667618433709232,0.48544763199999996,0.36789654244979925,0.6727098501726699,0.12177777777777782,0.12061843370923198,0.0011593440685458423,0.1257098501726699,-0.003932072394892072,0.36789654244979925,0.004820570834880189
conditional__seed_000046__repr_direct__parallel_primitives,conditional__seed_000046,conditional,direct,0.6124031007751938,0.665,0.953,0.6256666666666667,0.3434767401189226,0.28879699193472536,0.879730062403283,0.29006484,0.3638150508586145,0.9834666279217786,0.32733333333333325,0.07326993759671696,0.2540633957366163,0.030466627921778677,0.2968667054115546,0.3638150508586145,0.07501805892388913
conditional__seed_000046__repr_distractor__parallel_primitives,conditional__seed_000046,conditional,distractor,0.6124031007751938,0.6799999999999999,0.9369999999999999,0.6037777777777779,0.3556267046128304,0.3001573668639659,0.8627336335201754,0.276557056,0.3417180632288418,0.9172024083469149,0.3332222222222221,0.07426636647982454,0.25895585574239754,0.019797591653085034,0.31342463056913705,0.3417180632288418,0.041560696364875915
conditional__seed_000046__repr_nested__parallel_primitives,conditional__seed_000046,conditional,nested,0.6124031007751938,0.669,0.95,0.6072222222222222,0.36081871345029237,0.29841767021525384,0.8655038709548533,0.297233816,0.35418664715464415,0.940244142594595,0.34277777777777774,0.0844961290451467,0.25828164873263104,0.009755857405404966,0.33302192037237277,0.35418664715464415,0.05576897693939031
conditional__seed_000046__repr_prose__parallel_primitives,conditional__seed_000046,conditional,prose,0.6124031007751938,0.6839999999999999,0.9189999999999999,0.7134444444444444,0.2236730745979929,0.23630799924954946,0.9342044223893536,0.23567019199999997,0.33309826037433526,0.9999985983511314,0.2055555555555555,0.015204422389353711,0.19035113316620178,0.08099859835113143,0.12455695720442406,0.33309826037433526,0.09679026112478581
conditional__seed_000046__repr_table__parallel_primitives,conditional__seed_000046,conditional,table,0.6124031007751938,0.647,0.9400000000000001,0.6176666666666667,0.3429078014184397,0.2930325057634938,0.8736846767385247,0.302850144,0.35743426706591447,0.9612505538480483,0.32233333333333336,0.06631532326147538,0.256018010071858,0.021250553848048193,0.30108277948528517,0.35743426706591447,0.06440176130242065
conditional__seed_000047__repr_direct__parallel_primitives,conditional__seed_000047,conditional,direct,0.2647058823529412,0.328,0.545,0.35766666666666663,0.34373088685015296,0.3706534473814394,0.5683143336187368,0.373155568,0.34526626372012487,0.5462780468574739,0.1873333333333334,0.023314333618736804,0.1640189997145966,0.0012780468574739023,0.1860552864758595,0.34526626372012487,0.02538718366131454
conditional__seed_000047__repr_distractor__parallel_primitives,conditional__seed_000047,conditional,distractor,0.2647058823529412,0.321,0.644,0.3338888888888889,0.4815389924085576,0.37076091097561337,0.5306232475267423,0.35489588,0.3244675643628188,0.4942603364025822,0.3101111111111111,0.11337675247325774,0.19673435863785338,0.1497396635974178,0.1603714475136933,0.3244675643628188,0.04629334661279455
conditional__seed_000047__repr_nested__parallel_primitives,conditional__seed_000047,conditional,nested,0.2647058823529412,0.325,0.6950000000000001,0.385,0.4460431654676259,0.3688287822501028,0.6099771174175389,0.395776608,0.35529830865332584,0.5971754148741247,0.31000000000000005,0.08502288258246116,0.2249771174175389,0.09782458512587533,0.21217541487412472,0.35529830865332584,0.013530473596776948
conditional__seed_000047__repr_prose__parallel_primitives,conditional__seed_000047,conditional,prose,0.2647058823529412,0.369,0.562,0.3755978200422645,0.33167647679312373,0.3696544080794583,0.5958601517270713,0.4946825705705705,0.3599605737338978,0.5868354426749115,0.18640217995773556,0.03386015172707124,0.15254202823066432,0.024835442674911445,0.1615667372828241,0.3599605737338978,0.009693834345560537
conditional__seed_000047__repr_table__parallel_primitives,conditional__seed_000047,conditional,table,0.2647058823529412,0.28500000000000003,0.414,0.36477777777777776,0.11889425657541597,0.3703491458555909,0.5793334121232158,0.42822995199999997,0.3491459346966943,0.5604601664549594,0.04922222222222222,0.16533341212321578,-0.11611118990099356,0.14646016645495946,-0.09723794423273724,0.3491459346966943,0.021203211158896618
conditional__seed_000048__repr_direct__parallel_primitives,conditional__seed_000048,conditional,direct,0.35036496350364965,0.37,0.556,0.39499999999999996,0.2895683453237411,0.36772971017101497,0.6247328181541452,0.43997845599999996,0.3694726205410331,0.6264597111372633,0.1610000000000001,0.06873281815414511,0.09226718184585497,0.07045971113726324,0.09054028886273685,0.3694726205410331,0.0017429103700181137
conditional__seed_000048__repr_distractor__parallel_primitives,conditional__seed_000048,conditional,distractor,0.35036496350364965,0.363,0.5860000000000001,0.40277777777777773,0.3126659082290483,0.3667207652528926,0.6360192402939318,0.425561224,0.36331644812419395,0.6326184752081441,0.18322222222222234,0.05001924029393168,0.13320298192829066,0.046618475208143995,0.13660374701407835,0.36331644812419395,0.003404317128698653
conditional__seed_000048__repr_nested__parallel_primitives,conditional__seed_000048,conditional,nested,0.35036496350364965,0.388,0.475,0.37266666666666665,0.2154385964912281,0.36986987989439624,0.5914122413386799,0.44409672,0.3740755056278839,0.5953859770905754,0.10233333333333333,0.11641224133867989,-0.014078908005346558,0.12038597709057541,-0.01805264375724208,0.3740755056278839,0.00420562573348765
conditional__seed_000048__repr_prose__parallel_primitives,conditional__seed_000048,conditional,prose,0.35036496350364965,0.458,0.6900000000000001,0.5007777777777778,0.2742351046698873,0.34336859949571025,0.7626467107622068,0.5177403039999999,0.37751734923335434,0.8044847148125703,0.1892222222222223,0.07264671076220675,0.11657551146001555,0.11448471481257028,0.07473750740965202,0.37751734923335434,0.03414874973764409
conditional__seed_000048__repr_table__parallel_primitives,conditional__seed_000048,conditional,table,0.35036496350364965,0.364,0.414,0.3721111111111111,0.1011808910359634,0.3699084491826835,0.5905667368947118,0.4482856,0.36621360524914,0.5871238546504096,0.041888888888888864,0.17656673689471186,-0.134677848005823,0.17312385465040964,-0.13123496576152077,0.36621360524914,0.0036948439335435235
conditional__seed_000049__repr_direct__parallel_primitives,conditional__seed_000049,conditional,direct,0.49230769230769234,0.497,0.74,0.42066666666666663,0.43153153153153156,0.36390218721725154,0.6613238690860587,0.504335552,0.3617479669533753,0.6590917770503,0.31933333333333336,0.07867613091394132,0.24065720241939204,0.08090822294970001,0.23842511038363334,0.3617479669533753,0.0021542202638762387
conditional__seed_000049__repr_distractor__parallel_primitives,conditional__seed_000049,conditional,distractor,0.49230769230769234,0.489,0.778,0.44822222222222224,0.42387889174521565,0.35825384021678014,0.6984416118261315,0.452646744,0.362859628452057,0.7034905371531537,0.3297777777777778,0.07955838817386851,0.25021938960390927,0.07450946284684634,0.25526831493093144,0.362859628452057,0.004605788235276853
conditional__seed_000049__repr_nested__parallel_primitives,conditional__seed_000049,conditional,nested,0.49230769230769234,0.533,0.787,0.4301111111111111,0.45348016377241285,0.3621412909771699,0.6743046775515872,0.478233136,0.36747390891953063,0.679989516916849,0.3568888888888889,0.11269532244841285,0.24419356644047607,0.10701048308315109,0.24987840580573784,0.36747390891953063,0.005332617942360729
conditional__seed_000049__repr_prose__parallel_primitives,conditional__seed_000049,conditional,prose,0.49230769230769234,0.54,0.768,0.5564444444444444,0.275462962962963,0.3221875746132616,0.8209416404943518,0.512907768,0.3808067522069082,0.8986603882191955,0.2115555555555556,0.052941640494351794,0.15861391506120381,0.13066038821919546,0.08089516733636015,0.3808067522069082,0.0586191775936466
conditional__seed_000049__repr_table__parallel_primitives,conditional__seed_000049,conditional,table,0.49230769230769234,0.49399999999999994,0.6839999999999999,0.4666666666666667,0.3177387914230019,0.3536261178383737,0.721976366226345,0.520459728,0.3775135507731468,0.7496816472812873,0.21733333333333327,0.03797636622634504,0.17935696710698823,0.06568164728128734,0.15165168605204593,0.3775135507731468,0.02388743293477308
conditional__seed_000050__repr_direct__parallel_primitives,conditional__seed_000050,conditional,direct,0.6979166666666666,0.698,0.9369999999999999,0.5786666666666666,0.3824261828530773,0.31228656853806797,0.8414357495338498,0.34124936,0.36878359257262,0.9167484556130471,0.3583333333333334,0.09556425046615014,0.26276908286718326,0.02025154438695287,0.3380817889463805,0.36878359257262,0.056497024034552035
conditional__seed_000050__repr_distractor__parallel_primitives,conditional__seed_000050,conditional,distractor,0.6979166666666666,0.682,0.9269999999999999,0.5755555555555556,0.3791202205441687,0.3137204454518509,0.8386605017462675,0.325458512,0.3552185409889663,0.8926366406973661,0.35144444444444434,0.08833949825373244,0.2631049461907119,0.03436335930263379,0.31708108514181055,0.3552185409889663,0.04149809553711542
conditional__seed_000050__repr_nested__parallel_primitives,conditional__seed_000050,conditional,nested,0.6979166666666666,0.713,0.9559999999999998,0.5938160382604828,0.37885351646393006,0.30508639560472334,0.8545177911392736,0.31575051851851854,0.3608561163197196,0.9290803736417009,0.36218396173951706,0.10148220886072623,0.2607017528787908,0.02691962635829892,0.33526433538121814,0.3608561163197196,0.05576972071499625
conditional__seed_000050__repr_prose__parallel_primitives,conditional__seed_000050,conditional,prose,0.6979166666666666,0.719,0.944,0.7402222222222222,0.2158662900188324,0.21821331748466885,0.946834013391762,0.198760464,0.32398745170582344,0.9999986490561631,0.20377777777777772,0.002834013391762036,0.2009437643860157,0.05599864905616314,0.14777912872161458,0.32398745170582344,0.10577413422115459
conditional__seed_000050__repr_table__parallel_primitives,conditional__seed_000050,conditional,table,0.6979166666666666,0.686,0.9349999999999999,0.6091111111111112,0.34854426619132495,0.2974559762150952,0.8670077468306817,0.307855176,0.36288621767351015,0.9560476134841662,0.3258888888888888,0.06799225316931823,0.25789663571957055,0.021047613484166283,0.3048412754047225,0.36288621767351015,0.06543024145841497
conditional__seed_000051__repr_direct__parallel_primitives,conditional__seed_000051,conditional,direct,0.5853658536585366,0.646,0.9200000000000002,0.5888888888888889,0.3599033816425121,0.307467594657234,0.8503412755066976,0.359807224,0.3729486502883718,0.939139815518634,0.33111111111111124,0.06965872449330257,0.2614523866178087,0.019139815518633863,0.3119712955924774,0.3729486502883718,0.06548105563113782
conditional__seed_000051__repr_distractor__parallel_primitives,conditional__seed_000051,conditional,distractor,0.5853658536585366,0.678,0.9120000000000001,0.5621111111111111,0.3836500974658871,0.31973865387137695,0.8263164066429665,0.35086156799999996,0.3626843970588948,0.8819980375767708,0.349888888888889,0.08568359335703368,0.26420529553185534,0.03000196242322939,0.31988692646565964,0.3626843970588948,0.04294574318751787
conditional__seed_000051__repr_nested__parallel_primitives,conditional__seed_000051,conditional,nested,0.5853658536585366,0.687,0.946,0.5924444444444444,0.3737373737373737,0.3057530534572288,0.853362693771596,0.349168232,0.3672872821457457,0.9363561498394194,0.3535555555555555,0.09263730622840394,0.2609182493271516,0.009643850160580558,0.34391170539497495,0.3672872821457457,0.06153422868851688
conditional__seed_000051__repr_prose__parallel_primitives,conditional__seed_000051,conditional,prose,0.5853658536585366,0.669,0.922,0.6884444444444444,0.2533140515786937,0.25234609215123505,0.9208063212366738,0.290923304,0.3555495092506399,0.9999985474520777,0.23355555555555563,0.0011936787633262114,0.23236187679222942,0.07799854745207768,0.15555700810347795,0.3555495092506399,0.10320341709940484
conditional__seed_000051__repr_table__parallel_primitives,conditional__seed_000051,conditional,table,0.5853658536585366,0.629,0.9469999999999998,0.632,0.3326293558606124,0.2853765450417514,0.8843818315995857,0.322541976,0.3694536282399951,0.9999984177240225,0.31499999999999984,0.06261816840041412,0.2523818315995857,0.052998417724022695,0.26200158227597714,0.3694536282399951,0.0840770831982437
conditional__seed_000052__repr_direct__parallel_primitives,conditional__seed_000052,conditional,direct,0.2857142857142857,0.333,0.629,0.31855555555555554,0.4935523759053171,0.37005465714652785,0.505687611107005,0.37012690400000003,0.348982098684155,0.48931919523516526,0.31044444444444447,0.123312388892995,0.18713205555144946,0.13968080476483474,0.17076363967960972,0.348982098684155,0.02107255846237288
conditional__seed_000052__repr_distractor__parallel_primitives,conditional__seed_000052,conditional,distractor,0.2857142857142857,0.35,0.701,0.308,0.5606276747503567,0.3691976141488687,0.4882670181794265,0.345812208,0.32508822004749516,0.45635594035960475,0.39299999999999996,0.21273298182057343,0.18026701817942653,0.2446440596403952,0.14835594035960475,0.32508822004749516,0.044109394101373545
conditional__seed_000052__repr_nested__parallel_primitives,conditional__seed_000052,conditional,nested,0.2857142857142857,0.388,0.779,0.3681111111111111,0.5274568535159037,0.37016465845347957,0.5844561059518156,0.39504484,0.3511180570967436,0.5673005931773846,0.4108888888888889,0.1945438940481844,0.21634499484070452,0.21169940682261545,0.19918948206627346,0.3511180570967436,0.01904660135673597
conditional__seed_000052__repr_prose__parallel_primitives,conditional__seed_000052,conditional,prose,0.2857142857142857,0.379,0.606,0.39222222222222225,0.3527686101943527,0.36805755236509907,0.6206613018165621,0.498087496,0.34841892212620534,0.6019545925153341,0.21377777777777773,0.014661301816562111,0.19911647596121562,0.004045407484665864,0.20973237029311187,0.34841892212620534,0.01963863023889373
conditional__seed_000052__repr_table__parallel_primitives,conditional__seed_000052,conditional,table,0.2857142857142857,0.335,0.506,0.33555555555555555,0.33684672815107597,0.3708002673116607,0.5333053053310273,0.370144064,0.3360566950862156,0.5053979053213418,0.17044444444444445,0.027305305331027263,0.1431391391134172,0.0006020946786582382,0.16984234976578622,0.3360566950862156,0.03474357222544511
conditional__seed_000053__repr_direct__parallel_primitives,conditional__seed_000053,conditional,direct,0.967741935483871,0.8469999999999999,0.931,0.5606666666666666,0.397780164697458,0.32036786392370115,0.824956085660616,0.30395015999999997,0.3421710844407711,0.8522986044023871,0.3703333333333334,0.1060439143393841,0.2642894189939493,0.07870139559761291,0.2916319377357205,0.3421710844407711,0.021803220517069954
conditional__seed_000053__repr_distractor__parallel_primitives,conditional__seed_000053,conditional,distractor,0.967741935483871,0.829,0.9359999999999999,0.5936666666666667,0.3657407407407407,0.3051591387245682,0.8543922785095678,0.262176976,0.3290970386711228,0.8848770997981192,0.34233333333333327,0.08160772149043216,0.2607256118429011,0.051122900201880705,0.29121043313145256,0.3290970386711228,0.023937899946554597
conditional__seed_000053__repr_nested__parallel_primitives,conditional__seed_000053,conditional,nested,0.967741935483871,0.907,0.962,0.6734444444444444,0.2999537999538,0.26156129645689874,0.9119842191548087,0.21561568,0.3091620964517791,0.9748226624300119,0.28855555555555557,0.050015780845191316,0.23853977471036425,0.012822662430011955,0.2757328931255436,0.3091620964517791,0.04760079999488037
conditional__seed_000053__repr_prose__parallel_primitives,conditional__seed_000053,conditional,prose,0.967741935483871,0.8480000000000001,0.958,0.8345011678345012,0.12891318597651225,0.14740149460873075,0.9787739041971897,0.10061586386386386,0.1863293254317903,0.9999988016807642,0.12349883216549873,0.02077390419718972,0.10272492796830901,0.0419988016807642,0.08150003048473453,0.1863293254317903,0.038927830823059534
conditional__seed_000053__repr_table__parallel_primitives,conditional__seed_000053,conditional,table,0.967741935483871,0.869,0.951,0.6593333333333333,0.3066947073256221,0.26994481724295877,0.9031280770357276,0.226061072,0.31998243154240336,0.9695827930281582,0.29166666666666663,0.04787192296427234,0.2437947437023943,0.01858279302815824,0.2730838736385084,0.31998243154240336,0.05003761429944459
conditional__seed_000054__repr_direct__parallel_primitives,conditional__seed_000054,conditional,direct,0.8333333333333334,0.767,0.9570000000000001,0.6301111111111111,0.34157668640427274,0.28640286966042733,0.883006789575045,0.26105196799999997,0.3513958469155108,0.9714879377730885,0.326888888888889,0.0739932104249551,0.2528956784639339,0.014487937773088433,0.3124009511158006,0.3513958469155108,0.06499297725508346
conditional__seed_000054__repr_distractor__parallel_primitives,conditional__seed_000054,conditional,distractor,0.8333333333333334,0.777,0.952,0.6567777777777778,0.31010737628384677,0.27143307288428753,0.9014652646639655,0.21588511999999999,0.31340742405550326,0.9565757055766225,0.29522222222222216,0.050534735336034475,0.2446874868861877,0.0045757055766225685,0.2906465166455996,0.31340742405550326,0.04197435117121573
conditional__seed_000054__repr_nested__parallel_primitives,conditional__seed_000054,conditional,nested,0.8333333333333334,0.782,0.959,0.6322222222222222,0.34074846483605603,0.2852554560155004,0.8845429147283327,0.25450692799999997,0.3453042483222008,0.9656733232223004,0.3267777777777777,0.07445708527166728,0.25232069250611044,0.006673323222300409,0.3201044545554773,0.3453042483222008,0.060048792306700405
conditional__seed_000054__repr_prose__parallel_primitives,conditional__seed_000054,conditional,prose,0.8333333333333334,0.796,0.9549999999999998,0.7964444444444445,0.16602675974403702,0.17727224296931082,0.9680534510211446,0.138184488,0.24791514225700562,0.9999987444212193,0.15855555555555534,0.013053451021144746,0.1455021045344106,0.04499874442121943,0.11355681113433591,0.24791514225700562,0.0706428992876948
conditional__seed_000054__repr_table__parallel_primitives,conditional__seed_000054,conditional,table,0.8333333333333334,0.759,0.9559999999999998,0.662,0.3075313807531379,0.2683819906984311,0.9048437730940645,0.22597451999999998,0.3363458802856056,0.9975075575284514,0.2939999999999998,0.051156226905935354,0.24284377309406446,0.04150755752845159,0.25249244247154823,0.3363458802856056,0.06796388958717448
conditional__seed_000055__repr_direct__parallel_primitives,conditional__seed_000055,conditional,direct,0.7551020408163265,0.715,0.892,0.527,0.40919282511210764,0.33405390363889753,0.7913553407395298,0.377582512,0.3709803263485302,0.8378116330460001,0.365,0.10064465926047017,0.2643553407395298,0.05418836695399987,0.3108116330460001,0.3709803263485302,0.036926422709632645
conditional__seed_000055__repr_distractor__parallel_primitives,conditional__seed_000055,conditional,distractor,0.7551020408163265,0.716,0.9179999999999999,0.5354444444444444,0.416727184701041,0.33080007535124095,0.8001262772488827,0.347258768,0.3635600518010928,0.8413118094797869,0.38255555555555554,0.11787372275111718,0.26468183280443836,0.07668819052021303,0.3058673650353425,0.3635600518010928,0.032759976449851846
conditional__seed_000055__repr_nested__parallel_primitives,conditional__seed_000055,conditional,nested,0.7551020408163265,0.763,0.954,0.561450339228117,0.4114776318363552,0.3200269120576526,0.8256949417323418,0.34627089489489493,0.36307025807821863,0.881494931503868,0.3925496607718829,0.12830505826765815,0.26424460250422477,0.07250506849613192,0.320044592275751,0.36307025807821863,0.04304334602056603
conditional__seed_000055__repr_prose__parallel_primitives,conditional__seed_000055,conditional,prose,0.7551020408163265,0.75,0.933,0.748,0.19828510182207937,0.21278433848169565,0.9501843479045259,0.1891082,0.3041555701356976,0.9999986631033917,0.18500000000000005,0.017184347904525832,0.16781565209547422,0.06699866310339164,0.11800133689660841,0.3041555701356976,0.09137123165400196
conditional__seed_000055__repr_table__parallel_primitives,conditional__seed_000055,conditional,table,0.7551020408163265,0.708,0.9280000000000002,0.5982222222222222,0.3553639846743296,0.30292507978309874,0.8581892776117663,0.340774736,0.37623045634151053,0.9590436537083409,0.32977777777777795,0.06981072238823383,0.2599670553895441,0.031043653708340724,0.2987341240694372,0.37623045634151053,0.0733053765584118
conditional__seed_000056__repr_direct__parallel_primitives,conditional__seed_000056,conditional,direct,0.6853932584269663,0.682,0.922,0.5356666666666667,0.4190166305133767,0.33071280817899096,0.800353978400834,0.369507096,0.3663698443412642,0.8453932659025294,0.3863333333333333,0.12164602159916604,0.26468731173416726,0.07660673409747065,0.30972659923586265,0.3663698443412642,0.035657036162273226
conditional__seed_000056__repr_distractor__parallel_primitives,conditional__seed_000056,conditional,distractor,0.6853932584269663,0.668,0.8960000000000001,0.5214444444444444,0.4180307539682542,0.3361278264969123,0.7854591068230986,0.379389272,0.3628710238326798,0.8184283935432012,0.37455555555555575,0.11054089317690152,0.26401466237865423,0.07757160645679895,0.2969839490987568,0.3628710238326798,0.026743197335767466
conditional__seed_000056__repr_nested__parallel_primitives,conditional__seed_000056,conditional,nested,0.6853932584269663,0.707,0.9490000000000001,0.5434444444444444,0.4273504273504274,0.32760593855476683,0.8082231471175898,0.370550728,0.3663964335627173,0.8577042069068549,0.40555555555555567,0.14077685288241026,0.2647787026731454,0.09129579309314517,0.3142597624624105,0.3663964335627173,0.038790495007950454
conditional__seed_000056__repr_prose__parallel_primitives,conditional__seed_000056,conditional,prose,0.6853932584269663,0.693,0.901,0.7114444444444444,0.21038352447897402,0.23762180366846475,0.9331909646259856,0.24510544799999998,0.3438003409749113,0.9999985944108465,0.1895555555555556,0.032190964625985585,0.15736459092957,0.09899859441084646,0.09055696114470912,0.3438003409749113,0.10617853730644655
conditional__seed_000056__repr_table__parallel_primitives,conditional__seed_000056,conditional,table,0.6853932584269663,0.683,0.9349999999999999,0.5977777777777777,0.36066547831253715,0.30314444764207743,0.8578216471908716,0.324473352,0.36507915298921273,0.9414996854995715,0.3372222222222222,0.07717835280912833,0.2600438694130939,0.006499685499571584,0.3307225367226506,0.36507915298921273,0.0619347053471353
conditional__seed_000057__repr_direct__parallel_primitives,conditional__seed_000057,conditional,direct,0.845360824742268,0.786,0.954,0.6359999999999999,0.33333333333333337,0.28318586110364663,0.8872592845046564,0.23838366399999997,0.33440034710700944,0.9555293444575316,0.31800000000000006,0.06674071549534355,0.2512592845046565,0.0015293444575316117,0.31647065554246845,0.33440034710700944,0.051214486003362814
conditional__seed_000057__repr_distractor__parallel_primitives,conditional__seed_000057,conditional,distractor,0.845360824742268,0.795,0.943,0.6211767322878434,0.34127599969475775,0.2911858870951349,0.8763605591064408,0.23017226026026028,0.3130846591891857,0.9042988202223363,0.3218232677121565,0.06663944089355911,0.2551838268185974,0.03870117977766363,0.2831220879344929,0.3130846591891857,0.021898772094050833
conditional__seed_000057__repr_nested__parallel_primitives,conditional__seed_000057,conditional,nested,0.845360824742268,0.799,0.9629999999999999,0.640888888888889,0.3344871351101879,0.2804766148558519,0.8907130777417254,0.21633450399999998,0.31677279623320903,0.9380318660549799,0.3221111111111109,0.07228692225827449,0.24982418885283642,0.024968133945019955,0.29714297716609095,0.31677279623320903,0.03629618137735713
conditional__seed_000057__repr_prose__parallel_primitives,conditional__seed_000057,conditional,prose,0.845360824742268,0.787,0.9469999999999998,0.7903333333333333,0.16543470608940503,0.18190991527886533,0.9660712775937593,0.14366139199999997,0.26658548012213823,0.9999987347126933,0.1566666666666665,0.019071277593759484,0.13759538907290703,0.05299873471269345,0.10366793195397306,0.26658548012213823,0.0846755648432729
conditional__seed_000057__repr_table__parallel_primitives,conditional__seed_000057,conditional,table,0.845360824742268,0.782,0.952,0.6586666666666666,0.3081232492997199,0.27033395111683617,0.9026960589365919,0.220329472,0.3261120147377893,0.9774126873776783,0.29333333333333333,0.049303941063408074,0.24402939226992526,0.025412687377678322,0.267920645955655,0.3261120147377893,0.05577806362095311
conditional__seed_000058__repr_direct__parallel_primitives,conditional__seed_000058,conditional,direct,0.8518518518518519,0.777,0.952,0.6283333333333333,0.3399859943977591,0.2873640207076207,0.8817030736467231,0.26102828,0.34767241503106555,0.9632174812341504,0.32366666666666666,0.07029692635327689,0.25336974031338977,0.01121748123415045,0.3124491854325162,0.34767241503106555,0.06030839432344487
conditional__seed_000058__repr_distractor__parallel_primitives,conditional__seed_000058,conditional,distractor,0.8518518518518519,0.764,0.9469999999999998,0.6136666666666667,0.35198873636043637,0.29511435778167516,0.8705903907127608,0.251865032,0.3306047444786199,0.9167478580180445,0.33333333333333315,0.07640960928723906,0.2569237240460941,0.03025214198195536,0.3030811913513778,0.3306047444786199,0.035490386696944765
conditional__seed_000058__repr_nested__parallel_primitives,conditional__seed_000058,conditional,nested,0.8518518518518519,0.8009999999999999,0.958,0.6305555555555555,0.34180004639294825,0.2861618539145307,0.8833312691586783,0.257826128,0.3413638019823098,0.9573654734637277,0.3274444444444444,0.07466873084132164,0.2527757136031228,0.000634526536272273,0.32680991790817215,0.3413638019823098,0.055201948067779116
conditional__seed_000058__repr_prose__parallel_primitives,conditional__seed_000058,conditional,prose,0.8518518518518519,0.8030000000000002,0.9559999999999998,0.788,0.17573221757322155,0.18366883162158082,0.9652945159074389,0.146529744,0.2626526307026625,0.9999987309660774,0.16799999999999982,0.009294515907439016,0.1587054840925608,0.04399873096607754,0.12400126903392228,0.2626526307026625,0.07898379908108166
conditional__seed_000058__repr_table__parallel_primitives,conditional__seed_000058,conditional,table,0.8518518518518519,0.759,0.951,0.6543333333333333,0.3119523308797757,0.2728479352574694,0.8998576295936382,0.23352092,0.33328108868791256,0.9814230888480729,0.29666666666666663,0.051142370406361715,0.24552429626030492,0.030423088848072988,0.26624357781859365,0.33328108868791256,0.06043315343044314
conditional__seed_000059__repr_direct__parallel_primitives,conditional__seed_000059,conditional,direct,0.5652173913043478,0.604,0.917,0.5503333333333333,0.39985459832788084,0.3247695352284011,0.8150303667348409,0.37688936,0.36965924731481803,0.873072748333301,0.3666666666666667,0.10196963326515918,0.2646970334015075,0.043927251666699085,0.3227394149999676,0.36965924731481803,0.044889712086416955
conditional__seed_000059__repr_distractor__parallel_primitives,conditional__seed_000059,conditional,distractor,0.5652173913043478,0.633,0.9099999999999999,0.5461111111111111,0.3998778998778998,0.32651735174264324,0.8108762898705396,0.354669752,0.36113870664932174,0.8548195309296105,0.3638888888888888,0.09912371012946031,0.2647651787594285,0.055180469070389426,0.3087084198184994,0.36113870664932174,0.0346213549066785
conditional__seed_000059__repr_nested__parallel_primitives,conditional__seed_000059,conditional,nested,0.5652173913043478,0.628,0.946,0.5564444444444444,0.4117923420249002,0.3221875746132616,0.8209416404943518,0.36165277599999995,0.3707671103532921,0.8843219316728157,0.38955555555555554,0.12505835950564814,0.2644971960499074,0.061678068327184254,0.3278774872283713,0.3707671103532921,0.04857953574003049
conditional__seed_000059__repr_prose__parallel_primitives,conditional__seed_000059,conditional,prose,0.5652173913043478,0.645,0.883,0.6591111111111111,0.2535548005536681,0.2700745985231669,0.9029842087664769,0.328009336,0.36029723804899216,0.9999984828074265,0.22388888888888892,0.019984208766476885,0.20390468012241203,0.11699848280742653,0.10689040608146239,0.36029723804899216,0.09022263952582527
conditional__seed_000059__repr_table__parallel_primitives,conditional__seed_000059,conditional,table,0.5652173913043478,0.594,0.9040000000000001,0.5706666666666667,0.368731563421829,0.3159425048093625,0.8342378684230769,0.37470927200000004,0.3725032259968577,0.9094336262895416,0.3333333333333335,0.06976213157692324,0.26357120175641024,0.005433626289541471,0.327899707043792,0.3725032259968577,0.05656072118749522
conditional__seed_000060__repr_direct__parallel_primitives,conditional__seed_000060,conditional,direct,0.6290322580645161,0.659,0.932,0.5705555555555555,0.3878159275154984,0.31599256151693145,0.8341364778442809,0.32721944,0.36179734693607407,0.894003735046218,0.36144444444444457,0.09786352215571914,0.2635809222887254,0.037996264953782055,0.3234481794906625,0.36179734693607407,0.045804785419142624
conditional__seed_000060__repr_distractor__parallel_primitives,conditional__seed_000060,conditional,distractor,0.6290322580645161,0.668,0.93,0.5881111111111111,0.3676224611708483,0.30784002243004116,0.8496751187143999,0.301786056,0.3480190793571823,0.902037302765341,0.3418888888888889,0.08032488128560011,0.2615640076032888,0.02796269723465905,0.31392619165422986,0.3480190793571823,0.04017905692714113
conditional__seed_000060__repr_nested__parallel_primitives,conditional__seed_000060,conditional,nested,0.6290322580645161,0.673,0.9490000000000001,0.5626666666666666,0.40709518791710575,0.31949574646168105,0.8268378393537595,0.334474496,0.3640092745528146,0.8847089181544868,0.3863333333333334,0.12216216064624053,0.2641711726870929,0.06429108184551324,0.3220422514878202,0.3640092745528146,0.04451352809113357
conditional__seed_000060__repr_prose__parallel_primitives,conditional__seed_000060,conditional,prose,0.6290322580645161,0.688,0.923,0.7004444444444444,0.24112194534729747,0.24475259402548785,0.9274370741341981,0.260446312,0.3389424568305388,0.9999985723370637,0.22255555555555562,0.004437074134198027,0.2181184814213576,0.07699857233706364,0.14555698321849198,0.3389424568305388,0.09418986280505096
conditional__seed_000060__repr_table__parallel_primitives,conditional__seed_000060,conditional,table,0.6290322580645161,0.648,0.9200000000000002,0.5818040262484706,0.3676043192951407,0.3108250542810515,0.8442036813185826,0.3320125645645645,0.35974714430923505,0.9087097715804262,0.33819597375152954,0.07579631868141756,0.262399655070112,0.011290228419573944,0.3269057453319556,0.35974714430923505,0.04892209002818354
conditional__seed_000061__repr_direct__parallel_primitives,conditional__seed_000061,conditional,direct,0.46078431372549017,0.461,0.762,0.42188888888888887,0.44634004082822987,0.36368478067381704,0.663018699027256,0.479986648,0.3641883044061844,0.6635437690319085,0.34011111111111114,0.09898130097274405,0.2411298101383671,0.09845623096809153,0.2416548801430196,0.3641883044061844,0.0005035237323673392
conditional__seed_000061__repr_distractor__parallel_primitives,conditional__seed_000061,conditional,distractor,0.46078431372549017,0.46699999999999997,0.782,0.4122222222222222,0.4728616084114806,0.3653180872046122,0.6494942016019238,0.418531,0.3493097707092337,0.6335153098449513,0.3697777777777778,0.1325057983980762,0.23727197937970163,0.14848469015504873,0.2212930876227291,0.3493097707092337,0.016008316495378483
conditional__seed_000061__repr_nested__parallel_primitives,conditional__seed_000061,conditional,nested,0.46078431372549017,0.479,0.702,0.4501111111111111,0.3588160810383033,0.3578105193875756,0.70090078504846,0.462704432,0.36658306033650223,0.7106079470344325,0.2518888888888889,0.001099214951539973,0.2507896739373489,0.008607947034432573,0.2432809418544563,0.36658306033650223,0.008772540948926655
conditional__seed_000061__repr_prose__parallel_primitives,conditional__seed_000061,conditional,prose,0.46078431372549017,0.51,0.73,0.4963333333333333,0.32009132420091324,0.3448263695222134,0.7575599966857354,0.511255944,0.3703026937607399,0.7882093958724133,0.2336666666666667,0.02755999668573539,0.2061066699809313,0.05820939587241336,0.17545727079425333,0.3703026937607399,0.02547632423852647
conditional__seed_000061__repr_table__parallel_primitives,conditional__seed_000061,conditional,table,0.46078431372549017,0.45,0.5780000000000001,0.43566666666666665,0.24625144175317193,0.3610194551673393,0.6818152292582885,0.522834168,0.3759906511248193,0.698173300531451,0.14233333333333342,0.10381522925828846,0.03851810407504497,0.12017330053145092,0.0221600328018825,0.3759906511248193,0.014971195957479977
explicit_probability__seed_000042__repr_direct__parallel_primitives,explicit_probability__seed_000042,explicit_probability,direct,0.0,0.02,0.0,0.0,,1.6976201002460832e-05,1.0000169764891988e-09,0.0,0.0,1e-06,0.0,1.0000169764891988e-09,-1.0000169764891988e-09,1e-06,-1e-06,0.0,1.6976201002460832e-05
explicit_probability__seed_000042__repr_distractor__parallel_primitives,explicit_probability__seed_000042,explicit_probability,distractor,0.0,0.019,0.0,0.0,,1.6976201002460832e-05,1.0000169764891988e-09,0.0,0.0,1e-06,0.0,1.0000169764891988e-09,-1.0000169764891988e-09,1e-06,-1e-06,0.0,1.6976201002460832e-05
explicit_probability__seed_000042__repr_prose__parallel_primitives,explicit_probability__seed_000042,explicit_probability,prose,0.0,0.013000000000000001,0.0,0.0,,1.6976201002460832e-05,1.0000169764891988e-09,0.0,0.0,1e-06,0.0,1.0000169764891988e-09,-1.0000169764891988e-09,1e-06,-1e-06,0.0,1.6976201002460832e-05
explicit_probability__seed_000042__repr_ratio__parallel_primitives,explicit_probability__seed_000042,explicit_probability,ratio,0.0,0.092,0.014000000000000002,0.006798172294661763,0.514416264667017,0.07049107786989424,0.007313724626852162,0.004702820461384151,0.013487258870216071,0.006891114540372071,0.007201827705338239,0.00668627537314784,0.0005155523321903992,0.007108885459627931,9.294224571030837e-05,0.013487258870216071,0.05700381899967817
explicit_probability__seed_000043__repr_direct__parallel_primitives,explicit_probability__seed_000043,explicit_probability,direct,0.052631578947,0.136,0.513,0.18796574352129908,0.6335950418688128,0.3340582407814306,0.28225552898479017,0.21525622422422422,0.2743251591275815,0.259021992956685,0.32503425647870093,0.23074447101520984,0.0942897854634911,0.253978007043315,0.07105624943538591,0.2743251591275815,0.05973308165384911
explicit_probability__seed_000043__repr_distractor__parallel_primitives,explicit_probability__seed_000043,explicit_probability,distractor,0.052631578947,0.11000000000000001,0.434,0.1889334224003563,0.564669533639732,0.3345650694725347,0.28392471409728354,0.21572273346693388,0.2754584132360861,0.2607627027238103,0.2450665775996437,0.15007528590271646,0.09499129169692724,0.1732372972761897,0.07182928032345401,0.2754584132360861,0.05910665623644862
explicit_probability__seed_000043__repr_prose__parallel_primitives,explicit_probability__seed_000043,explicit_probability,prose,0.052631578947,0.15,0.422,0.20031142253364476,0.5253283826216949,0.3402027985279129,0.3035954412760858,0.2447655415415415,0.2869702241309266,0.28092995455834363,0.22168857746635523,0.1184045587239142,0.10328401874244103,0.14107004544165636,0.08061853202469887,0.2869702241309266,0.05323257439698631
explicit_probability__seed_000043__repr_ratio__parallel_primitives,explicit_probability__seed_000043,explicit_probability,ratio,0.052631578947,0.07300000000000001,0.033999999999999996,0.11278111779113784,0.0,0.2786916588731256,0.15635631998230315,0.08231964729458917,0.2200278582885754,0.1445963410227346,0.07878111779113783,0.12235631998230315,-0.04357520219116531,0.1105963410227346,-0.03181522323159677,0.2200278582885754,0.058663800584550174
explicit_probability__seed_000044__repr_direct__parallel_primitives,explicit_probability__seed_000044,explicit_probability,direct,0.105263157895,0.173,0.58,0.20531642753864976,0.646006159416121,0.34250093535507714,0.3122687750887209,0.22972458058058057,0.31046546670350317,0.29776090626974383,0.3746835724613502,0.26773122491127904,0.10695234755007116,0.28223909373025613,0.09244447873109407,0.31046546670350317,0.03203546865157397
explicit_probability__seed_000044__repr_distractor__parallel_primitives,explicit_probability__seed_000044,explicit_probability,distractor,0.105263157895,0.162,0.562,0.232,0.5871886120996441,0.35301207169545346,0.3585847430074372,0.27038632,0.3303297486728347,0.3464391609754472,0.33000000000000007,0.20341525699256285,0.12658474300743722,0.21556083902455286,0.11443916097544721,0.3303297486728347,0.022682323022618744
explicit_probability__seed_000044__repr_prose__parallel_primitives,explicit_probability__seed_000044,explicit_probability,prose,0.105263157895,0.20600000000000002,0.541,0.22644444444444442,0.5814335592524134,0.3510551635874074,0.3489425167418596,0.286167376,0.3325416762895752,0.33926379580620347,0.3145555555555556,0.19205748325814043,0.12249807229741516,0.20173620419379656,0.11281935136175902,0.3325416762895752,0.0185134872978322
explicit_probability__seed_000044__repr_ratio__parallel_primitives,explicit_probability__seed_000044,explicit_probability,ratio,0.105263157895,0.14300000000000002,0.093,0.15693471249026802,0.0,0.31532421087704304,0.22921025539882942,0.12898327127127127,0.29736262202473285,0.22335093094889713,0.06393471249026803,0.13621025539882942,-0.07227554290856139,0.13035093094889713,-0.0664162184586291,0.29736262202473285,0.017961588852310195
explicit_probability__seed_000045__repr_direct__parallel_primitives,explicit_probability__seed_000045,explicit_probability,direct,0.157894736842,0.21600000000000003,0.63,0.22433544655766877,0.6439119895910019,0.3502813548408481,0.3452809123289307,0.2568788948948949,0.3363426533096008,0.33802902608764884,0.4056645534423312,0.2847190876710693,0.12094546577126192,0.29197097391235116,0.11369357952998005,0.3363426533096008,0.013938701531247322
explicit_probability__seed_000045__repr_distractor__parallel_primitives,explicit_probability__seed_000045,explicit_probability,distractor,0.157894736842,0.198,0.5860000000000001,0.2392222222222222,0.5917709518392114,0.35538340196082746,0.3711077607214901,0.280025688,0.349644035207502,0.3678327487909613,0.34677777777777785,0.21489223927850998,0.13188553849926787,0.2181672512090388,0.12861052656873906,0.349644035207502,0.005739366753325481
explicit_probability__seed_000045__repr_prose__parallel_primitives,explicit_probability__seed_000045,explicit_probability,prose,0.157894736842,0.233,0.564,0.2398888888888889,0.5746650906225373,0.35559264884658004,0.37226280621956526,0.303684632,0.3492783785803473,0.36865055807663677,0.324111111111111,0.1917371937804347,0.13237391733067633,0.19534944192336318,0.12876166918774784,0.3492783785803473,0.006314270266232713
explicit_probability__seed_000045__repr_ratio__parallel_primitives,explicit_probability__seed_000045,explicit_probability,ratio,0.157894736842,0.174,0.06899999999999999,0.16644444444444445,0.0,0.3216016196041995,0.24534911823836483,0.138433648,0.31486424320946316,0.24293644404743958,0.09744444444444446,0.17634911823836485,-0.0789046737939204,0.17393644404743958,-0.07649199960299512,0.31486424320946316,0.006737376394736316
explicit_probability__seed_000046__repr_direct__parallel_primitives,explicit_probability__seed_000046,explicit_probability,direct,0.210526315789,0.274,0.668,0.24988888888888888,0.6259148369926814,0.35854068854982796,0.3895631171429335,0.295506336,0.3660074839507042,0.394151165136875,0.41811111111111116,0.2784368828570665,0.13967422825404463,0.27384883486312506,0.1442622762479861,0.3660074839507042,0.007466795400876247
explicit_probability__seed_000046__repr_distractor__parallel_primitives,explicit_probability__seed_000046,explicit_probability,distractor,0.210526315789,0.25,0.658,0.2643333333333333,0.5982776089159069,0.3621892221534472,0.41443848632631247,0.307273168,0.36506345692476955,0.4163145690954722,0.3936666666666667,0.24356151367368756,0.15010515299297916,0.24168543090452782,0.1519812357621389,0.36506345692476955,0.0028742347713223704
explicit_probability__seed_000046__repr_prose__parallel_primitives,explicit_probability__seed_000046,explicit_probability,prose,0.210526315789,0.295,0.653,0.2822222222222222,0.5678067041007318,0.3657627063634041,0.44497891412851764,0.379674704,0.38077206384142703,0.45576468008373283,0.3707777777777778,0.20802108587148238,0.16275669190629544,0.1972353199162672,0.17354245786151062,0.38077206384142703,0.015009357478022956
explicit_probability__seed_000046__repr_ratio__parallel_primitives,explicit_probability__seed_000046,explicit_probability,ratio,0.210526315789,0.23000000000000004,0.132,0.20281124497991967,0.0,0.3413641768289245,0.3079262284937105,0.18736123694779117,0.3653976901221332,0.3195879400737636,0.07081124497991967,0.17592622849371048,-0.10511498351379081,0.18758794007376361,-0.11677669509384395,0.3653976901221332,0.024033513293208686
explicit_probability__seed_000047__repr_direct__parallel_primitives,explicit_probability__seed_000047,explicit_probability,direct,0.263157894737,0.311,0.719,0.2604444444444444,0.6377685056405502,0.36127587274740414,0.4077573295449455,0.314591664,0.37599394736141406,0.41737486895065357,0.45855555555555555,0.3112426704550545,0.14731288510050106,0.3016251310493464,0.15693042450620914,0.37599394736141406,0.014718074614009924
explicit_probability__seed_000047__repr_distractor__parallel_primitives,explicit_probability__seed_000047,explicit_probability,distractor,0.263157894737,0.302,0.726,0.2985555555555556,0.588766452402816,0.36816496329350795,0.4725213674629512,0.370031352,0.38049807248286743,0.4819283722846834,0.4274444444444444,0.2534786325370488,0.17396581190739563,0.2440716277153166,0.1833728167291278,0.38049807248286743,0.012333109189359481
explicit_probability__seed_000047__repr_prose__parallel_primitives,explicit_probability__seed_000047,explicit_probability,prose,0.263157894737,0.332,0.6719999999999999,0.30241352463574683,0.5499798740539481,0.3686176448184815,0.4789705036163147,0.41433147547547544,0.3931199711631417,0.4983085787405961,0.3695864753642531,0.19302949638368522,0.17655697898056788,0.17369142125940384,0.19589505410484925,0.3931199711631417,0.024502326344660152
explicit_probability__seed_000047__repr_ratio__parallel_primitives,explicit_probability__seed_000047,explicit_probability,ratio,0.263157894737,0.24100000000000002,0.08399999999999999,0.2038337233923994,0.0,0.34183139700702797,0.30969833940039215,0.19016744633901703,0.36547795752573603,0.32123978325097646,0.11983372339239942,0.22569833940039216,-0.10586461600799274,0.23723978325097647,-0.11740605985857705,0.36547795752573603,0.02364656051870806
explicit_probability__seed_000048__repr_direct__parallel_primitives,explicit_probability__seed_000048,explicit_probability,direct,0.315789473684,0.363,0.726,0.28644444444444445,0.6054484236302418,0.36646038206869974,0.4521334362320904,0.352847632,0.3929476641076318,0.4718612012642544,0.43955555555555553,0.2738665637679096,0.16568899178764596,0.2541387987357456,0.18541675681980996,0.3929476641076318,0.02648728203893208
explicit_probability__seed_000048__repr_distractor__parallel_primitives,explicit_probability__seed_000048,explicit_probability,distractor,0.315789473684,0.348,0.708,0.3071111111111111,0.5662272441933458,0.36911125547331947,0.48679123502436056,0.38811559999999995,0.38722931906189173,0.5011844082372641,0.40088888888888885,0.2212087649756394,0.17968012391324945,0.2068155917627359,0.19407329712615295,0.38722931906189173,0.018118063588572264
explicit_probability__seed_000048__repr_prose__parallel_primitives,explicit_probability__seed_000048,explicit_probability,prose,0.315789473684,0.383,0.751,0.349,0.5352862849533955,0.37085719185652394,0.5547230223132592,0.49649444,0.4035623801234332,0.5851408233978027,0.402,0.1962769776867408,0.20572302231325923,0.1658591766021973,0.23614082339780273,0.4035623801234332,0.03270518826690927
explicit_probability__seed_000048__repr_ratio__parallel_primitives,explicit_probability__seed_000048,explicit_probability,ratio,0.315789473684,0.28500000000000003,0.162,0.28388888888888886,0.0,0.3660446001044485,0.447805774563418,0.35317763199999996,0.4195601722394807,0.4890927109261309,0.12188888888888885,0.28580577456341805,-0.1639168856745292,0.3270927109261309,-0.20520382203724205,0.4195601722394807,0.05351557213503222
explicit_probability__seed_000049__repr_direct__parallel_primitives,explicit_probability__seed_000049,explicit_probability,direct,0.368421052632,0.392,0.772,0.30211111111111116,0.608664363845711,0.3685837096496002,0.47846581681232336,0.370636544,0.3990278673203191,0.5027040268307031,0.46988888888888886,0.29353418318767666,0.1763547057012122,0.2692959731692969,0.20059291571959198,0.3990278673203191,0.030444157670718897
explicit_probability__seed_000049__repr_distractor__parallel_primitives,explicit_probability__seed_000049,explicit_probability,distractor,0.368421052632,0.386,0.728,0.3194444444444444,0.5612026862026862,0.3701128225140831,0.5071454950384136,0.395350096,0.3828358515100714,0.5176004556098375,0.40855555555555556,0.22085450496158643,0.18770105059396913,0.2103995443901625,0.19815601116539305,0.3828358515100714,0.012723028995988261
explicit_probability__seed_000049__repr_prose__parallel_primitives,explicit_probability__seed_000049,explicit_probability,prose,0.368421052632,0.414,0.789,0.3772222222222222,0.5218983241796931,0.369526361078273,0.5983156137461509,0.5203165839999999,0.4057287262176826,0.6347643557147594,0.41177777777777785,0.1906843862538491,0.22109339152392876,0.15423564428524061,0.25754213349253724,0.4057287262176826,0.036202365139409554
explicit_probability__seed_000049__repr_ratio__parallel_primitives,explicit_probability__seed_000049,explicit_probability,ratio,0.368421052632,0.391,0.28900000000000003,0.3207777777777778,0.0,0.3701960439680926,0.5093295694724509,0.442029536,0.42911260673929913,0.5618932587486509,0.03177777777777774,0.22032956947245086,-0.18855179169467312,0.2728932587486509,-0.24111548097087315,0.42911260673929913,0.05891656277120655
explicit_probability__seed_000050__repr_direct__parallel_primitives,explicit_probability__seed_000050,explicit_probability,direct,0.421052631579,0.44000000000000006,0.7929999999999999,0.35488888888888886,0.552473027882864,0.3707389173560258,0.5639771768464494,0.49240524799999996,0.41208292078892944,0.6036376581628082,0.43811111111111106,0.2290228231535505,0.20908828795756057,0.1893623418371917,0.24874876927391937,0.41208292078892944,0.04134400343290362
explicit_probability__seed_000050__repr_distractor__parallel_primitives,explicit_probability__seed_000050,explicit_probability,distractor,0.421052631579,0.453,0.799,0.38522222222222224,0.5178695591711862,0.36880681373308377,0.6103079542105848,0.519589728,0.4029075382968885,0.6451634326841725,0.4137777777777778,0.18869204578941523,0.22508573198836257,0.1538365673158275,0.2599412104619503,0.4029075382968885,0.03410072456380475
explicit_probability__seed_000050__repr_prose__parallel_primitives,explicit_probability__seed_000050,explicit_probability,prose,0.421052631579,0.477,0.8240000000000001,0.4434444444444445,0.461839266450917,0.3593435301453238,0.6921719600288022,0.594379528,0.41446248287841697,0.7573288328719784,0.3805555555555556,0.13182803997119785,0.24872751558435774,0.06667116712802168,0.3138843884275339,0.41446248287841697,0.055118952733093196
explicit_probability__seed_000050__repr_ratio__parallel_primitives,explicit_probability__seed_000050,explicit_probability,ratio,0.421052631579,0.371,0.24500000000000002,0.35977777777777775,0.0,0.37057588682146964,0.5715983392516297,0.57350048,0.4356572265445385,0.637516407935667,0.11477777777777773,0.32659833925162973,-0.211820561473852,0.392516407935667,-0.27773863015788924,0.4356572265445385,0.06508133972306884
explicit_probability__seed_000051__repr_direct__parallel_primitives,explicit_probability__seed_000051,explicit_probability,direct,0.473684210526,0.47400000000000003,0.781,0.39741446561907945,0.49114665093587784,0.3674307959394264,0.6282545262526309,0.713137259779338,0.4244734583744823,0.6905232632653598,0.3835855343809206,0.15274547374736913,0.23084006063355145,0.09047673673464018,0.2931087976462804,0.4244734583744823,0.0570426624350559
explicit_probability__seed_000051__repr_distractor__parallel_primitives,explicit_probability__seed_000051,explicit_probability,distractor,0.473684210526,0.477,0.752,0.41388888888888886,0.4496158392434989,0.36505062906652197,0.6518454979810523,0.718171168,0.41293958323008945,0.7050192400403422,0.33811111111111114,0.10015450201894771,0.23795660909216343,0.04698075995965778,0.29113035115145336,0.41293958323008945,0.047888954163567476
explicit_probability__seed_000051__repr_prose__parallel_primitives,explicit_probability__seed_000051,explicit_probability,prose,0.473684210526,0.49800000000000005,0.808,0.46244444444444444,0.4276677667766777,0.35474376982186956,0.7166834240667174,0.724902072,0.4236340669102503,0.8023452079573797,0.3455555555555556,0.09131657593328268,0.25423897962227293,0.005654792042620316,0.3399007635129353,0.4236340669102503,0.06889029708838074
explicit_probability__seed_000051__repr_ratio__parallel_primitives,explicit_probability__seed_000051,explicit_probability,ratio,0.473684210526,0.43499999999999994,0.358,0.4368585452922802,0.0,0.3607705713683367,0.6834143199999742,0.9239943775100401,0.43782737109899544,0.777089674654382,0.0788585452922802,0.32541431999997417,-0.24655577470769396,0.41908967465438196,-0.34023112936210176,0.43782737109899544,0.07705679973065876
explicit_probability__seed_000052__repr_direct__parallel_primitives,explicit_probability__seed_000052,explicit_probability,direct,0.526315789474,0.592,0.958,0.6284444444444445,0.3440037114358617,0.28730408539572855,0.8817848279562426,0.620036432,0.4220921749608848,0.9999984087719803,0.3295555555555555,0.07621517204375738,0.2533403835117981,0.041998408771980356,0.28755714678357513,0.4220921749608848,0.13478808956515625
explicit_probability__seed_000052__repr_distractor__parallel_primitives,explicit_probability__seed_000052,explicit_probability,distractor,0.526315789474,0.595,0.942,0.6326666666666666,0.3283793347487616,0.2850130603506882,0.8848646479850082,0.50485628,0.41096746083004015,0.9999984193913286,0.30933333333333335,0.05713535201499176,0.2521979813183416,0.05799841939132866,0.2513349139420047,0.41096746083004015,0.12595440047935197
explicit_probability__seed_000052__repr_prose__parallel_primitives,explicit_probability__seed_000052,explicit_probability,prose,0.526315789474,0.597,0.929,0.6388888888888888,0.31228321971056106,0.2815891502222107,0.8893085190549429,0.517911176,0.4166440228134968,0.9999984347850587,0.2901111111111112,0.039691480945057145,0.25041963016605406,0.07099843478505863,0.21911267632605258,0.4166440228134968,0.13505487259128607
explicit_probability__seed_000052__repr_ratio__parallel_primitives,explicit_probability__seed_000052,explicit_probability,ratio,0.526315789474,0.567,0.952,0.6097208319430542,0.35953694123628765,0.2971443915933522,0.8674908824093653,0.7361021901901903,0.43498054559144833,0.9999983599078339,0.3422791680569458,0.08450911759063462,0.2577700504663112,0.047998359907833965,0.29428080814911184,0.43498054559144833,0.13783615399809612
explicit_probability__seed_000053__repr_direct__parallel_primitives,explicit_probability__seed_000053,explicit_probability,direct,0.578947368421,0.642,0.9549999999999998,0.6504444444444444,0.31890634089586967,0.27508127943857463,0.8972653429900346,0.423493176,0.4113900943603088,0.9999984625920461,0.30455555555555547,0.05773465700996527,0.2468208985455902,0.04499846259204621,0.25955709296350926,0.4113900943603088,0.1363088149217342
explicit_probability__seed_000053__repr_distractor__parallel_primitives,explicit_probability__seed_000053,explicit_probability,distractor,0.578947368421,0.642,0.9490000000000001,0.6457568679790903,0.3195396543950577,0.27774447589286955,0.8940836676568038,0.39845566366366364,0.4039397306326127,0.9999984514319536,0.3032431320209098,0.05491633234319626,0.24832679967771354,0.050998451431953584,0.2522446805889562,0.4039397306326127,0.12619525473974313
explicit_probability__seed_000053__repr_prose__parallel_primitives,explicit_probability__seed_000053,explicit_probability,prose,0.578947368421,0.627,0.924,0.6556556556556555,0.2904159570826239,0.27208362166529537,0.9007293628364784,0.4023935135135135,0.41116921250751715,0.9999984748114865,0.2683443443443445,0.023270637163521624,0.2450737071808229,0.07599847481148647,0.19234586953285804,0.41116921250751715,0.13908559084222177
explicit_probability__seed_000053__repr_ratio__parallel_primitives,explicit_probability__seed_000053,explicit_probability,ratio,0.578947368421,0.586,0.943,0.6831111111111111,0.275597973371038,0.25565808799161305,0.9177383405267848,0.40945287999999996,0.4334680896890435,0.9999985361114467,0.25988888888888884,0.025261659473215126,0.2346272294156737,0.056998536111446785,0.20289035277744205,0.4334680896890435,0.17781000169743044
explicit_probability__seed_000054__repr_direct__parallel_primitives,explicit_probability__seed_000054,explicit_probability,direct,0.631578947368,0.662,0.961,0.6749999999999999,0.29760665972944855,0.260620087633152,0.9129271551877033,0.338213648,0.40069940914035557,0.9999985185207133,0.28600000000000003,0.04807284481229668,0.23792715518770335,0.03899851852071334,0.2470014814792867,0.40069940914035557,0.1400793215072036
explicit_probability__seed_000054__repr_distractor__parallel_primitives,explicit_probability__seed_000054,explicit_probability,distractor,0.631578947368,0.662,0.9559999999999998,0.657888888888889,0.31183170618317047,0.27078714408603277,0.9021904695636728,0.352612176,0.3976460129232854,0.9999984799887993,0.2981111111111109,0.05380953043632708,0.2443015806747838,0.043998479988799466,0.2541126311223114,0.3976460129232854,0.12685886883725261
explicit_probability__seed_000054__repr_prose__parallel_primitives,explicit_probability__seed_000054,explicit_probability,prose,0.631578947368,0.659,0.945,0.6891111111111111,0.27078189300411515,0.25192935832524266,0.9211845415672918,0.342619064,0.4066233732609186,0.9999985488573138,0.25588888888888883,0.02381545843270816,0.23207343045618067,0.05499854885731381,0.20089034003157502,0.4066233732609186,0.15469401493567592
explicit_probability__seed_000054__repr_ratio__parallel_primitives,explicit_probability__seed_000054,explicit_probability,ratio,0.631578947368,0.652,0.959,0.6804582360137916,0.29045022313473234,0.25729098524913857,0.9161841616289637,0.4102178978978979,0.4330254604072528,0.999998530404252,0.27854176398620833,0.04281583837103631,0.23572592561517203,0.040998530404252054,0.23754323358195628,0.4330254604072528,0.17573447515811425
explicit_probability__seed_000055__repr_direct__parallel_primitives,explicit_probability__seed_000055,explicit_probability,direct,0.684210526316,0.69,0.969,0.6956666666666667,0.2820777433780529,0.2477992823883709,0.9248418013685654,0.29914972799999995,0.3998427466991955,0.9999985625320137,0.2733333333333333,0.04415819863143455,0.22917513470189876,0.030998562532013718,0.2423347708013196,0.3998427466991955,0.1520434643108246
explicit_probability__seed_000055__repr_distractor__parallel_primitives,explicit_probability__seed_000055,explicit_probability,distractor,0.684210526316,0.69,0.961,0.6808888888888889,0.29147878367441327,0.2570265685818452,0.9164377353161044,0.30902456,0.3941775800963617,0.9999985313337498,0.2801111111111111,0.04456226468389557,0.23554884642721552,0.038998531333749864,0.24111257977736122,0.3941775800963617,0.13715101151451653
explicit_probability__seed_000055__repr_prose__parallel_primitives,explicit_probability__seed_000055,explicit_probability,prose,0.684210526316,0.689,0.95,0.7044444444444444,0.25847953216374264,0.24217827690747476,0.929564860676917,0.30108296,0.40556109174493565,0.9999985804436556,0.24555555555555553,0.02043513932308294,0.2251204162324726,0.04999858044365568,0.19555697511189984,0.40556109174493565,0.1633828148374609
explicit_probability__seed_000055__repr_ratio__parallel_primitives,explicit_probability__seed_000055,explicit_probability,ratio,0.684210526316,0.69,0.953,0.728395061728395,0.23568199189045647,0.22632025374294695,0.9414684373634716,0.29594507307307305,0.4262722667937846,0.999998627120529,0.224604938271605,0.011531562636528325,0.21307337563507667,0.046998627120529046,0.17760631115107595,0.4262722667937846,0.19995201305083765
explicit_probability__seed_000056__repr_direct__parallel_primitives,explicit_probability__seed_000056,explicit_probability,direct,0.736842105263,0.742,0.9730000000000001,0.7325555555555555,0.24711659244033357,0.2234890059952772,0.9433936688745711,0.23283261599999996,0.39052631895586076,0.9999986349176833,0.24044444444444457,0.029606331125428986,0.21083811331901559,0.026998634917683173,0.2134458095267614,0.39052631895586076,0.16703731296058355
explicit_probability__seed_000056__repr_distractor__parallel_primitives,explicit_probability__seed_000056,explicit_probability,distractor,0.736842105263,0.742,0.968,0.7134912690468246,0.26292224272022247,0.23627717664935907,0.9342280304215107,0.24857235635635636,0.3917671516282339,0.9999985984431179,0.2545087309531754,0.03377196957848927,0.22073676137468612,0.03199859844311792,0.22251013251005747,0.3917671516282339,0.15548997497887482
explicit_probability__seed_000056__repr_prose__parallel_primitives,explicit_probability__seed_000056,explicit_probability,prose,0.736842105263,0.73,0.9559999999999998,0.7492222222222222,0.21629474662947457,0.2119242254242465,0.9506982023721673,0.22590103999999997,0.3925402244181936,0.9999986652842968,0.20677777777777762,0.005301797627832561,0.20147598014994506,0.04399866528429697,0.16277911249348065,0.3925402244181936,0.1806159989939471
explicit_probability__seed_000056__repr_ratio__parallel_primitives,explicit_probability__seed_000056,explicit_probability,ratio,0.736842105263,0.747,0.966,0.773,0.19979296066252583,0.1948185094739159,0.9600320040826353,0.20446818399999997,0.41326675303155536,0.9999987063406127,0.19299999999999995,0.005967995917364632,0.18703200408263532,0.03399870634061275,0.1590012936593872,0.41326675303155536,0.21844824355763945
explicit_probability__seed_000057__repr_direct__parallel_primitives,explicit_probability__seed_000057,explicit_probability,direct,0.789473684211,0.768,0.9719999999999999,0.7451111111111111,0.2334247828074988,0.21480980345047113,0.9489562075347565,0.20458442399999996,0.3718250911854546,0.9999986579200835,0.2268888888888888,0.02304379246524335,0.20384509642364546,0.027998657920083603,0.1988902309688052,0.3718250911854546,0.15701528773498347
explicit_probability__seed_000057__repr_distractor__parallel_primitives,explicit_probability__seed_000057,explicit_probability,distractor,0.789473684211,0.786,0.97,0.7342222222222222,0.24306987399770907,0.22234854936647933,0.9441533499668541,0.21555531999999997,0.3739990342001192,0.9999986380163828,0.23577777777777775,0.0258466500331459,0.20993112774463185,0.029998638016382806,0.20577913976139495,0.3739990342001192,0.15165048483363988
explicit_probability__seed_000057__repr_prose__parallel_primitives,explicit_probability__seed_000057,explicit_probability,prose,0.789473684211,0.746,0.952,0.7568888888888889,0.20494864612511665,0.20648597329721624,0.9538443725234701,0.20791484,0.37407500340427113,0.9999986788038594,0.195111111111111,0.0018443725234701391,0.19326673858764087,0.04799867880385944,0.14711243230725157,0.37407500340427113,0.1675890301070549
explicit_probability__seed_000057__repr_ratio__parallel_primitives,explicit_probability__seed_000057,explicit_probability,ratio,0.789473684211,0.783,0.975,0.7906795684573463,0.1890465964540038,0.18164835745562705,0.9661855947389679,0.17289218018018018,0.4002044643378446,0.9999987352667563,0.18432043154265365,0.008814405261032054,0.1755060262816216,0.024998735266756333,0.15932169627589732,0.4002044643378446,0.21855610688221758
explicit_probability__seed_000058__repr_direct__parallel_primitives,explicit_probability__seed_000058,explicit_probability,direct,0.842105263158,0.8109999999999999,0.9789999999999999,0.7756666666666666,0.2076949267960504,0.1928564062597381,0.9610020728434047,0.16098717599999998,0.33183745448033175,0.9999987107880823,0.20333333333333325,0.017997927156595206,0.18533540617673805,0.020998710788082464,0.1823346225452508,0.33183745448033175,0.13898104822059365
explicit_probability__seed_000058__repr_distractor__parallel_primitives,explicit_probability__seed_000058,explicit_probability,distractor,0.842105263158,0.829,0.97,0.7645290581162324,0.21182571328223465,0.2009932263621859,0.9568492825603875,0.1778585410821643,0.34950918189137026,0.9999986920069532,0.20547094188376758,0.013150717439612492,0.19232022444415509,0.029998692006953265,0.1754722498768143,0.34950918189137026,0.14851595552918437
explicit_probability__seed_000058__repr_prose__parallel_primitives,explicit_probability__seed_000058,explicit_probability,prose,0.842105263158,0.787,0.958,0.7787777777777778,0.18707956390628622,0.19055627959742974,0.9621147933428391,0.18429954399999998,0.34801047798954143,0.9999987159383017,0.17922222222222217,0.0041147933428391514,0.17510742887938302,0.041998715938301734,0.13722350628392044,0.34801047798954143,0.1574541983921117
explicit_probability__seed_000058__repr_ratio__parallel_primitives,explicit_probability__seed_000058,explicit_probability,ratio,0.842105263158,0.825,0.9800000000000001,0.8131819193943441,0.1702225312302612,0.16434307654754723,0.9731049867148173,0.14841419639278555,0.3623039359052131,0.9999987702643819,0.16681808060565595,0.006895013285182827,0.15992306732047312,0.019998770264381793,0.14681931034127416,0.3623039359052131,0.19796085935766586
explicit_probability__seed_000059__repr_direct__parallel_primitives,explicit_probability__seed_000059,explicit_probability,direct,0.894736842105,0.8539999999999999,0.976,0.7996666666666666,0.18066939890710387,0.17480895400979388,0.9690685212260017,0.13898482399999998,0.2979642071297645,0.9999987494805134,0.17633333333333334,0.006931478773998245,0.1694018545593351,0.023998749480513393,0.15233458385281995,0.2979642071297645,0.12315525311997064
explicit_probability__seed_000059__repr_distractor__parallel_primitives,explicit_probability__seed_000059,explicit_probability,distractor,0.894736842105,0.8720000000000001,0.978,0.7877777777777777,0.1945012497159737,0.18383600523517857,0.9652199592617128,0.15013433599999998,0.31822631915057414,0.9999987306080993,0.1902222222222223,0.012780040738287202,0.1774421814839351,0.021998730608099315,0.16822349161412298,0.31822631915057414,0.13439031391539558
explicit_probability__seed_000059__repr_prose__parallel_primitives,explicit_probability__seed_000059,explicit_probability,prose,0.894736842105,0.828,0.968,0.8055555555555556,0.1678145087235996,0.17027522319112703,0.9708707972464408,0.150448096,0.3169508216393531,0.9999987586222306,0.1624444444444444,0.0028707972464407927,0.1595736471980036,0.03199875862223067,0.13044568582221372,0.3169508216393531,0.14667559844822609
explicit_probability__seed_000059__repr_ratio__parallel_primitives,explicit_probability__seed_000059,explicit_probability,ratio,0.894736842105,0.8560000000000001,0.984,0.8677777777777776,0.11811201445347796,0.11993135001738967,0.9860341892588997,0.09451511999999998,0.2619127160807122,0.99999884763257,0.11622222222222234,0.0020341892588997545,0.11418803296332258,0.01599884763256998,0.10022337458965236,0.2619127160807122,0.14198136606332254
explicit_probability__seed_000060__repr_direct__parallel_primitives,explicit_probability__seed_000060,explicit_probability,direct,0.947368421053,0.916,0.9800000000000001,0.834,0.14897959183673481,0.1478057391587957,0.9786501016525918,0.10910165599999999,0.24802049469559265,0.9999988009606703,0.14600000000000013,0.0013498983474082848,0.14465010165259184,0.019998800960670193,0.12600119903932994,0.24802049469559265,0.10021475553679696
explicit_probability__seed_000060__repr_distractor__parallel_primitives,explicit_probability__seed_000060,explicit_probability,distractor,0.947368421053,0.93,0.978,0.8151111111111111,0.16655305612360827,0.16283166209414207,0.973652578823129,0.12566866399999999,0.2732549468906154,0.9999987731748966,0.16288888888888886,0.004347421176871036,0.15854146771201783,0.021998773174896624,0.14089011571399224,0.2732549468906154,0.11042328479647334
explicit_probability__seed_000060__repr_prose__parallel_primitives,explicit_probability__seed_000060,explicit_probability,prose,0.947368421053,0.8699999999999999,0.97,0.8314444444444444,0.1428407789232531,0.14986261783612845,0.9780118624217563,0.124935176,0.27111139155761155,0.9999987972752672,0.13855555555555554,0.008011862421756333,0.1305436931337992,0.02999879727526722,0.10855675828028832,0.27111139155761155,0.1212487737214831
explicit_probability__seed_000060__repr_ratio__parallel_primitives,explicit_probability__seed_000060,explicit_probability,ratio,0.947368421053,0.932,0.99,0.8887777777777778,0.10224466891133555,0.10197469018288702,0.9897023703694738,0.07145963999999999,0.208935101954121,0.9999988748606233,0.10122222222222221,0.00029762963052615277,0.10092459259169606,0.009998874860623341,0.09122334736159887,0.208935101954121,0.10696041177123397
explicit_probability__seed_000061__repr_direct__parallel_primitives,explicit_probability__seed_000061,explicit_probability,direct,1.0,0.983,1.0,0.9888888888888889,0.011111111111111072,0.010508775679140648,0.9993912675351074,0.0007408799999999999,0.002208129156532949,0.9910773156058565,0.011111111111111072,0.0006087324648925696,0.010502378646218502,0.008922684394143454,0.0021884267169676175,0.002208129156532949,0.008300646522607699
explicit_probability__seed_000061__repr_distractor__parallel_primitives,explicit_probability__seed_000061,explicit_probability,distractor,1.0,0.9879999999999999,1.0,1.0,0.0,7.950053017763798e-10,0.9999999997950053,0.0,0.0,0.999999,0.0,2.0499468789125785e-10,-2.0499468789125785e-10,1.0000000000287557e-06,-1.0000000000287557e-06,0.0,7.950053017763798e-10
explicit_probability__seed_000061__repr_prose__parallel_primitives,explicit_probability__seed_000061,explicit_probability,prose,1.0,0.99,1.0,1.0,0.0,7.950053017763798e-10,0.9999999997950053,0.0,0.0,0.999999,0.0,2.0499468789125785e-10,-2.0499468789125785e-10,1.0000000000287557e-06,-1.0000000000287557e-06,0.0,7.950053017763798e-10
explicit_probability__seed_000061__repr_ratio__parallel_primitives,explicit_probability__seed_000061,explicit_probability,ratio,1.0,0.986,1.0,0.9893333333333333,0.010666666666666713,0.010086268556176663,0.9994136881911482,0.0004445279999999999,0.0013248774939197696,0.9906458176816254,0.010666666666666713,0.0005863118088518249,0.010080354857814888,0.009354182318374593,0.00131248434829212,0.0013248774939197696,0.008761391062256893
frequency__seed_000042__repr_counts__parallel_primitives,frequency__seed_000042,frequency,counts,0.8,0.788,0.969,0.7978888888888889,0.17658525398463476,0.17616953961107715,0.9685110313986361,0.15132375199999998,0.31967704805495734,0.9999987466942319,0.1711111111111111,0.0004889686013638261,0.17062214250974728,0.03099874669423197,0.14011236441687913,0.31967704805495734,0.1435075084438802
frequency__seed_000042__repr_distractor__parallel_primitives,frequency__seed_000042,frequency,distractor,0.8,0.786,0.954,0.7600579516326758,0.20329355174771935,0.20421647955444475,0.9551064229215542,0.1756404012036108,0.34934821004267225,0.9999986843125814,0.1939420483673242,0.0011064229215542731,0.19283562544576993,0.04599868431258147,0.14794336405474273,0.34934821004267225,0.1451317304882275
frequency__seed_000042__repr_prose__parallel_primitives,frequency__seed_000042,frequency,prose,0.8,0.756,0.9490000000000001,0.7775553331108886,0.18065823697482764,0.19146147627095905,0.9616800069398604,0.1717111191191191,0.33806529775678323,0.9999987139195484,0.17144466688911142,0.012680006939860378,0.15876465994925104,0.050998713919548355,0.12044595296956306,0.33806529775678323,0.14660382148582418
frequency__seed_000042__repr_ratio__parallel_primitives,frequency__seed_000042,frequency,ratio,0.8,0.775,0.986,0.7877777777777778,0.20103673653369392,0.18383600523517848,0.9652199592617128,0.17070087199999998,0.35887259614244926,0.9999987306080993,0.1982222222222222,0.02078004073828721,0.17744218148393498,0.013998730608099308,0.18422349161412288,0.35887259614244926,0.17503659090727078
frequency__seed_000042__repr_scaled_counts__parallel_primitives,frequency__seed_000042,frequency,scaled_counts,0.8,0.785,0.97,0.8054444444444445,0.1696449026345933,0.17036114502387473,0.9708374187315792,0.141091792,0.3099303898609388,0.9999987584509827,0.16455555555555545,0.0008374187315792758,0.16371813682397618,0.029998758450982765,0.1345567971045727,0.3099303898609388,0.13956924483706407
frequency__seed_000042__repr_table__parallel_primitives,frequency__seed_000042,frequency,table,0.8,0.783,0.976,0.7803333333333333,0.20047814207650272,0.1894017848030892,0.9626635226969683,0.177144008,0.368356658358531,0.9999987184980113,0.19566666666666666,0.013336477303031669,0.182330189363635,0.023998718498011273,0.17166794816865538,0.368356658358531,0.1789548735554418
frequency__seed_000046__repr_counts__parallel_primitives,frequency__seed_000046,frequency,counts,0.65,0.635,0.944,0.6961111111111111,0.26259416195856866,0.2475171686329851,0.9250857057383026,0.321191112,0.4127453595358893,0.9999985634497892,0.24788888888888883,0.01891429426169733,0.2289745946271915,0.05599856344978926,0.19189032543909956,0.4127453595358893,0.16522819090290422
frequency__seed_000046__repr_distractor__parallel_primitives,frequency__seed_000046,frequency,distractor,0.65,0.653,0.9400000000000001,0.723,0.23085106382978726,0.22995815934471706,0.9389100199863792,0.262274448,0.3972917516767534,0.9999986168760485,0.21700000000000008,0.001089980013620817,0.21591001998637926,0.05999861687604846,0.15700138312395162,0.3972917516767534,0.16733359233203635
frequency__seed_000046__repr_prose__parallel_primitives,frequency__seed_000046,frequency,prose,0.65,0.689,0.9359999999999999,0.7194444444444444,0.23136277302943964,0.23233490413151067,0.9371853016588035,0.28050435999999995,0.3926926650501102,0.999998610040542,0.2165555555555555,0.0011853016588035947,0.2153702538967519,0.06399861004054208,0.15255694551501342,0.3926926650501102,0.16035776091859952
frequency__seed_000046__repr_ratio__parallel_primitives,frequency__seed_000046,frequency,ratio,0.65,0.672,0.97,0.7384050717384051,0.23875765800164417,0.219470584556276,0.9460310619025529,0.27302862862862864,0.42214486473826085,0.9999986457316126,0.2315949282615949,0.023968938097447046,0.20762599016414784,0.029998645731612594,0.2015962825299823,0.42214486473826085,0.20267428018198486
frequency__seed_000046__repr_scaled_counts__parallel_primitives,frequency__seed_000046,frequency,scaled_counts,0.65,0.633,0.944,0.7143333333333333,0.2432909604519774,0.23572238766934833,0.9346516524996538,0.291386392,0.4123265244658283,0.999998600095287,0.22966666666666669,0.009348347500346188,0.2203183191663205,0.05599860009528701,0.17366806657137968,0.4123265244658283,0.17660413679647996
frequency__seed_000046__repr_table__parallel_primitives,frequency__seed_000046,frequency,table,0.65,0.662,0.958,0.7196666666666667,0.24878218510786354,0.2321868429167625,0.9372940018383257,0.283941856,0.40467024316190725,0.99999861046974,0.23833333333333329,0.02070599816167429,0.217627335171659,0.04199861046974007,0.19633472286359321,0.40467024316190725,0.17248340024514475
frequency__seed_000050__repr_counts__parallel_primitives,frequency__seed_000050,frequency,counts,0.29,0.302,0.476,0.2777777777777778,0.4164332399626517,0.3649691451415607,0.4374240647561918,0.332260304,0.40125498877789,0.463933348205775,0.1982222222222222,0.0385759352438082,0.159646286978414,0.012066651794225003,0.18615557042799719,0.40125498877789,0.03628584363632931
frequency__seed_000050__repr_distractor__parallel_primitives,frequency__seed_000050,frequency,distractor,0.29,0.309,0.5900000000000001,0.30497163830497165,0.48309891812716677,0.3688942331754282,0.48323380063447346,0.38789151551551554,0.3891945917448705,0.49929426652618464,0.28502836169502843,0.10676619936552662,0.17826216232950182,0.09070573347381544,0.194322628221213,0.3891945917448705,0.02030035856944229
frequency__seed_000050__repr_prose__parallel_primitives,frequency__seed_000050,frequency,prose,0.29,0.34500000000000003,0.507,0.3100878656434212,0.38838685277431717,0.3693917136079299,0.49172818108296995,0.42081025025025026,0.4064243357528255,0.5224066354484095,0.19691213435657878,0.015271818917030056,0.18164031543954873,0.015406635448409478,0.1815054989081693,0.4064243357528255,0.03703262214489561
frequency__seed_000050__repr_ratio__parallel_primitives,frequency__seed_000050,frequency,ratio,0.29,0.294,0.266,0.2292362502783344,0.13820958541979544,0.3520532113507185,0.3537886973036834,0.23207839679358713,0.38991239173806763,0.37574316733198604,0.0367637497216656,0.08778869730368338,-0.05102494758201778,0.10974316733198602,-0.07297941761032042,0.38991239173806763,0.037859180387349145
frequency__seed_000050__repr_scaled_counts__parallel_primitives,frequency__seed_000050,frequency,scaled_counts,0.29,0.296,0.41600000000000004,0.2581111111111111,0.3795405982905983,0.36070374075877837,0.4037425643901972,0.291846864,0.4021686281221639,0.4317456782175273,0.1578888888888889,0.012257435609802858,0.14563145327908605,0.01574567821752726,0.14214321067136165,0.4021686281221639,0.04146488736338555
frequency__seed_000050__repr_table__parallel_primitives,frequency__seed_000050,frequency,table,0.29,0.311,0.5650000000000001,0.2826666666666667,0.49970501474926254,0.36583871009540825,0.44573308268184153,0.353326304,0.40344412563338494,0.47383100026763475,0.2823333333333334,0.11926691731815853,0.16306641601517485,0.09116899973236531,0.19116433360096807,0.40344412563338494,0.037605415537976694
frequency__seed_000054__repr_counts__parallel_primitives,frequency__seed_000054,frequency,counts,0.2,0.23000000000000004,0.337,0.2275608942275609,0.32474512098646624,0.35145786132385926,0.35088066088053665,0.2509187107107107,0.36683493702006886,0.35940216466866826,0.10943910577243912,0.013880660880536633,0.09555844489190249,0.022402164668668234,0.08703694110377089,0.36683493702006886,0.015377075696209608
frequency__seed_000054__repr_distractor__parallel_primitives,frequency__seed_000054,frequency,distractor,0.2,0.23900000000000002,0.504,0.2693804916027138,0.46551489761366305,0.3633007440196657,0.4230890629641857,0.3342933893893894,0.3778833349640829,0.43300639050902373,0.23461950839728618,0.08091093703581431,0.15370857136147187,0.07099360949097627,0.1636258989063099,0.3778833349640829,0.014582590944417162
frequency__seed_000054__repr_prose__parallel_primitives,frequency__seed_000054,frequency,prose,0.2,0.297,0.369,0.2753864976087198,0.25369512843165365,0.3645167393478746,0.4333497271448526,0.32692179379379377,0.3643009024877452,0.4332025933124925,0.09361350239128019,0.0643497271448526,0.029263775246427592,0.0642025933124925,0.029410909078787684,0.3643009024877452,0.00021583686012938141
frequency__seed_000054__repr_ratio__parallel_primitives,frequency__seed_000054,frequency,ratio,0.2,0.233,0.151,0.17088888888888887,0.0,0.3243668842394029,0.2529314873746381,0.15713164799999998,0.30829683264297825,0.24705523547311556,0.019888888888888873,0.10193148737463811,-0.08204259848574924,0.09605523547311556,-0.07616634658422669,0.30829683264297825,0.01607005159642466
frequency__seed_000054__repr_scaled_counts__parallel_primitives,frequency__seed_000054,frequency,scaled_counts,0.2,0.215,0.30300000000000005,0.2031111111111111,0.32966629996332975,0.3415016676755956,0.30844590052970683,0.20782188799999998,0.3482540816664403,0.31164155447331865,0.09988888888888894,0.005445900529706782,0.09444298835918216,0.008641554473318602,0.09124733441557034,0.3482540816664403,0.006752413990844697
frequency__seed_000054__repr_table__parallel_primitives,frequency__seed_000054,frequency,table,0.2,0.22800000000000004,0.55,0.2582222222222222,0.5305050505050506,0.3607313986535382,0.4039338420162365,0.31799052,0.38800951007528706,0.4219382922992621,0.29177777777777786,0.14606615798376354,0.1457116197940143,0.12806170770073794,0.16371607007703992,0.38800951007528706,0.027278111421748852
frequency__seed_000058__repr_counts__parallel_primitives,frequency__seed_000058,frequency,counts,0.12,0.164,0.29500000000000004,0.19211111111111112,0.34877589453860647,0.3361987840084479,0.28941060438424393,0.191681768,0.33496681990155386,0.28887447553018714,0.10288888888888892,0.00558939561575611,0.09729949327313281,0.006125524469812904,0.09676336441907601,0.33496681990155386,0.0012319641068940235
frequency__seed_000058__repr_distractor__parallel_primitives,frequency__seed_000058,frequency,distractor,0.12,0.151,0.48200000000000004,0.20955555555555555,0.5652374366067312,0.34436366806427804,0.31962163374451347,0.224346528,0.34865392443546334,0.3217269028203308,0.2724444444444445,0.16237836625548657,0.11006607818895792,0.16027309717966925,0.11217134726477523,0.34865392443546334,0.004290256371185297
frequency__seed_000058__repr_prose__parallel_primitives,frequency__seed_000058,frequency,prose,0.12,0.227,0.24900000000000003,0.2142222222222222,0.13966979027220006,0.3463275566450832,0.3277210541762252,0.236275032,0.3274819715305874,0.3185375159529503,0.034777777777777824,0.07872105417622519,-0.04394327639844736,0.0695375159529503,-0.03475973817517247,0.3274819715305874,0.0188455851144958
frequency__seed_000058__repr_ratio__parallel_primitives,frequency__seed_000058,frequency,ratio,0.12,0.17099999999999999,0.10600000000000001,0.14366666666666666,0.0,0.3056898097815938,0.20692000303419725,0.11500084,0.27466718896930986,0.1980699955686795,0.037666666666666654,0.10092000303419724,-0.06325333636753058,0.09206999556867948,-0.054403328902012826,0.27466718896930986,0.031022620812283963
frequency__seed_000058__repr_scaled_counts__parallel_primitives,frequency__seed_000058,frequency,scaled_counts,0.12,0.144,0.242,0.1632222222222222,0.32552800734618914,0.31953063610998567,0.2398671136186583,0.141409232,0.30307709033165864,0.23420412782799468,0.07877777777777778,0.002132886381341681,0.0766448913964361,0.007795872172005308,0.07098190560577247,0.30307709033165864,0.016453545778327028
frequency__seed_000058__repr_table__parallel_primitives,frequency__seed_000058,frequency,table,0.12,0.166,0.533,0.21811111111111112,0.5907859078590786,0.3478961855349439,0.33447298769450595,0.242912504,0.35714787587950647,0.33928659940187,0.3148888888888889,0.19852701230549408,0.11636187658339481,0.19371340059813003,0.12117548829075886,0.35714787587950647,0.00925169034456258
sequential_bayes__seed_000042__repr_direct__parallel_primitives,sequential_bayes__seed_000042,sequential_bayes,direct,0.7626689672812239,0.741,0.916,0.6738888888888889,0.26431344007763224,0.2612927227951035,0.912254298399136,0.394833632,0.43260003186726076,0.999998516078047,0.24211111111111117,0.003745701600864071,0.2383654095102471,0.08399851607804698,0.15811259503306418,0.43260003186726076,0.17130730907215724
sequential_bayes__seed_000042__repr_prose__parallel_primitives,sequential_bayes__seed_000042,sequential_bayes,prose,0.7626689672812239,0.766,0.978,0.7707777777777778,0.21188366280390813,0.1964469214969735,0.9592120276779883,0.1852044,0.35633349872424275,0.9999987026108802,0.2072222222222222,0.01878797232201168,0.18843424990021052,0.021998702610880216,0.18522351961134198,0.35633349872424275,0.15988657722726926
sequential_bayes__seed_000042__repr_table__parallel_primitives,sequential_bayes__seed_000042,sequential_bayes,table,0.7626689672812239,0.735,0.9349999999999999,0.6826826826826827,0.2698580933875051,0.25592244966332917,0.9174886171122769,0.3790146466466467,0.43434786184240015,0.9999985351927615,0.2523173173173172,0.017511382887723026,0.2348059344295942,0.06499853519276155,0.18731878212455566,0.43434786184240015,0.17842541217907099
sequential_bayes__seed_000043__repr_direct__parallel_primitives,sequential_bayes__seed_000043,sequential_bayes,direct,0.077757405790055,0.24100000000000002,0.292,0.263,0.09931506849315064,0.36188169941702203,0.4121492829146665,0.234843944,0.29303415224144774,0.37201231266523854,0.02899999999999997,0.12014928291466653,-0.09114928291466656,0.08001231266523856,-0.05101231266523859,0.29303415224144774,0.06884754717557429
sequential_bayes__seed_000043__repr_prose__parallel_primitives,sequential_bayes__seed_000043,sequential_bayes,prose,0.077757405790055,0.178,0.33199999999999996,0.17722222222222223,0.46619812583667997,0.3281300833156508,0.26377460550221793,0.15178699999999998,0.26610156900493526,0.24148058469335248,0.15477777777777774,0.06822539449778203,0.0865523832799957,0.09051941530664748,0.06425836247113026,0.26610156900493526,0.06202851431071554
sequential_bayes__seed_000043__repr_table__parallel_primitives,sequential_bayes__seed_000043,sequential_bayes,table,0.077757405790055,0.251,0.29700000000000004,0.28388888888888886,0.04414515525626661,0.3660446001044485,0.447805774563418,0.22400176,0.2958933247643178,0.4031901682992341,0.013111111111111184,0.15080577456341798,-0.1376946634523068,0.10619016829923406,-0.09307905718812287,0.2958933247643178,0.07015127534013071
sequential_bayes__seed_000044__repr_direct__parallel_primitives,sequential_bayes__seed_000044,sequential_bayes,direct,0.11267528685894272,0.24700000000000003,0.23700000000000002,0.22099999999999997,0.06751054852320693,0.3490222104381543,0.33948930907266234,0.19707775199999997,0.3012882984687995,0.31629640596498776,0.016000000000000042,0.10248930907266232,-0.08648930907266228,0.07929640596498774,-0.0632964059649877,0.3012882984687995,0.04773391196935478
sequential_bayes__seed_000044__repr_prose__parallel_primitives,sequential_bayes__seed_000044,sequential_bayes,prose,0.11267528685894272,0.207,0.317,0.20133333333333334,0.3648790746582544,0.3406808507993583,0.3053655177123701,0.18287292,0.27858964745538844,0.2790829555234072,0.11566666666666667,0.011634482287629921,0.10403218437903675,0.03791704447659283,0.07774962219007384,0.27858964745538844,0.062091203343969836
sequential_bayes__seed_000044__repr_table__parallel_primitives,sequential_bayes__seed_000044,sequential_bayes,table,0.11267528685894272,0.268,0.236,0.238,0.0,0.3549955857627136,0.36898972277799597,0.22175803999999996,0.31481536545037725,0.34735163049363954,0.0020000000000000018,0.13298972277799598,-0.13098972277799598,0.11135163049363955,-0.10935163049363955,0.31481536545037725,0.04018022031233637
sequential_bayes__seed_000045__repr_direct__parallel_primitives,sequential_bayes__seed_000045,sequential_bayes,direct,0.3509406267523842,0.332,0.6,0.38265419728345584,0.3622430045275735,0.36905380990709225,0.6064767539480814,0.59276248496994,0.4290913362093122,0.6702546686587828,0.21734580271654413,0.0064767539480814484,0.21086904876846269,0.07025466865878283,0.1470911340577613,0.4290913362093122,0.06003752630221998
sequential_bayes__seed_000045__repr_prose__parallel_primitives,sequential_bayes__seed_000045,sequential_bayes,prose,0.3509406267523842,0.383,0.8390000000000001,0.44955555555555554,0.4641769302079195,0.357941640936413,0.7001786507556913,0.656985488,0.41335841830015047,0.7663206454832706,0.38944444444444454,0.13882134924430878,0.25062309520013576,0.07267935451672947,0.31676508992771507,0.41335841830015047,0.05541677736373746
sequential_bayes__seed_000045__repr_table__parallel_primitives,sequential_bayes__seed_000045,sequential_bayes,table,0.3509406267523842,0.346,0.623,0.41474808141474806,0.3342727425124429,0.36491043567880044,0.6530544740694042,0.6177911511511511,0.4277852840787743,0.7248119803193679,0.20825191858525194,0.030054474069404202,0.17819744451584774,0.10181198031936789,0.10643993826588405,0.4277852840787743,0.06287484839997387
sequential_bayes__seed_000046__repr_direct__parallel_primitives,sequential_bayes__seed_000046,sequential_bayes,direct,0.2207423923319519,0.22400000000000003,0.277,0.3315555555555556,0.0,0.37069364400911897,0.5268587428034177,0.43214913600000004,0.4081918544317372,0.5602416222865455,0.05455555555555558,0.2498587428034177,-0.1953031872478621,0.2832416222865455,-0.2286860667309899,0.4081918544317372,0.03749821042261825
sequential_bayes__seed_000046__repr_prose__parallel_primitives,sequential_bayes__seed_000046,sequential_bayes,prose,0.2207423923319519,0.266,0.678,0.35744444444444445,0.4727958046542118,0.37066097988983454,0.5679680315736247,0.54359084,0.4057515169789282,0.6015067007445262,0.3205555555555556,0.1100319684263753,0.2105235871291803,0.07649329925547388,0.24406225630008171,0.4057515169789282,0.035090537089093654
sequential_bayes__seed_000046__repr_table__parallel_primitives,sequential_bayes__seed_000046,sequential_bayes,table,0.2207423923319519,0.252,0.32599999999999996,0.3502222222222222,0.0,0.3708397231005086,0.5566502449075792,0.46254508,0.40537066651094306,0.5889756903973312,0.024222222222222256,0.23065024490757924,-0.20642802268535698,0.26297569039733126,-0.238753468175109,0.40537066651094306,0.034530943410434445
sequential_bayes__seed_000047__repr_direct__parallel_primitives,sequential_bayes__seed_000047,sequential_bayes,direct,0.7887928911656144,0.475,0.664,0.4329885440996552,0.3479088191270253,0.3615681350907774,0.6782063488657807,0.24124854454454453,0.3370480827719194,0.6531220935449693,0.23101145590034483,0.01420634886578065,0.21680510703456418,0.010877906455030728,0.2201335494453141,0.3370480827719194,0.02452005231885801
sequential_bayes__seed_000047__repr_prose__parallel_primitives,sequential_bayes__seed_000047,sequential_bayes,prose,0.7887928911656144,0.758,0.9650000000000001,0.7552222222222222,0.21738629821531386,0.20767449284413947,0.9531716641726901,0.21152551199999997,0.3827251939404383,0.9999986758881737,0.20977777777777784,0.011828335827310021,0.19794944195046782,0.034998675888173625,0.17477910188960422,0.3827251939404383,0.17505070109629883
sequential_bayes__seed_000047__repr_table__parallel_primitives,sequential_bayes__seed_000047,sequential_bayes,table,0.7887928911656144,0.46299999999999997,0.631,0.47944444444444445,0.2401831308328931,0.3500370490653455,0.7376488825324545,0.265308416,0.3467620719233864,0.7339507151033242,0.15155555555555555,0.10664888253245453,0.04490667302310103,0.10295071510332421,0.048604840452231346,0.3467620719233864,0.0032749771419591234
sequential_bayes__seed_000048__repr_direct__parallel_primitives,sequential_bayes__seed_000048,sequential_bayes,direct,0.9751627237748509,0.925,0.977,0.838,0.14227226202661214,0.14457137738293988,0.9796258598832714,0.112659056,0.25354081758692504,0.9999988066840015,0.139,0.002625859883271464,0.13637414011672855,0.02299880668400156,0.11600119331599845,0.25354081758692504,0.10896944020398516
sequential_bayes__seed_000048__repr_prose__parallel_primitives,sequential_bayes__seed_000048,sequential_bayes,prose,0.9751627237748509,0.9349999999999999,0.9879999999999999,0.8515555555555555,0.13810166441745386,0.13347650035186578,0.9827264418118415,0.10001266399999999,0.2346681568835642,0.9999988256798759,0.13644444444444437,0.005273558188158334,0.13117088625628603,0.01199882567987598,0.12444561876456839,0.2346681568835642,0.10119165653169843
sequential_bayes__seed_000048__repr_table__parallel_primitives,sequential_bayes__seed_000048,sequential_bayes,table,0.9751627237748509,0.929,0.9800000000000001,0.8377777777777777,0.14512471655328807,0.14475153979549696,0.9795723894988974,0.11272625599999998,0.253102990215826,0.9999988063674725,0.14222222222222236,0.00042761050110273757,0.14179461172111962,0.01999880636747242,0.12222341585474994,0.253102990215826,0.10835145042032904
sequential_bayes__seed_000049__repr_direct__parallel_primitives,sequential_bayes__seed_000049,sequential_bayes,direct,0.8003900273948994,0.755,0.93,0.7054444444444444,0.24145758661887695,0.2415313504196344,0.930090445840764,0.323812232,0.4249855336256232,0.9999985824559392,0.22455555555555562,9.04458407638975e-05,0.22446510971479172,0.06999858245593915,0.15455697309961647,0.4249855336256232,0.1834541832059888
sequential_bayes__seed_000049__repr_prose__parallel_primitives,sequential_bayes__seed_000049,sequential_bayes,prose,0.8003900273948994,0.791,0.977,0.8034444444444444,0.17764130558398727,0.17190524445285665,0.970232499436116,0.14835481599999997,0.31561834722501814,0.9999987553604206,0.17355555555555557,0.006767500563883977,0.1667880549916716,0.02299875536042062,0.15055680019513495,0.31561834722501814,0.14371310277216148
sequential_bayes__seed_000049__repr_table__parallel_primitives,sequential_bayes__seed_000049,sequential_bayes,table,0.8003900273948994,0.75,0.9469999999999998,0.7176666666666667,0.24216825061598013,0.2335170591075026,0.9363113363371287,0.298749504,0.4208622589721549,0.9999986065973899,0.22933333333333317,0.010688663662871134,0.21864466967046203,0.052998606597390086,0.17633472673594308,0.4208622589721549,0.1873451998646523
sequential_bayes__seed_000050__repr_direct__parallel_primitives,sequential_bayes__seed_000050,sequential_bayes,direct,0.02762280113741506,0.11099999999999999,0.06,0.09376042709376042,0.0,0.2581795632798833,0.12639234840753724,0.0672083043043043,0.1833674265974628,0.11481347933882098,0.033760427093760426,0.06639234840753724,-0.03263192131377682,0.05481347933882098,-0.021053052245060558,0.1833674265974628,0.07481213668242048
sequential_bayes__seed_000050__repr_prose__parallel_primitives,sequential_bayes__seed_000050,sequential_bayes,prose,0.02762280113741506,0.092,0.16699999999999998,0.12434656879101323,0.25540976771848356,0.2896234649724381,0.1750431815518635,0.09557366966966967,0.21255961972126475,0.157912359977015,0.04265343120898675,0.00804318155186351,0.03461024965712324,0.009087640022984983,0.03356579118600177,0.21255961972126475,0.07706384525117338
sequential_bayes__seed_000050__repr_table__parallel_primitives,sequential_bayes__seed_000050,sequential_bayes,table,0.02762280113741506,0.11200000000000002,0.083,0.10264125710464726,0.0,0.2681813378108885,0.14025504186735732,0.07969913741223669,0.19513017056990337,0.1275252883777795,0.01964125710464726,0.05725504186735732,-0.03761378476271006,0.044525288377779484,-0.024884031273132226,0.19513017056990337,0.07305116724098512
sequential_bayes__seed_000051__repr_direct__parallel_primitives,sequential_bayes__seed_000051,sequential_bayes,direct,0.07608014616604873,0.144,0.121,0.16666666666666666,0.0,0.32174237655122523,0.2457276717646125,0.156728128,0.22897410926990816,0.21616221798835883,0.04566666666666666,0.1247276717646125,-0.07906100509794584,0.09516221798835883,-0.04949555132169217,0.22897410926990816,0.09276826728131707
sequential_bayes__seed_000051__repr_prose__parallel_primitives,sequential_bayes__seed_000051,sequential_bayes,prose,0.07608014616604873,0.156,0.516,0.25166666666666665,0.5122739018087856,0.35902800435165494,0.392632858182993,0.296325392,0.33022339178702204,0.3757471723865292,0.26433333333333336,0.12336714181700703,0.14096619151632633,0.1402528276134708,0.12408050571986257,0.33022339178702204,0.028804612564632903
sequential_bayes__seed_000051__repr_table__parallel_primitives,sequential_bayes__seed_000051,sequential_bayes,table,0.07608014616604873,0.16799999999999998,0.139,0.1850739628517406,0.0,0.33251735020889195,0.27727157089350624,0.18373215615615615,0.25312110901558355,0.24779648358759435,0.04607396285174059,0.13827157089350622,-0.09219760804176563,0.10879648358759433,-0.06272252073585374,0.25312110901558355,0.0793962411933084
sequential_bayes__seed_000052__repr_direct__parallel_primitives,sequential_bayes__seed_000052,sequential_bayes,direct,0.15389933510803008,0.298,0.281,0.28539650761872987,0.0,0.36629228603523867,0.45035984465639617,0.27920173773773777,0.3413161685388356,0.4332830016270966,0.004396507618729839,0.16935984465639614,-0.1649633370376663,0.15228300162709657,-0.14788649400836673,0.3413161685388356,0.02497611749640305
sequential_bayes__seed_000052__repr_prose__parallel_primitives,sequential_bayes__seed_000052,sequential_bayes,prose,0.15389933510803008,0.211,0.481,0.248,0.4844074844074844,0.3580108860044158,0.3862993851352218,0.267634184,0.3518179782221666,0.3826085754735772,0.23299999999999998,0.09470061486477821,0.13829938513522178,0.0983914245264228,0.13460857547357719,0.3518179782221666,0.00619290778224918
sequential_bayes__seed_000052__repr_table__parallel_primitives,sequential_bayes__seed_000052,sequential_bayes,table,0.15389933510803008,0.268,0.225,0.27855555555555556,0.0,0.3651124398903456,0.4387478556162684,0.251301512,0.3244361722339324,0.4123304773091152,0.05355555555555555,0.21374785561626838,-0.16019230006071283,0.1873304773091152,-0.13377492175355965,0.3244361722339324,0.04067626765641319
sequential_bayes__seed_000053__repr_direct__parallel_primitives,sequential_bayes__seed_000053,sequential_bayes,direct,0.02247158859218456,0.089,0.039,0.10876605248464545,0.0,0.2746392086469741,0.149947520987125,0.08386839798994974,0.19531573968177965,0.13516612396722266,0.06976605248464546,0.11094752098712499,-0.04118146850247953,0.09616612396722266,-0.026400071482577198,0.19531573968177965,0.07932346896519446
sequential_bayes__seed_000053__repr_prose__parallel_primitives,sequential_bayes__seed_000053,sequential_bayes,prose,0.02247158859218456,0.099,0.23399999999999999,0.15564462257849032,0.33485204026286186,0.31443340325617514,0.22703063906226154,0.14003627254509016,0.261560684931991,0.21077510284532416,0.07835537742150966,0.00696936093773845,0.07138601648377121,0.023224897154675822,0.05513048026683384,0.261560684931991,0.05287271832418411
sequential_bayes__seed_000053__repr_table__parallel_primitives,sequential_bayes__seed_000053,sequential_bayes,table,0.02247158859218456,0.089,0.045,0.12045378712045376,0.0,0.28606199355156325,0.16871743209142823,0.09693626426426424,0.2239811421136842,0.15522018040713625,0.07545378712045377,0.12371743209142823,-0.04826364497097446,0.11022018040713626,-0.03476639328668249,0.2239811421136842,0.06208085143787906
sequential_bayes__seed_000054__repr_direct__parallel_primitives,sequential_bayes__seed_000054,sequential_bayes,direct,0.6251234123859295,0.429,0.557,0.335,0.3985637342908438,0.37078795065312714,0.5324119275015993,0.27714522399999997,0.3509043388778927,0.5161026641602833,0.22200000000000003,0.02458807249840078,0.19741192750159925,0.040897335839716775,0.18110266416028326,0.3509043388778927,0.019883611775234455
sequential_bayes__seed_000054__repr_prose__parallel_primitives,sequential_bayes__seed_000054,sequential_bayes,prose,0.6251234123859295,0.668,0.953,0.697111111111111,0.2685088026116358,0.24688143698218173,0.9256326232588398,0.3396046,0.40009774575671714,0.9999985655105055,0.25588888888888894,0.027367376741160188,0.22852151214772876,0.04699856551050552,0.20889032337838342,0.40009774575671714,0.1532163087745354
sequential_bayes__seed_000054__repr_table__parallel_primitives,sequential_bayes__seed_000054,sequential_bayes,table,0.6251234123859295,0.48,0.622,0.4093333333333333,0.34190782422293675,0.3657675891515322,0.6453995827582077,0.297482264,0.3548068006157077,0.6344352881027885,0.21266666666666667,0.02339958275820775,0.18926708390845892,0.012435288102788489,0.20023137856387818,0.3548068006157077,0.010960788535824495
sequential_bayes__seed_000055__repr_direct__parallel_primitives,sequential_bayes__seed_000055,sequential_bayes,direct,0.9948143100686025,0.923,0.976,0.8381111111111111,0.14127959927140255,0.14448127523132046,0.9796525626458087,0.10888829599999998,0.24194788840332063,0.9999988068422031,0.13788888888888884,0.00365256264580871,0.13423632624308013,0.023998806842203124,0.11389008204668571,0.24194788840332063,0.09746661317200017
sequential_bayes__seed_000055__repr_prose__parallel_primitives,sequential_bayes__seed_000055,sequential_bayes,prose,0.9948143100686025,0.944,0.99,0.8581915248581916,0.13313987388061455,0.12797053753289675,0.9841313416524231,0.0980151991991992,0.22244100626506488,0.9999988347603002,0.13180847514180838,0.005868658347576883,0.1259398167942315,0.009998834760300168,0.12180964038150821,0.22244100626506488,0.09447046873216813
sequential_bayes__seed_000055__repr_table__parallel_primitives,sequential_bayes__seed_000055,sequential_bayes,table,0.9948143100686025,0.944,0.9810000000000001,0.8472222222222222,0.13636878468682756,0.13704558589405283,0.9817693824533894,0.10329735999999999,0.2357000507178864,0.9999988196735243,0.13377777777777788,0.0007693824533893112,0.13300839532438857,0.018998819673524237,0.11477895810425365,0.2357000507178864,0.09865446482383358
sequential_bayes__seed_000056__repr_direct__parallel_primitives,sequential_bayes__seed_000056,sequential_bayes,direct,0.6769462255144328,0.668,0.898,0.6464444444444445,0.2801286810195496,0.2773558155106794,0.8945542748694159,0.48194701599999995,0.43630826991087557,0.9999984530790516,0.25155555555555553,0.003445725130584165,0.24810983042497137,0.10199845307905153,0.149557102476504,0.43630826991087557,0.15895245440019617
sequential_bayes__seed_000056__repr_prose__parallel_primitives,sequential_bayes__seed_000056,sequential_bayes,prose,0.6769462255144328,0.681,0.9629999999999999,0.7214444444444444,0.2508365062882195,0.23100002209790751,0.9381592525042923,0.29813345599999996,0.4055458979041053,0.9999986138938048,0.2415555555555554,0.024840747495707527,0.21671480805984789,0.03699861389380499,0.20455694166175042,0.4055458979041053,0.17454587580619776
sequential_bayes__seed_000056__repr_table__parallel_primitives,sequential_bayes__seed_000056,sequential_bayes,table,0.6769462255144328,0.656,0.931,0.6506666666666666,0.30110991765127115,0.27495424271062724,0.8974146253875386,0.46901719199999997,0.43587424099998423,0.999998463117116,0.28033333333333343,0.03358537461246147,0.24674795872087196,0.068998463117116,0.21133487021621744,0.43587424099998423,0.160919998289357
sequential_bayes__seed_000057__repr_direct__parallel_primitives,sequential_bayes__seed_000057,sequential_bayes,direct,0.6583011485114412,0.658,0.882,0.6397777777777778,0.2746283698664651,0.28109540804346056,0.8899341928482978,0.457489456,0.4282179596960632,0.99999843695972,0.24222222222222223,0.007934192848297772,0.23428802937392446,0.11799843695972001,0.12422378526250222,0.4282179596960632,0.14712255165260263
sequential_bayes__seed_000057__repr_prose__parallel_primitives,sequential_bayes__seed_000057,sequential_bayes,prose,0.6583011485114412,0.67,0.967,0.7161111111111111,0.25945076410433177,0.2345480348694231,0.9355402347016657,0.3155268,0.40727441662725566,0.999998603570608,0.25088888888888883,0.031459765298334275,0.21942912359055455,0.03299860357060802,0.2178902853182808,0.40727441662725566,0.17272638175783256
sequential_bayes__seed_000057__repr_table__parallel_primitives,sequential_bayes__seed_000057,sequential_bayes,table,0.6583011485114412,0.64,0.898,0.6380825269714159,0.2894403931275993,0.28203605697640166,0.8887389585112397,0.481292972972973,0.4352167885909315,0.9999984328070579,0.25991747302858415,0.00926104148876028,0.25065643153982387,0.10199843280705789,0.15791904022152625,0.4352167885909315,0.15318073161452983
sequential_bayes__seed_000058__repr_direct__parallel_primitives,sequential_bayes__seed_000058,sequential_bayes,direct,0.008611190063057283,0.094,0.066,0.107,0.0,0.2728120734984105,0.14714215693151517,0.07468430399999999,0.17672350771380585,0.1299684868966279,0.040999999999999995,0.08114215693151516,-0.04014215693151517,0.0639684868966279,-0.022968486896627907,0.17672350771380585,0.09608856578460467
sequential_bayes__seed_000058__repr_prose__parallel_primitives,sequential_bayes__seed_000058,sequential_bayes,prose,0.008611190063057283,0.08499999999999999,0.122,0.11988888888888888,0.01730418943533707,0.28553545658647106,0.16780243329653619,0.08751403199999999,0.20012967677305513,0.14988540693098468,0.002111111111111119,0.04580243329653619,-0.04369132218542507,0.02788540693098468,-0.02577429581987356,0.20012967677305513,0.08540577981341593
sequential_bayes__seed_000058__repr_table__parallel_primitives,sequential_bayes__seed_000058,sequential_bayes,table,0.008611190063057283,0.088,0.043,0.10176843510176843,0.0,0.26723274714069295,0.13888234593544016,0.0759137057057057,0.18133249390139597,0.12430985026723532,0.058768435101768435,0.09588234593544016,-0.03711391083367173,0.08130985026723532,-0.022541415165466885,0.18133249390139597,0.08590025323929698
sequential_bayes__seed_000059__repr_direct__parallel_primitives,sequential_bayes__seed_000059,sequential_bayes,direct,0.03849325907238422,0.11699999999999999,0.062,0.11711711711711711,0.0,0.2829153668159714,0.1633239811555979,0.09520385985985985,0.21600871087809964,0.1493857377526384,0.055117117117117115,0.1013239811555979,-0.04620686403848079,0.08738573775263839,-0.03226862063552127,0.21600871087809964,0.06690665593787176
sequential_bayes__seed_000059__repr_prose__parallel_primitives,sequential_bayes__seed_000059,sequential_bayes,prose,0.03849325907238422,0.11299999999999999,0.195,0.1537777777777778,0.21139601139601139,0.31312725251910295,0.22388102940720409,0.133070736,0.26212643429956317,0.20840667686990802,0.041222222222222216,0.02888102940720408,0.012341192815018137,0.013406676869908013,0.027815545352314203,0.26212643429956317,0.05100081821953978
sequential_bayes__seed_000059__repr_table__parallel_primitives,sequential_bayes__seed_000059,sequential_bayes,table,0.03849325907238422,0.118,0.046,0.11704151281190557,0.0,0.2828430394750678,0.16320208720589638,0.09326111581067473,0.2226316413311809,0.15056119985682176,0.07104151281190557,0.11720208720589638,-0.04616057439399081,0.10456119985682176,-0.03351968704491619,0.2226316413311809,0.060211398143886874
sequential_bayes__seed_000060__repr_direct__parallel_primitives,sequential_bayes__seed_000060,sequential_bayes,direct,0.10343497142093172,0.179,0.21400000000000002,0.2142222222222222,0.0,0.3463275566450832,0.3277210541762252,0.247899448,0.2789439087019204,0.2970950870639885,0.00022222222222217924,0.11372105417622519,-0.11349883195400301,0.0830950870639885,-0.08287286484176631,0.2789439087019204,0.06738364794316282
sequential_bayes__seed_000060__repr_prose__parallel_primitives,sequential_bayes__seed_000060,sequential_bayes,prose,0.10343497142093172,0.184,0.42699999999999994,0.2812222222222222,0.341399947957325,0.3655894784738679,0.44328114474790964,0.368451168,0.36287432006927456,0.4413920692269058,0.14577777777777773,0.016281144747909704,0.12949663302986802,0.01439206922690589,0.13138570855087184,0.36287432006927456,0.002715158404593354
sequential_bayes__seed_000060__repr_table__parallel_primitives,sequential_bayes__seed_000060,sequential_bayes,table,0.10343497142093172,0.183,0.307,0.2758888888888889,0.101339124140427,0.36461327478307454,0.4342062525695647,0.334981816,0.31954030348748397,0.4054448636750587,0.03111111111111109,0.1272062525695647,-0.0960951414584536,0.09844486367505872,-0.06733375256394764,0.31954030348748397,0.04507297129559057
sequential_bayes__seed_000061__repr_direct__parallel_primitives,sequential_bayes__seed_000061,sequential_bayes,direct,0.6542643257081491,0.665,0.932,0.6645534423312202,0.2869598258248711,0.2668761109394564,0.9064681321226723,0.3980043003003003,0.424930854046287,0.9999984952323898,0.2674465576687799,0.025531867877327752,0.24191468979145214,0.06799849523238977,0.19944806243639013,0.424930854046287,0.1580547431068306
sequential_bayes__seed_000061__repr_prose__parallel_primitives,sequential_bayes__seed_000061,sequential_bayes,prose,0.6542643257081491,0.677,0.9640000000000001,0.7207777777777777,0.25230520977408954,0.2314455652836463,0.9378356889499848,0.3128274959999999,0.39351514134940185,0.99999861261176,0.24322222222222234,0.026164311050015265,0.21705791117220707,0.03599861261175996,0.20722360961046238,0.39351514134940185,0.16206957606575556
sequential_bayes__seed_000061__repr_table__parallel_primitives,sequential_bayes__seed_000061,sequential_bayes,table,0.6542643257081491,0.665,0.952,0.6746666666666667,0.2913165266106441,0.2608220582381942,0.9127256490617419,0.39684705600000003,0.4286557870671622,0.9999985177887584,0.2773333333333332,0.03927435093825804,0.23805898239507517,0.04799851778875841,0.2293348155445748,0.4286557870671622,0.16783372882896797
